cell_type	group	donor	clr_a	clr_b	pair	dataset_a	dataset_b	n_shared
Sst_25	neu	TLP004219	0.9070199022358159	-2.2888291645655627	Green x Mathys	Green	Mathys	225
Sst_25	neu	TLP004220	-0.3272445136169768	-2.500358937789665	Green x Mathys	Green	Mathys	225
Sst_25	neu	TLP004222	0.9736448559052144	-0.09448208932560132	Green x Mathys	Green	Mathys	225
Sst_25	neu	TLP004225	1.76732849241463	0.45507850970208175	Green x Mathys	Green	Mathys	225
Sst_25	neu	TLP004226	0.4035677975311973	-0.8846086522041832	Green x Mathys	Green	Mathys	225
Sst_25	neu	TLP004231	-0.7885314354563304	-1.7289847152059545	Green x Mathys	Green	Mathys	225
Sst_25	neu	TLP004232	-0.14728604952222923	-0.783971317747918	Green x Mathys	Green	Mathys	225
Sst_25	neu	TLP004238	0.4653547191715237	0.06098224843011657	Green x Mathys	Green	Mathys	225
Sst_25	neu	TLP004244	0.8945083094298214	-0.045419210911465946	Green x Mathys	Green	Mathys	225
Sst_25	neu	TLP004247	0.540448485035661	-1.1431430985084035	Green x Mathys	Green	Mathys	225
Sst_25	neu	TLP004250	0.5216095658692526	-2.304317283646177	Green x Mathys	Green	Mathys	225
Sst_25	neu	TLP004251	0.8037172708997646	-1.4699122817534702	Green x Mathys	Green	Mathys	225
Sst_25	neu	TLP004257	0.6778579177450004	-0.8098006217456595	Green x Mathys	Green	Mathys	225
Sst_25	neu	TLP004266	1.2974892233627235	0.35207785293297356	Green x Mathys	Green	Mathys	225
Sst_25	neu	TLP004271	0.8274771466339095	0.310473511751721	Green x Mathys	Green	Mathys	225
Sst_25	neu	TLP004278	-0.9971223934963325	-0.05890005558400979	Green x Mathys	Green	Mathys	225
Sst_25	neu	TLP004279	-0.23770446548818214	-2.0311541388660723	Green x Mathys	Green	Mathys	225
Sst_25	neu	TLP004280	-2.2777311409769805	-0.9099148184263122	Green x Mathys	Green	Mathys	225
Sst_25	neu	TLP004281	-0.07423676357932862	-0.5341306585014198	Green x Mathys	Green	Mathys	225
Sst_25	neu	TLP004284	0.23269189124152057	0.6618685591262814	Green x Mathys	Green	Mathys	225
Sst_25	neu	TLP004309	-2.349308656551007	-0.8329822464210226	Green x Mathys	Green	Mathys	225
Sst_25	neu	TLP004311	-0.7498810206823281	-1.2473201029419991	Green x Mathys	Green	Mathys	225
Sst_25	neu	TLP004313	-1.9843933357755832	-0.7690078325596135	Green x Mathys	Green	Mathys	225
Sst_25	neu	TLP004316	0.8900581948605755	-0.9336687683964877	Green x Mathys	Green	Mathys	225
Sst_25	neu	TLP004322	-0.34163567985530463	-1.0193424849268258	Green x Mathys	Green	Mathys	225
Sst_25	neu	TLP004325	0.573900474215618	-1.3186416619849277	Green x Mathys	Green	Mathys	225
Sst_25	neu	TLP004328	0.26679258828069763	-0.6414295692683574	Green x Mathys	Green	Mathys	225
Sst_25	neu	TLP004432	-0.6435130401431861	-1.1057951336139364	Green x Mathys	Green	Mathys	225
Sst_25	neu	TLP004435	1.5166211684532849	1.101870780368924	Green x Mathys	Green	Mathys	225
Sst_25	neu	TLP004441	0.23464100421842815	-2.5836847032062256	Green x Mathys	Green	Mathys	225
Sst_25	neu	TLP004442	-0.5915284670664214	-1.453826089505382	Green x Mathys	Green	Mathys	225
Sst_25	neu	TLP004444	-0.06507944097183582	-1.4630020611606538	Green x Mathys	Green	Mathys	225
Sst_25	neu	TLP004456	-1.8823533154418888	-2.2590199676184994	Green x Mathys	Green	Mathys	225
Sst_25	neu	TLP004458	1.242039909847203	0.8030118870115253	Green x Mathys	Green	Mathys	225
Sst_25	neu	TLP004459	0.1209038471744055	-0.5609234301107238	Green x Mathys	Green	Mathys	225
Sst_25	neu	TLP004463	-0.20768547205554722	-2.387231054243154	Green x Mathys	Green	Mathys	225
Sst_25	neu	TLP004470	-1.8019969254999841	-1.037366364014968	Green x Mathys	Green	Mathys	225
Sst_25	neu	TLP004471	-0.06467690635103462	-0.8123760110363643	Green x Mathys	Green	Mathys	225
Sst_25	neu	TLP004490	-0.38912700833336356	-1.101324024906754	Green x Mathys	Green	Mathys	225
Sst_25	neu	TLP004493	-0.7414126539011585	-1.6888213705118496	Green x Mathys	Green	Mathys	225
Sst_25	neu	TLP004500	-0.02011460804101972	-1.4975335960740939	Green x Mathys	Green	Mathys	225
Sst_25	neu	TLP004508	-0.7934565011130017	0.42388516706337054	Green x Mathys	Green	Mathys	225
Sst_25	neu	TLP004510	0.267504038739534	-0.6244526966232611	Green x Mathys	Green	Mathys	225
Sst_25	neu	TLP004524	-1.3503163420108368	-0.8320111039524427	Green x Mathys	Green	Mathys	225
Sst_25	neu	TLP004525	-0.9917852388862896	-1.2410201803101506	Green x Mathys	Green	Mathys	225
Sst_25	neu	TLP004533	0.7598648394273342	-0.05577938534974347	Green x Mathys	Green	Mathys	225
Sst_25	neu	TLP004534	0.52457810399099	-0.8866492935116819	Green x Mathys	Green	Mathys	225
Sst_25	neu	TLP004535	-0.6948789061703913	0.8495089326680096	Green x Mathys	Green	Mathys	225
Sst_25	neu	TLP004538	-0.7393426905298126	-0.49046252029081217	Green x Mathys	Green	Mathys	225
Sst_25	neu	TLP004543	-1.2292104900878602	-1.333638710794351	Green x Mathys	Green	Mathys	225
Sst_25	neu	TLP004544	-0.7002982200559495	-2.569505554091408	Green x Mathys	Green	Mathys	225
Sst_25	neu	TLP004550	1.0499940317266363	-0.2112479322882539	Green x Mathys	Green	Mathys	225
Sst_25	neu	TLP004551	-0.7561674344235998	-0.8919188443293979	Green x Mathys	Green	Mathys	225
Sst_25	neu	TLP004553	-2.1291369341374864	-2.5828524819202086	Green x Mathys	Green	Mathys	225
Sst_25	neu	TLP004557	1.0419692812936026	-0.6129545372990632	Green x Mathys	Green	Mathys	225
Sst_25	neu	TLP004560	-1.7948210167117225	-1.8100366606084632	Green x Mathys	Green	Mathys	225
Sst_25	neu	TLP004563	0.12787285179472985	-1.99843694750456	Green x Mathys	Green	Mathys	225
Sst_25	neu	TLP004564	-0.8359128635506803	-2.2516534316240904	Green x Mathys	Green	Mathys	225
Sst_25	neu	TLP004565	-1.0125499717963864	-2.59234760355144	Green x Mathys	Green	Mathys	225
Sst_25	neu	TLP004566	-0.7733713667259012	0.7153229335603086	Green x Mathys	Green	Mathys	225
Sst_25	neu	TLP004568	-0.4473470077923123	0.20050517614051344	Green x Mathys	Green	Mathys	225
Sst_25	neu	TLP004571	0.6547207067253753	-1.0402377279826611	Green x Mathys	Green	Mathys	225
Sst_25	neu	TLP004575	0.3073322215662495	-1.5599322163802096	Green x Mathys	Green	Mathys	225
Sst_25	neu	TLP004577	1.407486546848225	-1.344107208782149	Green x Mathys	Green	Mathys	225
Sst_25	neu	TLP004581	1.5033860599480322	0.0974240932789261	Green x Mathys	Green	Mathys	225
Sst_25	neu	TLP004582	0.8771195388764381	-1.6357544574315082	Green x Mathys	Green	Mathys	225
Sst_25	neu	TLP004586	0.8790643694522986	0.5808179743450959	Green x Mathys	Green	Mathys	225
Sst_25	neu	TLP004595	0.3383682662598657	1.2332789871505314	Green x Mathys	Green	Mathys	225
Sst_25	neu	TLP004599	-2.0334533011550215	-2.881648178892407	Green x Mathys	Green	Mathys	225
Sst_25	neu	TLP004606	-1.9142842853675655	-2.4927537711794345	Green x Mathys	Green	Mathys	225
Sst_25	neu	TLP004608	0.5745596603961651	-0.9021056493807986	Green x Mathys	Green	Mathys	225
Sst_25	neu	TLP004616	0.5056574750279914	0.013506427282053757	Green x Mathys	Green	Mathys	225
Sst_25	neu	TLP004619	0.658833760615738	-1.1891786627982475	Green x Mathys	Green	Mathys	225
Sst_25	neu	TLP004622	-0.34190761955644167	-2.5584619401391544	Green x Mathys	Green	Mathys	225
Sst_25	neu	TLP004623	-1.554270904850001	-0.08149499718895203	Green x Mathys	Green	Mathys	225
Sst_25	neu	TLP004626	1.0492102868267912	-0.13895181160595715	Green x Mathys	Green	Mathys	225
Sst_25	neu	TLP004627	-0.19670384828267373	-1.222385884020058	Green x Mathys	Green	Mathys	225
Sst_25	neu	TLP004629	-1.1809249747242712	-0.5529318858175261	Green x Mathys	Green	Mathys	225
Sst_25	neu	TLP004631	0.8184040025857371	-0.8437751213283198	Green x Mathys	Green	Mathys	225
Sst_25	neu	TLP004634	0.04397353522653624	-1.22747637628739	Green x Mathys	Green	Mathys	225
Sst_25	neu	TLP004638	-2.193800605283844	-0.014143478287089728	Green x Mathys	Green	Mathys	225
Sst_25	neu	TLP004639	0.6655497240071995	-1.8306851950888365	Green x Mathys	Green	Mathys	225
Sst_25	neu	TLP004643	-1.7529871759097464	-0.5728585202425514	Green x Mathys	Green	Mathys	225
Sst_25	neu	TLP004645	0.3850417398948256	-0.9080835971455796	Green x Mathys	Green	Mathys	225
Sst_25	neu	TLP004646	1.3662746265360628	-1.645282632613835	Green x Mathys	Green	Mathys	225
Sst_25	neu	TLP004647	0.7586043671762424	0.7759070819281755	Green x Mathys	Green	Mathys	225
Sst_25	neu	TLP004653	0.5544190203787593	-0.08291934111648924	Green x Mathys	Green	Mathys	225
Sst_25	neu	TLP004654	0.6504295293855895	-2.2662914006560904	Green x Mathys	Green	Mathys	225
Sst_25	neu	TLP004657	-0.654756770635899	-2.2996258972636943	Green x Mathys	Green	Mathys	225
Sst_25	neu	TLP004658	-0.4308342431469985	-1.8441005074846517	Green x Mathys	Green	Mathys	225
Sst_25	neu	TLP004660	-0.5851097667440781	-0.4016340780295842	Green x Mathys	Green	Mathys	225
Sst_25	neu	TLP004661	-0.8040068233792779	-1.5836505185494918	Green x Mathys	Green	Mathys	225
Sst_25	neu	TLP004666	-1.4075192700298977	-3.0074625175444893	Green x Mathys	Green	Mathys	225
Sst_25	neu	TLP004668	-0.9825211550409216	-0.8951852659337778	Green x Mathys	Green	Mathys	225
Sst_25	neu	TLP004669	1.1931740074167099	0.1168530786293891	Green x Mathys	Green	Mathys	225
Sst_25	neu	TLP004671	1.5087518475162698	-0.4107216366020259	Green x Mathys	Green	Mathys	225
Sst_25	neu	TLP004672	0.9378855093200213	1.4759728888082408	Green x Mathys	Green	Mathys	225
Sst_25	neu	TLP004674	0.9654081875792144	0.04023556030356179	Green x Mathys	Green	Mathys	225
Sst_25	neu	TLP004676	0.7856007600244252	0.18200911905422412	Green x Mathys	Green	Mathys	225
Sst_25	neu	TLP004682	-0.09080988646372123	-1.1121767217126957	Green x Mathys	Green	Mathys	225
Sst_25	neu	TLP004685	0.17723278527571917	-0.6216521238557586	Green x Mathys	Green	Mathys	225
Sst_25	neu	TLP004686	1.0336436658246724	0.9992659652524738	Green x Mathys	Green	Mathys	225
Sst_25	neu	TLP004689	0.8047651397377207	-0.06364946060978571	Green x Mathys	Green	Mathys	225
Sst_25	neu	TLP004690	0.5949891722549214	0.30877690601747876	Green x Mathys	Green	Mathys	225
Sst_25	neu	TLP004693	-2.282571363368704	-1.908665940369449	Green x Mathys	Green	Mathys	225
Sst_25	neu	TLP004703	-0.007740817769406938	-1.9789896799406996	Green x Mathys	Green	Mathys	225
Sst_25	neu	TLP004706	0.41651660422124603	-1.5840493629439587	Green x Mathys	Green	Mathys	225
Sst_25	neu	TLP004710	0.31851356798249064	-0.37166788107928017	Green x Mathys	Green	Mathys	225
Sst_25	neu	TLP004716	0.2759024358981925	-0.39888224609875955	Green x Mathys	Green	Mathys	225
Sst_25	neu	TLP004717	-0.6008508286162169	0.8256121878520828	Green x Mathys	Green	Mathys	225
Sst_25	neu	TLP004729	-0.38368009514241486	-0.06472162004125526	Green x Mathys	Green	Mathys	225
Sst_25	neu	TLP004734	1.0156510687096079	0.6005279360871105	Green x Mathys	Green	Mathys	225
Sst_25	neu	TLP004738	-2.2524366083667005	-1.2805969046122598	Green x Mathys	Green	Mathys	225
Sst_25	neu	TLP004742	-1.9282976957701825	-2.7407199645807516	Green x Mathys	Green	Mathys	225
Sst_25	neu	TLP004744	-0.23004743160673868	-1.050386578113903	Green x Mathys	Green	Mathys	225
Sst_25	neu	TLP004751	0.38546591728374313	-2.4784155099884364	Green x Mathys	Green	Mathys	225
Sst_25	neu	TLP004755	0.10636693575674805	-0.7223324510996081	Green x Mathys	Green	Mathys	225
Sst_25	neu	TLP004756	-1.1638234410049844	-0.9812014478534481	Green x Mathys	Green	Mathys	225
Sst_25	neu	TLP004759	-1.0143051719783278	-2.694126989582851	Green x Mathys	Green	Mathys	225
Sst_25	neu	TLP004760	-1.9167903003074196	-2.220817634277312	Green x Mathys	Green	Mathys	225
Sst_25	neu	TLP004763	-0.2724570054985165	0.5198413287305303	Green x Mathys	Green	Mathys	225
Sst_25	neu	TLP004771	-0.31504699235486644	-1.572281071011723	Green x Mathys	Green	Mathys	225
Sst_25	neu	TLP004777	-0.4532486135788414	-2.4025450816768332	Green x Mathys	Green	Mathys	225
Sst_25	neu	TLP004782	-1.5206598002201055	-1.2745940871209678	Green x Mathys	Green	Mathys	225
Sst_25	neu	TLP004784	1.7473223001292109	-0.8530840132914914	Green x Mathys	Green	Mathys	225
Sst_25	neu	TLP004785	-0.037437612323770075	0.06611538099305214	Green x Mathys	Green	Mathys	225
Sst_25	neu	TLP004786	0.6104759704239626	-2.664173926898929	Green x Mathys	Green	Mathys	225
Sst_25	neu	TLP004788	0.42189902989450356	-1.4132592433552391	Green x Mathys	Green	Mathys	225
Sst_25	neu	TLP004793	-0.019983849641622697	-1.4990175231883072	Green x Mathys	Green	Mathys	225
Sst_25	neu	TLP004796	-0.04762915850203875	-2.3313083451787833	Green x Mathys	Green	Mathys	225
Sst_25	neu	TLP004801	1.0957527805991036	-2.059660782102135	Green x Mathys	Green	Mathys	225
Sst_25	neu	TLP004805	-0.8185810155786246	-0.9949970537144397	Green x Mathys	Green	Mathys	225
Sst_25	neu	TLP004811	-2.3352506017329784	-0.010172336006186278	Green x Mathys	Green	Mathys	225
Sst_25	neu	TLP004813	0.06871388704584191	-0.16591976643117512	Green x Mathys	Green	Mathys	225
Sst_25	neu	TLP004814	1.3755533014959527	-0.7570494438826474	Green x Mathys	Green	Mathys	225
Sst_25	neu	TLP004816	0.39329776166971264	-1.1199216241339283	Green x Mathys	Green	Mathys	225
Sst_25	neu	TLP004825	1.6501732023729652	-0.266515110415078	Green x Mathys	Green	Mathys	225
Sst_25	neu	TLP004828	-1.003589484161699	-2.098558000375074	Green x Mathys	Green	Mathys	225
Sst_25	neu	TLP004832	-0.19573408469831843	-0.761679010081493	Green x Mathys	Green	Mathys	225
Sst_25	neu	TLP004837	1.3643126606853677	-1.2637159197904584	Green x Mathys	Green	Mathys	225
Sst_25	neu	TLP004844	0.8028738650727627	1.0666795368657631	Green x Mathys	Green	Mathys	225
Sst_25	neu	TLP004845	0.7243151977290623	1.3842725554068362	Green x Mathys	Green	Mathys	225
Sst_25	neu	TLP004850	-1.5582241540708717	-0.8771751475441327	Green x Mathys	Green	Mathys	225
Sst_25	neu	TLP004851	-0.7471369799288272	-0.4221933276264416	Green x Mathys	Green	Mathys	225
Sst_25	neu	TLP004853	0.6138349943750736	0.9580324562010878	Green x Mathys	Green	Mathys	225
Sst_25	neu	TLP004856	-0.7195579079846723	-0.2371621396909287	Green x Mathys	Green	Mathys	225
Sst_25	neu	TLP004857	0.9284900375214269	0.7795386956837893	Green x Mathys	Green	Mathys	225
Sst_25	neu	TLP004860	0.4168244893959363	-0.14885811309826735	Green x Mathys	Green	Mathys	225
Sst_25	neu	TLP004861	-1.0470561167272	-1.4310912371466076	Green x Mathys	Green	Mathys	225
Sst_25	neu	TLP004862	0.6759049920011817	-0.23407589278124163	Green x Mathys	Green	Mathys	225
Sst_25	neu	TLP004864	-1.4129920414099688	-2.4693230363012075	Green x Mathys	Green	Mathys	225
Sst_25	neu	TLP004865	0.36122098631868216	-1.829489685223396	Green x Mathys	Green	Mathys	225
Sst_25	neu	TLP004866	-0.8315153774750002	-1.4239539936119332	Green x Mathys	Green	Mathys	225
Sst_25	neu	TLP004867	-1.307480358347913	-2.12082047585921	Green x Mathys	Green	Mathys	225
Sst_25	neu	TLP004872	-0.6770176519001074	-0.854127029599173	Green x Mathys	Green	Mathys	225
Sst_25	neu	TLP004879	1.079491723740614	-1.9892404561891874	Green x Mathys	Green	Mathys	225
Sst_25	neu	TLP004882	0.04608157145344638	-0.0622877925589691	Green x Mathys	Green	Mathys	225
Sst_25	neu	TLP004887	-0.10840288463315684	-1.3737189845838333	Green x Mathys	Green	Mathys	225
Sst_25	neu	TLP004889	-0.650304669133944	-0.8784898694987033	Green x Mathys	Green	Mathys	225
Sst_25	neu	TLP004896	0.8327636437010044	-1.1742659567247031	Green x Mathys	Green	Mathys	225
Sst_25	neu	TLP004898	0.15848255849029602	0.1445622416311343	Green x Mathys	Green	Mathys	225
Sst_25	neu	TLP004901	-1.2369954333925541	-2.4569479738761446	Green x Mathys	Green	Mathys	225
Sst_25	neu	TLP004902	-0.6511430474812263	-0.4570768004661705	Green x Mathys	Green	Mathys	225
Sst_25	neu	TLP004908	-0.6069555854569311	-1.4374803645451912	Green x Mathys	Green	Mathys	225
Sst_25	neu	TLP004914	1.272357382837324	0.904641402697087	Green x Mathys	Green	Mathys	225
Sst_25	neu	TLP004916	1.6839641204896791	-0.8332597879287524	Green x Mathys	Green	Mathys	225
Sst_25	neu	TLP004920	1.2604214928699742	0.7685523535078209	Green x Mathys	Green	Mathys	225
Sst_25	neu	TLP004923	0.5486568064210102	-1.2406850600595316	Green x Mathys	Green	Mathys	225
Sst_25	neu	TLP004928	-0.5477754766863185	-2.6356591409306613	Green x Mathys	Green	Mathys	225
Sst_25	neu	TLP004933	0.5239541256489124	0.8419026647450947	Green x Mathys	Green	Mathys	225
Sst_25	neu	TLP004934	0.6610121896185	-0.8376137193416291	Green x Mathys	Green	Mathys	225
Sst_25	neu	TLP004935	-1.3562310228483856	-2.753221362240927	Green x Mathys	Green	Mathys	225
Sst_25	neu	TLP004937	-1.5080891190209549	-1.143055619233432	Green x Mathys	Green	Mathys	225
Sst_25	neu	TLP004940	1.3110232015590695	0.6989868834480912	Green x Mathys	Green	Mathys	225
Sst_25	neu	TLP004941	-0.191463517701977	-0.2789899115943566	Green x Mathys	Green	Mathys	225
Sst_25	neu	TLP004942	0.3062265003233877	0.5244521224389187	Green x Mathys	Green	Mathys	225
Sst_25	neu	TLP004943	0.4800655810357073	-0.5355661004669781	Green x Mathys	Green	Mathys	225
Sst_25	neu	TLP004946	-0.23721878463041257	-0.8928666997580565	Green x Mathys	Green	Mathys	225
Sst_25	neu	TLP004947	1.2469232488799111	0.15641620256807176	Green x Mathys	Green	Mathys	225
Sst_25	neu	TLP004984	-0.8209799141653829	-0.7394296912347933	Green x Mathys	Green	Mathys	225
Sst_25	neu	TLP004995	0.8811665762938903	0.44774562173060417	Green x Mathys	Green	Mathys	225
Sst_25	neu	TLP004996	1.9653946295601457	0.2613979515654572	Green x Mathys	Green	Mathys	225
Sst_25	neu	TLP005002	0.7777274419748208	-1.0514387360984268	Green x Mathys	Green	Mathys	225
Sst_25	neu	TLP005005	-1.319457656169595	-0.9042516993773306	Green x Mathys	Green	Mathys	225
Sst_25	neu	TLP005006	-0.601762197756579	-2.982797793777726	Green x Mathys	Green	Mathys	225
Sst_25	neu	TLP005013	-1.3613966911809792	-1.333333379218601	Green x Mathys	Green	Mathys	225
Sst_25	neu	TLP005014	0.8374277010427988	-1.0556089645679831	Green x Mathys	Green	Mathys	225
Sst_25	neu	TLP005020	0.4928738050359778	-1.4748201608535405	Green x Mathys	Green	Mathys	225
Sst_25	neu	TLP005021	0.9248108548794516	1.105880158625502	Green x Mathys	Green	Mathys	225
Sst_25	neu	TLP005025	-2.743046340464076	-1.7446252137920473	Green x Mathys	Green	Mathys	225
Sst_25	neu	TLP005035	0.5182824582770635	0.9406002413678651	Green x Mathys	Green	Mathys	225
Sst_25	neu	TLP005036	-1.7579260715567937	0.5478098750549156	Green x Mathys	Green	Mathys	225
Sst_25	neu	TLP005038	1.2276858737329306	1.0058201591888052	Green x Mathys	Green	Mathys	225
Sst_25	neu	TLP005040	2.1017779960114495	1.4376475936758153	Green x Mathys	Green	Mathys	225
Sst_25	neu	TLP005043	-0.29008406219719696	-2.592365511155525	Green x Mathys	Green	Mathys	225
Sst_25	neu	TLP005046	0.005613345125452973	0.6037460965596138	Green x Mathys	Green	Mathys	225
Sst_25	neu	TLP005047	1.407601469659478	0.8232177925266342	Green x Mathys	Green	Mathys	225
Sst_25	neu	TLP005057	-0.16190590816893202	-0.9386477884784981	Green x Mathys	Green	Mathys	225
Sst_25	neu	TLP005060	1.4360109295881784	-0.6487136872435899	Green x Mathys	Green	Mathys	225
Sst_25	neu	TLP005064	-0.5531482776839862	-0.16989012442537987	Green x Mathys	Green	Mathys	225
Sst_25	neu	TLP005065	0.61075836939251	-0.2962817150941328	Green x Mathys	Green	Mathys	225
Sst_25	neu	TLP005068	0.1595699787416498	-2.0349718990330254	Green x Mathys	Green	Mathys	225
Sst_25	neu	TLP005087	-0.08849087971687464	-2.0419052940198616	Green x Mathys	Green	Mathys	225
Sst_25	neu	TLP005089	0.5395457922258435	0.5507191848896502	Green x Mathys	Green	Mathys	225
Sst_25	neu	TLP005096	-0.3254522085194296	-0.6415820015119822	Green x Mathys	Green	Mathys	225
Sst_25	neu	TLP005110	-0.2916107913047554	-0.2590593106944956	Green x Mathys	Green	Mathys	225
Sst_25	neu	TLP005111	0.23037058472346406	-1.3767504522876663	Green x Mathys	Green	Mathys	225
Sst_25	neu	TLP005118	0.28549240299518	-0.030517008018558833	Green x Mathys	Green	Mathys	225
Sst_25	neu	TLP005121	0.0285963356056671	-2.590267067880058	Green x Mathys	Green	Mathys	225
Sst_25	neu	TLP005135	0.763853140740089	-0.9617575283664888	Green x Mathys	Green	Mathys	225
Sst_25	neu	TLP005143	0.33101306008182974	-1.3502845100768823	Green x Mathys	Green	Mathys	225
Sst_25	neu	TLP005146	-0.49967241578178445	-1.149200012299362	Green x Mathys	Green	Mathys	225
Sst_25	neu	TLP005147	-0.6601925309074694	-0.3269334082463553	Green x Mathys	Green	Mathys	225
Sst_25	neu	TLP005149	0.7178649288243051	-0.19452356490699962	Green x Mathys	Green	Mathys	225
Sst_25	neu	TLP005150	0.8673834975470296	-2.4953395923255197	Green x Mathys	Green	Mathys	225
Sst_25	neu	TLP005154	0.555916497625609	-0.7863196927407419	Green x Mathys	Green	Mathys	225
Sst_25	neu	TLP005157	-1.2947163037230993	-2.1470895936011685	Green x Mathys	Green	Mathys	225
Sst_25	neu	TLP005159	-0.435839100095067	0.5281900700768114	Green x Mathys	Green	Mathys	225
Sst_25	neu	TLP005839	0.49188608845729487	0.16205863422157307	Green x Mathys	Green	Mathys	225
Sst_25	neu	TLP005854	0.34317460364328944	-1.5590229938754208	Green x Mathys	Green	Mathys	225
Sst_25	neu	TLP005879	0.09579869500710636	-0.23809983534225143	Green x Mathys	Green	Mathys	225
Sst_25	neu	TLP005891	-1.2701154409054025	-0.22774383071803772	Green x Mathys	Green	Mathys	225
Sst_25	neu	TLP005918	0.6015088227939032	-0.12959104978254476	Green x Mathys	Green	Mathys	225
Sst_25	neu	TLP005943	0.8850421013823979	-0.2654584131350344	Green x Mathys	Green	Mathys	225
Sst_25	neu	TLP005946	0.5614465807412419	-0.27727643001654023	Green x Mathys	Green	Mathys	225
Sst_3	neu	TLP004219	1.7609403033835127	0.6556098146008784	Green x Mathys	Green	Mathys	225
Sst_3	neu	TLP004220	0.9720384705132847	0.9336282666954814	Green x Mathys	Green	Mathys	225
Sst_3	neu	TLP004222	1.781567551057588	0.5521450755994515	Green x Mathys	Green	Mathys	225
Sst_3	neu	TLP004225	2.0186429206955356	1.3241163567256917	Green x Mathys	Green	Mathys	225
Sst_3	neu	TLP004226	1.393966501559075	1.0613014968511303	Green x Mathys	Green	Mathys	225
Sst_3	neu	TLP004231	1.6093638373420402	1.435082873167251	Green x Mathys	Green	Mathys	225
Sst_3	neu	TLP004232	1.274099631408932	1.532798410238085	Green x Mathys	Green	Mathys	225
Sst_3	neu	TLP004238	1.0531413840736423	1.3878531890792063	Green x Mathys	Green	Mathys	225
Sst_3	neu	TLP004244	1.663641396967689	-0.045419210911465946	Green x Mathys	Green	Mathys	225
Sst_3	neu	TLP004247	2.281946119482828	0.80276705054691	Green x Mathys	Green	Mathys	225
Sst_3	neu	TLP004250	1.703603463476413	1.7030159015862942	Green x Mathys	Green	Mathys	225
Sst_3	neu	TLP004251	1.6000486876949411	1.3232957276890467	Green x Mathys	Green	Mathys	225
Sst_3	neu	TLP004257	2.0992435986761615	0.799637290688441	Green x Mathys	Green	Mathys	225
Sst_3	neu	TLP004266	1.9272667899900795	0.7795218677599127	Green x Mathys	Green	Mathys	225
Sst_3	neu	TLP004271	2.185600630787104	1.7389682273619878	Green x Mathys	Green	Mathys	225
Sst_3	neu	TLP004278	1.9115985030680287	1.9087500801077102	Green x Mathys	Green	Mathys	225
Sst_3	neu	TLP004279	1.3717334469459184	-0.4217162264319718	Green x Mathys	Green	Mathys	225
Sst_3	neu	TLP004280	0.6667078381894607	-0.9099148184263122	Green x Mathys	Green	Mathys	225
Sst_3	neu	TLP004281	1.4981598771744231	0.953946396928413	Green x Mathys	Green	Mathys	225
Sst_3	neu	TLP004284	1.768926399652326	1.609249878070468	Green x Mathys	Green	Mathys	225
Sst_3	neu	TLP004309	1.3142529895786392	0.2656300422470874	Green x Mathys	Green	Mathys	225
Sst_3	neu	TLP004311	0.9847200347057781	0.7895618243190405	Green x Mathys	Green	Mathys	225
Sst_3	neu	TLP004313	1.3829024942108905	1.1769023164957	Green x Mathys	Green	Mathys	225
Sst_3	neu	TLP004316	1.660763609766395	1.9894928123226676	Green x Mathys	Green	Mathys	225
Sst_3	neu	TLP004322	1.9699992486586586	1.7796794943811114	Green x Mathys	Green	Mathys	225
Sst_3	neu	TLP004325	1.5597172687383836	0.8785829153512914	Green x Mathys	Green	Mathys	225
Sst_3	neu	TLP004328	1.4905680199028133	1.6809581510218679	Green x Mathys	Green	Mathys	225
Sst_3	neu	TLP004432	1.1717769264950624	1.7274182104422788	Green x Mathys	Green	Mathys	225
Sst_3	neu	TLP004435	2.015062733019554	1.6896574452710427	Green x Mathys	Green	Mathys	225
Sst_3	neu	TLP004441	2.0447496121146793	1.3081355949044005	Green x Mathys	Green	Mathys	225
Sst_3	neu	TLP004442	1.409951533143703	1.7102414988678234	Green x Mathys	Green	Mathys	225
Sst_3	neu	TLP004444	1.6326510786079433	0.5384779390494696	Green x Mathys	Green	Mathys	225
Sst_3	neu	TLP004456	2.0094669826687377	0.9598558572497025	Green x Mathys	Green	Mathys	225
Sst_3	neu	TLP004458	1.7376561149496648	1.6114699140824644	Green x Mathys	Green	Mathys	225
Sst_3	neu	TLP004459	1.420186831304667	0.774077636621616	Green x Mathys	Green	Mathys	225
Sst_3	neu	TLP004463	1.6168638199954994	0.9800647757433207	Green x Mathys	Green	Mathys	225
Sst_3	neu	TLP004470	0.7629524319615522	0.6972346913731382	Green x Mathys	Green	Mathys	225
Sst_3	neu	TLP004471	0.6825374954791865	-0.4446512309110471	Green x Mathys	Green	Mathys	225
Sst_3	neu	TLP004490	1.55678314072195	-0.0027117362386448463	Green x Mathys	Green	Mathys	225
Sst_3	neu	TLP004493	0.48236277772095715	0.7090739022865211	Green x Mathys	Green	Mathys	225
Sst_3	neu	TLP004500	1.6196286538884097	1.0674157613874433	Green x Mathys	Green	Mathys	225
Sst_3	neu	TLP004508	2.269934420914804	0.42388516706337054	Green x Mathys	Green	Mathys	225
Sst_3	neu	TLP004510	1.6025051054718746	1.4369703395538966	Green x Mathys	Green	Mathys	225
Sst_3	neu	TLP004524	0.9183671993075277	1.1138990451028707	Green x Mathys	Green	Mathys	225
Sst_3	neu	TLP004525	1.7682247011466314	1.027663361008213	Green x Mathys	Green	Mathys	225
Sst_3	neu	TLP004533	1.9798379850997114	1.3495631707408418	Green x Mathys	Green	Mathys	225
Sst_3	neu	TLP004534	0.6676789476316634	-0.8866492935116819	Green x Mathys	Green	Mathys	225
Sst_3	neu	TLP004535	1.7030163666279794	1.841637740933669	Green x Mathys	Green	Mathys	225
Sst_3	neu	TLP004538	1.2065674585255008	-0.49046252029081217	Green x Mathys	Green	Mathys	225
Sst_3	neu	TLP004543	0.3802274223462403	-0.23502642212624103	Green x Mathys	Green	Mathys	225
Sst_3	neu	TLP004544	0.8636773183013942	1.425632358047245	Green x Mathys	Green	Mathys	225
Sst_3	neu	TLP004550	1.7154896809560718	0.7348957627355821	Green x Mathys	Green	Mathys	225
Sst_3	neu	TLP004551	0.09113042596360454	0.7175190681047026	Green x Mathys	Green	Mathys	225
Sst_3	neu	TLP004553	1.6320631815560755	1.2672951197898499	Green x Mathys	Green	Mathys	225
Sst_3	neu	TLP004557	1.7511168031999889	1.2912829153556817	Green x Mathys	Green	Mathys	225
Sst_3	neu	TLP004560	-0.18538310427762283	-0.7114243719403541	Green x Mathys	Green	Mathys	225
Sst_3	neu	TLP004563	1.8533829354815845	1.4980706139619198	Green x Mathys	Green	Mathys	225
Sst_3	neu	TLP004564	0.7735250488834202	1.4119082145055568	Green x Mathys	Green	Mathys	225
Sst_3	neu	TLP004565	1.4888859799428245	1.3779443100006814	Green x Mathys	Green	Mathys	225
Sst_3	neu	TLP004566	1.3237697520533356	1.6410924093890076	Green x Mathys	Green	Mathys	225
Sst_3	neu	TLP004568	1.7498775695439068	1.2991174648086226	Green x Mathys	Green	Mathys	225
Sst_3	neu	TLP004571	1.5394060991841991	0.694363327405445	Green x Mathys	Green	Mathys	225
Sst_3	neu	TLP004575	0.7593173453093067	0.04950569605389088	Green x Mathys	Green	Mathys	225
Sst_3	neu	TLP004577	1.9738820217690263	1.4491008006603678	Green x Mathys	Green	Mathys	225
Sst_3	neu	TLP004581	2.0819666759424282	1.5913491185911819	Green x Mathys	Green	Mathys	225
Sst_3	neu	TLP004582	1.8756483689875658	0.8765511665446066	Green x Mathys	Green	Mathys	225
Sst_3	neu	TLP004586	1.8173340080452292	1.66450461279653	Green x Mathys	Green	Mathys	225
Sst_3	neu	TLP004595	1.0692557748026577	1.5133564602170928	Green x Mathys	Green	Mathys	225
Sst_3	neu	TLP004599	-0.08754315209970809	0.5523390255927385	Green x Mathys	Green	Mathys	225
Sst_3	neu	TLP004606	1.6966336272766593	1.3990665269311924	Green x Mathys	Green	Mathys	225
Sst_3	neu	TLP004608	1.7556929727522785	0.707332263053301	Green x Mathys	Green	Mathys	225
Sst_3	neu	TLP004616	1.7754180198919305	1.2901576109521171	Green x Mathys	Green	Mathys	225
Sst_3	neu	TLP004619	2.2294318397335746	0.91495549147196	Green x Mathys	Green	Mathys	225
Sst_3	neu	TLP004622	1.5119836307786194	0.7373749258651738	Green x Mathys	Green	Mathys	225
Sst_3	neu	TLP004623	1.7659574142784868	0.42933062657703847	Green x Mathys	Green	Mathys	225
Sst_3	neu	TLP004626	2.1478225754949007	1.4704861008281433	Green x Mathys	Green	Mathys	225
Sst_3	neu	TLP004627	1.4896951052875549	0.974838693316161	Green x Mathys	Green	Mathys	225
Sst_3	neu	TLP004629	1.1014574109522552	1.257176722078725	Green x Mathys	Green	Mathys	225
Sst_3	neu	TLP004631	1.491348475828163	1.6129606514929842	Green x Mathys	Green	Mathys	225
Sst_3	neu	TLP004634	1.7682917236590585	0.5303815412649833	Green x Mathys	Green	Mathys	225
Sst_3	neu	TLP004638	1.567399510409718	0.5736431866150289	Green x Mathys	Green	Mathys	225
Sst_3	neu	TLP004639	1.6640785541183267	0.7342641623727006	Green x Mathys	Green	Mathys	225
Sst_3	neu	TLP004643	0.8119621815517908	0.7264244638877093	Green x Mathys	Green	Mathys	225
Sst_3	neu	TLP004645	1.5452119215623688	1.6568657603159576	Green x Mathys	Green	Mathys	225
Sst_3	neu	TLP004646	1.4858197771858457	0.39159929464720555	Green x Mathys	Green	Mathys	225
Sst_3	neu	TLP004647	1.597705460359267	1.7549742199465026	Green x Mathys	Green	Mathys	225
Sst_3	neu	TLP004653	2.0758881598669023	1.8366734996214507	Green x Mathys	Green	Mathys	225
Sst_3	neu	TLP004654	1.5424275686906999	0.13160387214227942	Green x Mathys	Green	Mathys	225
Sst_3	neu	TLP004657	1.0102509929530124	0.8358683186654545	Green x Mathys	Green	Mathys	225
Sst_3	neu	TLP004658	1.0355028256464287	0.553794765313719	Green x Mathys	Green	Mathys	225
Sst_3	neu	TLP004660	1.8127855060542926	1.6081275430122615	Green x Mathys	Green	Mathys	225
Sst_3	neu	TLP004661	1.9303606860403058	1.395274636688118	Green x Mathys	Green	Mathys	225
Sst_3	neu	TLP004666	1.0492165027914062	1.2266439870527694	Green x Mathys	Green	Mathys	225
Sst_3	neu	TLP004668	1.0189588451692027	0.20342702273433133	Green x Mathys	Green	Mathys	225
Sst_3	neu	TLP004669	1.9106138805456991	1.4883323539641395	Green x Mathys	Green	Mathys	225
Sst_3	neu	TLP004671	1.9932601629648872	1.769261134299688	Green x Mathys	Green	Mathys	225
Sst_3	neu	TLP004672	1.8495142280883647	1.6503262759530184	Green x Mathys	Green	Mathys	225
Sst_3	neu	TLP004674	2.1670527021455595	1.5245103297836557	Green x Mathys	Green	Mathys	225
Sst_3	neu	TLP004676	1.3946648233738292	0.7340777013542636	Green x Mathys	Green	Mathys	225
Sst_3	neu	TLP004682	1.5888322846436278	1.6332610114611352	Green x Mathys	Green	Mathys	225
Sst_3	neu	TLP004685	1.439474497725631	-0.11082650008976813	Green x Mathys	Green	Mathys	225
Sst_3	neu	TLP004686	2.1089990923285145	2.0734868007964242	Green x Mathys	Green	Mathys	225
Sst_3	neu	TLP004689	2.236316092445732	-0.06364946060978571	Green x Mathys	Green	Mathys	225
Sst_3	neu	TLP004690	1.7179929140471906	1.20077494532259	Green x Mathys	Green	Mathys	225
Sst_3	neu	TLP004693	2.0868764890983167	1.1358564973539744	Green x Mathys	Green	Mathys	225
Sst_3	neu	TLP004703	1.1343565828384419	0.8542236641155165	Green x Mathys	Green	Mathys	225
Sst_3	neu	TLP004706	1.8379022851524067	1.0309104150922392	Green x Mathys	Green	Mathys	225
Sst_3	neu	TLP004710	1.6596874938219122	1.5742422679760328	Green x Mathys	Green	Mathys	225
Sst_3	neu	TLP004716	0.786728059664183	0.8141403937470946	Green x Mathys	Green	Mathys	225
Sst_3	neu	TLP004717	1.453272905079329	1.1357671161559226	Green x Mathys	Green	Mathys	225
Sst_3	neu	TLP004729	1.132667394225674	1.3566640608899059	Green x Mathys	Green	Mathys	225
Sst_3	neu	TLP004734	1.467636192452665	0.9106828643909504	Green x Mathys	Green	Mathys	225
Sst_3	neu	TLP004738	1.790614659467849	0.6653132444430536	Green x Mathys	Green	Mathys	225
Sst_3	neu	TLP004742	0.6366516616913538	0.755787596885729	Green x Mathys	Green	Mathys	225
Sst_3	neu	TLP004744	1.568932285594804	0.04822571055420699	Green x Mathys	Green	Mathys	225
Sst_3	neu	TLP004751	0.9862397777126732	0.46602346917800475	Green x Mathys	Green	Mathys	225
Sst_3	neu	TLP004755	1.4332378764058378	1.3390905850775496	Green x Mathys	Green	Mathys	225
Sst_3	neu	TLP004756	-1.1638234410049844	0.6984407232539009	Green x Mathys	Green	Mathys	225
Sst_3	neu	TLP004759	1.9149820021675104	1.5685528874584644	Green x Mathys	Green	Mathys	225
Sst_3	neu	TLP004760	0.9164230437487966	0.34413172318422536	Green x Mathys	Green	Mathys	225
Sst_3	neu	TLP004763	1.500610330717386	2.16982533555898	Green x Mathys	Green	Mathys	225
Sst_3	neu	TLP004771	1.349960771234045	1.220926938430794	Green x Mathys	Green	Mathys	225
Sst_3	neu	TLP004777	1.2331503399913872	0.7329491342523173	Green x Mathys	Green	Mathys	225
Sst_3	neu	TLP004782	1.4916017752850967	1.7699283506024552	Green x Mathys	Green	Mathys	225
Sst_3	neu	TLP004784	2.251568952797159	1.7421706936653742	Green x Mathys	Green	Mathys	225
Sst_3	neu	TLP004785	1.6571581084506368	1.0830496386468953	Green x Mathys	Green	Mathys	225
Sst_3	neu	TLP004786	1.8589005373207326	1.7546666808976688	Green x Mathys	Green	Mathys	225
Sst_3	neu	TLP004788	1.4204278600056304	1.7222349725739106	Green x Mathys	Green	Mathys	225
Sst_3	neu	TLP004793	1.6777466699381556	1.06593183427323	Green x Mathys	Green	Mathys	225
Sst_3	neu	TLP004796	1.4462958668102175	1.0359874848076913	Green x Mathys	Green	Mathys	225
Sst_3	neu	TLP004801	1.9507429866094625	1.236176083902194	Green x Mathys	Green	Mathys	225
Sst_3	neu	TLP004805	0.7074752879164246	-0.14769919332723624	Green x Mathys	Green	Mathys	225
Sst_3	neu	TLP004811	0.4979627423232369	-0.010172336006186278	Green x Mathys	Green	Mathys	225
Sst_3	neu	TLP004813	1.512827819054559	1.4607599524374315	Green x Mathys	Green	Mathys	225
Sst_3	neu	TLP004814	1.415558636109652	1.6038045572353736	Green x Mathys	Green	Mathys	225
Sst_3	neu	TLP004816	1.7182231764133107	1.2779736486644424	Green x Mathys	Green	Mathys	225
Sst_3	neu	TLP004825	2.3661350606990816	2.0158672752614484	Green x Mathys	Green	Mathys	225
Sst_3	neu	TLP004828	1.3943057886366717	0.4663913570864624	Green x Mathys	Green	Mathys	225
Sst_3	neu	TLP004832	1.4571889396755209	0.9247199434887357	Green x Mathys	Green	Mathys	225
Sst_3	neu	TLP004837	2.192379159144684	1.1341793530079114	Green x Mathys	Green	Mathys	225
Sst_3	neu	TLP004844	1.5913312254370329	1.8551368972300337	Green x Mathys	Green	Mathys	225
Sst_3	neu	TLP004845	2.4521708649776373	2.3158307594117797	Green x Mathys	Green	Mathys	225
Sst_3	neu	TLP004850	-0.45961186540276255	0.9473741445069139	Green x Mathys	Green	Mathys	225
Sst_3	neu	TLP004851	1.2897449473322125	1.5729070656196429	Green x Mathys	Green	Mathys	225
Sst_3	neu	TLP004853	2.0076765611303475	1.22272501042817	Green x Mathys	Green	Mathys	225
Sst_3	neu	TLP004856	1.7039797954270361	1.6917984510506114	Green x Mathys	Green	Mathys	225
Sst_3	neu	TLP004857	1.489640745174933	1.1768404931527927	Green x Mathys	Green	Mathys	225
Sst_3	neu	TLP004860	1.8731864131325437	1.2206291297052418	Green x Mathys	Green	Mathys	225
Sst_3	neu	TLP004861	1.2216274245911638	-0.13180825301634602	Green x Mathys	Green	Mathys	225
Sst_3	neu	TLP004862	0.7528660331373098	0.7875753547507394	Green x Mathys	Green	Mathys	225
Sst_3	neu	TLP004864	1.4586875834740427	1.673811690090326	Green x Mathys	Green	Mathys	225
Sst_3	neu	TLP004865	1.8454957557987766	1.389386139644805	Green x Mathys	Green	Mathys	225
Sst_3	neu	TLP004866	0.0157824829122033	-0.3253417049438232	Green x Mathys	Green	Mathys	225
Sst_3	neu	TLP004867	1.8280138575812366	0.4441288816023272	Green x Mathys	Green	Mathys	225
Sst_3	neu	TLP004872	1.7565957035003423	1.2576797965826945	Green x Mathys	Green	Mathys	225
Sst_3	neu	TLP004879	1.7853779300779884	0.04764147107185224	Green x Mathys	Green	Mathys	225
Sst_3	neu	TLP004882	1.381082638185787	1.2273797328718494	Green x Mathys	Green	Mathys	225
Sst_3	neu	TLP004887	1.7017057232630943	1.2888688424416195	Green x Mathys	Green	Mathys	225
Sst_3	neu	TLP004889	1.7982343364831817	1.4989965316684595	Green x Mathys	Green	Mathys	225
Sst_3	neu	TLP004896	1.6800615040882083	0.4351719557093974	Green x Mathys	Green	Mathys	225
Sst_3	neu	TLP004898	1.7441098222306781	1.6887596321968337	Green x Mathys	Green	Mathys	225
Sst_3	neu	TLP004901	1.4710547677096555	0.48749100529029477	Green x Mathys	Green	Mathys	225
Sst_3	neu	TLP004902	1.4691204887188647	1.5105733352255486	Green x Mathys	Green	Mathys	225
Sst_3	neu	TLP004908	1.4544674507202267	1.47124053201917	Green x Mathys	Green	Mathys	225
Sst_3	neu	TLP004914	1.5290772296851376	1.5184518410205108	Green x Mathys	Green	Mathys	225
Sst_3	neu	TLP004916	2.00673751275273	1.2870037482713386	Green x Mathys	Green	Mathys	225
Sst_3	neu	TLP004920	2.0580813721654065	1.7001105575127649	Green x Mathys	Green	Mathys	225
Sst_3	neu	TLP004923	1.9927707384297269	1.2607508916796792	Green x Mathys	Green	Mathys	225
Sst_3	neu	TLP004928	1.13862347688391	0.49983507499848834	Green x Mathys	Green	Mathys	225
Sst_3	neu	TLP004933	2.0041803066030064	2.049317813262004	Green x Mathys	Green	Mathys	225
Sst_3	neu	TLP004934	2.016344325134424	1.2278415803634664	Green x Mathys	Green	Mathys	225
Sst_3	neu	TLP004935	1.3953042901935628	-0.3553260894425563	Green x Mathys	Green	Mathys	225
Sst_3	neu	TLP004937	0.4378210300343577	1.3583803325057788	Green x Mathys	Green	Mathys	225
Sst_3	neu	TLP004940	1.6761370141436664	1.7526477842539347	Green x Mathys	Green	Mathys	225
Sst_3	neu	TLP004941	1.8715392976346994	-0.2789899115943566	Green x Mathys	Green	Mathys	225
Sst_3	neu	TLP004942	1.552163503748356	0.583292622461852	Green x Mathys	Green	Mathys	225
Sst_3	neu	TLP004943	1.9410834883515338	1.5846974357331134	Green x Mathys	Green	Mathys	225
Sst_3	neu	TLP004946	0.5684063793562224	0.06264474526938013	Green x Mathys	Green	Mathys	225
Sst_3	neu	TLP004947	1.9660459158431167	1.466337584903389	Green x Mathys	Green	Mathys	225
Sst_3	neu	TLP004984	1.233143819530163	1.0411564773951367	Green x Mathys	Green	Mathys	225
Sst_3	neu	TLP004995	1.6187655194246693	-0.650866666937505	Green x Mathys	Green	Mathys	225
Sst_3	neu	TLP004996	2.3199396472410534	1.6308851943689664	Green x Mathys	Green	Mathys	225
Sst_3	neu	TLP005002	2.116619564200127	1.1457858412377933	Green x Mathys	Green	Mathys	225
Sst_3	neu	TLP005005	0.877766921166625	0.9202975926737151	Green x Mathys	Green	Mathys	225
Sst_3	neu	TLP005006	1.920323455273175	1.1603369326138075	Green x Mathys	Green	Mathys	225
Sst_3	neu	TLP005013	0.5845134578743343	-0.23472109055049106	Green x Mathys	Green	Mathys	225
Sst_3	neu	TLP005014	1.978151475061035	1.5593508134682152	Green x Mathys	Green	Mathys	225
Sst_3	neu	TLP005020	1.398582427579596	-0.3762078721854305	Green x Mathys	Green	Mathys	225
Sst_3	neu	TLP005021	1.5959791287206224	1.9831203756277844	Green x Mathys	Green	Mathys	225
Sst_3	neu	TLP005025	1.2272455730880454	0.8203241436694899	Green x Mathys	Green	Mathys	225
Sst_3	neu	TLP005035	1.766107145131849	2.0392125300359742	Green x Mathys	Green	Mathys	225
Sst_3	neu	TLP005036	1.738581489909686	1.6464221637230247	Green x Mathys	Green	Mathys	225
Sst_3	neu	TLP005038	1.8725144770220679	1.9073686093257574	Green x Mathys	Green	Mathys	225
Sst_3	neu	TLP005040	2.5348946354501236	2.306685440699425	Green x Mathys	Green	Mathys	225
Sst_3	neu	TLP005043	1.8658975566049731	1.168834604538037	Green x Mathys	Green	Mathys	225
Sst_3	neu	TLP005046	1.812410691718048	1.4872470056107785	Green x Mathys	Green	Mathys	225
Sst_3	neu	TLP005047	2.1286574383365005	1.386687149778047	Green x Mathys	Green	Mathys	225
Sst_3	neu	TLP005057	1.9846749363485325	1.6693189540667293	Green x Mathys	Green	Mathys	225
Sst_3	neu	TLP005060	1.9386397861499907	1.255523765411156	Green x Mathys	Green	Mathys	225
Sst_3	neu	TLP005064	1.644076299652233	-0.16989012442537987	Green x Mathys	Green	Mathys	225
Sst_3	neu	TLP005065	1.6496514233589976	1.3901172384760967	Green x Mathys	Green	Mathys	225
Sst_3	neu	TLP005068	1.6935003386676053	0.6730783020691851	Green x Mathys	Green	Mathys	225
Sst_3	neu	TLP005087	1.6693670378354986	0.5230440634416755	Green x Mathys	Green	Mathys	225
Sst_3	neu	TLP005089	1.516055384093053	1.5062306299170864	Green x Mathys	Green	Mathys	225
Sst_3	neu	TLP005096	1.6760277916906938	1.245487647520397	Green x Mathys	Green	Mathys	225
Sst_3	neu	TLP005110	1.3613122330690839	1.6186425883342843	Green x Mathys	Green	Mathys	225
Sst_3	neu	TLP005111	2.0511175908247714	2.0700574406265413	Green x Mathys	Green	Mathys	225
Sst_3	neu	TLP005118	1.7170433557031917	-0.030517008018558833	Green x Mathys	Green	Mathys	225
Sst_3	neu	TLP005121	1.1272086242737762	1.7272210456562522	Green x Mathys	Green	Mathys	225
Sst_3	neu	TLP005135	1.8294045671473107	1.6474468380990883	Green x Mathys	Green	Mathys	225
Sst_3	neu	TLP005143	1.3939072661478598	-0.2516722214087732	Green x Mathys	Green	Mathys	225
Sst_3	neu	TLP005146	1.109765496652316	0.46023790013473853	Green x Mathys	Green	Mathys	225
Sst_3	neu	TLP005147	1.7377027418909012	1.0229933087026604	Green x Mathys	Green	Mathys	225
Sst_3	neu	TLP005149	1.9044459904383717	0.3163020588589909	Green x Mathys	Green	Mathys	225
Sst_3	neu	TLP005150	1.7916423990703616	1.1155783203187042	Green x Mathys	Green	Mathys	225
Sst_3	neu	TLP005154	1.543303151183495	1.378644022377256	Green x Mathys	Green	Mathys	225
Sst_3	neu	TLP005157	1.2175893202530155	0.560960607501042	Green x Mathys	Green	Mathys	225
Sst_3	neu	TLP005159	1.5100710489602465	1.4281316639494372	Green x Mathys	Green	Mathys	225
Sst_3	neu	TLP005839	1.9825404649014278	1.7714965466556731	Green x Mathys	Green	Mathys	225
Sst_3	neu	TLP005854	1.9172105890264741	0.6382015834607984	Green x Mathys	Green	Mathys	225
Sst_3	neu	TLP005879	1.3734592151242015	1.0611831487880092	Green x Mathys	Green	Mathys	225
Sst_3	neu	TLP005891	1.7088097143322072	1.071539153412223	Green x Mathys	Green	Mathys	225
Sst_3	neu	TLP005918	1.9475292847758534	1.6125714783061378	Green x Mathys	Green	Mathys	225
Sst_3	neu	TLP005943	1.8518851124193847	0.8331538755330756	Green x Mathys	Green	Mathys	225
Sst_3	neu	TLP005946	1.587299515126924	0.4848636220303568	Green x Mathys	Green	Mathys	225
Sst_23	neu	TLP004219	0.7567376991864778	-0.6793912521314613	Green x Mathys	Green	Mathys	225
Sst_23	neu	TLP004220	-0.5785589418978825	-1.4017466491215549	Green x Mathys	Green	Mathys	225
Sst_23	neu	TLP004222	1.026288589390636	-0.8829394496898715	Green x Mathys	Green	Mathys	225
Sst_23	neu	TLP004225	1.1795418275125105	1.2574249822270192	Green x Mathys	Green	Mathys	225
Sst_23	neu	TLP004226	-0.5519436474962385	-0.6332942239232766	Green x Mathys	Green	Mathys	225
Sst_23	neu	TLP004231	-0.7885314354563304	-0.8816868548187511	Green x Mathys	Green	Mathys	225
Sst_23	neu	TLP004232	-0.9945839099094327	-0.021831265701020897	Green x Mathys	Green	Mathys	225
Sst_23	neu	TLP004238	-0.045470904594467676	0.32924623502479555	Green x Mathys	Green	Mathys	225
Sst_23	neu	TLP004244	0.8945083094298214	-0.045419210911465946	Green x Mathys	Green	Mathys	225
Sst_23	neu	TLP004247	0.7517575787028683	-1.1431430985084035	Green x Mathys	Green	Mathys	225
Sst_23	neu	TLP004250	-0.21598937726152734	-2.304317283646177	Green x Mathys	Green	Mathys	225
Sst_23	neu	TLP004251	0.06611832776898563	-0.3712999930853602	Green x Mathys	Green	Mathys	225
Sst_23	neu	TLP004257	-0.4795948709460429	-0.8098006217456595	Green x Mathys	Green	Mathys	225
Sst_23	neu	TLP004266	0.38993217145732295	0.35207785293297356	Green x Mathys	Green	Mathys	225
Sst_23	neu	TLP004271	0.7505161054977814	0.310473511751721	Green x Mathys	Green	Mathys	225
Sst_23	neu	TLP004278	-0.9971223934963325	0.8101377914396002	Green x Mathys	Green	Mathys	225
Sst_23	neu	TLP004279	-0.8254911303903008	-2.0311541388660723	Green x Mathys	Green	Mathys	225
Sst_23	neu	TLP004280	-1.1791188523088705	-0.9099148184263122	Green x Mathys	Green	Mathys	225
Sst_23	neu	TLP004281	-0.2749074590414793	-0.5341306585014198	Green x Mathys	Green	Mathys	225
Sst_23	neu	TLP004284	-0.9910835403805951	0.42547978106205164	Green x Mathys	Green	Mathys	225
Sst_23	neu	TLP004309	-1.250696367882897	-0.8329822464210226	Green x Mathys	Green	Mathys	225
Sst_23	neu	TLP004311	-0.7498810206823281	-2.3459323916101082	Green x Mathys	Green	Mathys	225
Sst_23	neu	TLP004313	-0.8857810471074741	-0.7690078325596135	Green x Mathys	Green	Mathys	225
Sst_23	neu	TLP004316	-0.14603373682620013	-0.14521140803221755	Green x Mathys	Green	Mathys	225
Sst_23	neu	TLP004322	0.30499148506974727	0.17024158194701045	Green x Mathys	Green	Mathys	225
Sst_23	neu	TLP004325	0.2994636285138581	-1.3186416619849277	Green x Mathys	Green	Mathys	225
Sst_23	neu	TLP004328	0.3919557312347033	-2.250867481702458	Green x Mathys	Green	Mathys	225
Sst_23	neu	TLP004432	-0.39219861186228044	0.19348785051632422	Green x Mathys	Green	Mathys	225
Sst_23	neu	TLP004435	1.3125258121097696	0.2808902282990937	Green x Mathys	Green	Mathys	225
Sst_23	neu	TLP004441	1.4714036313673553	-1.4850724145381164	Green x Mathys	Green	Mathys	225
Sst_23	neu	TLP004442	-0.2550562304452084	-0.35521380083727205	Green x Mathys	Green	Mathys	225
Sst_23	neu	TLP004444	-0.06507944097183582	-1.1265298245394408	Green x Mathys	Green	Mathys	225
Sst_23	neu	TLP004456	-1.8823533154418888	-2.2590199676184994	Green x Mathys	Green	Mathys	225
Sst_23	neu	TLP004458	1.0784104860654011	0.9281750299655309	Green x Mathys	Green	Mathys	225
Sst_23	neu	TLP004459	0.24606699012841204	0.9651328733843254	Green x Mathys	Green	Mathys	225
Sst_23	neu	TLP004463	0.3801011928465723	-2.387231054243154	Green x Mathys	Green	Mathys	225
Sst_23	neu	TLP004470	-1.8019969254999841	-2.135978652683077	Green x Mathys	Green	Mathys	225
Sst_23	neu	TLP004471	-2.2619014836872546	-0.30155038727037287	Green x Mathys	Green	Mathys	225
Sst_23	neu	TLP004490	0.12169861543262694	-1.101324024906754	Green x Mathys	Green	Mathys	225
Sst_23	neu	TLP004493	-2.350850566335259	-1.6888213705118496	Green x Mathys	Green	Mathys	225
Sst_23	neu	TLP004500	0.45945847222086655	-0.9867079723081034	Green x Mathys	Green	Mathys	225
Sst_23	neu	TLP004508	-0.004999140748731534	0.17257073878246398	Green x Mathys	Green	Mathys	225
Sst_23	neu	TLP004510	1.2730259043416323	-0.17246757288020387	Green x Mathys	Green	Mathys	225
Sst_23	neu	TLP004524	-1.3503163420108368	0.1896401435795383	Green x Mathys	Green	Mathys	225
Sst_23	neu	TLP004525	-0.036273793858853765	-1.2410201803101506	Green x Mathys	Green	Mathys	225
Sst_23	neu	TLP004533	-0.7282122160024986	-1.5221164541431698	Green x Mathys	Green	Mathys	225
Sst_23	neu	TLP004534	-0.9417589648024371	-0.8866492935116819	Green x Mathys	Green	Mathys	225
Sst_23	neu	TLP004535	-2.304316818604492	0.8495089326680096	Green x Mathys	Green	Mathys	225
Sst_23	neu	TLP004538	-1.250168314295804	-0.49046252029081217	Green x Mathys	Green	Mathys	225
Sst_23	neu	TLP004543	-2.32782277875597	-1.333638710794351	Green x Mathys	Green	Mathys	225
Sst_23	neu	TLP004544	-0.499627524593798	0.3392153424729534	Green x Mathys	Green	Mathys	225
Sst_23	neu	TLP004550	0.7062224926238123	-0.1524074322653206	Green x Mathys	Green	Mathys	225
Sst_23	neu	TLP004551	-1.854779723091709	-0.8919188443293979	Green x Mathys	Green	Mathys	225
Sst_23	neu	TLP004553	-2.1291369341374864	-0.9734145694861089	Green x Mathys	Green	Mathys	225
Sst_23	neu	TLP004557	0.17293143426999347	-1.4602523976862667	Green x Mathys	Green	Mathys	225
Sst_23	neu	TLP004560	-1.7948210167117225	-1.8100366606084632	Green x Mathys	Green	Mathys	225
Sst_23	neu	TLP004563	-0.491166356611493	-1.99843694750456	Green x Mathys	Green	Mathys	225
Sst_23	neu	TLP004564	-0.8359128635506803	-1.1530411429559804	Green x Mathys	Green	Mathys	225
Sst_23	neu	TLP004565	-1.0125499717963864	-2.59234760355144	Green x Mathys	Green	Mathys	225
Sst_23	neu	TLP004566	0.3252409219422079	0.5040138398931022	Green x Mathys	Green	Mathys	225
Sst_23	neu	TLP004568	0.5511818223188145	0.5369774127617264	Green x Mathys	Green	Mathys	225
Sst_23	neu	TLP004571	0.779883849679381	0.25904525614759955	Green x Mathys	Green	Mathys	225
Sst_23	neu	TLP004575	-0.5399656388209548	-1.5599322163802096	Green x Mathys	Green	Mathys	225
Sst_23	neu	TLP004577	0.4832276453248925	-1.344107208782149	Green x Mathys	Green	Mathys	225
Sst_23	neu	TLP004581	0.5395929940888742	0.2644781779420917	Green x Mathys	Green	Mathys	225
Sst_23	neu	TLP004582	0.39754645861455185	-2.734366746099618	Green x Mathys	Green	Mathys	225
Sst_23	neu	TLP004586	0.11692431740540155	0.4877275512790842	Green x Mathys	Green	Mathys	225
Sst_23	neu	TLP004595	0.1713141815966992	0.1935071985053547	Green x Mathys	Green	Mathys	225
Sst_23	neu	TLP004599	-0.9348410124869115	-2.881648178892407	Green x Mathys	Green	Mathys	225
Sst_23	neu	TLP004606	-1.9142842853675655	-2.4927537711794345	Green x Mathys	Green	Mathys	225
Sst_23	neu	TLP004608	-0.4615322712906105	-1.749403509768003	Green x Mathys	Green	Mathys	225
Sst_23	neu	TLP004616	0.4222758660889401	-0.3107332409035255	Green x Mathys	Green	Mathys	225
Sst_23	neu	TLP004619	-0.7762507646735841	-0.601391997896128	Green x Mathys	Green	Mathys	225
Sst_23	neu	TLP004622	-1.8082446883498688	-1.4598496514710453	Green x Mathys	Green	Mathys	225
Sst_23	neu	TLP004623	0.9580347191261129	-0.08149499718895203	Green x Mathys	Green	Mathys	225
Sst_23	neu	TLP004626	-0.8966998622285223	-0.40721579820063614	Green x Mathys	Green	Mathys	225
Sst_23	neu	TLP004627	0.5917535120815964	-1.222385884020058	Green x Mathys	Green	Mathys	225
Sst_23	neu	TLP004629	-1.6917505984902617	-1.651544174485636	Green x Mathys	Green	Mathys	225
Sst_23	neu	TLP004631	0.43274152177375225	0.25483716733978934	Green x Mathys	Green	Mathys	225
Sst_23	neu	TLP004634	-0.14708170153617317	-0.43901901592311976	Green x Mathys	Green	Mathys	225
Sst_23	neu	TLP004638	-2.193800605283844	-1.6235813907211902	Green x Mathys	Green	Mathys	225
Sst_23	neu	TLP004639	1.5528529190081022	-0.7320729064207265	Green x Mathys	Green	Mathys	225
Sst_23	neu	TLP004643	-1.7529871759097464	0.5257537684255587	Green x Mathys	Green	Mathys	225
Sst_23	neu	TLP004645	0.048569503273612646	0.09044523296554807	Green x Mathys	Green	Mathys	225
Sst_23	neu	TLP004646	0.2676623378679537	-1.645282632613835	Green x Mathys	Green	Mathys	225
Sst_23	neu	TLP004647	0.14769528485326866	1.167187555044383	Green x Mathys	Green	Mathys	225
Sst_23	neu	TLP004653	0.7454742571414679	0.2272355871873497	Green x Mathys	Green	Mathys	225
Sst_23	neu	TLP004654	0.7273905705217176	-1.1676791119879812	Green x Mathys	Green	Mathys	225
Sst_23	neu	TLP004657	-0.654756770635899	-2.2996258972636943	Green x Mathys	Green	Mathys	225
Sst_23	neu	TLP004658	-0.4308342431469985	-1.8441005074846517	Green x Mathys	Green	Mathys	225
Sst_23	neu	TLP004660	0.6878559090688094	-0.25853323438891174	Green x Mathys	Green	Mathys	225
Sst_23	neu	TLP004661	-0.8040068233792779	-1.5836505185494918	Green x Mathys	Green	Mathys	225
Sst_23	neu	TLP004666	-1.4075192700298977	-1.3980246051103897	Green x Mathys	Green	Mathys	225
Sst_23	neu	TLP004668	-1.4933467788069121	-0.8951852659337778	Green x Mathys	Green	Mathys	225
Sst_23	neu	TLP004669	-0.3527504992950652	-0.7704501163715136	Green x Mathys	Green	Mathys	225
Sst_23	neu	TLP004671	1.0967720583869118	0.6878906520660841	Green x Mathys	Green	Mathys	225
Sst_23	neu	TLP004672	-0.11526440527133097	1.2646637951410336	Green x Mathys	Green	Mathys	225
Sst_23	neu	TLP004674	0.037421415941867764	-0.8470676346973409	Green x Mathys	Green	Mathys	225
Sst_23	neu	TLP004676	0.39613599326270243	-0.8165197110569027	Green x Mathys	Green	Mathys	225
Sst_23	neu	TLP004682	-0.2914805819258728	-1.1121767217126957	Green x Mathys	Green	Mathys	225
Sst_23	neu	TLP004685	-0.9213795033923899	-1.7202644125238686	Green x Mathys	Green	Mathys	225
Sst_23	neu	TLP004686	-0.38774201510648876	0.19134327010010033	Green x Mathys	Green	Mathys	225
Sst_23	neu	TLP004689	-0.8816338138325079	-0.5744750843757762	Green x Mathys	Green	Mathys	225
Sst_23	neu	TLP004690	-0.5036231164131877	-0.20204871774851174	Green x Mathys	Green	Mathys	225
Sst_23	neu	TLP004693	-0.33666121431339135	-1.908665940369449	Green x Mathys	Green	Mathys	225
Sst_23	neu	TLP004703	-0.769880869816304	0.2182348973955195	Green x Mathys	Green	Mathys	225
Sst_23	neu	TLP004706	-0.23011056070380675	-1.5840493629439587	Green x Mathys	Green	Mathys	225
Sst_23	neu	TLP004710	0.05024958138781166	1.04971779985188	Green x Mathys	Green	Mathys	225
Sst_23	neu	TLP004716	-0.4549850726446003	-1.6981652302290202	Green x Mathys	Green	Mathys	225
Sst_23	neu	TLP004717	-0.013064163714098243	-0.1059460161528607	Green x Mathys	Green	Mathys	225
Sst_23	neu	TLP004729	-0.38368009514241486	-0.9120194804284587	Green x Mathys	Green	Mathys	225
Sst_23	neu	TLP004734	0.1683532083224044	-0.6987550480431501	Green x Mathys	Green	Mathys	225
Sst_23	neu	TLP004738	-2.2524366083667005	-1.2805969046122598	Green x Mathys	Green	Mathys	225
Sst_23	neu	TLP004742	-0.8296854071020734	-1.6421076759126407	Green x Mathys	Green	Mathys	225
Sst_23	neu	TLP004744	-0.8005922900743512	-1.050386578113903	Green x Mathys	Green	Mathys	225
Sst_23	neu	TLP004751	-0.250522849436253	-0.5325053609331221	Green x Mathys	Green	Mathys	225
Sst_23	neu	TLP004755	0.10636693575674805	-2.6682426001549207	Green x Mathys	Green	Mathys	225
Sst_23	neu	TLP004756	-1.1638234410049844	-0.8141473631902816	Green x Mathys	Green	Mathys	225
Sst_23	neu	TLP004759	0.4070805089528333	-1.595514700914741	Green x Mathys	Green	Mathys	225
Sst_23	neu	TLP004760	-0.8181780116393105	-2.220817634277312	Green x Mathys	Green	Mathys	225
Sst_23	neu	TLP004763	0.7491942420334654	1.195596766578606	Green x Mathys	Green	Mathys	225
Sst_23	neu	TLP004771	-2.26095714141018	-2.670893359679832	Green x Mathys	Green	Mathys	225
Sst_23	neu	TLP004777	-0.9640742373448319	-0.7931071692427327	Green x Mathys	Green	Mathys	225
Sst_23	neu	TLP004782	-2.6192720888882146	-1.2745940871209678	Green x Mathys	Green	Mathys	225
Sst_23	neu	TLP004784	1.1917964974453135	0.2455282753766177	Green x Mathys	Green	Mathys	225
Sst_23	neu	TLP004785	0.4733880114422204	0.06611538099305214	Green x Mathys	Green	Mathys	225
Sst_23	neu	TLP004786	0.0584073881239231	-0.7182637778436156	Green x Mathys	Green	Mathys	225
Sst_23	neu	TLP004788	0.08542679327329061	-1.4132592433552391	Green x Mathys	Green	Mathys	225
Sst_23	neu	TLP004793	-0.6390230580478464	-1.4990175231883072	Green x Mathys	Green	Mathys	225
Sst_23	neu	TLP004796	0.11942492616112776	-2.3313083451787833	Green x Mathys	Green	Mathys	225
Sst_23	neu	TLP004801	1.828640289808563	-0.9610484934340251	Green x Mathys	Green	Mathys	225
Sst_23	neu	TLP004805	-0.8185810155786246	-0.9949970537144397	Green x Mathys	Green	Mathys	225
Sst_23	neu	TLP004811	-2.3352506017329784	-0.010172336006186278	Green x Mathys	Green	Mathys	225
Sst_23	neu	TLP004813	0.24306727419061946	0.0658818476261489	Green x Mathys	Green	Mathys	225
Sst_23	neu	TLP004814	-0.11837172381630356	-0.7570494438826474	Green x Mathys	Green	Mathys	225
Sst_23	neu	TLP004816	-1.0417867636196103	-0.23261842913302555	Green x Mathys	Green	Mathys	225
Sst_23	neu	TLP004825	0.8430817624638021	-0.266515110415078	Green x Mathys	Green	Mathys	225
Sst_23	neu	TLP004828	-2.102201772829809	-2.098558000375074	Green x Mathys	Green	Mathys	225
Sst_23	neu	TLP004832	-0.447048512979225	-2.3711169225155935	Green x Mathys	Green	Mathys	225
Sst_23	neu	TLP004837	0.12259952837658528	-1.2637159197904584	Green x Mathys	Green	Mathys	225
Sst_23	neu	TLP004844	0.191964782749789	1.3030683149299938	Green x Mathys	Green	Mathys	225
Sst_23	neu	TLP004845	0.3878429611078493	0.6438724899963457	Green x Mathys	Green	Mathys	225
Sst_23	neu	TLP004850	-1.5582241540708717	-0.08871778717986256	Green x Mathys	Green	Mathys	225
Sst_23	neu	TLP004851	0.3514753087392819	0.24110088978382205	Green x Mathys	Green	Mathys	225
Sst_23	neu	TLP004853	0.6138349943750736	0.5060473324580306	Green x Mathys	Green	Mathys	225
Sst_23	neu	TLP004856	-0.2675727842416151	0.06511873218200481	Green x Mathys	Green	Mathys	225
Sst_23	neu	TLP004857	-0.23681362564535569	-0.536138098222148	Green x Mathys	Green	Mathys	225
Sst_23	neu	TLP004860	-0.1839493710329938	-1.2474704017663774	Green x Mathys	Green	Mathys	225
Sst_23	neu	TLP004861	-1.0470561167272	-1.4310912371466076	Green x Mathys	Green	Mathys	225
Sst_23	neu	TLP004862	0.02197852459451788	-0.4853903210621482	Green x Mathys	Green	Mathys	225
Sst_23	neu	TLP004864	-0.9021664176439783	-0.859885123867107	Green x Mathys	Green	Mathys	225
Sst_23	neu	TLP004865	0.2360578433646765	-1.829489685223396	Green x Mathys	Green	Mathys	225
Sst_23	neu	TLP004866	-1.9301276661431102	-1.4239539936119332	Green x Mathys	Green	Mathys	225
Sst_23	neu	TLP004867	0.5383463321504172	-2.12082047585921	Green x Mathys	Green	Mathys	225
Sst_23	neu	TLP004872	0.8490386515949417	0.13325962395871205	Green x Mathys	Green	Mathys	225
Sst_23	neu	TLP004879	0.36036905677740805	-1.9892404561891874	Green x Mathys	Green	Mathys	225
Sst_23	neu	TLP004882	0.38255380807465933	-0.44177741426387307	Green x Mathys	Green	Mathys	225
Sst_23	neu	TLP004887	0.7388949757540466	-2.4723312732519434	Green x Mathys	Green	Mathys	225
Sst_23	neu	TLP004889	0.11183538291295303	0.22012241916940578	Green x Mathys	Green	Mathys	225
Sst_23	neu	TLP004896	-0.8536353098692242	1.022958620611516	Green x Mathys	Green	Mathys	225
Sst_23	neu	TLP004898	0.6925650444205544	0.03333660652090931	Green x Mathys	Green	Mathys	225
Sst_23	neu	TLP004901	-2.335607722060664	-2.4569479738761446	Green x Mathys	Green	Mathys	225
Sst_23	neu	TLP004902	1.0834580079068798	0.4119610465574386	Green x Mathys	Green	Mathys	225
Sst_23	neu	TLP004908	-0.943427822078144	-1.4374803645451912	Green x Mathys	Green	Mathys	225
Sst_23	neu	TLP004914	1.11413337762243	0.323611520257848	Green x Mathys	Green	Mathys	225
Sst_23	neu	TLP004916	0.7597052189663467	-0.8332597879287524	Green x Mathys	Green	Mathys	225
Sst_23	neu	TLP004920	0.01609739302047064	0.4722865373646492	Green x Mathys	Green	Mathys	225
Sst_23	neu	TLP004923	0.21218456979979727	0.19439946522979135	Green x Mathys	Green	Mathys	225
Sst_23	neu	TLP004928	-1.058601100452309	-1.5370468522625522	Green x Mathys	Green	Mathys	225
Sst_23	neu	TLP004933	0.5239541256489124	0.9711143962251017	Green x Mathys	Green	Mathys	225
Sst_23	neu	TLP004934	1.1815466275114517	0.4616692647886316	Green x Mathys	Green	Mathys	225
Sst_23	neu	TLP004935	-0.05694803871812493	-2.753221362240927	Green x Mathys	Green	Mathys	225
Sst_23	neu	TLP004937	-1.5080891190209549	-1.143055619233432	Green x Mathys	Green	Mathys	225
Sst_23	neu	TLP004940	0.897047403782997	0.9839179225279828	Green x Mathys	Green	Mathys	225
Sst_23	neu	TLP004941	-0.6189075325289162	-0.2789899115943566	Green x Mathys	Green	Mathys	225
Sst_23	neu	TLP004942	0.3971982785291148	-0.02761645986112171	Green x Mathys	Green	Mathys	225
Sst_23	neu	TLP004943	-0.3222808914892301	-0.16784132034166	Green x Mathys	Green	Mathys	225
Sst_23	neu	TLP004946	-0.8838459495554654	-1.403692323524047	Green x Mathys	Green	Mathys	225
Sst_23	neu	TLP004947	0.8147898936895848	0.26764183767829675	Green x Mathys	Green	Mathys	225
Sst_23	neu	TLP004984	-0.23319324926326424	-0.5030409131705635	Green x Mathys	Green	Mathys	225
Sst_23	neu	TLP004995	0.09270921592961923	-0.650866666937505	Green x Mathys	Green	Mathys	225
Sst_23	neu	TLP004996	1.6117545893165675	0.11829710792478387	Green x Mathys	Green	Mathys	225
Sst_23	neu	TLP005002	0.1899407770727013	-1.0514387360984268	Green x Mathys	Green	Mathys	225
Sst_23	neu	TLP005005	-2.418069944837705	-2.5136896118114302	Green x Mathys	Green	Mathys	225
Sst_23	neu	TLP005006	-0.16644412649873352	-1.3733598813436254	Green x Mathys	Green	Mathys	225
Sst_23	neu	TLP005013	-1.3613966911809792	-1.333333379218601	Green x Mathys	Green	Mathys	225
Sst_23	neu	TLP005014	0.11149069765986219	-1.0556089645679831	Green x Mathys	Green	Mathys	225
Sst_23	neu	TLP005020	0.5929572635929601	-1.4748201608535405	Green x Mathys	Green	Mathys	225
Sst_23	neu	TLP005021	0.7337556181167431	1.1475528550260705	Green x Mathys	Green	Mathys	225
Sst_23	neu	TLP005025	-1.644434051795967	-1.7446252137920473	Green x Mathys	Green	Mathys	225
Sst_23	neu	TLP005035	0.4468234942949181	0.13497507738122927	Green x Mathys	Green	Mathys	225
Sst_23	neu	TLP005036	-1.7579260715567937	0.1249530242348813	Green x Mathys	Green	Mathys	225
Sst_23	neu	TLP005038	0.868311872825033	0.4277423084136478	Green x Mathys	Green	Mathys	225
Sst_23	neu	TLP005040	1.3207694596601698	0.5590971897845076	Green x Mathys	Green	Mathys	225
Sst_23	neu	TLP005043	-0.29008406219719696	-2.592365511155525	Green x Mathys	Green	Mathys	225
Sst_23	neu	TLP005046	-0.7828440152388172	-0.43234583512716185	Green x Mathys	Green	Mathys	225
Sst_23	neu	TLP005047	1.2439720458776762	0.7088074413488901	Green x Mathys	Green	Mathys	225
Sst_23	neu	TLP005057	-0.16190590816893202	-0.176507736431601	Green x Mathys	Green	Mathys	225
Sst_23	neu	TLP005060	0.4886296106439927	-2.5946238362989025	Green x Mathys	Green	Mathys	225
Sst_23	neu	TLP005064	-1.6517605663520962	-0.16989012442537987	Green x Mathys	Green	Mathys	225
Sst_23	neu	TLP005065	0.30847749751957654	-0.2962817150941328	Green x Mathys	Green	Mathys	225
Sst_23	neu	TLP005068	-0.6288873816226204	-2.0349718990330254	Green x Mathys	Green	Mathys	225
Sst_23	neu	TLP005087	0.499295785185244	-2.0419052940198616	Green x Mathys	Green	Mathys	225
Sst_23	neu	TLP005089	0.2167723999627924	0.37636579774487267	Green x Mathys	Green	Mathys	225
Sst_23	neu	TLP005096	-0.3254522085194296	-2.2510199139460836	Green x Mathys	Green	Mathys	225
Sst_23	neu	TLP005110	-0.2916107913047554	-0.2590593106944956	Green x Mathys	Green	Mathys	225
Sst_23	neu	TLP005111	0.44167967839067135	-0.1529750206655507	Green x Mathys	Green	Mathys	225
Sst_23	neu	TLP005118	0.6005734496350756	-0.030517008018558833	Green x Mathys	Green	Mathys	225
Sst_23	neu	TLP005121	-0.5591903292964524	-0.3930424905438388	Green x Mathys	Green	Mathys	225
Sst_23	neu	TLP005135	1.0933323418703313	-0.6594766564935552	Green x Mathys	Green	Mathys	225
Sst_23	neu	TLP005143	-1.5148136304165014	-1.3502845100768823	Green x Mathys	Green	Mathys	225
Sst_23	neu	TLP005146	0.347625444605419	-1.149200012299362	Green x Mathys	Green	Mathys	225
Sst_23	neu	TLP005147	-0.024203764187472387	0.1250517154967019	Green x Mathys	Green	Mathys	225
Sst_23	neu	TLP005149	0.48606331476698017	0.3163020588589909	Green x Mathys	Green	Mathys	225
Sst_23	neu	TLP005150	0.48172101673504475	-0.5494294432702072	Green x Mathys	Green	Mathys	225
Sst_23	neu	TLP005154	0.009372791257539426	-0.5350052644598353	Green x Mathys	Green	Mathys	225
Sst_23	neu	TLP005157	-0.44741844333589587	-2.1470895936011685	Green x Mathys	Green	Mathys	225
Sst_23	neu	TLP005159	-0.7723113367162799	-0.3746776414652029	Green x Mathys	Green	Mathys	225
Sst_23	neu	TLP005839	0.7069974680742401	0.16205863422157307	Green x Mathys	Green	Mathys	225
Sst_23	neu	TLP005854	0.5035172537184689	-1.5590229938754208	Green x Mathys	Green	Mathys	225
Sst_23	neu	TLP005879	0.4814611758190912	0.8605124533258577	Green x Mathys	Green	Mathys	225
Sst_23	neu	TLP005891	0.19622162788802466	-0.22774383071803772	Green x Mathys	Green	Mathys	225
Sst_23	neu	TLP005918	-0.7334922439384375	-0.5190558165442685	Green x Mathys	Green	Mathys	225
Sst_23	neu	TLP005943	1.3504053510716316	-0.2654584131350344	Green x Mathys	Green	Mathys	225
Sst_23	neu	TLP005946	0.4502209456310178	0.3417627783896835	Green x Mathys	Green	Mathys	225
Sst_2	neu	TLP004219	-0.14613001235553646	-2.2888291645655627	Green x Mathys	Green	Mathys	225
Sst_2	neu	TLP004220	0.040480266508341245	-0.5544487887343514	Green x Mathys	Green	Mathys	225
Sst_2	neu	TLP004222	0.7967141477461359	-1.393765073455862	Green x Mathys	Green	Mathys	225
Sst_2	neu	TLP004225	0.7596879819522462	0.8690543074781552	Green x Mathys	Green	Mathys	225
Sst_2	neu	TLP004226	0.7830574192361013	-0.8846086522041832	Green x Mathys	Green	Mathys	225
Sst_2	neu	TLP004231	0.16698000957110626	-0.11954680277185403	Green x Mathys	Green	Mathys	225
Sst_2	neu	TLP004232	-0.9945839099094327	0.31464097092019205	Green x Mathys	Green	Mathys	225
Sst_2	neu	TLP004238	-0.045470904594467676	-0.10607183623304994	Green x Mathys	Green	Mathys	225
Sst_2	neu	TLP004244	0.3479646030617518	-0.045419210911465946	Green x Mathys	Green	Mathys	225
Sst_2	neu	TLP004247	1.003072006983774	-0.04453080984029345	Green x Mathys	Green	Mathys	225
Sst_2	neu	TLP004250	0.33055432910654314	-0.10709270630995693	Green x Mathys	Green	Mathys	225
Sst_2	neu	TLP004251	0.5014363990268311	-0.0035752129600430393	Green x Mathys	Green	Mathys	225
Sst_2	neu	TLP004257	0.16703229397900987	-0.8098006217456595	Green x Mathys	Green	Mathys	225
Sst_2	neu	TLP004266	0.6884251600133195	0.9398645178350922	Green x Mathys	Green	Mathys	225
Sst_2	neu	TLP004271	0.4760792597960206	-0.6589270454363829	Green x Mathys	Green	Mathys	225
Sst_2	neu	TLP004278	-0.48629676973034197	0.8101377914396002	Green x Mathys	Green	Mathys	225
Sst_2	neu	TLP004279	-0.03703377002603059	-2.0311541388660723	Green x Mathys	Green	Mathys	225
Sst_2	neu	TLP004280	-0.33182099192166703	-0.9099148184263122	Green x Mathys	Green	Mathys	225
Sst_2	neu	TLP004281	0.47230694278874186	-2.4800408075567333	Green x Mathys	Green	Mathys	225
Sst_2	neu	TLP004284	-0.6546113037593821	0.28237893742137743	Green x Mathys	Green	Mathys	225
Sst_2	neu	TLP004309	-0.15208407921478795	-0.8329822464210226	Green x Mathys	Green	Mathys	225
Sst_2	neu	TLP004311	0.3487312679857819	-1.2473201029419991	Green x Mathys	Green	Mathys	225
Sst_2	neu	TLP004313	-0.038483186720269735	-0.7690078325596135	Green x Mathys	Green	Mathys	225
Sst_2	neu	TLP004316	-0.14603373682620013	0.5014157568928344	Green x Mathys	Green	Mathys	225
Sst_2	neu	TLP004322	0.30499148506974727	0.9265676641284877	Green x Mathys	Green	Mathys	225
Sst_2	neu	TLP004325	-0.24708007785421238	-1.3186416619849277	Green x Mathys	Green	Mathys	225
Sst_2	neu	TLP004328	0.6032648249019106	-0.6414295692683574	Green x Mathys	Green	Mathys	225
Sst_2	neu	TLP004432	-0.9799852767643991	-0.007182844945827327	Green x Mathys	Green	Mathys	225
Sst_2	neu	TLP004435	1.1923815002677065	0.08021953283694216	Green x Mathys	Green	Mathys	225
Sst_2	neu	TLP004441	0.8706297709384252	-0.01873534574468927	Green x Mathys	Green	Mathys	225
Sst_2	neu	TLP004442	-0.5915284670664214	0.012510979288045121	Green x Mathys	Green	Mathys	225
Sst_2	neu	TLP004444	-0.432804221097153	-1.9738276849266452	Green x Mathys	Green	Mathys	225
Sst_2	neu	TLP004456	0.8256968856603208	-0.06179539028227943	Green x Mathys	Green	Mathys	225
Sst_2	neu	TLP004458	1.0329481119886434	0.8030118870115253	Green x Mathys	Green	Mathys	225
Sst_2	neu	TLP004459	0.6317294709403969	-0.5609234301107238	Green x Mathys	Green	Mathys	225
Sst_2	neu	TLP004463	-0.7185110958215377	0.17771830321838422	Green x Mathys	Green	Mathys	225
Sst_2	neu	TLP004470	-0.703384636831875	-1.037366364014968	Green x Mathys	Green	Mathys	225
Sst_2	neu	TLP004471	0.7826209540361688	-0.8123760110363643	Green x Mathys	Green	Mathys	225
Sst_2	neu	TLP004490	0.12169861543262694	-1.101324024906754	Green x Mathys	Green	Mathys	225
Sst_2	neu	TLP004493	-0.1536259889990399	0.5084032068243696	Green x Mathys	Green	Mathys	225
Sst_2	neu	TLP004500	0.6338118593656441	-2.596145884742204	Green x Mathys	Green	Mathys	225
Sst_2	neu	TLP004508	-1.3042821248789922	-0.6747271216047395	Green x Mathys	Green	Mathys	225
Sst_2	neu	TLP004510	0.694948053566474	0.9849852158108394	Green x Mathys	Green	Mathys	225
Sst_2	neu	TLP004524	-0.5030184816236325	0.33806014869781187	Green x Mathys	Green	Mathys	225
Sst_2	neu	TLP004525	-0.20332787852202028	0.22531688848327658	Green x Mathys	Green	Mathys	225
Sst_2	neu	TLP004533	0.9367955475864127	-0.2228334700129091	Green x Mathys	Green	Mathys	225
Sst_2	neu	TLP004534	-0.0944611044152337	-0.8866492935116819	Green x Mathys	Green	Mathys	225
Sst_2	neu	TLP004535	0.09357845419387889	1.066573437905837	Green x Mathys	Green	Mathys	225
Sst_2	neu	TLP004538	-0.40287045390859966	-0.49046252029081217	Green x Mathys	Green	Mathys	225
Sst_2	neu	TLP004543	0.07007249404240046	-1.333638710794351	Green x Mathys	Green	Mathys	225
Sst_2	neu	TLP004544	-0.3325734399306315	0.09308227293404503	Green x Mathys	Green	Mathys	225
Sst_2	neu	TLP004550	0.33849771249849514	-0.2737682892695874	Green x Mathys	Green	Mathys	225
Sst_2	neu	TLP004551	-1.854779723091709	-2.5013567567634984	Green x Mathys	Green	Mathys	225
Sst_2	neu	TLP004553	-0.18322678508217294	-0.01790312445867226	Green x Mathys	Green	Mathys	225
Sst_2	neu	TLP004557	0.9038189428127854	0.27434865770183947	Green x Mathys	Green	Mathys	225
Sst_2	neu	TLP004560	-1.7948210167117225	-0.7114243719403541	Green x Mathys	Green	Mathys	225
Sst_2	neu	TLP004563	0.5073624734996338	-1.99843694750456	Green x Mathys	Green	Mathys	225
Sst_2	neu	TLP004564	-0.3250872397846898	-0.6422155191899899	Green x Mathys	Green	Mathys	225
Sst_2	neu	TLP004565	-0.6760777351751743	-2.59234760355144	Green x Mathys	Green	Mathys	225
Sst_2	neu	TLP004566	-0.5220569384449956	0.23574985329842235	Green x Mathys	Green	Mathys	225
Sst_2	neu	TLP004568	0.0046381159507449254	-0.31032044762547795	Green x Mathys	Green	Mathys	225
Sst_2	neu	TLP004571	0.34456577842153546	0.058374560685448884	Green x Mathys	Green	Mathys	225
Sst_2	neu	TLP004575	0.7593173453093067	-1.5599322163802096	Green x Mathys	Green	Mathys	225
Sst_2	neu	TLP004577	0.39984603638584204	-0.8332815850161586	Green x Mathys	Green	Mathys	225
Sst_2	neu	TLP004581	0.6898751971382122	-0.6910332670853441	Green x Mathys	Green	Mathys	225
Sst_2	neu	TLP004582	0.8771195388764381	-0.026316544997407654	Green x Mathys	Green	Mathys	225
Sst_2	neu	TLP004586	0.5063890841671252	0.7059811172991015	Green x Mathys	Green	Mathys	225
Sst_2	neu	TLP004595	0.7178578879647697	0.44482162678626125	Green x Mathys	Green	Mathys	225
Sst_2	neu	TLP004599	-0.9348410124869115	-1.2722102664583073	Green x Mathys	Green	Mathys	225
Sst_2	neu	TLP004606	-0.30484637293346495	-2.4927537711794345	Green x Mathys	Green	Mathys	225
Sst_2	neu	TLP004608	0.7514903685552436	-2.848015798436112	Green x Mathys	Green	Mathys	225
Sst_2	neu	TLP004616	0.23122062932623155	0.1829245792401002	Green x Mathys	Green	Mathys	225
Sst_2	neu	TLP004619	0.322361523994525	-0.8527064261770345	Green x Mathys	Green	Mathys	225
Sst_2	neu	TLP004622	0.5271302274671674	-0.6125517910838418	Green x Mathys	Green	Mathys	225
Sst_2	neu	TLP004623	0.2915557856483293	0.7658028631982514	Green x Mathys	Green	Mathys	225
Sst_2	neu	TLP004626	0.7127380502055782	-0.7749405783259542	Green x Mathys	Green	Mathys	225
Sst_2	neu	TLP004627	-0.19670384828267373	-1.222385884020058	Green x Mathys	Green	Mathys	225
Sst_2	neu	TLP004629	-0.08231268605616204	0.3853377527754036	Green x Mathys	Green	Mathys	225
Sst_2	neu	TLP004631	0.16447753517907326	0.25483716733978934	Green x Mathys	Green	Mathys	225
Sst_2	neu	TLP004634	0.12735514416558757	-1.7383020000533804	Green x Mathys	Green	Mathys	225
Sst_2	neu	TLP004638	-0.5843626928497443	-0.5249691020530802	Green x Mathys	Green	Mathys	225
Sst_2	neu	TLP004639	0.3290774873859865	0.11522495396647692	Green x Mathys	Green	Mathys	225
Sst_2	neu	TLP004643	0.19292297314556706	-1.6714708089106614	Green x Mathys	Green	Mathys	225
Sst_2	neu	TLP004645	0.5593951270396031	0.7013543152885209	Green x Mathys	Green	Mathys	225
Sst_2	neu	TLP004646	0.2676623378679537	-0.17894556382040783	Green x Mathys	Green	Mathys	225
Sst_2	neu	TLP004647	0.24777874341025097	0.6241010690601714	Green x Mathys	Green	Mathys	225
Sst_2	neu	TLP004653	0.00787531401068886	0.2272355871873497	Green x Mathys	Green	Mathys	225
Sst_2	neu	TLP004654	0.37599268368382877	-2.2662914006560904	Green x Mathys	Green	Mathys	225
Sst_2	neu	TLP004657	-0.40344234235499243	-2.2996258972636943	Green x Mathys	Green	Mathys	225
Sst_2	neu	TLP004658	0.8684487409832622	-0.7454882188165417	Green x Mathys	Green	Mathys	225
Sst_2	neu	TLP004660	1.1325417303302547	0.07793900223230121	Green x Mathys	Green	Mathys	225
Sst_2	neu	TLP004661	0.8054310890548226	0.15095053683861526	Green x Mathys	Green	Mathys	225
Sst_2	neu	TLP004666	-0.8966936462639064	-1.0615523684891768	Green x Mathys	Green	Mathys	225
Sst_2	neu	TLP004668	-0.394734490138803	0.20342702273433133	Green x Mathys	Green	Mathys	225
Sst_2	neu	TLP004669	0.2177943591725482	0.1168530786293891	Green x Mathys	Green	Mathys	225
Sst_2	neu	TLP004671	0.5322422556490602	0.39162483592291153	Green x Mathys	Green	Mathys	225
Sst_2	neu	TLP004672	0.22120783134988198	0.04088836351891789	Green x Mathys	Green	Mathys	225
Sst_2	neu	TLP004674	0.6381952763707979	0.5028590822516747	Green x Mathys	Green	Mathys	225
Sst_2	neu	TLP004676	0.7189093855257536	0.18200911905422412	Green x Mathys	Green	Mathys	225
Sst_2	neu	TLP004682	-0.8792672468279914	0.37590033371713716	Green x Mathys	Green	Mathys	225
Sst_2	neu	TLP004685	-0.3335928384902713	-0.6216521238557586	Green x Mathys	Green	Mathys	225
Sst_2	neu	TLP004686	0.3743980369404083	0.6912992216291869	Green x Mathys	Green	Mathys	225
Sst_2	neu	TLP004689	0.9429154782185378	-0.5744750843757762	Green x Mathys	Green	Mathys	225
Sst_2	neu	TLP004690	0.007202507352802812	0.8034731478535866	Green x Mathys	Green	Mathys	225
Sst_2	neu	TLP004693	0.11532390942966586	-0.29922802793534853	Green x Mathys	Green	Mathys	225
Sst_2	neu	TLP004703	0.2286479602948237	0.5859596775208367	Green x Mathys	Green	Mathys	225
Sst_2	neu	TLP004706	0.3164331456642637	-0.7367515025567553	Green x Mathys	Green	Mathys	225
Sst_2	neu	TLP004710	0.31851356798249064	0.726944407588829	Green x Mathys	Green	Mathys	225
Sst_2	neu	TLP004716	0.1989413947620644	-0.39888224609875955	Green x Mathys	Green	Mathys	225
Sst_2	neu	TLP004717	-0.2643785919950039	-0.4736707962781779	Green x Mathys	Green	Mathys	225
Sst_2	neu	TLP004729	-0.015955315017096794	-0.06472162004125526	Green x Mathys	Green	Mathys	225
Sst_2	neu	TLP004734	0.1683532083224044	0.767582020750277	Green x Mathys	Green	Mathys	225
Sst_2	neu	TLP004738	0.14545866443166933	0.32884100782184067	Green x Mathys	Green	Mathys	225
Sst_2	neu	TLP004742	-0.3188597833360829	-0.17577060711921444	Green x Mathys	Green	Mathys	225
Sst_2	neu	TLP004744	-0.14666582266768735	0.04822571055420699	Green x Mathys	Green	Mathys	225
Sst_2	neu	TLP004751	0.2603027743297375	0.08653384747310078	Green x Mathys	Green	Mathys	225
Sst_2	neu	TLP004755	-0.26135784436857	-1.5696303114868115	Green x Mathys	Green	Mathys	225
Sst_2	neu	TLP004756	-1.1638234410049844	-0.5458833765956026	Green x Mathys	Green	Mathys	225
Sst_2	neu	TLP004759	0.7033463250960059	-0.29623171678448035	Green x Mathys	Green	Mathys	225
Sst_2	neu	TLP004760	0.4811049724909511	-0.27490748522199837	Green x Mathys	Green	Mathys	225
Sst_2	neu	TLP004763	0.36353176122148056	0.7078935602334697	Green x Mathys	Green	Mathys	225
Sst_2	neu	TLP004771	0.13693813138819078	0.16231998437638318	Green x Mathys	Green	Mathys	225
Sst_2	neu	TLP004777	-2.062686526012942	-2.4025450816768332	Green x Mathys	Green	Mathys	225
Sst_2	neu	TLP004782	-0.4220475115519955	-1.2745940871209678	Green x Mathys	Green	Mathys	225
Sst_2	neu	TLP004784	0.2013977934174367	0.2455282753766177	Green x Mathys	Green	Mathys	225
Sst_2	neu	TLP004785	0.16323308313838059	0.36839625286598565	Green x Mathys	Green	Mathys	225
Sst_2	neu	TLP004786	-0.17798138994030754	0.1690394171572871	Green x Mathys	Green	Mathys	225
Sst_2	neu	TLP004788	-0.05767405036738271	0.5326509057000743	Green x Mathys	Green	Mathys	225
Sst_2	neu	TLP004793	0.3595057720632804	0.11042038924579334	Green x Mathys	Green	Mathys	225
Sst_2	neu	TLP004796	0.7733513935677916	-0.7218704327446819	Green x Mathys	Green	Mathys	225
Sst_2	neu	TLP004801	0.9813424294213595	-0.4502228696680346	Green x Mathys	Green	Mathys	225
Sst_2	neu	TLP004805	-0.48210877895741167	-0.14769919332723624	Green x Mathys	Green	Mathys	225
Sst_2	neu	TLP004811	-0.7258126892988788	-0.010172336006186278	Green x Mathys	Green	Mathys	225
Sst_2	neu	TLP004813	-0.26775834957537104	-0.2568915446369022	Green x Mathys	Green	Mathys	225
Sst_2	neu	TLP004814	0.8510288333718004	-0.16926277898052877	Green x Mathys	Green	Mathys	225
Sst_2	neu	TLP004816	0.18198866800250535	-0.12139279402280057	Green x Mathys	Green	Mathys	225
Sst_2	neu	TLP004825	1.0867038451215523	0.5219422499491921	Green x Mathys	Green	Mathys	225
Sst_2	neu	TLP004828	0.09502280450641098	-0.9999457117069648	Green x Mathys	Green	Mathys	225
Sst_2	neu	TLP004832	-0.7835207496004379	-0.4252067734602809	Green x Mathys	Green	Mathys	225
Sst_2	neu	TLP004837	0.6931443868441978	-0.16510363112234927	Green x Mathys	Green	Mathys	225
Sst_2	neu	TLP004844	0.191964782749789	0.5558539130997726	Green x Mathys	Green	Mathys	225
Sst_2	neu	TLP004845	0.3878429611078493	0.7063928469776792	Green x Mathys	Green	Mathys	225
Sst_2	neu	TLP004850	-1.5582241540708717	0.34660028407798293	Green x Mathys	Green	Mathys	225
Sst_2	neu	TLP004851	-0.7471369799288272	0.4581653950216502	Green x Mathys	Green	Mathys	225
Sst_2	neu	TLP004853	-0.4847772942930355	-0.34125052792917376	Green x Mathys	Green	Mathys	225
Sst_2	neu	TLP004856	-1.5668557683718758	-0.6724802109487742	Green x Mathys	Green	Mathys	225
Sst_2	neu	TLP004857	0.506764408541482	0.49995383346462763	Green x Mathys	Green	Mathys	225
Sst_2	neu	TLP004860	0.20171310977899104	0.43892855180385126	Green x Mathys	Green	Mathys	225
Sst_2	neu	TLP004861	-0.19975825633999644	-0.33247894847849757	Green x Mathys	Green	Mathys	225
Sst_2	neu	TLP004862	-0.5970606838117059	-1.3326881814493516	Green x Mathys	Green	Mathys	225
Sst_2	neu	TLP004864	-0.5656941810227654	0.09562632116032965	Green x Mathys	Green	Mathys	225
Sst_2	neu	TLP004865	0.2360578433646765	0.0163370052749352	Green x Mathys	Green	Mathys	225
Sst_2	neu	TLP004866	-1.9301276661431102	-1.4239539936119332	Green x Mathys	Green	Mathys	225
Sst_2	neu	TLP004867	0.3019575540861865	-1.0222081871911	Green x Mathys	Green	Mathys	225
Sst_2	neu	TLP004872	0.4215946367680017	0.24448525906893614	Green x Mathys	Green	Mathys	225
Sst_2	neu	TLP004879	0.24914342166718306	-1.478414832423197	Green x Mathys	Green	Mathys	225
Sst_2	neu	TLP004882	-0.26407335685039257	-0.29867657062319974	Green x Mathys	Green	Mathys	225
Sst_2	neu	TLP004887	0.9132483628988242	0.23571892785026716	Green x Mathys	Green	Mathys	225
Sst_2	neu	TLP004889	0.3482241609771828	0.14316137803327766	Green x Mathys	Green	Mathys	225
Sst_2	neu	TLP004896	0.2449769787988858	-0.07565366805659401	Green x Mathys	Green	Mathys	225
Sst_2	neu	TLP004898	0.3697916521575033	0.6341104669498394	Green x Mathys	Green	Mathys	225
Sst_2	neu	TLP004901	0.22934163540087305	-0.847510061442045	Green x Mathys	Green	Mathys	225
Sst_2	neu	TLP004902	0.19615481290597714	0.8281214437823516	Green x Mathys	Green	Mathys	225
Sst_2	neu	TLP004908	0.49165670321117894	0.2971206908429158	Green x Mathys	Green	Mathys	225
Sst_2	neu	TLP004914	0.5032242952994563	0.19439978877784103	Green x Mathys	Green	Mathys	225
Sst_2	neu	TLP004916	0.9081252240846203	-0.32243416416276194	Green x Mathys	Green	Mathys	225
Sst_2	neu	TLP004920	0.4017598738324555	0.14951314510159808	Green x Mathys	Green	Mathys	225
Sst_2	neu	TLP004923	0.8714301986840614	0.8134386736360142	Green x Mathys	Green	Mathys	225
Sst_2	neu	TLP004928	-0.5477754766863185	-1.5370468522625522	Green x Mathys	Green	Mathys	225
Sst_2	neu	TLP004933	0.9192668622930587	0.5191292724820444	Green x Mathys	Green	Mathys	225
Sst_2	neu	TLP004934	1.0905748493057255	0.10065591925130057	Green x Mathys	Green	Mathys	225
Sst_2	neu	TLP004935	-0.05694803871812493	-0.8073112131856135	Green x Mathys	Green	Mathys	225
Sst_2	neu	TLP004937	0.10134879341314473	0.38300068426161715	Green x Mathys	Green	Mathys	225
Sst_2	neu	TLP004940	0.06669910170956594	0.5056154904675516	Green x Mathys	Green	Mathys	225
Sst_2	neu	TLP004941	0.169549827835354	-0.2789899115943566	Green x Mathys	Green	Mathys	225
Sst_2	neu	TLP004942	-0.030245736297824344	-0.5741601662291913	Green x Mathys	Green	Mathys	225
Sst_2	neu	TLP004943	0.24826396697838238	-1.1233527653690967	Green x Mathys	Green	Mathys	225
Sst_2	neu	TLP004946	-0.23721878463041257	-2.502304612192156	Green x Mathys	Green	Mathys	225
Sst_2	neu	TLP004947	0.7003795425118406	0.0312530596140661	Green x Mathys	Green	Mathys	225
Sst_2	neu	TLP004984	-0.4845076775441699	-0.08018406235052922	Green x Mathys	Green	Mathys	225
Sst_2	neu	TLP004995	-1.5167286965044804	-0.650866666937505	Green x Mathys	Green	Mathys	225
Sst_2	neu	TLP004996	0.948460371906303	0.38656109451946286	Green x Mathys	Green	Mathys	225
Sst_2	neu	TLP005002	0.5264130136939142	0.04717355256968325	Green x Mathys	Green	Mathys	225
Sst_2	neu	TLP005005	-0.02017467203933343	0.05125974565010605	Green x Mathys	Green	Mathys	225
Sst_2	neu	TLP005006	0.29617939544937943	-0.41784843631618873	Green x Mathys	Green	Mathys	225
Sst_2	neu	TLP005013	-1.3613966911809792	-1.333333379218601	Green x Mathys	Green	Mathys	225
Sst_2	neu	TLP005014	0.34787947572409283	0.04300332410012686	Green x Mathys	Green	Mathys	225
Sst_2	neu	TLP005020	-0.05366990133209182	-1.4748201608535405	Green x Mathys	Green	Mathys	225
Sst_2	neu	TLP005021	0.7337556181167431	1.2987838247499939	Green x Mathys	Green	Mathys	225
Sst_2	neu	TLP005025	-1.1336084280299756	-0.6460129251239373	Green x Mathys	Green	Mathys	225
Sst_2	neu	TLP005035	0.9576491180609095	0.38628950566213494	Green x Mathys	Green	Mathys	225
Sst_2	neu	TLP005036	-0.14848815912269409	1.072334343179068	Green x Mathys	Green	Mathys	225
Sst_2	neu	TLP005038	0.7539015216472889	0.7887556539509779	Green x Mathys	Green	Mathys	225
Sst_2	neu	TLP005040	1.0398670741937677	0.09647366783639466	Green x Mathys	Green	Mathys	225
Sst_2	neu	TLP005043	0.14523400906064854	-0.027416153693988754	Green x Mathys	Green	Mathys	225
Sst_2	neu	TLP005046	0.3157682734292928	-0.26529175046399533	Green x Mathys	Green	Mathys	225
Sst_2	neu	TLP005047	0.2705229001635727	0.7088074413488901	Green x Mathys	Green	Mathys	225
Sst_2	neu	TLP005057	0.3489197155970585	0.15996450018961106	Green x Mathys	Green	Mathys	225
Sst_2	neu	TLP005060	0.588713069200975	-0.6487136872435899	Green x Mathys	Green	Mathys	225
Sst_2	neu	TLP005064	-0.04232265391799572	-0.16989012442537987	Green x Mathys	Green	Mathys	225
Sst_2	neu	TLP005065	-0.12684057373826896	0.9274937165279828	Green x Mathys	Green	Mathys	225
Sst_2	neu	TLP005068	0.8061971436667026	-2.0349718990330254	Green x Mathys	Green	Mathys	225
Sst_2	neu	TLP005087	-0.08849087971687464	-0.9432930053517516	Green x Mathys	Green	Mathys	225
Sst_2	neu	TLP005089	0.7275980237287829	0.4673375759505989	Green x Mathys	Green	Mathys	225
Sst_2	neu	TLP005096	0.4630051518448406	-0.6415820015119822	Green x Mathys	Green	Mathys	225
Sst_2	neu	TLP005110	0.21921483246123508	0.12043031101040835	Green x Mathys	Green	Mathys	225
Sst_2	neu	TLP005111	0.6160330655354489	0.90563193338886	Green x Mathys	Green	Mathys	225
Sst_2	neu	TLP005118	0.28549240299518	-0.030517008018558833	Green x Mathys	Green	Mathys	225
Sst_2	neu	TLP005121	-2.168628241730552	0.24294627617615827	Green x Mathys	Green	Mathys	225
Sst_2	neu	TLP005135	0.5467886355022618	-0.13140922629305862	Green x Mathys	Green	Mathys	225
Sst_2	neu	TLP005143	0.5220682968445391	-0.2516722214087732	Green x Mathys	Green	Mathys	225
Sst_2	neu	TLP005146	0.5989398728863256	-1.149200012299362	Green x Mathys	Green	Mathys	225
Sst_2	neu	TLP005147	-0.024203764187472387	0.8626506586274818	Green x Mathys	Green	Mathys	225
Sst_2	neu	TLP005149	0.5694449237060315	1.2718135038864267	Green x Mathys	Green	Mathys	225
Sst_2	neu	TLP005150	1.0824948771639757	-0.2981150149893006	Green x Mathys	Green	Mathys	225
Sst_2	neu	TLP005154	0.31952771956137926	-0.16728048433451814	Green x Mathys	Green	Mathys	225
Sst_2	neu	TLP005157	-1.2947163037230993	-1.0484773049330585	Green x Mathys	Green	Mathys	225
Sst_2	neu	TLP005159	0.4514640949058357	0.6308442241368946	Green x Mathys	Green	Mathys	225
Sst_2	neu	TLP005839	0.21744924275553412	0.5297834143468902	Green x Mathys	Green	Mathys	225
Sst_2	neu	TLP005854	-0.08426941118364972	-0.2597400097451601	Green x Mathys	Green	Mathys	225
Sst_2	neu	TLP005879	-0.17246529158757262	0.609198025044952	Green x Mathys	Green	Mathys	225
Sst_2	neu	TLP005891	0.6757947081499109	-0.22774383071803772	Green x Mathys	Green	Mathys	225
Sst_2	neu	TLP005918	0.2220192010889992	0.1976218614258709	Green x Mathys	Green	Mathys	225
Sst_2	neu	TLP005943	1.0857127968445495	0.8331538755330756	Green x Mathys	Green	Mathys	225
Sst_2	neu	TLP005946	0.1819569590363388	0.17470869372651698	Green x Mathys	Green	Mathys	225
Astro_6-SEAAD	glia	TLP004219	2.868913039553007	1.252313651070177	Green x Mathys	Green	Mathys	225
Astro_6-SEAAD	glia	TLP004220	1.9817192506883612	2.6526439709041445	Green x Mathys	Green	Mathys	225
Astro_6-SEAAD	glia	TLP004222	-2.569467843149055	-0.9733309547505957	Green x Mathys	Green	Mathys	225
Astro_6-SEAAD	glia	TLP004225	-1.7687370074777027	-1.1124762399038701	Green x Mathys	Green	Mathys	225
Astro_6-SEAAD	glia	TLP004226	-0.3451235718131569	-1.039973057043774	Green x Mathys	Green	Mathys	225
Astro_6-SEAAD	glia	TLP004231	-0.24534444873088113	2.2208499574101483	Green x Mathys	Green	Mathys	225
Astro_6-SEAAD	glia	TLP004232	-1.9340228792654734	-2.5258430882637866	Green x Mathys	Green	Mathys	225
Astro_6-SEAAD	glia	TLP004238	0.07391086424283966	0.5744062299892372	Green x Mathys	Green	Mathys	225
Astro_6-SEAAD	glia	TLP004244	-0.8220910942658186	-1.1587372336988722	Green x Mathys	Green	Mathys	225
Astro_6-SEAAD	glia	TLP004247	-1.0475505229358992	-1.127919262204074	Green x Mathys	Green	Mathys	225
Astro_6-SEAAD	glia	TLP004250	2.06277549584379	2.3995567209230746	Green x Mathys	Green	Mathys	225
Astro_6-SEAAD	glia	TLP004251	-0.6734572250188515	-2.381041875308557	Green x Mathys	Green	Mathys	225
Astro_6-SEAAD	glia	TLP004257	1.2140583445436204	1.4036818120121382	Green x Mathys	Green	Mathys	225
Astro_6-SEAAD	glia	TLP004266	-0.73892869330317	-1.4964962347229962	Green x Mathys	Green	Mathys	225
Astro_6-SEAAD	glia	TLP004271	-0.9734111765688063	-0.4840584719444072	Green x Mathys	Green	Mathys	225
Astro_6-SEAAD	glia	TLP004278	0.033372793105811205	-0.6587334472077337	Green x Mathys	Green	Mathys	225
Astro_6-SEAAD	glia	TLP004279	-3.075368993215432	1.0099431178251326	Green x Mathys	Green	Mathys	225
Astro_6-SEAAD	glia	TLP004280	-2.2841048209594472	-1.735866281349936	Green x Mathys	Green	Mathys	225
Astro_6-SEAAD	glia	TLP004281	-2.2327213078844634	-1.4090080304264037	Green x Mathys	Green	Mathys	225
Astro_6-SEAAD	glia	TLP004284	-1.5165557785552357	-2.6674681115325143	Green x Mathys	Green	Mathys	225
Astro_6-SEAAD	glia	TLP004309	-2.175179326002513	-1.1104050905018514	Green x Mathys	Green	Mathys	225
Astro_6-SEAAD	glia	TLP004311	0.5727738379980538	0.321242271972106	Green x Mathys	Green	Mathys	225
Astro_6-SEAAD	glia	TLP004313	-1.9132475421172934	-0.9646600353785608	Green x Mathys	Green	Mathys	225
Astro_6-SEAAD	glia	TLP004316	-2.4590946382555634	-0.4243015187278525	Green x Mathys	Green	Mathys	225
Astro_6-SEAAD	glia	TLP004322	-1.7075779743911683	-1.9108243836405894	Green x Mathys	Green	Mathys	225
Astro_6-SEAAD	glia	TLP004325	-2.5264520015439835	-1.0118508869789293	Green x Mathys	Green	Mathys	225
Astro_6-SEAAD	glia	TLP004328	0.058232264827247526	0.22556936925107074	Green x Mathys	Green	Mathys	225
Astro_6-SEAAD	glia	TLP004432	1.7526023138832585	1.1697098685623564	Green x Mathys	Green	Mathys	225
Astro_6-SEAAD	glia	TLP004435	0.6504365355580335	-1.276150024030379	Green x Mathys	Green	Mathys	225
Astro_6-SEAAD	glia	TLP004441	0.6709420378998336	2.500361731924617	Green x Mathys	Green	Mathys	225
Astro_6-SEAAD	glia	TLP004442	3.5416777751021202	2.545350310432491	Green x Mathys	Green	Mathys	225
Astro_6-SEAAD	glia	TLP004444	0.1431938955691141	0.41286264709213594	Green x Mathys	Green	Mathys	225
Astro_6-SEAAD	glia	TLP004456	-2.1498450456353373	-1.701442249991266	Green x Mathys	Green	Mathys	225
Astro_6-SEAAD	glia	TLP004458	-2.4240999170305955	-2.1133563792155545	Green x Mathys	Green	Mathys	225
Astro_6-SEAAD	glia	TLP004459	-2.663244048379884	-1.7500728127716005	Green x Mathys	Green	Mathys	225
Astro_6-SEAAD	glia	TLP004463	3.824034149253322	3.8205737190325353	Green x Mathys	Green	Mathys	225
Astro_6-SEAAD	glia	TLP004470	-2.100360940124781	-1.4963290335798147	Green x Mathys	Green	Mathys	225
Astro_6-SEAAD	glia	TLP004471	-0.7923079219209805	-1.733928081778667	Green x Mathys	Green	Mathys	225
Astro_6-SEAAD	glia	TLP004490	-1.8047811682606518	1.9674579825731908	Green x Mathys	Green	Mathys	225
Astro_6-SEAAD	glia	TLP004493	0.7783131885222332	1.3783119970345705	Green x Mathys	Green	Mathys	225
Astro_6-SEAAD	glia	TLP004500	0.24994821552331192	-1.363683548547562	Green x Mathys	Green	Mathys	225
Astro_6-SEAAD	glia	TLP004508	-2.450437606805897	-2.541776841434779	Green x Mathys	Green	Mathys	225
Astro_6-SEAAD	glia	TLP004510	-2.29839644304385	-2.3631153417969584	Green x Mathys	Green	Mathys	225
Astro_6-SEAAD	glia	TLP004521	-1.2780421081797195	-1.3864522263458365	Green x Mathys	Green	Mathys	225
Astro_6-SEAAD	glia	TLP004524	1.4899684762066725	1.1558987944711836	Green x Mathys	Green	Mathys	225
Astro_6-SEAAD	glia	TLP004525	-0.299609564814463	-0.39540784403786855	Green x Mathys	Green	Mathys	225
Astro_6-SEAAD	glia	TLP004533	-2.4887269551603985	-2.240376310036048	Green x Mathys	Green	Mathys	225
Astro_6-SEAAD	glia	TLP004534	-1.881620599299163	-0.8740824948349983	Green x Mathys	Green	Mathys	225
Astro_6-SEAAD	glia	TLP004535	0.3768491848512543	-0.22338068864356941	Green x Mathys	Green	Mathys	225
Astro_6-SEAAD	glia	TLP004538	-2.24702326344907	-0.2525765115104708	Green x Mathys	Green	Mathys	225
Astro_6-SEAAD	glia	TLP004543	-1.2846299166587825	-1.8822605281262472	Green x Mathys	Green	Mathys	225
Astro_6-SEAAD	glia	TLP004544	-0.4136858717928744	-1.366292260880229	Green x Mathys	Green	Mathys	225
Astro_6-SEAAD	glia	TLP004550	-0.4813830978970941	-1.3065820462524478	Green x Mathys	Green	Mathys	225
Astro_6-SEAAD	glia	TLP004551	-0.2839213291486389	0.9652064949379007	Green x Mathys	Green	Mathys	225
Astro_6-SEAAD	glia	TLP004553	-1.712356800512853	-2.1911961600120984	Green x Mathys	Green	Mathys	225
Astro_6-SEAAD	glia	TLP004557	0.5855184655057135	0.46816176697444156	Green x Mathys	Green	Mathys	225
Astro_6-SEAAD	glia	TLP004560	-0.08724529960949567	-0.013377462294944742	Green x Mathys	Green	Mathys	225
Astro_6-SEAAD	glia	TLP004563	-0.8040739635204766	0.1816909404310998	Green x Mathys	Green	Mathys	225
Astro_6-SEAAD	glia	TLP004564	-1.6770885182728774	-2.604655202370396	Green x Mathys	Green	Mathys	225
Astro_6-SEAAD	glia	TLP004565	-0.8514805498747169	-1.4326815219878295	Green x Mathys	Green	Mathys	225
Astro_6-SEAAD	glia	TLP004566	-1.3173709043918578	-0.8477112750844631	Green x Mathys	Green	Mathys	225
Astro_6-SEAAD	glia	TLP004568	-0.512283898754192	-1.5772102344073549	Green x Mathys	Green	Mathys	225
Astro_6-SEAAD	glia	TLP004571	-1.9074545047878608	-1.7979387790847028	Green x Mathys	Green	Mathys	225
Astro_6-SEAAD	glia	TLP004575	-1.8286316857688325	-2.593652113989955	Green x Mathys	Green	Mathys	225
Astro_6-SEAAD	glia	TLP004577	-1.7156682247271	-1.6022485244302214	Green x Mathys	Green	Mathys	225
Astro_6-SEAAD	glia	TLP004581	0.23486929220851405	2.0476952308208345	Green x Mathys	Green	Mathys	225
Astro_6-SEAAD	glia	TLP004582	-0.050654332613338404	-0.294505782806465	Green x Mathys	Green	Mathys	225
Astro_6-SEAAD	glia	TLP004586	-2.4577977789609724	-2.6933338003620486	Green x Mathys	Green	Mathys	225
Astro_6-SEAAD	glia	TLP004595	-2.2170998415234333	-1.3048504852199914	Green x Mathys	Green	Mathys	225
Astro_6-SEAAD	glia	TLP004599	-1.1643467032841297	-1.1894526317215082	Green x Mathys	Green	Mathys	225
Astro_6-SEAAD	glia	TLP004606	1.8833594025430527	2.508520819768142	Green x Mathys	Green	Mathys	225
Astro_6-SEAAD	glia	TLP004608	0.43559532680878554	-0.20286345749237533	Green x Mathys	Green	Mathys	225
Astro_6-SEAAD	glia	TLP004616	-1.5899048917853413	-1.79429742763085	Green x Mathys	Green	Mathys	225
Astro_6-SEAAD	glia	TLP004619	-2.180751462911757	-2.545576762521578	Green x Mathys	Green	Mathys	225
Astro_6-SEAAD	glia	TLP004622	-1.0668252221573304	-1.5976477305051517	Green x Mathys	Green	Mathys	225
Astro_6-SEAAD	glia	TLP004623	-1.3877873255570758	-1.2969514108110873	Green x Mathys	Green	Mathys	225
Astro_6-SEAAD	glia	TLP004626	2.5061546015009832	2.495854834793205	Green x Mathys	Green	Mathys	225
Astro_6-SEAAD	glia	TLP004627	-1.5060187395370992	-1.3350102790477427	Green x Mathys	Green	Mathys	225
Astro_6-SEAAD	glia	TLP004629	-1.6579341815686153	-1.3824222980715017	Green x Mathys	Green	Mathys	225
Astro_6-SEAAD	glia	TLP004631	-1.8368301255253439	-2.249858516536084	Green x Mathys	Green	Mathys	225
Astro_6-SEAAD	glia	TLP004634	-0.3878856011377394	-0.4213519633237812	Green x Mathys	Green	Mathys	225
Astro_6-SEAAD	glia	TLP004638	-2.256144270381114	-1.1757593583780812	Green x Mathys	Green	Mathys	225
Astro_6-SEAAD	glia	TLP004639	-2.7142671336882227	-2.3853046723127633	Green x Mathys	Green	Mathys	225
Astro_6-SEAAD	glia	TLP004643	-1.796213602898436	-1.8720503712711212	Green x Mathys	Green	Mathys	225
Astro_6-SEAAD	glia	TLP004645	-2.136325334945809	-2.4923814588347204	Green x Mathys	Green	Mathys	225
Astro_6-SEAAD	glia	TLP004646	-1.5232860137523865	-0.5737634953137665	Green x Mathys	Green	Mathys	225
Astro_6-SEAAD	glia	TLP004647	-0.5274610632260943	-0.15948083170943317	Green x Mathys	Green	Mathys	225
Astro_6-SEAAD	glia	TLP004653	-1.3339435000745734	-2.371766213503329	Green x Mathys	Green	Mathys	225
Astro_6-SEAAD	glia	TLP004654	2.229899273741924	2.877334034112751	Green x Mathys	Green	Mathys	225
Astro_6-SEAAD	glia	TLP004657	-2.4948094094111486	-2.561565212797821	Green x Mathys	Green	Mathys	225
Astro_6-SEAAD	glia	TLP004658	0.8525517976565666	0.3843451752780602	Green x Mathys	Green	Mathys	225
Astro_6-SEAAD	glia	TLP004660	1.0243662811356362	2.8247259419635204	Green x Mathys	Green	Mathys	225
Astro_6-SEAAD	glia	TLP004661	-1.8220314694670678	-0.9529495526415683	Green x Mathys	Green	Mathys	225
Astro_6-SEAAD	glia	TLP004666	2.5184076526414	3.0511629835998293	Green x Mathys	Green	Mathys	225
Astro_6-SEAAD	glia	TLP004668	-1.094263223773381	-0.7104776896771368	Green x Mathys	Green	Mathys	225
Astro_6-SEAAD	glia	TLP004669	0.3832298305534909	1.9153946122161027	Green x Mathys	Green	Mathys	225
Astro_6-SEAAD	glia	TLP004671	3.3419626362399506	2.7309180790719676	Green x Mathys	Green	Mathys	225
Astro_6-SEAAD	glia	TLP004672	-1.5920758227727223	-1.3432000462921092	Green x Mathys	Green	Mathys	225
Astro_6-SEAAD	glia	TLP004674	-2.8221199065882514	-1.280627849816974	Green x Mathys	Green	Mathys	225
Astro_6-SEAAD	glia	TLP004676	0.20463922553701597	0.6260197829325076	Green x Mathys	Green	Mathys	225
Astro_6-SEAAD	glia	TLP004682	-2.70785897140044	-1.261537392231781	Green x Mathys	Green	Mathys	225
Astro_6-SEAAD	glia	TLP004685	-0.7393892334120089	-1.1828590856582109	Green x Mathys	Green	Mathys	225
Astro_6-SEAAD	glia	TLP004686	2.5623977276092615	-2.4232374310602856	Green x Mathys	Green	Mathys	225
Astro_6-SEAAD	glia	TLP004689	-2.6316166967320314	-1.0856834640823028	Green x Mathys	Green	Mathys	225
Astro_6-SEAAD	glia	TLP004690	-0.6666744732777872	0.6449947415961335	Green x Mathys	Green	Mathys	225
Astro_6-SEAAD	glia	TLP004693	-2.5048274602246616	-0.43071630496861957	Green x Mathys	Green	Mathys	225
Astro_6-SEAAD	glia	TLP004703	-1.655457397171853	0.39419687411836435	Green x Mathys	Green	Mathys	225
Astro_6-SEAAD	glia	TLP004706	-2.3167055601209867	-2.14724778373978	Green x Mathys	Green	Mathys	225
Astro_6-SEAAD	glia	TLP004710	0.8166117269675839	0.6294843350589812	Green x Mathys	Green	Mathys	225
Astro_6-SEAAD	glia	TLP004716	-2.6691917869501003	-2.357188073431872	Green x Mathys	Green	Mathys	225
Astro_6-SEAAD	glia	TLP004717	0.10144076323650975	1.2854503588190491	Green x Mathys	Green	Mathys	225
Astro_6-SEAAD	glia	TLP004729	-1.5734549770616164	-2.169924303932671	Green x Mathys	Green	Mathys	225
Astro_6-SEAAD	glia	TLP004734	-1.4345013803301265	-2.240420898710491	Green x Mathys	Green	Mathys	225
Astro_6-SEAAD	glia	TLP004738	1.145980235551252	0.44300170900317504	Green x Mathys	Green	Mathys	225
Astro_6-SEAAD	glia	TLP004742	-0.22154609542552794	-1.3161699069543724	Green x Mathys	Green	Mathys	225
Astro_6-SEAAD	glia	TLP004744	-0.5870407971258391	-0.057479925444075874	Green x Mathys	Green	Mathys	225
Astro_6-SEAAD	glia	TLP004751	-2.2314701030651616	-1.2743128724233026	Green x Mathys	Green	Mathys	225
Astro_6-SEAAD	glia	TLP004755	-1.2084759193887873	-1.2089814207254603	Green x Mathys	Green	Mathys	225
Astro_6-SEAAD	glia	TLP004756	1.7521882907604804	-0.3076506302708806	Green x Mathys	Green	Mathys	225
Astro_6-SEAAD	glia	TLP004759	-3.090149755378068	-1.3788618041786576	Green x Mathys	Green	Mathys	225
Astro_6-SEAAD	glia	TLP004760	-1.4722129523293885	-0.560393438336737	Green x Mathys	Green	Mathys	225
Astro_6-SEAAD	glia	TLP004763	-2.3615395905665117	-1.3926000242846461	Green x Mathys	Green	Mathys	225
Astro_6-SEAAD	glia	TLP004771	-2.0115857271722613	-1.2141168407365068	Green x Mathys	Green	Mathys	225
Astro_6-SEAAD	glia	TLP004777	-1.1818203888009506	-2.754419516922569	Green x Mathys	Green	Mathys	225
Astro_6-SEAAD	glia	TLP004782	-1.3839925279566803	-1.04716652418516	Green x Mathys	Green	Mathys	225
Astro_6-SEAAD	glia	TLP004784	-1.8563971678417426	-0.6180473743808257	Green x Mathys	Green	Mathys	225
Astro_6-SEAAD	glia	TLP004785	-0.5855539651203951	-2.3188043504849842	Green x Mathys	Green	Mathys	225
Astro_6-SEAAD	glia	TLP004786	-0.7461511368988916	-0.22865893902875278	Green x Mathys	Green	Mathys	225
Astro_6-SEAAD	glia	TLP004788	-2.04978434922966	-1.8507492518720658	Green x Mathys	Green	Mathys	225
Astro_6-SEAAD	glia	TLP004793	1.6092062900024908	2.6492253999041115	Green x Mathys	Green	Mathys	225
Astro_6-SEAAD	glia	TLP004796	1.8943741103035276	2.868197234865364	Green x Mathys	Green	Mathys	225
Astro_6-SEAAD	glia	TLP004801	2.6747907402496955	3.0079741254448247	Green x Mathys	Green	Mathys	225
Astro_6-SEAAD	glia	TLP004805	-1.2473040712191752	-1.0332331245867072	Green x Mathys	Green	Mathys	225
Astro_6-SEAAD	glia	TLP004811	-1.9482620144046026	-1.0553765539217919	Green x Mathys	Green	Mathys	225
Astro_6-SEAAD	glia	TLP004813	-0.9937353538027711	-0.6126098037691108	Green x Mathys	Green	Mathys	225
Astro_6-SEAAD	glia	TLP004814	-2.3458785069240697	0.17153320326457067	Green x Mathys	Green	Mathys	225
Astro_6-SEAAD	glia	TLP004816	-0.027166944953231464	2.06312073751604	Green x Mathys	Green	Mathys	225
Astro_6-SEAAD	glia	TLP004825	-1.5629377982396448	-1.944074752769282	Green x Mathys	Green	Mathys	225
Astro_6-SEAAD	glia	TLP004828	-2.3355116352077516	-1.280089721088002	Green x Mathys	Green	Mathys	225
Astro_6-SEAAD	glia	TLP004832	-2.2876649437542786	-2.139979251842111	Green x Mathys	Green	Mathys	225
Astro_6-SEAAD	glia	TLP004837	-2.336424706932437	-1.431364043205141	Green x Mathys	Green	Mathys	225
Astro_6-SEAAD	glia	TLP004844	-1.4332965692524633	-1.3717169380477223	Green x Mathys	Green	Mathys	225
Astro_6-SEAAD	glia	TLP004845	-2.1790162179784858	-2.1900260490963834	Green x Mathys	Green	Mathys	225
Astro_6-SEAAD	glia	TLP004850	-0.07847230633343694	1.0787821633953896	Green x Mathys	Green	Mathys	225
Astro_6-SEAAD	glia	TLP004851	-0.5078852017150055	-2.8313244453768593	Green x Mathys	Green	Mathys	225
Astro_6-SEAAD	glia	TLP004853	-2.2485717376777776	0.7805426872230647	Green x Mathys	Green	Mathys	225
Astro_6-SEAAD	glia	TLP004856	-2.65173120216813	-2.7172132224830285	Green x Mathys	Green	Mathys	225
Astro_6-SEAAD	glia	TLP004857	-1.5077549215113049	-2.6451279323730237	Green x Mathys	Green	Mathys	225
Astro_6-SEAAD	glia	TLP004860	-1.6676680786319977	-2.4290689154311185	Green x Mathys	Green	Mathys	225
Astro_6-SEAAD	glia	TLP004861	1.8046114293282831	0.3412686196040813	Green x Mathys	Green	Mathys	225
Astro_6-SEAAD	glia	TLP004862	-1.1910611770702708	-2.5502690090362243	Green x Mathys	Green	Mathys	225
Astro_6-SEAAD	glia	TLP004864	-2.2951846850654345	-1.0942633741236794	Green x Mathys	Green	Mathys	225
Astro_6-SEAAD	glia	TLP004865	-2.468509996333423	-2.3967939725452654	Green x Mathys	Green	Mathys	225
Astro_6-SEAAD	glia	TLP004866	-1.9335122040473856	-1.9962607363253806	Green x Mathys	Green	Mathys	225
Astro_6-SEAAD	glia	TLP004867	1.8928398940958457	0.964320585716516	Green x Mathys	Green	Mathys	225
Astro_6-SEAAD	glia	TLP004872	-1.894800189271841	-1.7887202312227055	Green x Mathys	Green	Mathys	225
Astro_6-SEAAD	glia	TLP004879	0.2453639263213443	-0.6546834636200396	Green x Mathys	Green	Mathys	225
Astro_6-SEAAD	glia	TLP004882	-2.4347436137449607	-2.5920771166479097	Green x Mathys	Green	Mathys	225
Astro_6-SEAAD	glia	TLP004887	-1.66647444904644	-1.3126551232278194	Green x Mathys	Green	Mathys	225
Astro_6-SEAAD	glia	TLP004889	-0.5289548054360251	-1.081826182186398	Green x Mathys	Green	Mathys	225
Astro_6-SEAAD	glia	TLP004896	2.171186181985618	-1.2672122015419358	Green x Mathys	Green	Mathys	225
Astro_6-SEAAD	glia	TLP004898	-1.6469569139901976	-1.236987340528498	Green x Mathys	Green	Mathys	225
Astro_6-SEAAD	glia	TLP004901	2.5059795398132225	2.939221879071107	Green x Mathys	Green	Mathys	225
Astro_6-SEAAD	glia	TLP004902	-0.14744650473014875	0.7382903455247583	Green x Mathys	Green	Mathys	225
Astro_6-SEAAD	glia	TLP004908	-0.4891056418637767	-0.2097549248053836	Green x Mathys	Green	Mathys	225
Astro_6-SEAAD	glia	TLP004914	-0.29399247974120435	1.5242829095415678	Green x Mathys	Green	Mathys	225
Astro_6-SEAAD	glia	TLP004916	-2.496169079468798	-2.2801917384830066	Green x Mathys	Green	Mathys	225
Astro_6-SEAAD	glia	TLP004920	-2.571017954344212	-2.3352247482508277	Green x Mathys	Green	Mathys	225
Astro_6-SEAAD	glia	TLP004923	-2.3723510095431752	-2.468743755380033	Green x Mathys	Green	Mathys	225
Astro_6-SEAAD	glia	TLP004928	-0.3324257392969665	-1.1379576147165666	Green x Mathys	Green	Mathys	225
Astro_6-SEAAD	glia	TLP004933	-2.669328817381307	-2.213456380500266	Green x Mathys	Green	Mathys	225
Astro_6-SEAAD	glia	TLP004934	-1.5897972474670716	-0.9143743662688024	Green x Mathys	Green	Mathys	225
Astro_6-SEAAD	glia	TLP004935	0.03659122581852614	-0.04854466497804566	Green x Mathys	Green	Mathys	225
Astro_6-SEAAD	glia	TLP004937	-0.3113165495194581	1.6296725859810453	Green x Mathys	Green	Mathys	225
Astro_6-SEAAD	glia	TLP004938	1.0112715167552118	2.3129301397935347	Green x Mathys	Green	Mathys	225
Astro_6-SEAAD	glia	TLP004940	-0.8813002637593259	-2.1310162334457514	Green x Mathys	Green	Mathys	225
Astro_6-SEAAD	glia	TLP004941	-2.9022515782038356	-1.1201779273853925	Green x Mathys	Green	Mathys	225
Astro_6-SEAAD	glia	TLP004942	-2.207255542890346	-2.404192792823836	Green x Mathys	Green	Mathys	225
Astro_6-SEAAD	glia	TLP004943	-2.065601041803715	-0.8097522943655893	Green x Mathys	Green	Mathys	225
Astro_6-SEAAD	glia	TLP004946	-2.930864057695808	-0.4964382408542045	Green x Mathys	Green	Mathys	225
Astro_6-SEAAD	glia	TLP004947	2.885577882239729	2.166012491318875	Green x Mathys	Green	Mathys	225
Astro_6-SEAAD	glia	TLP004984	-2.916263715850839	-3.2511683779382556	Green x Mathys	Green	Mathys	225
Astro_6-SEAAD	glia	TLP004995	-2.194817571866033	-0.9750732343028643	Green x Mathys	Green	Mathys	225
Astro_6-SEAAD	glia	TLP004996	-2.6331099438739702	-1.037695972298927	Green x Mathys	Green	Mathys	225
Astro_6-SEAAD	glia	TLP005002	-2.0711689653827836	-1.2766920846061591	Green x Mathys	Green	Mathys	225
Astro_6-SEAAD	glia	TLP005005	-2.567527891330214	-2.482898985212098	Green x Mathys	Green	Mathys	225
Astro_6-SEAAD	glia	TLP005006	-1.9937589055516893	-0.6150609546982793	Green x Mathys	Green	Mathys	225
Astro_6-SEAAD	glia	TLP005013	-1.512097147270386	-1.834373974140238	Green x Mathys	Green	Mathys	225
Astro_6-SEAAD	glia	TLP005014	-1.4012391721493076	0.3682168436728821	Green x Mathys	Green	Mathys	225
Astro_6-SEAAD	glia	TLP005020	-1.875489668014958	-0.5048328476317492	Green x Mathys	Green	Mathys	225
Astro_6-SEAAD	glia	TLP005021	-2.422221590249398	-1.0696193411730617	Green x Mathys	Green	Mathys	225
Astro_6-SEAAD	glia	TLP005025	-0.5171921615315203	-1.9667846363270662	Green x Mathys	Green	Mathys	225
Astro_6-SEAAD	glia	TLP005035	-2.5119497127326955	-0.4773419913203112	Green x Mathys	Green	Mathys	225
Astro_6-SEAAD	glia	TLP005036	-0.28881643098431464	-2.49235161163329	Green x Mathys	Green	Mathys	225
Astro_6-SEAAD	glia	TLP005038	-2.4991750150196994	-2.304119904092473	Green x Mathys	Green	Mathys	225
Astro_6-SEAAD	glia	TLP005040	-2.3733038376253823	-1.5993278863374387	Green x Mathys	Green	Mathys	225
Astro_6-SEAAD	glia	TLP005043	-0.17983925991853766	-3.1195016636416035	Green x Mathys	Green	Mathys	225
Astro_6-SEAAD	glia	TLP005046	-0.7876483706597233	-1.345444400615813	Green x Mathys	Green	Mathys	225
Astro_6-SEAAD	glia	TLP005047	2.0063220010575264	2.063761230608721	Green x Mathys	Green	Mathys	225
Astro_6-SEAAD	glia	TLP005057	-2.1541557489566365	-2.2213672941033806	Green x Mathys	Green	Mathys	225
Astro_6-SEAAD	glia	TLP005060	-1.164419485372946	1.4334673220754688	Green x Mathys	Green	Mathys	225
Astro_6-SEAAD	glia	TLP005064	-0.7596254685631836	-0.9318650405255111	Green x Mathys	Green	Mathys	225
Astro_6-SEAAD	glia	TLP005065	-1.847755702122468	-0.9967363208703031	Green x Mathys	Green	Mathys	225
Astro_6-SEAAD	glia	TLP005068	0.17060515113807018	0.9289563006490393	Green x Mathys	Green	Mathys	225
Astro_6-SEAAD	glia	TLP005087	-1.8003581399292248	-0.27416370352332464	Green x Mathys	Green	Mathys	225
Astro_6-SEAAD	glia	TLP005089	-1.3261756922693557	-1.0372062216001368	Green x Mathys	Green	Mathys	225
Astro_6-SEAAD	glia	TLP005096	-2.0990332218343344	-1.439016633265739	Green x Mathys	Green	Mathys	225
Astro_6-SEAAD	glia	TLP005110	-1.6022597316105562	-0.6663382432316283	Green x Mathys	Green	Mathys	225
Astro_6-SEAAD	glia	TLP005111	-0.5378064662166606	-1.3475840165847641	Green x Mathys	Green	Mathys	225
Astro_6-SEAAD	glia	TLP005118	-1.2552070392348451	-1.2672812687790715	Green x Mathys	Green	Mathys	225
Astro_6-SEAAD	glia	TLP005121	3.1071829551862566	2.5368464027376687	Green x Mathys	Green	Mathys	225
Astro_6-SEAAD	glia	TLP005135	-1.7169551768767795	-1.4662073459219815	Green x Mathys	Green	Mathys	225
Astro_6-SEAAD	glia	TLP005143	-2.1114461408711156	-1.5712751619280203	Green x Mathys	Green	Mathys	225
Astro_6-SEAAD	glia	TLP005146	-0.2557485727023705	-1.144120909024874	Green x Mathys	Green	Mathys	225
Astro_6-SEAAD	glia	TLP005147	-0.9755839517321192	-1.0467053304363771	Green x Mathys	Green	Mathys	225
Astro_6-SEAAD	glia	TLP005149	-2.346368608613645	-0.9473520973547345	Green x Mathys	Green	Mathys	225
Astro_6-SEAAD	glia	TLP005150	-0.08332118661609567	0.3219167644589058	Green x Mathys	Green	Mathys	225
Astro_6-SEAAD	glia	TLP005154	0.6560858400848195	-0.31425215452608946	Green x Mathys	Green	Mathys	225
Astro_6-SEAAD	glia	TLP005157	-2.8521226755141464	-2.5501088216524046	Green x Mathys	Green	Mathys	225
Astro_6-SEAAD	glia	TLP005159	1.9145345573701031	2.576863379467618	Green x Mathys	Green	Mathys	225
Astro_6-SEAAD	glia	TLP005839	3.903146885150443	2.946646264516925	Green x Mathys	Green	Mathys	225
Astro_6-SEAAD	glia	TLP005854	-0.8767823967501958	-2.1654312955375694	Green x Mathys	Green	Mathys	225
Astro_6-SEAAD	glia	TLP005879	1.6416197861158301	2.1553232493976306	Green x Mathys	Green	Mathys	225
Astro_6-SEAAD	glia	TLP005891	-2.1753048300761613	-1.107116756401231	Green x Mathys	Green	Mathys	225
Astro_6-SEAAD	glia	TLP005918	-1.1744439443052785	-3.0974602722990072	Green x Mathys	Green	Mathys	225
Astro_6-SEAAD	glia	TLP005943	-2.8857482436346134	-1.4963028858159326	Green x Mathys	Green	Mathys	225
Astro_6-SEAAD	glia	TLP005946	3.519988148356024	2.2780823036757285	Green x Mathys	Green	Mathys	225
OPC_2_2-SEAAD	glia	TLP004219	1.8890842868748643	1.5887858876913903	Green x Mathys	Green	Mathys	225
OPC_2_2-SEAAD	glia	TLP004220	1.60112220915821	1.757528236166448	Green x Mathys	Green	Mathys	225
OPC_2_2-SEAAD	glia	TLP004222	-0.37224326581283584	1.9711080244158445	Green x Mathys	Green	Mathys	225
OPC_2_2-SEAAD	glia	TLP004225	-0.6701247188095927	-0.013863951235760119	Green x Mathys	Green	Mathys	225
OPC_2_2-SEAAD	glia	TLP004226	-0.8559491955791474	0.3814126238873863	Green x Mathys	Green	Mathys	225
OPC_2_2-SEAAD	glia	TLP004231	0.2654811750351094	3.074770358557845	Green x Mathys	Green	Mathys	225
OPC_2_2-SEAAD	glia	TLP004232	-0.8354105905973643	0.03910626919774973	Green x Mathys	Green	Mathys	225
OPC_2_2-SEAAD	glia	TLP004238	0.6848199465658125	1.5960574775212186	Green x Mathys	Green	Mathys	225
OPC_2_2-SEAAD	glia	TLP004244	-0.8220910942658186	-0.060124945030763044	Green x Mathys	Green	Mathys	225
OPC_2_2-SEAAD	glia	TLP004247	-0.7110782863146863	-1.127919262204074	Green x Mathys	Green	Mathys	225
OPC_2_2-SEAAD	glia	TLP004250	2.420190906310246	3.0583791589419453	Green x Mathys	Green	Mathys	225
OPC_2_2-SEAAD	glia	TLP004251	-0.3369849883976386	1.2825197708210894	Green x Mathys	Green	Mathys	225
OPC_2_2-SEAAD	glia	TLP004257	1.9399953479265566	1.614990905679345	Green x Mathys	Green	Mathys	225
OPC_2_2-SEAAD	glia	TLP004266	0.21658275172426666	0.44941391433231725	Green x Mathys	Green	Mathys	225
OPC_2_2-SEAAD	glia	TLP004271	-0.1849538162045361	-0.23274404366350154	Green x Mathys	Green	Mathys	225
OPC_2_2-SEAAD	glia	TLP004278	-0.418612330637246	0.12972391315653642	Green x Mathys	Green	Mathys	225
OPC_2_2-SEAAD	glia	TLP004279	-0.677473720417062	1.0099431178251326	Green x Mathys	Green	Mathys	225
OPC_2_2-SEAAD	glia	TLP004280	0.4239453801427633	0.6620289914484347	Green x Mathys	Green	Mathys	225
OPC_2_2-SEAAD	glia	TLP004281	-0.28681115882915	0.20042988200769685	Green x Mathys	Green	Mathys	225
OPC_2_2-SEAAD	glia	TLP004284	-0.4179434898871257	0.040582089569695334	Green x Mathys	Green	Mathys	225
OPC_2_2-SEAAD	glia	TLP004309	-0.2292691769471995	-1.1104050905018514	Green x Mathys	Green	Mathys	225
OPC_2_2-SEAAD	glia	TLP004311	1.1918130464042775	2.030763642963189	Green x Mathys	Green	Mathys	225
OPC_2_2-SEAAD	glia	TLP004313	-0.3038096296831929	0.13395225328954918	Green x Mathys	Green	Mathys	225
OPC_2_2-SEAAD	glia	TLP004316	-0.5131844892002508	0.4630016762730502	Green x Mathys	Green	Mathys	225
OPC_2_2-SEAAD	glia	TLP004322	-0.6089656857230592	0.4870708891577813	Green x Mathys	Green	Mathys	225
OPC_2_2-SEAAD	glia	TLP004325	0.7693848644603447	1.5004547369971855	Green x Mathys	Green	Mathys	225
OPC_2_2-SEAAD	glia	TLP004328	0.058232264827247526	0.30895097819012207	Green x Mathys	Green	Mathys	225
OPC_2_2-SEAAD	glia	TLP004432	1.0918904090764672	1.6090765283462019	Green x Mathys	Green	Mathys	225
OPC_2_2-SEAAD	glia	TLP004435	0.32766314329498236	-0.1775377353622689	Green x Mathys	Green	Mathys	225
OPC_2_2-SEAAD	glia	TLP004441	-0.32758679221129317	2.2356691776975346	Green x Mathys	Green	Mathys	225
OPC_2_2-SEAAD	glia	TLP004442	3.0504257299760877	3.384724199088803	Green x Mathys	Green	Mathys	225
OPC_2_2-SEAAD	glia	TLP004444	-0.22453088455620396	1.048851413812133	Green x Mathys	Green	Mathys	225
OPC_2_2-SEAAD	glia	TLP004456	0.04737953170088183	0.8108633739848488	Green x Mathys	Green	Mathys	225
OPC_2_2-SEAAD	glia	TLP004458	-0.22687533969437634	0.28453889358281703	Green x Mathys	Green	Mathys	225
OPC_2_2-SEAAD	glia	TLP004459	0.044806152722326686	1.0831405312846156	Green x Mathys	Green	Mathys	225
OPC_2_2-SEAAD	glia	TLP004463	3.2374625513293713	3.991292825207026	Green x Mathys	Green	Mathys	225
OPC_2_2-SEAAD	glia	TLP004470	0.29753433267358886	-0.19704604944955406	Green x Mathys	Green	Mathys	225
OPC_2_2-SEAAD	glia	TLP004471	-0.4558356852997676	0.9741221193235434	Green x Mathys	Green	Mathys	225
OPC_2_2-SEAAD	glia	TLP004490	1.0284321757955643	1.5668354989408146	Green x Mathys	Green	Mathys	225
OPC_2_2-SEAAD	glia	TLP004493	1.3873772518716372	2.90136529526985	Green x Mathys	Green	Mathys	225
OPC_2_2-SEAAD	glia	TLP004500	0.08960556544813247	1.0342117242508087	Green x Mathys	Green	Mathys	225
OPC_2_2-SEAAD	glia	TLP004508	0.11451175065563923	0.5937173744943696	Green x Mathys	Green	Mathys	225
OPC_2_2-SEAAD	glia	TLP004510	-1.19978415437574	0.5813236373694828	Green x Mathys	Green	Mathys	225
OPC_2_2-SEAAD	glia	TLP004521	0.18829496061370765	-0.28783993767772653	Green x Mathys	Green	Mathys	225
OPC_2_2-SEAAD	glia	TLP004524	0.3913561875385625	1.3841574464521638	Green x Mathys	Green	Mathys	225
OPC_2_2-SEAAD	glia	TLP004525	-0.13255548015129648	0.8413547831110577	Green x Mathys	Green	Mathys	225
OPC_2_2-SEAAD	glia	TLP004533	-0.8792890427262972	0.7040626691303924	Green x Mathys	Green	Mathys	225
OPC_2_2-SEAAD	glia	TLP004534	-0.27218268686506253	-0.8740824948349983	Green x Mathys	Green	Mathys	225
OPC_2_2-SEAAD	glia	TLP004535	0.7445739649765715	0.32316301772450107	Green x Mathys	Green	Mathys	225
OPC_2_2-SEAAD	glia	TLP004538	-0.0497986861128501	-0.001262083229564226	Green x Mathys	Green	Mathys	225
OPC_2_2-SEAAD	glia	TLP004543	-0.437332056271579	-0.2728226156921467	Green x Mathys	Green	Mathys	225
OPC_2_2-SEAAD	glia	TLP004544	-0.7814106519181916	-0.5778349005159589	Green x Mathys	Green	Mathys	225
OPC_2_2-SEAAD	glia	TLP004550	-0.4813830978970941	1.205723577723667	Green x Mathys	Green	Mathys	225
OPC_2_2-SEAAD	glia	TLP004551	-0.2839213291486389	1.53727574394461	Green x Mathys	Green	Mathys	225
OPC_2_2-SEAAD	glia	TLP004553	0.9956934005893574	1.2427910444730488	Green x Mathys	Green	Mathys	225
OPC_2_2-SEAAD	glia	TLP004557	0.19985598469372867	0.9477348472363278	Green x Mathys	Green	Mathys	225
OPC_2_2-SEAAD	glia	TLP004560	0.6748947524374014	0.3230947743262682	Green x Mathys	Green	Mathys	225
OPC_2_2-SEAAD	glia	TLP004563	0.5458527534285391	1.5066163551746983	Green x Mathys	Green	Mathys	225
OPC_2_2-SEAAD	glia	TLP004564	-0.5784762296047674	0.10339499873181346	Green x Mathys	Green	Mathys	225
OPC_2_2-SEAAD	glia	TLP004565	-1.1879527864959298	0.7645430553483905	Green x Mathys	Green	Mathys	225
OPC_2_2-SEAAD	glia	TLP004566	0.2920670080422427	0.10780016994297359	Green x Mathys	Green	Mathys	225
OPC_2_2-SEAAD	glia	TLP004568	0.896483318217757	0.03222767802674564	Green x Mathys	Green	Mathys	225
OPC_2_2-SEAAD	glia	TLP004571	-1.0601566444006574	0.7670105783768344	Green x Mathys	Green	Mathys	225
OPC_2_2-SEAAD	glia	TLP004575	0.11727846328648006	-0.1957568411915851	Green x Mathys	Green	Mathys	225
OPC_2_2-SEAAD	glia	TLP004577	-1.2048426009611086	0.3436616246250921	Green x Mathys	Green	Mathys	225
OPC_2_2-SEAAD	glia	TLP004581	-0.5861112598613163	1.757005637305098	Green x Mathys	Green	Mathys	225
OPC_2_2-SEAAD	glia	TLP004582	0.4013307911297188	1.1994192425057912	Green x Mathys	Green	Mathys	225
OPC_2_2-SEAAD	glia	TLP004586	-0.5118876299056598	0.014716400740161006	Green x Mathys	Green	Mathys	225
OPC_2_2-SEAAD	glia	TLP004595	0.18079543127493736	0.8923740921162278	Green x Mathys	Green	Mathys	225
OPC_2_2-SEAAD	glia	TLP004599	0.8725352239769109	1.2340850716901999	Green x Mathys	Green	Mathys	225
OPC_2_2-SEAAD	glia	TLP004606	0.7847471138749427	1.9976951960021512	Green x Mathys	Green	Mathys	225
OPC_2_2-SEAAD	glia	TLP004608	-0.43344252021482443	0.30796216627361517	Green x Mathys	Green	Mathys	225
OPC_2_2-SEAAD	glia	TLP004616	-1.0790792680193508	-0.2682411241358009	Green x Mathys	Green	Mathys	225
OPC_2_2-SEAAD	glia	TLP004619	-1.0821391742436468	0.2876365815346391	Green x Mathys	Green	Mathys	225
OPC_2_2-SEAAD	glia	TLP004622	-0.2783678617930603	0.4392341967558888	Green x Mathys	Green	Mathys	225
OPC_2_2-SEAAD	glia	TLP004623	-0.08850434142681518	-0.19833912214297822	Green x Mathys	Green	Mathys	225
OPC_2_2-SEAAD	glia	TLP004626	1.8000482762985328	2.5782058699550245	Green x Mathys	Green	Mathys	225
OPC_2_2-SEAAD	glia	TLP004627	0.33980795096123195	-0.48771241866053927	Green x Mathys	Green	Mathys	225
OPC_2_2-SEAAD	glia	TLP004629	0.18789250892971499	0.22701561436259876	Green x Mathys	Green	Mathys	225
OPC_2_2-SEAAD	glia	TLP004631	-0.22739221309124336	0.31509084092545336	Green x Mathys	Green	Mathys	225
OPC_2_2-SEAAD	glia	TLP004634	-0.11962161454306042	0.5690467407040956	Green x Mathys	Green	Mathys	225
OPC_2_2-SEAAD	glia	TLP004638	0.1417510024172568	-1.1757593583780812	Green x Mathys	Green	Mathys	225
OPC_2_2-SEAAD	glia	TLP004639	-0.31637186088985203	1.4213578174575563	Green x Mathys	Green	Mathys	225
OPC_2_2-SEAAD	glia	TLP004643	0.4010109744377832	1.3468254535970798	Green x Mathys	Green	Mathys	225
OPC_2_2-SEAAD	glia	TLP004645	-2.136325334945809	0.0725678986268159	Green x Mathys	Green	Mathys	225
OPC_2_2-SEAAD	glia	TLP004646	-1.012460389986395	-0.5737634953137665	Green x Mathys	Green	Mathys	225
OPC_2_2-SEAAD	glia	TLP004647	0.10852770349390184	-0.5869248465363732	Green x Mathys	Green	Mathys	225
OPC_2_2-SEAAD	glia	TLP004653	-0.03466051594431274	-0.42585606444801627	Green x Mathys	Green	Mathys	225
OPC_2_2-SEAAD	glia	TLP004654	2.8951005239113097	3.334274569383762	Green x Mathys	Green	Mathys	225
OPC_2_2-SEAAD	glia	TLP004657	0.21324079169106103	0.6573106120703791	Green x Mathys	Green	Mathys	225
OPC_2_2-SEAAD	glia	TLP004658	0.9435235758622937	0.3843451752780602	Green x Mathys	Green	Mathys	225
OPC_2_2-SEAAD	glia	TLP004660	-0.7544897832565107	0.9811414048708795	Green x Mathys	Green	Mathys	225
OPC_2_2-SEAAD	glia	TLP004661	-1.8220314694670678	0.9929605964137451	Green x Mathys	Green	Mathys	225
OPC_2_2-SEAAD	glia	TLP004666	2.6743650176936073	2.9789666923953404	Green x Mathys	Green	Mathys	225
OPC_2_2-SEAAD	glia	TLP004668	0.004349064894728194	-0.7104776896771368	Green x Mathys	Green	Mathys	225
OPC_2_2-SEAAD	glia	TLP004669	0.06814878391359525	1.33937278889357	Green x Mathys	Green	Mathys	225
OPC_2_2-SEAAD	glia	TLP004671	2.673342883676218	2.466501596349158	Green x Mathys	Green	Mathys	225
OPC_2_2-SEAAD	glia	TLP004672	0.44480610448831737	0.2662378661419904	Green x Mathys	Green	Mathys	225
OPC_2_2-SEAAD	glia	TLP004674	-0.876209757532938	0.01865513431328658	Green x Mathys	Green	Mathys	225
OPC_2_2-SEAAD	glia	TLP004676	0.4410280036012466	0.327526794376511	Green x Mathys	Green	Mathys	225
OPC_2_2-SEAAD	glia	TLP004682	-1.0984210589663403	-0.6737507273296615	Green x Mathys	Green	Mathys	225
OPC_2_2-SEAAD	glia	TLP004685	0.022750818634888148	0.6629676048401194	Green x Mathys	Green	Mathys	225
OPC_2_2-SEAAD	glia	TLP004686	1.2631147434790004	0.14171192640125163	Green x Mathys	Green	Mathys	225
OPC_2_2-SEAAD	glia	TLP004689	-0.2337214239336607	0.012928824585806353	Green x Mathys	Green	Mathys	225
OPC_2_2-SEAAD	glia	TLP004690	0.522909593596049	1.5951870251459694	Green x Mathys	Green	Mathys	225
OPC_2_2-SEAAD	glia	TLP004693	0.060121897236874666	0.5678125251425081	Green x Mathys	Green	Mathys	225
OPC_2_2-SEAAD	glia	TLP004703	0.6799175186451833	1.2245451761917945	Green x Mathys	Green	Mathys	225
OPC_2_2-SEAAD	glia	TLP004706	-0.37079541106567326	0.2506474890585899	Green x Mathys	Green	Mathys	225
OPC_2_2-SEAAD	glia	TLP004710	1.2685968507106415	1.6624993412412779	Green x Mathys	Green	Mathys	225
OPC_2_2-SEAAD	glia	TLP004716	0.7647954175350469	0.4760252706243442	Green x Mathys	Green	Mathys	225
OPC_2_2-SEAAD	glia	TLP004717	0.31274985690371615	1.632992819194509	Green x Mathys	Green	Mathys	225
OPC_2_2-SEAAD	glia	TLP004729	-0.27417199293135575	0.5381258971695395	Green x Mathys	Green	Mathys	225
OPC_2_2-SEAAD	glia	TLP004734	-0.5872035199429231	-0.04319632137427298	Green x Mathys	Green	Mathys	225
OPC_2_2-SEAAD	glia	TLP004738	2.1745639198588784	2.5283779862028255	Green x Mathys	Green	Mathys	225
OPC_2_2-SEAAD	glia	TLP004742	-1.8309840078596284	-0.2175576182862633	Green x Mathys	Green	Mathys	225
OPC_2_2-SEAAD	glia	TLP004744	-0.016495938658226628	-0.057479925444075874	Green x Mathys	Green	Mathys	225
OPC_2_2-SEAAD	glia	TLP004751	0.6017432409910546	-0.42701501203609915	Green x Mathys	Green	Mathys	225
OPC_2_2-SEAAD	glia	TLP004755	-0.4200185590245171	0.5488764968269138	Green x Mathys	Green	Mathys	225
OPC_2_2-SEAAD	glia	TLP004756	0.9730986803998105	0.4144840871623172	Green x Mathys	Green	Mathys	225
OPC_2_2-SEAAD	glia	TLP004759	-0.14571077621162765	-1.3788618041786576	Green x Mathys	Green	Mathys	225
OPC_2_2-SEAAD	glia	TLP004760	-0.17292996819912787	-0.08082035807485077	Green x Mathys	Green	Mathys	225
OPC_2_2-SEAAD	glia	TLP004763	-1.2629273018984026	-0.7735608158784233	Green x Mathys	Green	Mathys	225
OPC_2_2-SEAAD	glia	TLP004771	-0.06567557811694869	0.3953210716975937	Green x Mathys	Green	Mathys	225
OPC_2_2-SEAAD	glia	TLP004777	-1.1818203888009506	-0.18947015946103196	Green x Mathys	Green	Mathys	225
OPC_2_2-SEAAD	glia	TLP004782	-0.5366946675694768	0.5622713882489405	Green x Mathys	Green	Mathys	225
OPC_2_2-SEAAD	glia	TLP004784	-2.9550094565098526	0.6549183014320619	Green x Mathys	Green	Mathys	225
OPC_2_2-SEAAD	glia	TLP004785	-0.8368683934013008	-0.121579773148766	Green x Mathys	Green	Mathys	225
OPC_2_2-SEAAD	glia	TLP004786	-0.7461511368988916	0.42526752837791193	Green x Mathys	Green	Mathys	225
OPC_2_2-SEAAD	glia	TLP004788	0.6582658518725495	0.5471460209263048	Green x Mathys	Green	Mathys	225
OPC_2_2-SEAAD	glia	TLP004793	0.607054267521943	1.6069660477871333	Green x Mathys	Green	Mathys	225
OPC_2_2-SEAAD	glia	TLP004796	1.6469659369896865	1.6758709359257513	Green x Mathys	Green	Mathys	225
OPC_2_2-SEAAD	glia	TLP004801	2.7874096183578447	3.4516181442940335	Green x Mathys	Green	Mathys	225
OPC_2_2-SEAAD	glia	TLP004805	0.3621338412149253	0.2660498595435534	Green x Mathys	Green	Mathys	225
OPC_2_2-SEAAD	glia	TLP004811	0.4496332583937681	0.043235734746318144	Green x Mathys	Green	Mathys	225
OPC_2_2-SEAAD	glia	TLP004813	0.8308139382482747	0.023378962950886262	Green x Mathys	Green	Mathys	225
OPC_2_2-SEAAD	glia	TLP004814	0.4873348371321464	1.384555843110424	Green x Mathys	Green	Mathys	225
OPC_2_2-SEAAD	glia	TLP004816	0.8418709020703785	1.5549476351991807	Green x Mathys	Green	Mathys	225
OPC_2_2-SEAAD	glia	TLP004825	-0.7156399378524414	1.0003642263971582	Green x Mathys	Green	Mathys	225
OPC_2_2-SEAAD	glia	TLP004828	0.22943772225378467	0.3293481913460985	Green x Mathys	Green	Mathys	225
OPC_2_2-SEAAD	glia	TLP004832	-0.678227031320179	-0.19406910278679668	Green x Mathys	Green	Mathys	225
OPC_2_2-SEAAD	glia	TLP004837	0.06147056586593358	-1.431364043205141	Green x Mathys	Green	Mathys	225
OPC_2_2-SEAAD	glia	TLP004844	-0.13401358512220263	0.23772097438637818	Green x Mathys	Green	Mathys	225
OPC_2_2-SEAAD	glia	TLP004845	-0.5695783055443862	0.6431872949598327	Green x Mathys	Green	Mathys	225
OPC_2_2-SEAAD	glia	TLP004850	-0.07847230633343694	0.29708158549399943	Green x Mathys	Green	Mathys	225
OPC_2_2-SEAAD	glia	TLP004851	1.438024947340308	0.6651831160896204	Green x Mathys	Green	Mathys	225
OPC_2_2-SEAAD	glia	TLP004853	-0.6391338252436771	2.538400604775438	Green x Mathys	Green	Mathys	225
OPC_2_2-SEAAD	glia	TLP004856	-1.0422932897340296	0.41828099344612113	Green x Mathys	Green	Mathys	225
OPC_2_2-SEAAD	glia	TLP004857	-0.09406158620329919	-1.5465156437049146	Green x Mathys	Green	Mathys	225
OPC_2_2-SEAAD	glia	TLP004860	-0.3683850945017362	0.5153700637353218	Green x Mathys	Green	Mathys	225
OPC_2_2-SEAAD	glia	TLP004861	2.5789840498108143	3.134476629046598	Green x Mathys	Green	Mathys	225
OPC_2_2-SEAAD	glia	TLP004862	-0.34376331668306737	0.014680348425311962	Green x Mathys	Green	Mathys	225
OPC_2_2-SEAAD	glia	TLP004864	0.7493377526579881	0.0043489145444297606	Green x Mathys	Green	Mathys	225
OPC_2_2-SEAAD	glia	TLP004865	-0.5225998472781095	-0.19956939520904537	Green x Mathys	Green	Mathys	225
OPC_2_2-SEAAD	glia	TLP004866	-0.8348999153792764	-0.386822823891281	Green x Mathys	Green	Mathys	225
OPC_2_2-SEAAD	glia	TLP004867	1.1214405166361523	1.8229822047540347	Green x Mathys	Green	Mathys	225
OPC_2_2-SEAAD	glia	TLP004872	-1.894800189271841	0.3315433049773855	Green x Mathys	Green	Mathys	225
OPC_2_2-SEAAD	glia	TLP004879	-0.5018504755088768	0.9547544488140609	Green x Mathys	Green	Mathys	225
OPC_2_2-SEAAD	glia	TLP004882	-0.48883346468964817	0.4524453210755137	Green x Mathys	Green	Mathys	225
OPC_2_2-SEAAD	glia	TLP004887	-1.1556488252804495	0.12242940206150266	Green x Mathys	Green	Mathys	225
OPC_2_2-SEAAD	glia	TLP004889	-0.5289548054360251	0.44423012130865125	Green x Mathys	Green	Mathys	225
OPC_2_2-SEAAD	glia	TLP004896	2.3142870256262915	0.3422257108921638	Green x Mathys	Green	Mathys	225
OPC_2_2-SEAAD	glia	TLP004898	-0.037519001556098	0.8832761956715931	Green x Mathys	Green	Mathys	225
OPC_2_2-SEAAD	glia	TLP004901	1.833594350701706	2.158063821188448	Green x Mathys	Green	Mathys	225
OPC_2_2-SEAAD	glia	TLP004902	0.8742047428018331	0.8152513866608864	Green x Mathys	Green	Mathys	225
OPC_2_2-SEAAD	glia	TLP004908	0.29935171850049347	1.1252461419269562	Green x Mathys	Green	Mathys	225
OPC_2_2-SEAAD	glia	TLP004914	1.7740203661150091	2.391093584152353	Green x Mathys	Green	Mathys	225
OPC_2_2-SEAAD	glia	TLP004916	-0.29894450213257784	0.5530216055732096	Green x Mathys	Green	Mathys	225
OPC_2_2-SEAAD	glia	TLP004920	0.47350448337921147	-0.7257868358167272	Green x Mathys	Green	Mathys	225
OPC_2_2-SEAAD	glia	TLP004923	-0.4264408604878618	-0.8593058429459326	Green x Mathys	Green	Mathys	225
OPC_2_2-SEAAD	glia	TLP004928	0.766186549371143	0.8079525343387473	Green x Mathys	Green	Mathys	225
OPC_2_2-SEAAD	glia	TLP004933	0.3751936203421167	0.35149297696127046	Green x Mathys	Green	Mathys	225
OPC_2_2-SEAAD	glia	TLP004934	-0.8013398871028015	0.10727688126317858	Green x Mathys	Green	Mathys	225
OPC_2_2-SEAAD	glia	TLP004935	-0.16407946964362452	0.44100356034066035	Green x Mathys	Green	Mathys	225
OPC_2_2-SEAAD	glia	TLP004937	-0.3113165495194581	1.9199827808390957	Green x Mathys	Green	Mathys	225
OPC_2_2-SEAAD	glia	TLP004938	0.2228141563909416	2.1458760551303686	Green x Mathys	Green	Mathys	225
OPC_2_2-SEAAD	glia	TLP004940	-0.09284290339505574	0.4839435445904474	Green x Mathys	Green	Mathys	225
OPC_2_2-SEAAD	glia	TLP004941	0.14227085951958784	-0.021565638717283342	Green x Mathys	Green	Mathys	225
OPC_2_2-SEAAD	glia	TLP004942	-2.207255542890346	0.7313014231053137	Green x Mathys	Green	Mathys	225
OPC_2_2-SEAAD	glia	TLP004943	-0.028719114542675506	0.37983177250824696	Green x Mathys	Green	Mathys	225
OPC_2_2-SEAAD	glia	TLP004946	0.20463015823334096	1.449471908201109	Green x Mathys	Green	Mathys	225
OPC_2_2-SEAAD	glia	TLP004947	1.869274241034343	2.524224714576494	Green x Mathys	Green	Mathys	225
OPC_2_2-SEAAD	glia	TLP004984	-1.3068258034167393	-1.6417304655041542	Green x Mathys	Green	Mathys	225
OPC_2_2-SEAAD	glia	TLP004995	0.3701317855955031	-0.9750732343028643	Green x Mathys	Green	Mathys	225
OPC_2_2-SEAAD	glia	TLP004996	-0.4358853665377511	0.5717419401351727	Green x Mathys	Green	Mathys	225
OPC_2_2-SEAAD	glia	TLP005002	-0.9725566767146745	0.3327458278279414	Green x Mathys	Green	Mathys	225
OPC_2_2-SEAAD	glia	TLP005005	-0.9580899788961137	0.22515121589011144	Green x Mathys	Green	Mathys	225
OPC_2_2-SEAAD	glia	TLP005006	0.2034656717845298	-0.4143902592361286	Green x Mathys	Green	Mathys	225
OPC_2_2-SEAAD	glia	TLP005013	0.6851274300658341	1.384501850727963	Green x Mathys	Green	Mathys	225
OPC_2_2-SEAAD	glia	TLP005014	-0.10195618801904693	1.0848945216430215	Green x Mathys	Green	Mathys	225
OPC_2_2-SEAAD	glia	TLP005020	-0.5762066838846973	1.1046050648023513	Green x Mathys	Green	Mathys	225
OPC_2_2-SEAAD	glia	TLP005021	-0.2249970129131782	-0.2811619808087915	Green x Mathys	Green	Mathys	225
OPC_2_2-SEAAD	glia	TLP005025	0.11879660518847679	0.598164721134471	Green x Mathys	Green	Mathys	225
OPC_2_2-SEAAD	glia	TLP005035	-0.11405443993432485	-0.4773419913203112	Green x Mathys	Green	Mathys	225
OPC_2_2-SEAAD	glia	TLP005036	-0.28881643098431464	0.0725977458282463	Green x Mathys	Green	Mathys	225
OPC_2_2-SEAAD	glia	TLP005038	-1.4005627263515903	-0.35820975503715946	Green x Mathys	Green	Mathys	225
OPC_2_2-SEAAD	glia	TLP005040	0.19164551983615485	-0.5007155976693287	Green x Mathys	Green	Mathys	225
OPC_2_2-SEAAD	glia	TLP005043	-0.6318243836615949	1.5718462185875408	Green x Mathys	Green	Mathys	225
OPC_2_2-SEAAD	glia	TLP005046	0.16786307436771342	0.26399351181828745	Green x Mathys	Green	Mathys	225
OPC_2_2-SEAAD	glia	TLP005047	0.6531798472545365	2.063761230608721	Green x Mathys	Green	Mathys	225
OPC_2_2-SEAAD	glia	TLP005057	-0.544717836522536	-1.1227550054352706	Green x Mathys	Green	Mathys	225
OPC_2_2-SEAAD	glia	TLP005060	1.1042640559454187	2.135053371281279	Green x Mathys	Green	Mathys	225
OPC_2_2-SEAAD	glia	TLP005064	-1.270451092329174	0.1667472481425989	Green x Mathys	Green	Mathys	225
OPC_2_2-SEAAD	glia	TLP005065	-1.847755702122468	0.9491738281850104	Green x Mathys	Green	Mathys	225
OPC_2_2-SEAAD	glia	TLP005068	0.8298507800223334	-0.07656556495305811	Green x Mathys	Green	Mathys	225
OPC_2_2-SEAAD	glia	TLP005087	-0.7017458512611148	0.27238000284474495	Green x Mathys	Green	Mathys	225
OPC_2_2-SEAAD	glia	TLP005089	-0.026892708139094168	0.06140606706797325	Green x Mathys	Green	Mathys	225
OPC_2_2-SEAAD	glia	TLP005096	-0.15312307277902093	0.027320435527688147	Green x Mathys	Green	Mathys	225
OPC_2_2-SEAAD	glia	TLP005110	0.13234132377754992	0.43227404543648174	Green x Mathys	Green	Mathys	225
OPC_2_2-SEAAD	glia	TLP005111	0.11612000119000321	-0.39207257155732744	Green x Mathys	Green	Mathys	225
OPC_2_2-SEAAD	glia	TLP005118	-0.9187348026136322	-1.2672812687790715	Green x Mathys	Green	Mathys	225
OPC_2_2-SEAAD	glia	TLP005121	3.1856545706277517	3.5668834436459242	Green x Mathys	Green	Mathys	225
OPC_2_2-SEAAD	glia	TLP005135	-0.869657316489576	-0.36759505725387154	Green x Mathys	Green	Mathys	225
OPC_2_2-SEAAD	glia	TLP005143	0.08577843646510352	0.37463498712729315	Green x Mathys	Green	Mathys	225
OPC_2_2-SEAAD	glia	TLP005146	-0.766574196468361	0.46531700340922644	Green x Mathys	Green	Mathys	225
OPC_2_2-SEAAD	glia	TLP005147	0.6338539607019813	0.05190695823173197	Green x Mathys	Green	Mathys	225
OPC_2_2-SEAAD	glia	TLP005149	-0.7369306961795443	0.15126019131337554	Green x Mathys	Green	Mathys	225
OPC_2_2-SEAAD	glia	TLP005150	1.6785853194622784	0.8739853467589453	Green x Mathys	Green	Mathys	225
OPC_2_2-SEAAD	glia	TLP005154	-0.5676895915372961	0.9850308296041712	Green x Mathys	Green	Mathys	225
OPC_2_2-SEAAD	glia	TLP005157	-0.4542274027157758	-0.15221354885403393	Green x Mathys	Green	Mathys	225
OPC_2_2-SEAAD	glia	TLP005159	1.1495616422389023	1.178348907012952	Green x Mathys	Green	Mathys	225
OPC_2_2-SEAAD	glia	TLP005839	2.603041532552783	3.453523215827499	Green x Mathys	Green	Mathys	225
OPC_2_2-SEAAD	glia	TLP005854	-1.1280968250311014	0.39951806192396777	Green x Mathys	Green	Mathys	225
OPC_2_2-SEAAD	glia	TLP005879	0.8378070376683651	2.126952552268415	Green x Mathys	Green	Mathys	225
OPC_2_2-SEAAD	glia	TLP005891	-0.2293946810208478	1.0901078209349881	Green x Mathys	Green	Mathys	225
OPC_2_2-SEAAD	glia	TLP005918	-0.663618320539288	-0.3894100711967976	Green x Mathys	Green	Mathys	225
OPC_2_2-SEAAD	glia	TLP005943	-1.7871359549665033	-0.3976905971478235	Green x Mathys	Green	Mathys	225
OPC_2_2-SEAAD	glia	TLP005946	2.421375859687914	2.8257884629500563	Green x Mathys	Green	Mathys	225
OPC_2	glia	TLP004219	2.537234101504074	2.476089082692293	Green x Mathys	Green	Mathys	225
OPC_2	glia	TLP004220	2.0100899478175767	2.094000472787661	Green x Mathys	Green	Mathys	225
OPC_2	glia	TLP004222	2.819603886667446	4.278942473296034	Green x Mathys	Green	Mathys	225
OPC_2	glia	TLP004225	3.493953181427183	3.7627210832972815	Green x Mathys	Green	Mathys	225
OPC_2	glia	TLP004226	3.101684321101051	2.4737023080450715	Green x Mathys	Green	Mathys	225
OPC_2	glia	TLP004231	3.290772250830645	3.398908472970614	Green x Mathys	Green	Mathys	225
OPC_2	glia	TLP004232	3.59143005986631	3.7413574602775754	Green x Mathys	Green	Mathys	225
OPC_2	glia	TLP004238	2.0782317754545674	2.7466295051200396	Green x Mathys	Green	Mathys	225
OPC_2	glia	TLP004244	2.891480972438489	3.7757366994318193	Green x Mathys	Green	Mathys	225
OPC_2	glia	TLP004247	2.7854292751517944	3.4046802309491824	Green x Mathys	Green	Mathys	225
OPC_2	glia	TLP004250	2.047849845627114	1.9209270369575715	Green x Mathys	Green	Mathys	225
OPC_2	glia	TLP004251	3.2183630730917754	3.617894686638126	Green x Mathys	Green	Mathys	225
OPC_2	glia	TLP004257	2.2947329325250627	1.278518669058132	Green x Mathys	Green	Mathys	225
OPC_2	glia	TLP004266	3.1446948376032786	3.8068086733360795	Green x Mathys	Green	Mathys	225
OPC_2	glia	TLP004271	2.806222640813594	3.2771416437491547	Green x Mathys	Green	Mathys	225
OPC_2	glia	TLP004278	2.665915441699876	2.8617273552812397	Green x Mathys	Green	Mathys	225
OPC_2	glia	TLP004279	2.8190338410494187	3.6849324566664547	Green x Mathys	Green	Mathys	225
OPC_2	glia	TLP004280	3.559439596071913	4.452397841732655	Green x Mathys	Green	Mathys	225
OPC_2	glia	TLP004281	3.5511038744452743	3.0944985017851874	Green x Mathys	Green	Mathys	225
OPC_2	glia	TLP004284	3.0016030304432264	2.574278903527128	Green x Mathys	Green	Mathys	225
OPC_2	glia	TLP004309	2.5869946087952433	3.668718402609678	Green x Mathys	Green	Mathys	225
OPC_2	glia	TLP004311	2.3073748933861604	2.933631354505203	Green x Mathys	Green	Mathys	225
OPC_2	glia	TLP004313	3.466649811423166	2.5318475260879194	Green x Mathys	Green	Mathys	225
OPC_2	glia	TLP004316	2.965855379225839	3.455788439597285	Green x Mathys	Green	Mathys	225
OPC_2	glia	TLP004322	3.672319379149291	4.09306268346595	Green x Mathys	Green	Mathys	225
OPC_2	glia	TLP004325	3.4215829876366617	3.5559635124653934	Green x Mathys	Green	Mathys	225
OPC_2	glia	TLP004328	3.002671243993688	2.8298680655011554	Green x Mathys	Green	Mathys	225
OPC_2	glia	TLP004432	2.4291286132071637	2.5119442398882166	Green x Mathys	Green	Mathys	225
OPC_2	glia	TLP004435	2.7843989161162863	4.225108186514348	Green x Mathys	Green	Mathys	225
OPC_2	glia	TLP004441	2.3416235755746526	2.4720579557617652	Green x Mathys	Green	Mathys	225
OPC_2	glia	TLP004442	1.4756233142047437	1.6643413927029758	Green x Mathys	Green	Mathys	225
OPC_2	glia	TLP004444	2.8199915531672195	3.4713958218851575	Green x Mathys	Green	Mathys	225
OPC_2	glia	TLP004456	2.81299958462457	3.183881742027815	Green x Mathys	Green	Mathys	225
OPC_2	glia	TLP004458	3.2696322217721043	3.895456806227041	Green x Mathys	Green	Mathys	225
OPC_2	glia	TLP004459	3.315641716521238	3.6660275894328196	Green x Mathys	Green	Mathys	225
OPC_2	glia	TLP004463	1.8781240001980088	-0.6078592884555025	Green x Mathys	Green	Mathys	225
OPC_2	glia	TLP004470	3.333361063429458	3.4333371979827736	Green x Mathys	Green	Mathys	225
OPC_2	glia	TLP004471	2.6920043664516817	3.4116265302169593	Green x Mathys	Green	Mathys	225
OPC_2	glia	TLP004490	3.6113192339437683	2.605728552907302	Green x Mathys	Green	Mathys	225
OPC_2	glia	TLP004493	2.4380761848438492	3.362874300524163	Green x Mathys	Green	Mathys	225
OPC_2	glia	TLP004500	2.6135935652786038	3.684033420453226	Green x Mathys	Green	Mathys	225
OPC_2	glia	TLP004508	2.7480594244599286	2.9178086727093793	Green x Mathys	Green	Mathys	225
OPC_2	glia	TLP004510	3.161189071100309	3.2390034790827427	Green x Mathys	Green	Mathys	225
OPC_2	glia	TLP004521	2.799495335726	2.5453734063784896	Green x Mathys	Green	Mathys	225
OPC_2	glia	TLP004524	2.5671895748934648	2.9172871658229402	Green x Mathys	Green	Mathys	225
OPC_2	glia	TLP004525	2.7620806765313257	2.971887985948605	Green x Mathys	Green	Mathys	225
OPC_2	glia	TLP004533	2.944995048393842	3.543448872293689	Green x Mathys	Green	Mathys	225
OPC_2	glia	TLP004534	3.4216843087599127	3.544758112961599	Green x Mathys	Green	Mathys	225
OPC_2	glia	TLP004535	2.8462034216317695	3.2451920954913573	Green x Mathys	Green	Mathys	225
OPC_2	glia	TLP004538	3.34022539495118	3.765092683052662	Green x Mathys	Green	Mathys	225
OPC_2	glia	TLP004543	2.6340376314880323	3.818183045264439	Green x Mathys	Green	Mathys	225
OPC_2	glia	TLP004544	2.455086774299829	3.406085844091769	Green x Mathys	Green	Mathys	225
OPC_2	glia	TLP004550	3.581519938490187	4.54848987594998	Green x Mathys	Green	Mathys	225
OPC_2	glia	TLP004551	1.9133032481875805	3.181736691168273	Green x Mathys	Green	Mathys	225
OPC_2	glia	TLP004553	3.6395013329632135	3.879541567990392	Green x Mathys	Green	Mathys	225
OPC_2	glia	TLP004557	2.8679008511822395	3.7350948867964213	Green x Mathys	Green	Mathys	225
OPC_2	glia	TLP004560	3.2898545304735993	3.4418871406374865	Green x Mathys	Green	Mathys	225
OPC_2	glia	TLP004563	2.553320795483286	3.1058760626930426	Green x Mathys	Green	Mathys	225
OPC_2	glia	TLP004564	3.118702027323864	3.3742305625307254	Green x Mathys	Green	Mathys	225
OPC_2	glia	TLP004565	2.728062240201754	2.857777919160562	Green x Mathys	Green	Mathys	225
OPC_2	glia	TLP004566	3.5215530120224585	2.993889266047137	Green x Mathys	Green	Mathys	225
OPC_2	glia	TLP004568	2.48798352996519	3.037910282433905	Green x Mathys	Green	Mathys	225
OPC_2	glia	TLP004571	2.7653743296740454	3.854550401183948	Green x Mathys	Green	Mathys	225
OPC_2	glia	TLP004575	3.0465656374323187	3.086520495027112	Green x Mathys	Green	Mathys	225
OPC_2	glia	TLP004577	2.711172425736575	3.1310216641851856	Green x Mathys	Green	Mathys	225
OPC_2	glia	TLP004581	2.6961660763573807	2.7088030576361635	Green x Mathys	Green	Mathys	225
OPC_2	glia	TLP004582	3.033873439723784	3.3875321394907547	Green x Mathys	Green	Mathys	225
OPC_2	glia	TLP004586	3.2086289091514595	3.8094562455535743	Green x Mathys	Green	Mathys	225
OPC_2	glia	TLP004595	3.066103887214555	3.2902693649145984	Green x Mathys	Green	Mathys	225
OPC_2	glia	TLP004599	3.060050987186169	3.1727356607327093	Green x Mathys	Green	Mathys	225
OPC_2	glia	TLP004606	2.671816762907323	2.6805858763949075	Green x Mathys	Green	Mathys	225
OPC_2	glia	TLP004608	2.970315682309005	4.239787798997941	Green x Mathys	Green	Mathys	225
OPC_2	glia	TLP004616	2.7625212731122497	3.8469001718337297	Green x Mathys	Green	Mathys	225
OPC_2	glia	TLP004619	3.32863687371622	3.654932411521113	Green x Mathys	Green	Mathys	225
OPC_2	glia	TLP004622	3.3076731460957594	3.3125531662693337	Green x Mathys	Green	Mathys	225
OPC_2	glia	TLP004623	3.339600493155265	2.4642487048824746	Green x Mathys	Green	Mathys	225
OPC_2	glia	TLP004626	1.4977674044255989	2.495854834793205	Green x Mathys	Green	Mathys	225
OPC_2	glia	TLP004627	3.2504408939972187	3.0259629464283067	Green x Mathys	Green	Mathys	225
OPC_2	glia	TLP004629	2.7199170816947853	2.4242401916988183	Green x Mathys	Green	Mathys	225
OPC_2	glia	TLP004631	3.524462040184081	3.546199234229288	Green x Mathys	Green	Mathys	225
OPC_2	glia	TLP004634	2.86129557322579	3.012635241161365	Green x Mathys	Green	Mathys	225
OPC_2	glia	TLP004638	3.2929318145141058	4.871612820668196	Green x Mathys	Green	Mathys	225
OPC_2	glia	TLP004639	2.8191223550392976	3.452425774853176	Green x Mathys	Green	Mathys	225
OPC_2	glia	TLP004643	3.1382603302322556	3.9887358521947447	Green x Mathys	Green	Mathys	225
OPC_2	glia	TLP004645	3.3401382169857015	3.3511629581966393	Green x Mathys	Green	Mathys	225
OPC_2	glia	TLP004646	3.1619268799092417	3.08979815081588	Green x Mathys	Green	Mathys	225
OPC_2	glia	TLP004647	2.5380045483425717	2.8030992345276573	Green x Mathys	Green	Mathys	225
OPC_2	glia	TLP004653	3.0184826648230176	3.393424889281515	Green x Mathys	Green	Mathys	225
OPC_2	glia	TLP004654	1.463249631189052	2.463638426868071	Green x Mathys	Green	Mathys	225
OPC_2	glia	TLP004657	2.8282005697272594	3.252565319027245	Green x Mathys	Green	Mathys	225
OPC_2	glia	TLP004658	3.0912330886711326	4.484229917875776	Green x Mathys	Green	Mathys	225
OPC_2	glia	TLP004660	1.9838657673410283	0.6275013646273013	Green x Mathys	Green	Mathys	225
OPC_2	glia	TLP004661	3.585140301993051	3.7444959094556944	Green x Mathys	Green	Mathys	225
OPC_2	glia	TLP004666	0.8570100012765884	1.461430142245061	Green x Mathys	Green	Mathys	225
OPC_2	glia	TLP004668	3.4454791568922545	2.233961289489304	Green x Mathys	Green	Mathys	225
OPC_2	glia	TLP004669	2.627383840111693	2.799211053335831	Green x Mathys	Green	Mathys	225
OPC_2	glia	TLP004671	2.076706603497116	1.7026644713451047	Green x Mathys	Green	Mathys	225
OPC_2	glia	TLP004672	3.123442420384234	3.919490142612776	Green x Mathys	Green	Mathys	225
OPC_2	glia	TLP004674	2.593980495616169	3.027931632975035	Green x Mathys	Green	Mathys	225
OPC_2	glia	TLP004676	2.7998939324938816	2.7014209150753383	Green x Mathys	Green	Mathys	225
OPC_2	glia	TLP004682	3.0124528052069715	3.7013072380281264	Green x Mathys	Green	Mathys	225
OPC_2	glia	TLP004685	3.0985257998624154	3.070386759149746	Green x Mathys	Green	Mathys	225
OPC_2	glia	TLP004686	2.2657630438853666	3.7732066967342357	Green x Mathys	Green	Mathys	225
OPC_2	glia	TLP004689	3.062115442070669	3.8630764262958652	Green x Mathys	Green	Mathys	225
OPC_2	glia	TLP004690	2.7297496296317103	3.0366006854869396	Green x Mathys	Green	Mathys	225
OPC_2	glia	TLP004693	3.2851327106725914	3.2545853277974333	Green x Mathys	Green	Mathys	225
OPC_2	glia	TLP004703	2.840641693761876	2.5238281603220556	Green x Mathys	Green	Mathys	225
OPC_2	glia	TLP004706	3.4101421874662106	3.8615654017028143	Green x Mathys	Green	Mathys	225
OPC_2	glia	TLP004710	2.1054507519367616	2.200082414176818	Green x Mathys	Green	Mathys	225
OPC_2	glia	TLP004716	3.51907233613249	3.456942458393195	Green x Mathys	Green	Mathys	225
OPC_2	glia	TLP004717	2.298665340572729	2.418108488896876	Green x Mathys	Green	Mathys	225
OPC_2	glia	TLP004729	2.6797908677463402	3.28111414963303	Green x Mathys	Green	Mathys	225
OPC_2	glia	TLP004734	2.9762746676297405	2.958076132555334	Green x Mathys	Green	Mathys	225
OPC_2	glia	TLP004738	1.740187468256294	2.516473083696507	Green x Mathys	Green	Mathys	225
OPC_2	glia	TLP004742	3.356401797981127	3.411217911757968	Green x Mathys	Green	Mathys	225
OPC_2	glia	TLP004744	3.1377254163216213	1.5519579869900244	Green x Mathys	Green	Mathys	225
OPC_2	glia	TLP004751	3.1012486902002077	3.3072474479256546	Green x Mathys	Green	Mathys	225
OPC_2	glia	TLP004755	2.7542402003548765	3.064903055328718	Green x Mathys	Green	Mathys	225
OPC_2	glia	TLP004756	2.313483340215623	3.4258084554761448	Green x Mathys	Green	Mathys	225
OPC_2	glia	TLP004759	3.089866898274505	3.175015087421883	Green x Mathys	Green	Mathys	225
OPC_2	glia	TLP004760	2.742380738044289	2.926746373126143	Green x Mathys	Green	Mathys	225
OPC_2	glia	TLP004763	3.0808781199552815	2.9840550665873242	Green x Mathys	Green	Mathys	225
OPC_2	glia	TLP004771	3.1532002467512523	3.3970354169291315	Green x Mathys	Green	Mathys	225
OPC_2	glia	TLP004777	2.837561134947695	3.3570478225801095	Green x Mathys	Green	Mathys	225
OPC_2	glia	TLP004782	3.010456626715759	4.360005247274959	Green x Mathys	Green	Mathys	225
OPC_2	glia	TLP004784	2.3382953682146397	3.2012335793487052	Green x Mathys	Green	Mathys	225
OPC_2	glia	TLP004785	2.950562734441131	3.2380237112145527	Green x Mathys	Green	Mathys	225
OPC_2	glia	TLP004786	2.8155260596421696	3.67253642774733	Green x Mathys	Green	Mathys	225
OPC_2	glia	TLP004788	3.609697866529961	3.9018233869535672	Green x Mathys	Green	Mathys	225
OPC_2	glia	TLP004793	3.198183130565251	2.7760921207829012	Green x Mathys	Green	Mathys	225
OPC_2	glia	TLP004796	2.5667592994150437	2.631382380953188	Green x Mathys	Green	Mathys	225
OPC_2	glia	TLP004801	1.589336536159097	-0.07800502595694425	Green x Mathys	Green	Mathys	225
OPC_2	glia	TLP004805	3.210911701812253	3.352951520235838	Green x Mathys	Green	Mathys	225
OPC_2	glia	TLP004811	3.738713341935217	3.119010715973845	Green x Mathys	Green	Mathys	225
OPC_2	glia	TLP004813	2.898084944307856	3.26090334689716	Green x Mathys	Green	Mathys	225
OPC_2	glia	TLP004814	3.1471829364164785	3.397655436653538	Green x Mathys	Green	Mathys	225
OPC_2	glia	TLP004816	2.7111886056443075	2.536604360330939	Green x Mathys	Green	Mathys	225
OPC_2	glia	TLP004825	3.1992361365581115	3.7630355119795937	Green x Mathys	Green	Mathys	225
OPC_2	glia	TLP004828	2.7582385655990107	3.392739113373904	Green x Mathys	Green	Mathys	225
OPC_2	glia	TLP004832	3.2297879527104287	3.173226727199677	Green x Mathys	Green	Mathys	225
OPC_2	glia	TLP004837	3.16483350361229	3.39694969409716	Green x Mathys	Green	Mathys	225
OPC_2	glia	TLP004844	2.9935440812112106	2.918742503100669	Green x Mathys	Green	Mathys	225
OPC_2	glia	TLP004845	3.554325058919259	3.630056881255978	Green x Mathys	Green	Mathys	225
OPC_2	glia	TLP004850	1.0201399823346726	2.7016882928803567	Green x Mathys	Green	Mathys	225
OPC_2	glia	TLP004851	2.627609014214144	3.4282570186880634	Green x Mathys	Green	Mathys	225
OPC_2	glia	TLP004853	2.651752535600796	4.076379553227394	Green x Mathys	Green	Mathys	225
OPC_2	glia	TLP004856	2.9279986238180924	3.553775209375271	Green x Mathys	Green	Mathys	225
OPC_2	glia	TLP004857	2.5958062958157204	2.531021800200805	Green x Mathys	Green	Mathys	225
OPC_2	glia	TLP004860	3.2226810495897564	3.623020253493298	Green x Mathys	Green	Mathys	225
OPC_2	glia	TLP004861	2.049064767229244	3.476762835533231	Green x Mathys	Green	Mathys	225
OPC_2	glia	TLP004862	3.203387977602168	3.2638615227888415	Green x Mathys	Green	Mathys	225
OPC_2	glia	TLP004864	3.06610748064399	3.3639523989077484	Green x Mathys	Green	Mathys	225
OPC_2	glia	TLP004865	2.9825284572322777	3.5194080900621705	Green x Mathys	Green	Mathys	225
OPC_2	glia	TLP004866	3.286843621030939	3.3836366172150787	Green x Mathys	Green	Mathys	225
OPC_2	glia	TLP004867	2.7308784290702524	2.814348963068547	Green x Mathys	Green	Mathys	225
OPC_2	glia	TLP004872	3.025180736556284	3.7577584496148284	Green x Mathys	Green	Mathys	225
OPC_2	glia	TLP004879	2.93213672897627	4.49860813087774	Green x Mathys	Green	Mathys	225
OPC_2	glia	TLP004882	3.196468168076404	3.7160213248616216	Green x Mathys	Green	Mathys	225
OPC_2	glia	TLP004887	2.1101105854866016	2.265292770178835	Green x Mathys	Green	Mathys	225
OPC_2	glia	TLP004889	3.089655452831355	3.297697322269365	Green x Mathys	Green	Mathys	225
OPC_2	glia	TLP004896	1.8516635036781786	3.023247239606455	Green x Mathys	Green	Mathys	225
OPC_2	glia	TLP004898	3.1208988542749894	3.6019365758858184	Green x Mathys	Green	Mathys	225
OPC_2	glia	TLP004901	2.5604147463682394	3.0234822226888465	Green x Mathys	Green	Mathys	225
OPC_2	glia	TLP004902	3.3756406945410435	3.32153289603362	Green x Mathys	Green	Mathys	225
OPC_2	glia	TLP004908	2.367364564356707	2.7276417717356436	Green x Mathys	Green	Mathys	225
OPC_2	glia	TLP004914	2.0702861822581817	1.4772153986835819	Green x Mathys	Green	Mathys	225
OPC_2	glia	TLP004916	3.02128381699591	3.276636323216531	Green x Mathys	Green	Mathys	225
OPC_2	glia	TLP004920	3.2371245356362324	2.874261404590593	Green x Mathys	Green	Mathys	225
OPC_2	glia	TLP004923	3.1451018869215326	3.190738460379588	Green x Mathys	Green	Mathys	225
OPC_2	glia	TLP004928	1.6134844097583465	3.9309465875036653	Green x Mathys	Green	Mathys	225
OPC_2	glia	TLP004933	3.057518930205891	3.128877871464545	Green x Mathys	Green	Mathys	225
OPC_2	glia	TLP004934	2.8095780255414233	3.2145505295500776	Green x Mathys	Green	Mathys	225
OPC_2	glia	TLP004935	3.3051226411325882	3.1952804789381037	Green x Mathys	Green	Mathys	225
OPC_2	glia	TLP004937	3.299601363124766	2.518213404902298	Green x Mathys	Green	Mathys	225
OPC_2	glia	TLP004938	0.5592863930121545	2.2602864063081127	Green x Mathys	Green	Mathys	225
OPC_2	glia	TLP004940	3.1113806446862746	3.4735595911270023	Green x Mathys	Green	Mathys	225
OPC_2	glia	TLP004941	3.5386949624290858	3.0229567990061397	Green x Mathys	Green	Mathys	225
OPC_2	glia	TLP004942	3.4310991264434	3.8553886712410868	Green x Mathys	Green	Mathys	225
OPC_2	glia	TLP004943	2.7680318569761857	3.301121569807722	Green x Mathys	Green	Mathys	225
OPC_2	glia	TLP004946	3.559859476806699	3.832413631332421	Green x Mathys	Green	Mathys	225
OPC_2	glia	TLP004947	1.6553473448250573	0.870823678721278	Green x Mathys	Green	Mathys	225
OPC_2	glia	TLP004984	2.8797940349145326	3.1897781626946657	Green x Mathys	Green	Mathys	225
OPC_2	glia	TLP004995	3.1758204562616292	3.5996377442005185	Green x Mathys	Green	Mathys	225
OPC_2	glia	TLP004996	2.448294421110493	3.190596562432912	Green x Mathys	Green	Mathys	225
OPC_2	glia	TLP005002	3.4622205233447363	1.858802131322991	Green x Mathys	Green	Mathys	225
OPC_2	glia	TLP005005	2.9172690421604406	3.422462862842472	Green x Mathys	Green	Mathys	225
OPC_2	glia	TLP005006	3.69321645078813	3.18167589527207	Green x Mathys	Green	Mathys	225
OPC_2	glia	TLP005013	3.3782519809513682	3.9370671489897777	Green x Mathys	Green	Mathys	225
OPC_2	glia	TLP005014	3.3378789863485228	2.7661121164712523	Green x Mathys	Green	Mathys	225
OPC_2	glia	TLP005020	2.2020477758907617	4.027766645521507	Green x Mathys	Green	Mathys	225
OPC_2	glia	TLP005021	2.9759411112683547	2.5083285522335923	Green x Mathys	Green	Mathys	225
OPC_2	glia	TLP005025	3.1520513180655576	3.518012297163589	Green x Mathys	Green	Mathys	225
OPC_2	glia	TLP005035	3.112067793454643	3.398017029736243	Green x Mathys	Green	Mathys	225
OPC_2	glia	TLP005036	2.716866173422844	3.2728394911515544	Green x Mathys	Green	Mathys	225
OPC_2	glia	TLP005038	3.0805548109665226	3.2756099218937496	Green x Mathys	Green	Mathys	225
OPC_2	glia	TLP005040	3.4874823858404844	3.054632463820085	Green x Mathys	Green	Mathys	225
OPC_2	glia	TLP005043	3.0019952932693137	3.258924520009984	Green x Mathys	Green	Mathys	225
OPC_2	glia	TLP005046	2.896218541630669	2.945015040532578	Green x Mathys	Green	Mathys	225
OPC_2	glia	TLP005047	3.1271574265103466	3.104506136956282	Green x Mathys	Green	Mathys	225
OPC_2	glia	TLP005057	2.9991358455411423	3.139924871606045	Green x Mathys	Green	Mathys	225
OPC_2	glia	TLP005060	2.9892416540055744	3.1519876289351214	Green x Mathys	Green	Mathys	225
OPC_2	glia	TLP005064	3.1643261077302367	3.7028639477041247	Green x Mathys	Green	Mathys	225
OPC_2	glia	TLP005065	2.4054901426854887	3.0345501053846604	Green x Mathys	Green	Mathys	225
OPC_2	glia	TLP005068	2.6499407558766146	2.5860222620723943	Green x Mathys	Green	Mathys	225
OPC_2	glia	TLP005087	2.169933773622897	2.187753428039977	Green x Mathys	Green	Mathys	225
OPC_2	glia	TLP005089	3.480573867117105	3.3169352095842095	Green x Mathys	Green	Mathys	225
OPC_2	glia	TLP005096	3.3081385496257845	3.3231573015320173	Green x Mathys	Green	Mathys	225
OPC_2	glia	TLP005110	2.8559560414208716	2.546364722529492	Green x Mathys	Green	Mathys	225
OPC_2	glia	TLP005111	2.549733356590453	3.3214994951469805	Green x Mathys	Green	Mathys	225
OPC_2	glia	TLP005118	3.0989343919495007	2.703010644773051	Green x Mathys	Green	Mathys	225
OPC_2	glia	TLP005121	0.6816997258690574	0.3396218254014496	Green x Mathys	Green	Mathys	225
OPC_2	glia	TLP005135	2.9620848576777674	4.098313061400712	Green x Mathys	Green	Mathys	225
OPC_2	glia	TLP005143	3.3650174110603945	3.558623552995053	Green x Mathys	Green	Mathys	225
OPC_2	glia	TLP005146	2.5292626695359677	3.629384591782432	Green x Mathys	Green	Mathys	225
OPC_2	glia	TLP005147	3.2350610661861423	3.347743824236061	Green x Mathys	Green	Mathys	225
OPC_2	glia	TLP005149	2.9863501846517244	3.315327779686581	Green x Mathys	Green	Mathys	225
OPC_2	glia	TLP005150	2.2133641842507616	2.934305846992003	Green x Mathys	Green	Mathys	225
OPC_2	glia	TLP005154	2.9990222286024326	3.3204057454212075	Green x Mathys	Green	Mathys	225
OPC_2	glia	TLP005157	3.047774678068345	3.1767389259347927	Green x Mathys	Green	Mathys	225
OPC_2	glia	TLP005159	2.4642000144523575	2.66218642244148	Green x Mathys	Green	Mathys	225
OPC_2	glia	TLP005839	1.096699129145657	0.19838964293667427	Green x Mathys	Green	Mathys	225
OPC_2	glia	TLP005854	2.3770314794792857	3.1075682630261774	Green x Mathys	Green	Mathys	225
OPC_2	glia	TLP005879	2.3395175694343733	2.886210757940423	Green x Mathys	Green	Mathys	225
OPC_2	glia	TLP005891	3.117999994648331	3.488003093733359	Green x Mathys	Green	Mathys	225
OPC_2	glia	TLP005918	3.2682073121850372	3.349845590242205	Green x Mathys	Green	Mathys	225
OPC_2	glia	TLP005943	2.8345635329727985	3.195044996413211	Green x Mathys	Green	Mathys	225
OPC_2	glia	TLP005946	1.7621302308036504	0.446881102396377	Green x Mathys	Green	Mathys	225
Micro-PVM_2_1-SEAAD	glia	TLP004219	-2.9392294504274377	-0.35712426136392317	Green x Mathys	Green	Mathys	225
Micro-PVM_2_1-SEAAD	glia	TLP004220	1.1581191817309806	0.6589159474983379	Green x Mathys	Green	Mathys	225
Micro-PVM_2_1-SEAAD	glia	TLP004222	-1.470855554480945	-0.9733309547505957	Green x Mathys	Green	Mathys	225
Micro-PVM_2_1-SEAAD	glia	TLP004225	-1.7687370074777027	-1.1124762399038701	Green x Mathys	Green	Mathys	225
Micro-PVM_2_1-SEAAD	glia	TLP004226	-1.9545614842472574	-1.8872709174309774	Green x Mathys	Green	Mathys	225
Micro-PVM_2_1-SEAAD	glia	TLP004231	1.60048224176745	0.6568744190528051	Green x Mathys	Green	Mathys	225
Micro-PVM_2_1-SEAAD	glia	TLP004232	-1.9340228792654734	-2.5258430882637866	Green x Mathys	Green	Mathys	225
Micro-PVM_2_1-SEAAD	glia	TLP004238	0.42530875108072763	-0.3235353632167213	Green x Mathys	Green	Mathys	225
Micro-PVM_2_1-SEAAD	glia	TLP004244	-1.9207033829339286	-1.1587372336988722	Green x Mathys	Green	Mathys	225
Micro-PVM_2_1-SEAAD	glia	TLP004247	-1.5583761467018897	-1.127919262204074	Green x Mathys	Green	Mathys	225
Micro-PVM_2_1-SEAAD	glia	TLP004250	-1.7438869939265302	-2.6941934798836877	Green x Mathys	Green	Mathys	225
Micro-PVM_2_1-SEAAD	glia	TLP004251	-2.282895137452951	-2.381041875308557	Green x Mathys	Green	Mathys	225
Micro-PVM_2_1-SEAAD	glia	TLP004257	-0.3953795678904797	-1.429531532044078	Green x Mathys	Green	Mathys	225
Micro-PVM_2_1-SEAAD	glia	TLP004266	-2.3483666057372705	-1.4964962347229962	Green x Mathys	Green	Mathys	225
Micro-PVM_2_1-SEAAD	glia	TLP004271	0.4616733487205167	0.27808158010248896	Green x Mathys	Green	Mathys	225
Micro-PVM_2_1-SEAAD	glia	TLP004278	-0.755084567258459	-0.6587334472077337	Green x Mathys	Green	Mathys	225
Micro-PVM_2_1-SEAAD	glia	TLP004279	-1.9767567045473227	-2.7036289488791754	Green x Mathys	Green	Mathys	225
Micro-PVM_2_1-SEAAD	glia	TLP004280	-2.2841048209594472	-1.735866281349936	Green x Mathys	Green	Mathys	225
Micro-PVM_2_1-SEAAD	glia	TLP004281	-2.2327213078844634	-2.5076203190945128	Green x Mathys	Green	Mathys	225
Micro-PVM_2_1-SEAAD	glia	TLP004284	-1.5165557785552357	-1.5688558228644052	Green x Mathys	Green	Mathys	225
Micro-PVM_2_1-SEAAD	glia	TLP004309	-2.175179326002513	-1.1104050905018514	Green x Mathys	Green	Mathys	225
Micro-PVM_2_1-SEAAD	glia	TLP004311	-2.4717485997253688	-2.6231967071943343	Green x Mathys	Green	Mathys	225
Micro-PVM_2_1-SEAAD	glia	TLP004313	0.6517018153442429	0.13395225328954918	Green x Mathys	Green	Mathys	225
Micro-PVM_2_1-SEAAD	glia	TLP004316	-2.4590946382555634	-1.271599379115056	Green x Mathys	Green	Mathys	225
Micro-PVM_2_1-SEAAD	glia	TLP004322	-1.7075779743911683	-1.9108243836405894	Green x Mathys	Green	Mathys	225
Micro-PVM_2_1-SEAAD	glia	TLP004325	-2.5264520015439835	-2.1104631756470393	Green x Mathys	Green	Mathys	225
Micro-PVM_2_1-SEAAD	glia	TLP004328	-2.339663007971123	-2.909924846678079	Green x Mathys	Green	Mathys	225
Micro-PVM_2_1-SEAAD	glia	TLP004432	-2.7582571926335913	-2.1975859614241173	Green x Mathys	Green	Mathys	225
Micro-PVM_2_1-SEAAD	glia	TLP004435	-0.008809093326230588	-1.276150024030379	Green x Mathys	Green	Mathys	225
Micro-PVM_2_1-SEAAD	glia	TLP004441	-0.0762723639303875	-0.03706295214682953	Green x Mathys	Green	Mathys	225
Micro-PVM_2_1-SEAAD	glia	TLP004442	-1.2759119988372047	-0.25525144803496413	Green x Mathys	Green	Mathys	225
Micro-PVM_2_1-SEAAD	glia	TLP004444	-1.323143173224313	-0.318024861450656	Green x Mathys	Green	Mathys	225
Micro-PVM_2_1-SEAAD	glia	TLP004456	-1.0512327569672273	-0.8541443896040626	Green x Mathys	Green	Mathys	225
Micro-PVM_2_1-SEAAD	glia	TLP004458	-2.4240999170305955	-2.1133563792155545	Green x Mathys	Green	Mathys	225
Micro-PVM_2_1-SEAAD	glia	TLP004459	-0.7173338993245704	-1.7500728127716005	Green x Mathys	Green	Mathys	225
Micro-PVM_2_1-SEAAD	glia	TLP004463	-1.97202360151205	-2.217297200889603	Green x Mathys	Green	Mathys	225
Micro-PVM_2_1-SEAAD	glia	TLP004470	-1.0017486514566718	0.23827202180829143	Green x Mathys	Green	Mathys	225
Micro-PVM_2_1-SEAAD	glia	TLP004471	-2.401745834355081	-2.832540370446777	Green x Mathys	Green	Mathys	225
Micro-PVM_2_1-SEAAD	glia	TLP004490	-1.8047811682606518	-2.6672710056564446	Green x Mathys	Green	Mathys	225
Micro-PVM_2_1-SEAAD	glia	TLP004493	-1.557061727294803	-1.988983832951904	Green x Mathys	Green	Mathys	225
Micro-PVM_2_1-SEAAD	glia	TLP004500	-3.045888650481017	-2.462295837215671	Green x Mathys	Green	Mathys	225
Micro-PVM_2_1-SEAAD	glia	TLP004508	-2.450437606805897	-1.44316455276667	Green x Mathys	Green	Mathys	225
Micro-PVM_2_1-SEAAD	glia	TLP004510	-2.29839644304385	-2.3631153417969584	Green x Mathys	Green	Mathys	225
Micro-PVM_2_1-SEAAD	glia	TLP004521	-2.3766543968478295	-1.3864522263458365	Green x Mathys	Green	Mathys	225
Micro-PVM_2_1-SEAAD	glia	TLP004524	-2.65316625018486	-2.5076628516584627	Green x Mathys	Green	Mathys	225
Micro-PVM_2_1-SEAAD	glia	TLP004525	-2.6975048376128337	-2.5926324213740886	Green x Mathys	Green	Mathys	225
Micro-PVM_2_1-SEAAD	glia	TLP004533	0.4557120240060426	0.7040626691303924	Green x Mathys	Green	Mathys	225
Micro-PVM_2_1-SEAAD	glia	TLP004534	-0.27218268686506253	-0.8740824948349983	Green x Mathys	Green	Mathys	225
Micro-PVM_2_1-SEAAD	glia	TLP004535	-0.9730775320977614	-1.52266367277383	Green x Mathys	Green	Mathys	225
Micro-PVM_2_1-SEAAD	glia	TLP004538	-2.24702326344907	-2.1984866605657842	Green x Mathys	Green	Mathys	225
Micro-PVM_2_1-SEAAD	glia	TLP004543	-2.3832422053268925	-1.8822605281262472	Green x Mathys	Green	Mathys	225
Micro-PVM_2_1-SEAAD	glia	TLP004544	0.6849264168752356	0.9560954594099966	Green x Mathys	Green	Mathys	225
Micro-PVM_2_1-SEAAD	glia	TLP004550	-2.4272932469524076	-2.405194334920557	Green x Mathys	Green	Mathys	225
Micro-PVM_2_1-SEAAD	glia	TLP004551	-0.2839213291486389	-3.0778447728966505	Green x Mathys	Green	Mathys	225
Micro-PVM_2_1-SEAAD	glia	TLP004553	-1.712356800512853	-1.0925838713439884	Green x Mathys	Green	Mathys	225
Micro-PVM_2_1-SEAAD	glia	TLP004557	-1.5347450706943775	-2.0967875904870956	Green x Mathys	Green	Mathys	225
Micro-PVM_2_1-SEAAD	glia	TLP004560	-2.033155448664809	-2.7214276633971552	Green x Mathys	Green	Mathys	225
Micro-PVM_2_1-SEAAD	glia	TLP004563	1.393150613815743	0.9873161044177357	Green x Mathys	Green	Mathys	225
Micro-PVM_2_1-SEAAD	glia	TLP004564	-0.5784762296047674	0.5308390135587535	Green x Mathys	Green	Mathys	225
Micro-PVM_2_1-SEAAD	glia	TLP004565	-0.39949542613165967	-1.4326815219878295	Green x Mathys	Green	Mathys	225
Micro-PVM_2_1-SEAAD	glia	TLP004566	-2.415983193059968	-2.4571491875185636	Green x Mathys	Green	Mathys	225
Micro-PVM_2_1-SEAAD	glia	TLP004568	-2.9101791715525627	-1.5772102344073549	Green x Mathys	Green	Mathys	225
Micro-PVM_2_1-SEAAD	glia	TLP004571	-3.006066793455971	-1.7979387790847028	Green x Mathys	Green	Mathys	225
Micro-PVM_2_1-SEAAD	glia	TLP004575	-0.7300193971007234	-0.1957568411915851	Green x Mathys	Green	Mathys	225
Micro-PVM_2_1-SEAAD	glia	TLP004577	-1.2048426009611086	-2.7008608130983305	Green x Mathys	Green	Mathys	225
Micro-PVM_2_1-SEAAD	glia	TLP004581	-1.885394243991577	-1.5632226818233903	Green x Mathys	Green	Mathys	225
Micro-PVM_2_1-SEAAD	glia	TLP004582	-0.050654332613338404	-2.692401055604835	Green x Mathys	Green	Mathys	225
Micro-PVM_2_1-SEAAD	glia	TLP004586	-2.4577977789609724	-1.5947215116939395	Green x Mathys	Green	Mathys	225
Micro-PVM_2_1-SEAAD	glia	TLP004595	0.347849515938103	-0.9683782485987784	Green x Mathys	Green	Mathys	225
Micro-PVM_2_1-SEAAD	glia	TLP004599	0.3019903655092975	-0.5704134233152844	Green x Mathys	Green	Mathys	225
Micro-PVM_2_1-SEAAD	glia	TLP004606	-1.923303087227267	-2.9927373907765844	Green x Mathys	Green	Mathys	225
Micro-PVM_2_1-SEAAD	glia	TLP004608	-2.9983918776763616	-1.3014757461604853	Green x Mathys	Green	Mathys	225
Micro-PVM_2_1-SEAAD	glia	TLP004616	-2.6885171804534505	-1.2065107627287315	Green x Mathys	Green	Mathys	225
Micro-PVM_2_1-SEAAD	glia	TLP004619	-2.180751462911757	-2.545576762521578	Green x Mathys	Green	Mathys	225
Micro-PVM_2_1-SEAAD	glia	TLP004622	-1.5776508459233218	-1.5976477305051517	Green x Mathys	Green	Mathys	225
Micro-PVM_2_1-SEAAD	glia	TLP004623	-0.08850434142681518	0.31248650162301317	Green x Mathys	Green	Mathys	225
Micro-PVM_2_1-SEAAD	glia	TLP004626	-0.1116705080085012	-0.7579590414362762	Green x Mathys	Green	Mathys	225
Micro-PVM_2_1-SEAAD	glia	TLP004627	-1.5060187395370992	-2.4336225677158527	Green x Mathys	Green	Mathys	225
Micro-PVM_2_1-SEAAD	glia	TLP004629	-2.7565464702367244	-2.481034586739611	Green x Mathys	Green	Mathys	225
Micro-PVM_2_1-SEAAD	glia	TLP004631	-1.8368301255253439	-2.249858516536084	Green x Mathys	Green	Mathys	225
Micro-PVM_2_1-SEAAD	glia	TLP004634	-2.9528349585992757	-2.9863013207853184	Green x Mathys	Green	Mathys	225
Micro-PVM_2_1-SEAAD	glia	TLP004638	-2.256144270381114	-1.1757593583780812	Green x Mathys	Green	Mathys	225
Micro-PVM_2_1-SEAAD	glia	TLP004639	-1.6156548450201127	0.17964468514877296	Green x Mathys	Green	Mathys	225
Micro-PVM_2_1-SEAAD	glia	TLP004643	0.14969654615687755	-1.8720503712711212	Green x Mathys	Green	Mathys	225
Micro-PVM_2_1-SEAAD	glia	TLP004645	-2.136325334945809	-2.4923814588347204	Green x Mathys	Green	Mathys	225
Micro-PVM_2_1-SEAAD	glia	TLP004646	-1.5232860137523865	-0.5737634953137665	Green x Mathys	Green	Mathys	225
Micro-PVM_2_1-SEAAD	glia	TLP004647	-1.6260733518942043	-1.0977504703023637	Green x Mathys	Green	Mathys	225
Micro-PVM_2_1-SEAAD	glia	TLP004653	-2.4325557887426834	-2.371766213503329	Green x Mathys	Green	Mathys	225
Micro-PVM_2_1-SEAAD	glia	TLP004654	-1.0048499002825668	0.7123703189947532	Green x Mathys	Green	Mathys	225
Micro-PVM_2_1-SEAAD	glia	TLP004657	0.3384039346450676	0.38287376636861925	Green x Mathys	Green	Mathys	225
Micro-PVM_2_1-SEAAD	glia	TLP004658	-1.093358351398746	-0.7142671133900498	Green x Mathys	Green	Mathys	225
Micro-PVM_2_1-SEAAD	glia	TLP004660	-0.023602274713718785	0.5649810076459669	Green x Mathys	Green	Mathys	225
Micro-PVM_2_1-SEAAD	glia	TLP004661	-1.8220314694670678	-2.0515618413096774	Green x Mathys	Green	Mathys	225
Micro-PVM_2_1-SEAAD	glia	TLP004666	-1.0037423394384177	-0.9528589403289853	Green x Mathys	Green	Mathys	225
Micro-PVM_2_1-SEAAD	glia	TLP004668	-2.192875512441492	-0.7104776896771368	Green x Mathys	Green	Mathys	225
Micro-PVM_2_1-SEAAD	glia	TLP004669	-1.0304635047545148	-1.2685939536516573	Green x Mathys	Green	Mathys	225
Micro-PVM_2_1-SEAAD	glia	TLP004671	1.7592523727116651	0.4530811557671166	Green x Mathys	Green	Mathys	225
Micro-PVM_2_1-SEAAD	glia	TLP004672	-2.6906881114408314	-1.3432000462921092	Green x Mathys	Green	Mathys	225
Micro-PVM_2_1-SEAAD	glia	TLP004674	-1.212681994154151	-2.379240138485083	Green x Mathys	Green	Mathys	225
Micro-PVM_2_1-SEAAD	glia	TLP004676	-0.30618639822897453	0.9056046451516693	Green x Mathys	Green	Mathys	225
Micro-PVM_2_1-SEAAD	glia	TLP004682	-2.70785897140044	-1.7723630159977715	Green x Mathys	Green	Mathys	225
Micro-PVM_2_1-SEAAD	glia	TLP004685	-2.6852993824673224	-2.2814713743263217	Green x Mathys	Green	Mathys	225
Micro-PVM_2_1-SEAAD	glia	TLP004686	-0.7228007401900118	-2.4232374310602856	Green x Mathys	Green	Mathys	225
Micro-PVM_2_1-SEAAD	glia	TLP004689	-2.6316166967320314	-1.0856834640823028	Green x Mathys	Green	Mathys	225
Micro-PVM_2_1-SEAAD	glia	TLP004690	-1.5139723336649906	-1.6236887997222311	Green x Mathys	Green	Mathys	225
Micro-PVM_2_1-SEAAD	glia	TLP004693	-0.8953895477905611	-1.278014165355823	Green x Mathys	Green	Mathys	225
Micro-PVM_2_1-SEAAD	glia	TLP004703	0.9094919602896834	0.39419687411836435	Green x Mathys	Green	Mathys	225
Micro-PVM_2_1-SEAAD	glia	TLP004706	-2.3167055601209867	-2.14724778373978	Green x Mathys	Green	Mathys	225
Micro-PVM_2_1-SEAAD	glia	TLP004710	-0.030686133419619566	0.14991125479709488	Green x Mathys	Green	Mathys	225
Micro-PVM_2_1-SEAAD	glia	TLP004716	-2.6691917869501003	-2.357188073431872	Green x Mathys	Green	Mathys	225
Micro-PVM_2_1-SEAAD	glia	TLP004717	-1.122334668385606	-1.959742774366525	Green x Mathys	Green	Mathys	225
Micro-PVM_2_1-SEAAD	glia	TLP004729	-2.6720672657297264	-2.169924303932671	Green x Mathys	Green	Mathys	225
Micro-PVM_2_1-SEAAD	glia	TLP004734	1.5444237749074827	0.5927924453457241	Green x Mathys	Green	Mathys	225
Micro-PVM_2_1-SEAAD	glia	TLP004738	-1.9895139803778976	-0.9920828162861479	Green x Mathys	Green	Mathys	225
Micro-PVM_2_1-SEAAD	glia	TLP004742	-1.8309840078596284	-2.925607819388474	Green x Mathys	Green	Mathys	225
Micro-PVM_2_1-SEAAD	glia	TLP004744	-1.5425522421532758	-0.057479925444075874	Green x Mathys	Green	Mathys	225
Micro-PVM_2_1-SEAAD	glia	TLP004751	-2.2314701030651616	-2.3729251610914126	Green x Mathys	Green	Mathys	225
Micro-PVM_2_1-SEAAD	glia	TLP004755	-2.817913831822888	-2.818419333159561	Green x Mathys	Green	Mathys	225
Micro-PVM_2_1-SEAAD	glia	TLP004756	-1.0810250532957362	-2.0422516856589867	Green x Mathys	Green	Mathys	225
Micro-PVM_2_1-SEAAD	glia	TLP004759	-3.090149755378068	-1.889687427944648	Green x Mathys	Green	Mathys	225
Micro-PVM_2_1-SEAAD	glia	TLP004760	-2.5708252409974985	-2.0267305071301642	Green x Mathys	Green	Mathys	225
Micro-PVM_2_1-SEAAD	glia	TLP004763	-0.7521016781324121	-0.7735608158784233	Green x Mathys	Green	Mathys	225
Micro-PVM_2_1-SEAAD	glia	TLP004771	-0.9129734385041521	-0.11550455206839771	Green x Mathys	Green	Mathys	225
Micro-PVM_2_1-SEAAD	glia	TLP004777	0.42761752363314987	0.46445630794563186	Green x Mathys	Green	Mathys	225
Micro-PVM_2_1-SEAAD	glia	TLP004782	-2.4826048166247903	-1.04716652418516	Green x Mathys	Green	Mathys	225
Micro-PVM_2_1-SEAAD	glia	TLP004784	-1.0090993074545391	-0.9545196110020386	Green x Mathys	Green	Mathys	225
Micro-PVM_2_1-SEAAD	glia	TLP004785	-2.7827785424566143	-2.3188043504849842	Green x Mathys	Green	Mathys	225
Micro-PVM_2_1-SEAAD	glia	TLP004786	-0.9974655651797981	-2.793608296490289	Green x Mathys	Green	Mathys	225
Micro-PVM_2_1-SEAAD	glia	TLP004788	-2.04978434922966	-1.8507492518720658	Green x Mathys	Green	Mathys	225
Micro-PVM_2_1-SEAAD	glia	TLP004793	-2.7602415624645307	-2.6834933933612577	Green x Mathys	Green	Mathys	225
Micro-PVM_2_1-SEAAD	glia	TLP004796	-2.3960853308448637	-0.48011068287641834	Green x Mathys	Green	Mathys	225
Micro-PVM_2_1-SEAAD	glia	TLP004801	-2.3424890965652283	-2.2752296032931634	Green x Mathys	Green	Mathys	225
Micro-PVM_2_1-SEAAD	glia	TLP004805	-2.3459163598872843	-2.1318454132548172	Green x Mathys	Green	Mathys	225
Micro-PVM_2_1-SEAAD	glia	TLP004811	-1.9482620144046026	-1.0553765539217919	Green x Mathys	Green	Mathys	225
Micro-PVM_2_1-SEAAD	glia	TLP004813	-2.6031732662368716	-2.80983438110533	Green x Mathys	Green	Mathys	225
Micro-PVM_2_1-SEAAD	glia	TLP004814	-1.2472662182559606	-2.2263620695338	Green x Mathys	Green	Mathys	225
Micro-PVM_2_1-SEAAD	glia	TLP004816	0.7037205635895614	-0.5178932224493034	Green x Mathys	Green	Mathys	225
Micro-PVM_2_1-SEAAD	glia	TLP004825	-2.661550086907754	-1.944074752769282	Green x Mathys	Green	Mathys	225
Micro-PVM_2_1-SEAAD	glia	TLP004828	-2.3355116352077516	-2.378702009756111	Green x Mathys	Green	Mathys	225
Micro-PVM_2_1-SEAAD	glia	TLP004832	-2.2876649437542786	-2.139979251842111	Green x Mathys	Green	Mathys	225
Micro-PVM_2_1-SEAAD	glia	TLP004837	-1.237812418264327	-1.431364043205141	Green x Mathys	Green	Mathys	225
Micro-PVM_2_1-SEAAD	glia	TLP004844	-2.5319088579205733	-1.3717169380477223	Green x Mathys	Green	Mathys	225
Micro-PVM_2_1-SEAAD	glia	TLP004845	-2.1790162179784858	-1.0914137604282734	Green x Mathys	Green	Mathys	225
Micro-PVM_2_1-SEAAD	glia	TLP004850	-0.07847230633343694	-1.9001429918422197	Green x Mathys	Green	Mathys	225
Micro-PVM_2_1-SEAAD	glia	TLP004851	-0.5078852017150055	-1.7327121567087493	Green x Mathys	Green	Mathys	225
Micro-PVM_2_1-SEAAD	glia	TLP004853	0.5846416063784385	-0.8288952252110358	Green x Mathys	Green	Mathys	225
Micro-PVM_2_1-SEAAD	glia	TLP004856	-1.55311891350002	-2.7172132224830285	Green x Mathys	Green	Mathys	225
Micro-PVM_2_1-SEAAD	glia	TLP004857	-3.704979498847524	-2.6451279323730237	Green x Mathys	Green	Mathys	225
Micro-PVM_2_1-SEAAD	glia	TLP004860	-1.6676680786319977	-2.4290689154311185	Green x Mathys	Green	Mathys	225
Micro-PVM_2_1-SEAAD	glia	TLP004861	2.2453446762739055	0.8520942433700722	Green x Mathys	Green	Mathys	225
Micro-PVM_2_1-SEAAD	glia	TLP004862	-2.289673465738381	-2.5502690090362243	Green x Mathys	Green	Mathys	225
Micro-PVM_2_1-SEAAD	glia	TLP004864	-2.2951846850654345	-2.1928756627917894	Green x Mathys	Green	Mathys	225
Micro-PVM_2_1-SEAAD	glia	TLP004865	-2.468509996333423	-2.3967939725452654	Green x Mathys	Green	Mathys	225
Micro-PVM_2_1-SEAAD	glia	TLP004866	-0.8348999153792764	-0.8976484476572715	Green x Mathys	Green	Mathys	225
Micro-PVM_2_1-SEAAD	glia	TLP004867	-2.6397595990574105	-2.254555239151685	Green x Mathys	Green	Mathys	225
Micro-PVM_2_1-SEAAD	glia	TLP004872	-1.894800189271841	-2.8873325198908146	Green x Mathys	Green	Mathys	225
Micro-PVM_2_1-SEAAD	glia	TLP004879	-2.699075052845096	-0.6546834636200396	Green x Mathys	Green	Mathys	225
Micro-PVM_2_1-SEAAD	glia	TLP004882	-0.8253057013108611	-0.9826392042138092	Green x Mathys	Green	Mathys	225
Micro-PVM_2_1-SEAAD	glia	TLP004887	1.2779645301200002	1.496747572134678	Green x Mathys	Green	Mathys	225
Micro-PVM_2_1-SEAAD	glia	TLP004889	-0.8654270420572381	-1.5926518059523893	Green x Mathys	Green	Mathys	225
Micro-PVM_2_1-SEAAD	glia	TLP004896	-2.590987752812138	-1.2672122015419358	Green x Mathys	Green	Mathys	225
Micro-PVM_2_1-SEAAD	glia	TLP004898	-2.7455692026583076	-2.335599629196607	Green x Mathys	Green	Mathys	225
Micro-PVM_2_1-SEAAD	glia	TLP004901	-2.4568650904466853	-2.6702499161138524	Green x Mathys	Green	Mathys	225
Micro-PVM_2_1-SEAAD	glia	TLP004902	-2.344671082066368	-2.4805854793434436	Green x Mathys	Green	Mathys	225
Micro-PVM_2_1-SEAAD	glia	TLP004908	1.0075367764249794	1.2253296004839385	Green x Mathys	Green	Mathys	225
Micro-PVM_2_1-SEAAD	glia	TLP004914	1.278404161012547	1.5470111606191237	Green x Mathys	Green	Mathys	225
Micro-PVM_2_1-SEAAD	glia	TLP004916	-1.3975567908006878	-2.2801917384830066	Green x Mathys	Green	Mathys	225
Micro-PVM_2_1-SEAAD	glia	TLP004920	-2.571017954344212	-2.3352247482508277	Green x Mathys	Green	Mathys	225
Micro-PVM_2_1-SEAAD	glia	TLP004923	-2.3723510095431752	-2.468743755380033	Green x Mathys	Green	Mathys	225
Micro-PVM_2_1-SEAAD	glia	TLP004928	-0.3324257392969665	-1.1379576147165666	Green x Mathys	Green	Mathys	225
Micro-PVM_2_1-SEAAD	glia	TLP004933	-1.5707165287131968	-0.6040184680661662	Green x Mathys	Green	Mathys	225
Micro-PVM_2_1-SEAAD	glia	TLP004934	-0.634285802439635	-1.165688794549708	Green x Mathys	Green	Mathys	225
Micro-PVM_2_1-SEAAD	glia	TLP004935	0.03659122581852614	-0.5950883713461153	Green x Mathys	Green	Mathys	225
Micro-PVM_2_1-SEAAD	glia	TLP004937	-0.3113165495194581	-0.5263090328211248	Green x Mathys	Green	Mathys	225
Micro-PVM_2_1-SEAAD	glia	TLP004938	-1.386623756043159	-1.3506315063361116	Green x Mathys	Green	Mathys	225
Micro-PVM_2_1-SEAAD	glia	TLP004940	-2.4907381761934264	-0.6646791646523234	Green x Mathys	Green	Mathys	225
Micro-PVM_2_1-SEAAD	glia	TLP004941	-2.9022515782038356	-1.1201779273853925	Green x Mathys	Green	Mathys	225
Micro-PVM_2_1-SEAAD	glia	TLP004942	-0.5978176304562455	-0.7947548803897355	Green x Mathys	Green	Mathys	225
Micro-PVM_2_1-SEAAD	glia	TLP004943	-0.330999986415609	-0.35776717062253205	Green x Mathys	Green	Mathys	225
Micro-PVM_2_1-SEAAD	glia	TLP004946	-1.3214261452617082	-0.0444531171111473	Green x Mathys	Green	Mathys	225
Micro-PVM_2_1-SEAAD	glia	TLP004947	-0.32795033630187653	-0.5732902532874391	Green x Mathys	Green	Mathys	225
Micro-PVM_2_1-SEAAD	glia	TLP004984	-2.916263715850839	-3.2511683779382556	Green x Mathys	Green	Mathys	225
Micro-PVM_2_1-SEAAD	glia	TLP004995	-2.194817571866033	-0.9750732343028643	Green x Mathys	Green	Mathys	225
Micro-PVM_2_1-SEAAD	glia	TLP004996	-0.4358853665377511	-0.701223735677714	Green x Mathys	Green	Mathys	225
Micro-PVM_2_1-SEAAD	glia	TLP005002	-2.0711689653827836	-1.2766920846061591	Green x Mathys	Green	Mathys	225
Micro-PVM_2_1-SEAAD	glia	TLP005005	-2.567527891330214	-1.3842866965439882	Green x Mathys	Green	Mathys	225
Micro-PVM_2_1-SEAAD	glia	TLP005006	-1.9937589055516893	-2.8122855320344993	Green x Mathys	Green	Mathys	225
Micro-PVM_2_1-SEAAD	glia	TLP005013	-1.512097147270386	-1.834373974140238	Green x Mathys	Green	Mathys	225
Micro-PVM_2_1-SEAAD	glia	TLP005014	-2.4998514608174176	-2.6763055940505405	Green x Mathys	Green	Mathys	225
Micro-PVM_2_1-SEAAD	glia	TLP005020	-1.875489668014958	-0.5048328476317492	Green x Mathys	Green	Mathys	225
Micro-PVM_2_1-SEAAD	glia	TLP005021	-2.422221590249398	-1.580444964939053	Green x Mathys	Green	Mathys	225
Micro-PVM_2_1-SEAAD	glia	TLP005025	-0.1494673814062022	0.7412655647751443	Green x Mathys	Green	Mathys	225
Micro-PVM_2_1-SEAAD	glia	TLP005035	-2.5119497127326955	-2.0867799037544117	Green x Mathys	Green	Mathys	225
Micro-PVM_2_1-SEAAD	glia	TLP005036	-1.8982543434184151	-2.49235161163329	Green x Mathys	Green	Mathys	225
Micro-PVM_2_1-SEAAD	glia	TLP005038	-2.4991750150196994	-2.304119904092473	Green x Mathys	Green	Mathys	225
Micro-PVM_2_1-SEAAD	glia	TLP005040	-2.3733038376253823	-2.697940175005548	Green x Mathys	Green	Mathys	225
Micro-PVM_2_1-SEAAD	glia	TLP005043	-2.5777345327169083	-0.411451462539393	Green x Mathys	Green	Mathys	225
Micro-PVM_2_1-SEAAD	glia	TLP005046	-2.397086283093823	-2.9548823130499136	Green x Mathys	Green	Mathys	225
Micro-PVM_2_1-SEAAD	glia	TLP005047	-2.482314368674613	-2.3550793771878773	Green x Mathys	Green	Mathys	225
Micro-PVM_2_1-SEAAD	glia	TLP005057	-2.1541557489566365	-2.2213672941033806	Green x Mathys	Green	Mathys	225
Micro-PVM_2_1-SEAAD	glia	TLP005060	-1.164419485372946	-1.545457833162141	Green x Mathys	Green	Mathys	225
Micro-PVM_2_1-SEAAD	glia	TLP005064	-0.7596254685631836	-0.9318650405255111	Green x Mathys	Green	Mathys	225
Micro-PVM_2_1-SEAAD	glia	TLP005065	-1.847755702122468	-2.095348609538413	Green x Mathys	Green	Mathys	225
Micro-PVM_2_1-SEAAD	glia	TLP005068	-1.4388327612960303	-1.6860034773871586	Green x Mathys	Green	Mathys	225
Micro-PVM_2_1-SEAAD	glia	TLP005087	-1.8003581399292248	-1.0626210638875948	Green x Mathys	Green	Mathys	225
Micro-PVM_2_1-SEAAD	glia	TLP005089	-0.8153500685033643	-2.6466441340342364	Green x Mathys	Green	Mathys	225
Micro-PVM_2_1-SEAAD	glia	TLP005096	-1.0004209331662244	-1.439016633265739	Green x Mathys	Green	Mathys	225
Micro-PVM_2_1-SEAAD	glia	TLP005110	-1.0914341078445657	-0.5232373995909549	Green x Mathys	Green	Mathys	225
Micro-PVM_2_1-SEAAD	glia	TLP005111	-1.4933179112440973	-1.3475840165847641	Green x Mathys	Green	Mathys	225
Micro-PVM_2_1-SEAAD	glia	TLP005118	0.9855026500411128	-1.2672812687790715	Green x Mathys	Green	Mathys	225
Micro-PVM_2_1-SEAAD	glia	TLP005121	-1.8832496315924798	-2.6048171537649916	Green x Mathys	Green	Mathys	225
Micro-PVM_2_1-SEAAD	glia	TLP005135	-2.8155674655448886	-2.5648196345900915	Green x Mathys	Green	Mathys	225
Micro-PVM_2_1-SEAAD	glia	TLP005143	-2.1114461408711156	-1.5712751619280203	Green x Mathys	Green	Mathys	225
Micro-PVM_2_1-SEAAD	glia	TLP005146	-0.2557485727023705	-2.242733197692984	Green x Mathys	Green	Mathys	225
Micro-PVM_2_1-SEAAD	glia	TLP005147	-2.5850218641662197	-2.145317619104487	Green x Mathys	Green	Mathys	225
Micro-PVM_2_1-SEAAD	glia	TLP005149	0.21858074884789236	-0.9473520973547345	Green x Mathys	Green	Mathys	225
Micro-PVM_2_1-SEAAD	glia	TLP005150	1.7562943037895944	0.3219167644589058	Green x Mathys	Green	Mathys	225
Micro-PVM_2_1-SEAAD	glia	TLP005154	-2.1771275039713966	-2.5114767318623086	Green x Mathys	Green	Mathys	225
Micro-PVM_2_1-SEAAD	glia	TLP005157	-2.8521226755141464	-2.5501088216524046	Green x Mathys	Green	Mathys	225
Micro-PVM_2_1-SEAAD	glia	TLP005159	-2.700585959471156	-2.932524957160359	Green x Mathys	Green	Mathys	225
Micro-PVM_2_1-SEAAD	glia	TLP005839	0.03809217509124618	-0.42064956546954946	Green x Mathys	Green	Mathys	225
Micro-PVM_2_1-SEAAD	glia	TLP005854	-1.9753946854183049	-1.0668190068694594	Green x Mathys	Green	Mathys	225
Micro-PVM_2_1-SEAAD	glia	TLP005879	-3.0123405640416925	-2.807521380862277	Green x Mathys	Green	Mathys	225
Micro-PVM_2_1-SEAAD	glia	TLP005891	-2.1753048300761613	-1.107116756401231	Green x Mathys	Green	Mathys	225
Micro-PVM_2_1-SEAAD	glia	TLP005918	-2.2730562329733885	-1.4880223598649076	Green x Mathys	Green	Mathys	225
Micro-PVM_2_1-SEAAD	glia	TLP005943	-2.8857482436346134	-1.4963028858159326	Green x Mathys	Green	Mathys	225
Micro-PVM_2_1-SEAAD	glia	TLP005946	-2.0445322589666697	-2.9204147275900976	Green x Mathys	Green	Mathys	225
Micro-PVM_2	glia	TLP004219	1.1038218174071135	-0.35712426136392317	Green x Mathys	Green	Mathys	225
Micro-PVM_2	glia	TLP004220	3.445840252092877	3.283584539661497	Green x Mathys	Green	Mathys	225
Micro-PVM_2	glia	TLP004222	2.4072658992715197	-0.9733309547505957	Green x Mathys	Green	Mathys	225
Micro-PVM_2	glia	TLP004225	3.1512439183504224	3.2653750233595313	Green x Mathys	Green	Mathys	225
Micro-PVM_2	glia	TLP004226	3.221588248326572	2.8341997242532746	Green x Mathys	Green	Mathys	225
Micro-PVM_2	glia	TLP004231	3.050492417273448	2.8034552635702696	Green x Mathys	Green	Mathys	225
Micro-PVM_2	glia	TLP004232	2.894290858036827	3.363034870069094	Green x Mathys	Green	Mathys	225
Micro-PVM_2	glia	TLP004238	2.0046692082775506	2.6398615296943335	Green x Mathys	Green	Mathys	225
Micro-PVM_2	glia	TLP004244	2.6744164672006616	1.239158039099498	Green x Mathys	Green	Mathys	225
Micro-PVM_2	glia	TLP004247	3.120663887852657	1.7052940818521423	Green x Mathys	Green	Mathys	225
Micro-PVM_2	glia	TLP004250	1.9024328457686104	2.101597065713053	Green x Mathys	Green	Mathys	225
Micro-PVM_2	glia	TLP004251	2.8932545951208777	3.1834785320141368	Green x Mathys	Green	Mathys	225
Micro-PVM_2	glia	TLP004257	2.0264689459303833	0.1799063803900225	Green x Mathys	Green	Mathys	225
Micro-PVM_2	glia	TLP004266	3.2828451760840958	2.3953240633876307	Green x Mathys	Green	Mathys	225
Micro-PVM_2	glia	TLP004271	2.144538729709434	1.913836800853963	Green x Mathys	Green	Mathys	225
Micro-PVM_2	glia	TLP004278	2.4952899246691125	2.8007328425783977	Green x Mathys	Green	Mathys	225
Micro-PVM_2	glia	TLP004279	3.087945810819209	3.7625157753584446	Green x Mathys	Green	Mathys	225
Micro-PVM_2	glia	TLP004280	3.3683843593092035	3.1694084970884937	Green x Mathys	Green	Mathys	225
Micro-PVM_2	glia	TLP004281	1.6590989902261635	1.1559413270351326	Green x Mathys	Green	Mathys	225
Micro-PVM_2	glia	TLP004284	3.378793360083224	3.116357070797223	Green x Mathys	Green	Mathys	225
Micro-PVM_2	glia	TLP004309	3.632963163977931	1.934117347221572	Green x Mathys	Green	Mathys	225
Micro-PVM_2	glia	TLP004311	2.3565651375769323	2.5300948873034446	Green x Mathys	Green	Mathys	225
Micro-PVM_2	glia	TLP004313	2.9920272363211358	2.170834180550589	Green x Mathys	Green	Mathys	225
Micro-PVM_2	glia	TLP004316	2.3850924482030273	3.0893738463609934	Green x Mathys	Green	Mathys	225
Micro-PVM_2	glia	TLP004322	4.0192697731960285	3.276561422200166	Green x Mathys	Green	Mathys	225
Micro-PVM_2	glia	TLP004325	3.2876785302810823	3.709619754705323	Green x Mathys	Green	Mathys	225
Micro-PVM_2	glia	TLP004328	1.5521572901395033	2.2548611272454355	Green x Mathys	Green	Mathys	225
Micro-PVM_2	glia	TLP004432	1.2120347209185303	1.6090765283462019	Green x Mathys	Green	Mathys	225
Micro-PVM_2	glia	TLP004435	2.424804262074219	3.256449469122877	Green x Mathys	Green	Mathys	225
Micro-PVM_2	glia	TLP004441	0.2914524161949297	1.683600595397495	Green x Mathys	Green	Mathys	225
Micro-PVM_2	glia	TLP004442	2.6817215178429934	2.7718032966480677	Green x Mathys	Green	Mathys	225
Micro-PVM_2	glia	TLP004444	2.6086824595000127	2.9251682710682507	Green x Mathys	Green	Mathys	225
Micro-PVM_2	glia	TLP004456	3.0149409282881767	2.939738373519859	Green x Mathys	Green	Mathys	225
Micro-PVM_2	glia	TLP004458	3.0354855971135635	3.4587976529622106	Green x Mathys	Green	Mathys	225
Micro-PVM_2	glia	TLP004459	2.9822028492633543	2.7385635569605395	Green x Mathys	Green	Mathys	225
Micro-PVM_2	glia	TLP004463	1.998268312040072	3.045392988015283	Green x Mathys	Green	Mathys	225
Micro-PVM_2	glia	TLP004470	2.678762552986748	3.0852312867691425	Green x Mathys	Green	Mathys	225
Micro-PVM_2	glia	TLP004471	2.4424412521035106	2.574631401013342	Green x Mathys	Green	Mathys	225
Micro-PVM_2	glia	TLP004490	3.680015765230003	1.702176846810577	Green x Mathys	Green	Mathys	225
Micro-PVM_2	glia	TLP004493	2.2346751122588406	2.018349352280567	Green x Mathys	Green	Mathys	225
Micro-PVM_2	glia	TLP004500	2.305969482995049	3.161721668971667	Green x Mathys	Green	Mathys	225
Micro-PVM_2	glia	TLP004508	2.872572372332511	3.319009382031086	Green x Mathys	Green	Mathys	225
Micro-PVM_2	glia	TLP004510	3.281333382942372	2.7428301321036224	Green x Mathys	Green	Mathys	225
Micro-PVM_2	glia	TLP004521	2.965679855116982	1.1784971311157006	Green x Mathys	Green	Mathys	225
Micro-PVM_2	glia	TLP004524	2.3902588667343863	2.535762265260784	Green x Mathys	Green	Mathys	225
Micro-PVM_2	glia	TLP004525	3.1106376523676103	3.1276793552333237	Green x Mathys	Green	Mathys	225
Micro-PVM_2	glia	TLP004533	2.843991838104971	3.0629285980230274	Green x Mathys	Green	Mathys	225
Micro-PVM_2	glia	TLP004534	1.8795795163943994	-0.8740824948349983	Green x Mathys	Green	Mathys	225
Micro-PVM_2	glia	TLP004535	2.7193669881806706	2.409161959950496	Green x Mathys	Green	Mathys	225
Micro-PVM_2	glia	TLP004538	-1.14841097478096	1.6516609411442746	Green x Mathys	Green	Mathys	225
Micro-PVM_2	glia	TLP004543	2.929963773714895	3.135019308688677	Green x Mathys	Green	Mathys	225
Micro-PVM_2	glia	TLP004544	3.3184740906795245	3.3432379404321053	Green x Mathys	Green	Mathys	225
Micro-PVM_2	glia	TLP004550	2.7026054679706655	1.2583673112090894	Green x Mathys	Green	Mathys	225
Micro-PVM_2	glia	TLP004551	-0.2839213291486389	1.9125878138820869	Green x Mathys	Green	Mathys	225
Micro-PVM_2	glia	TLP004553	2.682092354159586	2.9025540407946644	Green x Mathys	Green	Mathys	225
Micro-PVM_2	glia	TLP004557	1.9617624907721023	1.4585604710023183	Green x Mathys	Green	Mathys	225
Micro-PVM_2	glia	TLP004560	2.9296891815950987	2.9518956037743376	Green x Mathys	Green	Mathys	225
Micro-PVM_2	glia	TLP004563	2.481124504278797	2.6136320546391874	Green x Mathys	Green	Mathys	225
Micro-PVM_2	glia	TLP004564	2.613370922875514	3.1914025483949753	Green x Mathys	Green	Mathys	225
Micro-PVM_2	glia	TLP004565	2.7119976376979475	2.4991441107364967	Green x Mathys	Green	Mathys	225
Micro-PVM_2	glia	TLP004566	3.215228588761398	2.9319225422979374	Green x Mathys	Green	Mathys	225
Micro-PVM_2	glia	TLP004568	3.0787822453373006	2.086351411722292	Green x Mathys	Green	Mathys	225
Micro-PVM_2	glia	TLP004571	3.0738664016396195	1.4209370457834978	Green x Mathys	Green	Mathys	225
Micro-PVM_2	glia	TLP004575	2.141660227783289	2.993596544410294	Green x Mathys	Green	Mathys	225
Micro-PVM_2	glia	TLP004577	3.017601963888308	3.1656072438349656	Green x Mathys	Green	Mathys	225
Micro-PVM_2	glia	TLP004581	1.5698703589408538	2.5799120445681427	Green x Mathys	Green	Mathys	225
Micro-PVM_2	glia	TLP004582	2.952195408709517	3.060171583220798	Green x Mathys	Green	Mathys	225
Micro-PVM_2	glia	TLP004586	3.402988444504893	3.4825334697437116	Green x Mathys	Green	Mathys	225
Micro-PVM_2	glia	TLP004595	3.22531786899836	2.492883373806027	Green x Mathys	Green	Mathys	225
Micro-PVM_2	glia	TLP004599	1.9997208850890762	2.280737621427599	Green x Mathys	Green	Mathys	225
Micro-PVM_2	glia	TLP004606	2.367156353921124	2.2904663379614036	Green x Mathys	Green	Mathys	225
Micro-PVM_2	glia	TLP004608	1.8768054455247904	-1.3014757461604853	Green x Mathys	Green	Mathys	225
Micro-PVM_2	glia	TLP004616	2.8987314779467988	2.5338008650174757	Green x Mathys	Green	Mathys	225
Micro-PVM_2	glia	TLP004619	3.081938725993129	3.13459584649549	Green x Mathys	Green	Mathys	225
Micro-PVM_2	glia	TLP004622	3.184523088874435	3.1118824708071826	Green x Mathys	Green	Mathys	225
Micro-PVM_2	glia	TLP004623	3.7577672864385505	2.137035793674059	Green x Mathys	Green	Mathys	225
Micro-PVM_2	glia	TLP004626	1.4495653026077213	2.690263278870742	Green x Mathys	Green	Mathys	225
Micro-PVM_2	glia	TLP004627	3.2786913602830703	2.5568100190628837	Green x Mathys	Green	Mathys	225
Micro-PVM_2	glia	TLP004629	2.784717074921701	2.5878696154806207	Green x Mathys	Green	Mathys	225
Micro-PVM_2	glia	TLP004631	3.4258600633795417	2.981250100318503	Green x Mathys	Green	Mathys	225
Micro-PVM_2	glia	TLP004634	2.5646179378654312	2.166990273712461	Green x Mathys	Green	Mathys	225
Micro-PVM_2	glia	TLP004638	2.162696337415484	-1.1757593583780812	Green x Mathys	Green	Mathys	225
Micro-PVM_2	glia	TLP004639	2.770529799802432	3.132148224151944	Green x Mathys	Green	Mathys	225
Micro-PVM_2	glia	TLP004643	2.5212745106378742	2.8192975109580223	Green x Mathys	Green	Mathys	225
Micro-PVM_2	glia	TLP004645	3.3401382169857015	3.327701471517641	Green x Mathys	Green	Mathys	225
Micro-PVM_2	glia	TLP004646	3.5704641870543767	-0.5737634953137665	Green x Mathys	Green	Mathys	225
Micro-PVM_2	glia	TLP004647	2.617648611402497	2.444817864540651	Green x Mathys	Green	Mathys	225
Micro-PVM_2	glia	TLP004653	2.720735805755096	2.6321800924421295	Green x Mathys	Green	Mathys	225
Micro-PVM_2	glia	TLP004654	2.362445929703907	3.407640793450564	Green x Mathys	Green	Mathys	225
Micro-PVM_2	glia	TLP004657	2.6111360644894317	2.8808524977239722	Green x Mathys	Green	Mathys	225
Micro-PVM_2	glia	TLP004658	2.361906251533685	-0.7142671133900498	Green x Mathys	Green	Mathys	225
Micro-PVM_2	glia	TLP004660	2.5582966410615917	1.7849541533183442	Green x Mathys	Green	Mathys	225
Micro-PVM_2	glia	TLP004661	3.112442463663624	3.4818276474178425	Green x Mathys	Green	Mathys	225
Micro-PVM_2	glia	TLP004666	2.559735848134246	2.481128264156161	Green x Mathys	Green	Mathys	225
Micro-PVM_2	glia	TLP004668	2.8244043243734334	0.38813459899097325	Green x Mathys	Green	Mathys	225
Micro-PVM_2	glia	TLP004669	2.2233503714749667	2.2015962994974494	Green x Mathys	Green	Mathys	225
Micro-PVM_2	glia	TLP004671	3.5781137717175113	2.3989913048224296	Green x Mathys	Green	Mathys	225
Micro-PVM_2	glia	TLP004672	3.1926342770474467	2.588625586432216	Green x Mathys	Green	Mathys	225
Micro-PVM_2	glia	TLP004674	3.3327381874281667	3.672849030439333	Green x Mathys	Green	Mathys	225
Micro-PVM_2	glia	TLP004676	2.672738757008635	2.5533247441567863	Green x Mathys	Green	Mathys	225
Micro-PVM_2	glia	TLP004682	3.1002835185800035	3.2881200838260516	Green x Mathys	Green	Mathys	225
Micro-PVM_2	glia	TLP004685	2.8637767024278977	1.5251911154439988	Green x Mathys	Green	Mathys	225
Micro-PVM_2	glia	TLP004686	2.7111864642951344	3.2838728336885907	Green x Mathys	Green	Mathys	225
Micro-PVM_2	glia	TLP004689	3.120955942093602	1.6223667370199069	Green x Mathys	Green	Mathys	225
Micro-PVM_2	glia	TLP004690	1.4304666455014496	1.7203501680999755	Green x Mathys	Green	Mathys	225
Micro-PVM_2	glia	TLP004693	2.979969473265993	2.86512056103571	Green x Mathys	Green	Mathys	225
Micro-PVM_2	glia	TLP004703	2.3273346791445	2.1761040469034074	Green x Mathys	Green	Mathys	225
Micro-PVM_2	glia	TLP004706	3.1926827765069907	3.579599963847417	Green x Mathys	Green	Mathys	225
Micro-PVM_2	glia	TLP004710	1.4953701700754296	2.050870015990142	Green x Mathys	Green	Mathys	225
Micro-PVM_2	glia	TLP004716	3.8123853423263316	3.486356343599488	Green x Mathys	Green	Mathys	225
Micro-PVM_2	glia	TLP004717	1.995615237892634	2.8948882712531496	Green x Mathys	Green	Mathys	225
Micro-PVM_2	glia	TLP004729	2.937404529455234	2.7929203263272364	Green x Mathys	Green	Mathys	225
Micro-PVM_2	glia	TLP004734	2.900608334556003	2.270438607806358	Green x Mathys	Green	Mathys	225
Micro-PVM_2	glia	TLP004738	1.3777818496085765	2.242666357738343	Green x Mathys	Green	Mathys	225
Micro-PVM_2	glia	TLP004742	2.997329729442673	3.4494170004396234	Green x Mathys	Green	Mathys	225
Micro-PVM_2	glia	TLP004744	3.036273968495214	-0.057479925444075874	Green x Mathys	Green	Mathys	225
Micro-PVM_2	glia	TLP004751	3.514733087474992	3.4291932142856503	Green x Mathys	Green	Mathys	225
Micro-PVM_2	glia	TLP004755	2.8345753484457625	3.2098591870711375	Green x Mathys	Green	Mathys	225
Micro-PVM_2	glia	TLP004756	1.9634973844276873	1.9650814995734844	Green x Mathys	Green	Mathys	225
Micro-PVM_2	glia	TLP004759	3.8461929804559816	3.7246564840643117	Green x Mathys	Green	Mathys	225
Micro-PVM_2	glia	TLP004760	2.6918649479073875	2.806902391649737	Green x Mathys	Green	Mathys	225
Micro-PVM_2	glia	TLP004763	3.3321925482361876	3.0331016738918968	Green x Mathys	Green	Mathys	225
Micro-PVM_2	glia	TLP004771	1.795076762598058	1.9722357924261336	Green x Mathys	Green	Mathys	225
Micro-PVM_2	glia	TLP004777	3.0902053506586022	3.5165689149357306	Green x Mathys	Green	Mathys	225
Micro-PVM_2	glia	TLP004782	2.8501139766405794	0.5622713882489405	Green x Mathys	Green	Mathys	225
Micro-PVM_2	glia	TLP004784	3.1064474624181644	2.7393473846229366	Green x Mathys	Green	Mathys	225
Micro-PVM_2	glia	TLP004785	2.917665030934072	2.7500998517352464	Green x Mathys	Green	Mathys	225
Micro-PVM_2	glia	TLP004786	3.194351339851123	3.014534193490155	Green x Mathys	Green	Mathys	225
Micro-PVM_2	glia	TLP004788	3.566986748436911	3.369606573206259	Green x Mathys	Green	Mathys	225
Micro-PVM_2	glia	TLP004793	1.046420927305789	3.1306371384638085	Green x Mathys	Green	Mathys	225
Micro-PVM_2	glia	TLP004796	1.9214027826914468	1.7948228787871168	Green x Mathys	Green	Mathys	225
Micro-PVM_2	glia	TLP004801	3.046582633251272	2.7152029834855727	Green x Mathys	Green	Mathys	225
Micro-PVM_2	glia	TLP004805	3.079033657594118	2.577684788057517	Green x Mathys	Green	Mathys	225
Micro-PVM_2	glia	TLP004811	3.0556842915408566	1.7778367901344243	Green x Mathys	Green	Mathys	225
Micro-PVM_2	glia	TLP004813	2.6171825588414537	2.615115636376073	Green x Mathys	Green	Mathys	225
Micro-PVM_2	glia	TLP004814	2.574102418904055	2.4083669186958354	Green x Mathys	Green	Mathys	225
Micro-PVM_2	glia	TLP004816	2.4383216189776675	2.464593824354667	Green x Mathys	Green	Mathys	225
Micro-PVM_2	glia	TLP004825	3.4454728008345	2.765455448543052	Green x Mathys	Green	Mathys	225
Micro-PVM_2	glia	TLP004828	3.1240738789364073	3.398950313466545	Green x Mathys	Green	Mathys	225
Micro-PVM_2	glia	TLP004832	3.2217233928736984	3.183030727296298	Green x Mathys	Green	Mathys	225
Micro-PVM_2	glia	TLP004837	3.2204033547671007	0.1780738692289594	Green x Mathys	Green	Mathys	225
Micro-PVM_2	glia	TLP004844	3.099302923900792	2.671334329786828	Green x Mathys	Green	Mathys	225
Micro-PVM_2	glia	TLP004845	3.3931378141992785	2.5549060792668663	Green x Mathys	Green	Mathys	225
Micro-PVM_2	glia	TLP004850	-0.07847230633343694	1.467152838144254	Green x Mathys	Green	Mathys	225
Micro-PVM_2	glia	TLP004851	0.590727086953104	2.933866657407985	Green x Mathys	Green	Mathys	225
Micro-PVM_2	glia	TLP004853	2.803418742100392	-0.8288952252110358	Green x Mathys	Green	Mathys	225
Micro-PVM_2	glia	TLP004856	3.0284414068489376	3.353524505519461	Green x Mathys	Green	Mathys	225
Micro-PVM_2	glia	TLP004857	1.8362840463109023	1.9896010558566117	Green x Mathys	Green	Mathys	225
Micro-PVM_2	glia	TLP004860	3.5271389115463747	3.6823984240715593	Green x Mathys	Green	Mathys	225
Micro-PVM_2	glia	TLP004861	2.049064767229244	1.8076056883975085	Green x Mathys	Green	Mathys	225
Micro-PVM_2	glia	TLP004862	2.983326092825366	2.9177911320989063	Green x Mathys	Green	Mathys	225
Micro-PVM_2	glia	TLP004864	3.0278252940729735	3.5469172493874446	Green x Mathys	Green	Mathys	225
Micro-PVM_2	glia	TLP004865	3.133608824546278	3.079669579386246	Green x Mathys	Green	Mathys	225
Micro-PVM_2	glia	TLP004866	3.3796937749944016	3.7499424542147723	Green x Mathys	Green	Mathys	225
Micro-PVM_2	glia	TLP004867	2.4036655178618362	1.8229822047540347	Green x Mathys	Green	Mathys	225
Micro-PVM_2	glia	TLP004872	2.449005232581843	3.237350871003389	Green x Mathys	Green	Mathys	225
Micro-PVM_2	glia	TLP004879	2.2637695774148114	-0.6546834636200396	Green x Mathys	Green	Mathys	225
Micro-PVM_2	glia	TLP004882	3.22473860201466	3.1604955221777242	Green x Mathys	Green	Mathys	225
Micro-PVM_2	glia	TLP004887	2.2783383792046967	2.0818532702835393	Green x Mathys	Green	Mathys	225
Micro-PVM_2	glia	TLP004889	2.568560162427908	2.59193963411749	Green x Mathys	Green	Mathys	225
Micro-PVM_2	glia	TLP004896	1.919871753704712	1.2977371559196005	Green x Mathys	Green	Mathys	225
Micro-PVM_2	glia	TLP004898	2.9812785449288897	3.553278329136273	Green x Mathys	Green	Mathys	225
Micro-PVM_2	glia	TLP004901	1.7175221794489524	1.4728848102776797	Green x Mathys	Green	Mathys	225
Micro-PVM_2	glia	TLP004902	2.7242331201538637	2.739770345734882	Green x Mathys	Green	Mathys	225
Micro-PVM_2	glia	TLP004908	2.1451784089988246	2.3954008531341935	Green x Mathys	Green	Mathys	225
Micro-PVM_2	glia	TLP004914	2.8175005840884024	2.6305288230647483	Green x Mathys	Green	Mathys	225
Micro-PVM_2	glia	TLP004916	3.4725384805165684	2.8135584623237557	Green x Mathys	Green	Mathys	225
Micro-PVM_2	glia	TLP004920	2.7713162976206	2.299504239978808	Green x Mathys	Green	Mathys	225
Micro-PVM_2	glia	TLP004923	3.575683979637471	3.5252176719265362	Green x Mathys	Green	Mathys	225
Micro-PVM_2	glia	TLP004928	-0.3324257392969665	0.47148029771753386	Green x Mathys	Green	Mathys	225
Micro-PVM_2	glia	TLP004933	3.4770004402875907	2.962693352073563	Green x Mathys	Green	Mathys	225
Micro-PVM_2	glia	TLP004934	2.6384952872647682	2.5548277445074103	Green x Mathys	Green	Mathys	225
Micro-PVM_2	glia	TLP004935	2.8371929842859815	3.09606123130236	Green x Mathys	Green	Mathys	225
Micro-PVM_2	glia	TLP004937	-0.3113165495194581	3.2722398221750253	Green x Mathys	Green	Mathys	225
Micro-PVM_2	glia	TLP004938	2.0473634484419874	2.3129301397935347	Green x Mathys	Green	Mathys	225
Micro-PVM_2	glia	TLP004940	2.8611199572826402	3.074820280308121	Green x Mathys	Green	Mathys	225
Micro-PVM_2	glia	TLP004941	3.434574152942606	1.8242610517810478	Green x Mathys	Green	Mathys	225
Micro-PVM_2	glia	TLP004942	3.065744015673401	3.097065417720891	Green x Mathys	Green	Mathys	225
Micro-PVM_2	glia	TLP004943	2.6676691468116918	3.052480046559541	Green x Mathys	Green	Mathys	225
Micro-PVM_2	glia	TLP004946	3.144481973392876	2.9558143116082345	Green x Mathys	Green	Mathys	225
Micro-PVM_2	glia	TLP004947	1.9944373839883491	2.36107307389026	Green x Mathys	Green	Mathys	225
Micro-PVM_2	glia	TLP004984	2.1651406491336234	2.9205322194726606	Green x Mathys	Green	Mathys	225
Micro-PVM_2	glia	TLP004995	2.439911416363602	0.9708369147524492	Green x Mathys	Green	Mathys	225
Micro-PVM_2	glia	TLP004996	2.689900035264438	3.2582279633215427	Green x Mathys	Green	Mathys	225
Micro-PVM_2	glia	TLP005002	3.477907119512436	1.858802131322991	Green x Mathys	Green	Mathys	225
Micro-PVM_2	glia	TLP005005	2.630969139935611	2.8689591482639685	Green x Mathys	Green	Mathys	225
Micro-PVM_2	glia	TLP005006	3.482704646379821	2.8610377351369936	Green x Mathys	Green	Mathys	225
Micro-PVM_2	glia	TLP005013	2.379723150840241	3.2715714997603427	Green x Mathys	Green	Mathys	225
Micro-PVM_2	glia	TLP005014	3.5332347609813843	3.2872737495679054	Green x Mathys	Green	Mathys	225
Micro-PVM_2	glia	TLP005020	2.502361595248443	-0.5048328476317492	Green x Mathys	Green	Mathys	225
Micro-PVM_2	glia	TLP005021	2.7425643836741163	2.4742343408906167	Green x Mathys	Green	Mathys	225
Micro-PVM_2	glia	TLP005025	3.461450531238022	2.8774024501315254	Green x Mathys	Green	Mathys	225
Micro-PVM_2	glia	TLP005035	2.8493424529767295	3.2838581243732508	Green x Mathys	Green	Mathys	225
Micro-PVM_2	glia	TLP005036	3.195495857388347	3.3217789201917762	Green x Mathys	Green	Mathys	225
Micro-PVM_2	glia	TLP005038	3.132036766801666	2.8720298284813564	Green x Mathys	Green	Mathys	225
Micro-PVM_2	glia	TLP005040	2.1592956555278744	1.3093930102269224	Green x Mathys	Green	Mathys	225
Micro-PVM_2	glia	TLP005043	1.9109018370152313	2.763820724846676	Green x Mathys	Green	Mathys	225
Micro-PVM_2	glia	TLP005046	1.0369009213913225	2.17501640187316	Green x Mathys	Green	Mathys	225
Micro-PVM_2	glia	TLP005047	2.508118218104123	2.155780129328973	Green x Mathys	Green	Mathys	225
Micro-PVM_2	glia	TLP005057	3.410364658366057	2.6839074843350494	Green x Mathys	Green	Mathys	225
Micro-PVM_2	glia	TLP005060	2.1558088337555423	2.009890228327273	Green x Mathys	Green	Mathys	225
Micro-PVM_2	glia	TLP005064	2.784228213500495	0.1667472481425989	Green x Mathys	Green	Mathys	225
Micro-PVM_2	glia	TLP005065	2.530095561140933	2.9350893118540227	Green x Mathys	Green	Mathys	225
Micro-PVM_2	glia	TLP005068	2.9049726605576534	2.576676399654157	Green x Mathys	Green	Mathys	225
Micro-PVM_2	glia	TLP005087	3.6761054120022862	3.5405471194298235	Green x Mathys	Green	Mathys	225
Micro-PVM_2	glia	TLP005089	3.2485352862340275	2.9480672455676022	Green x Mathys	Green	Mathys	225
Micro-PVM_2	glia	TLP005096	3.2622589438750906	3.5284791681698993	Green x Mathys	Green	Mathys	225
Micro-PVM_2	glia	TLP005110	2.979300588738401	2.514915589846989	Green x Mathys	Green	Mathys	225
Micro-PVM_2	glia	TLP005111	2.050535770819581	2.20776404490465	Green x Mathys	Green	Mathys	225
Micro-PVM_2	glia	TLP005118	2.6118186002625654	3.1986268498755126	Green x Mathys	Green	Mathys	225
Micro-PVM_2	glia	TLP005121	1.0611893475739604	1.9490597378355496	Green x Mathys	Green	Mathys	225
Micro-PVM_2	glia	TLP005135	3.384941708497801	2.197354300207665	Green x Mathys	Green	Mathys	225
Micro-PVM_2	glia	TLP005143	3.6218951360266294	2.360550470796306	Green x Mathys	Green	Mathys	225
Micro-PVM_2	glia	TLP005146	2.553654122660127	2.585580539609317	Green x Mathys	Green	Mathys	225
Micro-PVM_2	glia	TLP005147	3.2983005243220593	3.7490852151603633	Green x Mathys	Green	Mathys	225
Micro-PVM_2	glia	TLP005149	2.8410171972271105	0.15126019131337554	Green x Mathys	Green	Mathys	225
Micro-PVM_2	glia	TLP005150	2.481628170845441	2.8198954958142584	Green x Mathys	Green	Mathys	225
Micro-PVM_2	glia	TLP005154	-1.0785152153032866	1.5660607120434102	Green x Mathys	Green	Mathys	225
Micro-PVM_2	glia	TLP005157	3.2232233555745378	3.227543501570252	Green x Mathys	Green	Mathys	225
Micro-PVM_2	glia	TLP005159	2.28984662730758	1.3015815474369004	Green x Mathys	Green	Mathys	225
Micro-PVM_2	glia	TLP005839	2.5375976243003993	2.9757745374399485	Green x Mathys	Green	Mathys	225
Micro-PVM_2	glia	TLP005854	2.9099293066007754	2.662882441764732	Green x Mathys	Green	Mathys	225
Micro-PVM_2	glia	TLP005879	1.7150472546706474	1.725078112290979	Green x Mathys	Green	Mathys	225
Micro-PVM_2	glia	TLP005891	3.0873853588287243	1.4578326010603058	Green x Mathys	Green	Mathys	225
Micro-PVM_2	glia	TLP005918	2.8083481320110746	2.6228515043084033	Green x Mathys	Green	Mathys	225
Micro-PVM_2	glia	TLP005943	3.281768247253728	3.014556620700917	Green x Mathys	Green	Mathys	225
Micro-PVM_2	glia	TLP005946	2.8458168692550845	2.681704093289604	Green x Mathys	Green	Mathys	225
Sst_25	neu	TLP004225	1.7553921004023962	-0.3372068887392672	Green x Multiome 2025	Green	Multiome 2025	105
Sst_25	neu	TLP004228	-1.1267070372862964	-2.28901212007942	Green x Multiome 2025	Green	Multiome 2025	105
Sst_25	neu	TLP004231	-0.8109423639412849	-0.4653690338207257	Green x Multiome 2025	Green	Multiome 2025	105
Sst_25	neu	TLP004238	0.44439494831236015	-0.9662212879570049	Green x Multiome 2025	Green	Multiome 2025	105
Sst_25	neu	TLP004251	0.7921923675692852	-0.3399920717717908	Green x Multiome 2025	Green	Multiome 2025	105
Sst_25	neu	TLP004266	1.2718297650031758	-1.145357242456674	Green x Multiome 2025	Green	Multiome 2025	105
Sst_25	neu	TLP004271	0.819449840027028	-0.2953373401478645	Green x Multiome 2025	Green	Multiome 2025	105
Sst_25	neu	TLP004281	-0.08707339673549175	-1.5008531659723632	Green x Multiome 2025	Green	Multiome 2025	105
Sst_25	neu	TLP004305	-0.9708644188190938	-1.1131684934619441	Green x Multiome 2025	Green	Multiome 2025	105
Sst_25	neu	TLP004318	1.0443715107188147	0.5544129626583265	Green x Multiome 2025	Green	Multiome 2025	105
Sst_25	neu	TLP004321	0.3713139621320245	-0.10559457899854063	Green x Multiome 2025	Green	Multiome 2025	105
Sst_25	neu	TLP004322	-0.3672387728707589	-0.9394978761627168	Green x Multiome 2025	Green	Multiome 2025	105
Sst_25	neu	TLP004325	0.5594484829821189	0.6974742151597493	Green x Multiome 2025	Green	Multiome 2025	105
Sst_25	neu	TLP004371	0.32250247534856946	-2.239514436055283	Green x Multiome 2025	Green	Multiome 2025	105
Sst_25	neu	TLP004401	-2.4816357134484326	-0.5713841416433905	Green x Multiome 2025	Green	Multiome 2025	105
Sst_25	neu	TLP004415	-1.3203601579718054	-0.7796957241342906	Green x Multiome 2025	Green	Multiome 2025	105
Sst_25	neu	TLP004435	1.502049637492779	-0.993331008575681	Green x Multiome 2025	Green	Multiome 2025	105
Sst_25	neu	TLP004444	-0.08965914936840846	-1.8806877290270387	Green x Multiome 2025	Green	Multiome 2025	105
Sst_25	neu	TLP004459	0.09672490928723221	-0.5220568915511015	Green x Multiome 2025	Green	Multiome 2025	105
Sst_25	neu	TLP004460	-0.44182647841341893	-1.6544155218250447	Green x Multiome 2025	Green	Multiome 2025	105
Sst_25	neu	TLP004467	-1.3254899092876604	-0.7836709957084009	Green x Multiome 2025	Green	Multiome 2025	105
Sst_25	neu	TLP004474	0.7507294741153094	-1.0425064118485317	Green x Multiome 2025	Green	Multiome 2025	105
Sst_25	neu	TLP004479	0.9405179897862945	-0.18650382949107414	Green x Multiome 2025	Green	Multiome 2025	105
Sst_25	neu	TLP004482	0.8118826052688188	-1.4920498821586925	Green x Multiome 2025	Green	Multiome 2025	105
Sst_25	neu	TLP004490	-0.4030311139128173	-0.1881272532270355	Green x Multiome 2025	Green	Multiome 2025	105
Sst_25	neu	TLP004509	0.41643239683126243	-2.1695013755819073	Green x Multiome 2025	Green	Multiome 2025	105
Sst_25	neu	TLP004533	0.7451404461900486	-0.20566951050398607	Green x Multiome 2025	Green	Multiome 2025	105
Sst_25	neu	TLP004543	-1.250965843160345	-1.304278607637685	Green x Multiome 2025	Green	Multiome 2025	105
Sst_25	neu	TLP004551	-0.7529670152250532	-2.1467893923111827	Green x Multiome 2025	Green	Multiome 2025	105
Sst_25	neu	TLP004563	0.11536384042091097	-2.0349239649217203	Green x Multiome 2025	Green	Multiome 2025	105
Sst_25	neu	TLP004574	-1.350122098736895	-0.20119102824350765	Green x Multiome 2025	Green	Multiome 2025	105
Sst_25	neu	TLP004578	-0.10496087438687152	0.6949978670842825	Green x Multiome 2025	Green	Multiome 2025	105
Sst_25	neu	TLP004582	0.8671308415850474	-0.3982507950630927	Green x Multiome 2025	Green	Multiome 2025	105
Sst_25	neu	TLP004591	-1.1250848118104706	-0.9775563228809521	Green x Multiome 2025	Green	Multiome 2025	105
Sst_25	neu	TLP004595	0.31755909718321274	1.1983229730743217	Green x Multiome 2025	Green	Multiome 2025	105
Sst_25	neu	TLP004599	-2.052457537614414	-0.8029769023598332	Green x Multiome 2025	Green	Multiome 2025	105
Sst_25	neu	TLP004600	-0.6920858407760218	-0.9094813157472723	Green x Multiome 2025	Green	Multiome 2025	105
Sst_25	neu	TLP004610	-1.988632991296913	-2.649730878352771	Green x Multiome 2025	Green	Multiome 2025	105
Sst_25	neu	TLP004611	-0.07170946195304584	-1.797704963010096	Green x Multiome 2025	Green	Multiome 2025	105
Sst_25	neu	TLP004616	0.4803002941883632	0.9297989173481191	Green x Multiome 2025	Green	Multiome 2025	105
Sst_25	neu	TLP004619	0.6515790805720583	0.20487196827205967	Green x Multiome 2025	Green	Multiome 2025	105
Sst_25	neu	TLP004622	-0.3588071026251347	-2.3548469863423787	Green x Multiome 2025	Green	Multiome 2025	105
Sst_25	neu	TLP004646	1.3505900675530036	0.17539743999168422	Green x Multiome 2025	Green	Multiome 2025	105
Sst_25	neu	TLP004647	0.7324665756406068	0.8274302064291623	Green x Multiome 2025	Green	Multiome 2025	105
Sst_25	neu	TLP004660	-0.6087641584805228	-0.632278272321118	Green x Multiome 2025	Green	Multiome 2025	105
Sst_25	neu	TLP004663	0.9700492048615024	1.4645088894549092	Green x Multiome 2025	Green	Multiome 2025	105
Sst_25	neu	TLP004674	0.9392792910547811	0.6441383008859978	Green x Multiome 2025	Green	Multiome 2025	105
Sst_25	neu	TLP004675	0.1932820735859071	-2.1899428667761036	Green x Multiome 2025	Green	Multiome 2025	105
Sst_25	neu	TLP004682	-0.11406881318579742	-0.13421120747309345	Green x Multiome 2025	Green	Multiome 2025	105
Sst_25	neu	TLP004685	0.16384769062938087	-1.90868882392141	Green x Multiome 2025	Green	Multiome 2025	105
Sst_25	neu	TLP004703	-0.03312204224484283	0.22934381883575838	Green x Multiome 2025	Green	Multiome 2025	105
Sst_25	neu	TLP004707	-0.0025395486653385646	-2.2766137242356717	Green x Multiome 2025	Green	Multiome 2025	105
Sst_25	neu	TLP004717	-0.6112403281711885	0.6942409274759314	Green x Multiome 2025	Green	Multiome 2025	105
Sst_25	neu	TLP004719	-0.36393587792121984	-1.1339920355489461	Green x Multiome 2025	Green	Multiome 2025	105
Sst_25	neu	TLP004727	-1.8829750253589008	-1.962282291601217	Green x Multiome 2025	Green	Multiome 2025	105
Sst_25	neu	TLP004732	0.49336245765336084	0.7023112866229066	Green x Multiome 2025	Green	Multiome 2025	105
Sst_25	neu	TLP004735	-0.9582416392115158	0.18557850079748217	Green x Multiome 2025	Green	Multiome 2025	105
Sst_25	neu	TLP004740	-0.691243902844124	-1.0864173797294558	Green x Multiome 2025	Green	Multiome 2025	105
Sst_25	neu	TLP004741	0.18246080211612004	-1.2035522339129345	Green x Multiome 2025	Green	Multiome 2025	105
Sst_25	neu	TLP004744	-0.25123368729709306	-0.7797215525983514	Green x Multiome 2025	Green	Multiome 2025	105
Sst_25	neu	TLP004749	0.4255401851652145	0.17569604505404346	Green x Multiome 2025	Green	Multiome 2025	105
Sst_25	neu	TLP004751	0.36258977310830076	-0.8153713037713031	Green x Multiome 2025	Green	Multiome 2025	105
Sst_25	neu	TLP004763	-0.2852707372196992	-0.9327537034425157	Green x Multiome 2025	Green	Multiome 2025	105
Sst_25	neu	TLP004764	-0.48040732847842005	-1.7940435730105841	Green x Multiome 2025	Green	Multiome 2025	105
Sst_25	neu	TLP004771	-0.3211359571116521	-1.8250111155237558	Green x Multiome 2025	Green	Multiome 2025	105
Sst_25	neu	TLP004778	-1.516960550402481	-2.451531609154518	Green x Multiome 2025	Green	Multiome 2025	105
Sst_25	neu	TLP004779	-0.49320124588518155	-1.3519909044717835	Green x Multiome 2025	Green	Multiome 2025	105
Sst_25	neu	TLP004788	0.41243000657305817	-0.04598411774561395	Green x Multiome 2025	Green	Multiome 2025	105
Sst_25	neu	TLP004794	-0.42594748306476315	-1.7346282938096316	Green x Multiome 2025	Green	Multiome 2025	105
Sst_25	neu	TLP004814	1.352036787508899	-1.2115256356656232	Green x Multiome 2025	Green	Multiome 2025	105
Sst_25	neu	TLP004845	0.6978569466658806	-0.7948263782794527	Green x Multiome 2025	Green	Multiome 2025	105
Sst_25	neu	TLP004851	-0.7643869730932851	0.9780046156502422	Green x Multiome 2025	Green	Multiome 2025	105
Sst_25	neu	TLP004855	1.4775799288260725	0.2610051252939778	Green x Multiome 2025	Green	Multiome 2025	105
Sst_25	neu	TLP004857	0.9050741761479335	0.042010836408501895	Green x Multiome 2025	Green	Multiome 2025	105
Sst_25	neu	TLP004866	-0.8495539537940973	-2.2061488467859727	Green x Multiome 2025	Green	Multiome 2025	105
Sst_25	neu	TLP004879	1.065608942117052	0.6288628003694523	Green x Multiome 2025	Green	Multiome 2025	105
Sst_25	neu	TLP004889	-0.6643009544565706	0.23703140298930947	Green x Multiome 2025	Green	Multiome 2025	105
Sst_25	neu	TLP004916	1.6609812176307814	-2.3740502880506016	Green x Multiome 2025	Green	Multiome 2025	105
Sst_25	neu	TLP004935	-1.3609874075442843	-2.532757687311049	Green x Multiome 2025	Green	Multiome 2025	105
Sst_25	neu	TLP004948	-0.13393162742183495	-1.62460072994166	Green x Multiome 2025	Green	Multiome 2025	105
Sst_25	neu	TLP004963	-0.08851641800382826	-0.34602534817895947	Green x Multiome 2025	Green	Multiome 2025	105
Sst_25	neu	TLP004977	0.8587203121427942	0.2260871565335787	Green x Multiome 2025	Green	Multiome 2025	105
Sst_25	neu	TLP004984	-0.8436940994607047	-0.828439136494806	Green x Multiome 2025	Green	Multiome 2025	105
Sst_25	neu	TLP004996	1.9477801158017334	0.58765263416403	Green x Multiome 2025	Green	Multiome 2025	105
Sst_25	neu	TLP004998	-0.3016162448087396	-0.017560880116187505	Green x Multiome 2025	Green	Multiome 2025	105
Sst_25	neu	TLP005001	-0.8181423058059893	-2.1095153067749965	Green x Multiome 2025	Green	Multiome 2025	105
Sst_25	neu	TLP005002	0.7541937090399644	0.8331482862425821	Green x Multiome 2025	Green	Multiome 2025	105
Sst_25	neu	TLP005006	-0.6092615705904008	-2.941655748534731	Green x Multiome 2025	Green	Multiome 2025	105
Sst_25	neu	TLP005013	-1.3590785489262798	-1.274388211011277	Green x Multiome 2025	Green	Multiome 2025	105
Sst_25	neu	TLP005014	0.8131607897956741	-0.7745860448859663	Green x Multiome 2025	Green	Multiome 2025	105
Sst_25	neu	TLP005020	0.48022938554567585	-2.3022364109506244	Green x Multiome 2025	Green	Multiome 2025	105
Sst_25	neu	TLP005021	0.9144176672870978	-1.1693772012920887	Green x Multiome 2025	Green	Multiome 2025	105
Sst_25	neu	TLP005025	-2.7584148830042254	-0.6064678100086258	Green x Multiome 2025	Green	Multiome 2025	105
Sst_25	neu	TLP005036	-1.7561692110194267	-0.3716477323215903	Green x Multiome 2025	Green	Multiome 2025	105
Sst_25	neu	TLP005047	1.383651091679173	-1.0645309047687865	Green x Multiome 2025	Green	Multiome 2025	105
Sst_25	neu	TLP005065	0.5974301118423391	0.10949407262191535	Green x Multiome 2025	Green	Multiome 2025	105
Sst_25	neu	TLP005075	-0.3252718110110635	-2.4457842719527747	Green x Multiome 2025	Green	Multiome 2025	105
Sst_25	neu	TLP005084	-0.9665947465246214	-0.788139874123778	Green x Multiome 2025	Green	Multiome 2025	105
Sst_25	neu	TLP005092	0.6281839781763674	-0.22150460447335174	Green x Multiome 2025	Green	Multiome 2025	105
Sst_25	neu	TLP005099	-1.0093108828382462	-2.4172591465606788	Green x Multiome 2025	Green	Multiome 2025	105
Sst_25	neu	TLP005102	-2.0196011435300125	0.12018373073463451	Green x Multiome 2025	Green	Multiome 2025	105
Sst_25	neu	TLP005115	0.48067623462405606	-0.48217276872209514	Green x Multiome 2025	Green	Multiome 2025	105
Sst_25	neu	TLP005121	0.008328781944633157	-0.8512664208964553	Green x Multiome 2025	Green	Multiome 2025	105
Sst_25	neu	TLP005828	-0.6465857312419141	-2.6008723007590397	Green x Multiome 2025	Green	Multiome 2025	105
Sst_25	neu	TLP005879	0.07021538053001297	-0.42232567685712485	Green x Multiome 2025	Green	Multiome 2025	105
Sst_3	neu	TLP004225	2.006706528683303	1.6871748757575409	Green x Multiome 2025	Green	Multiome 2025	105
Sst_3	neu	TLP004228	0.4827308751478041	1.5176503696908998	Green x Multiome 2025	Green	Multiome 2025	105
Sst_3	neu	TLP004231	1.5869529088570857	1.9913667390005778	Green x Multiome 2025	Green	Multiome 2025	105
Sst_3	neu	TLP004238	1.0321816132144797	0.33306169617325576	Green x Multiome 2025	Green	Multiome 2025	105
Sst_3	neu	TLP004251	1.5885237843644617	2.1723135522043235	Green x Multiome 2025	Green	Multiome 2025	105
Sst_3	neu	TLP004266	1.9016073316305322	1.5890102669629096	Green x Multiome 2025	Green	Multiome 2025	105
Sst_3	neu	TLP004271	2.177573324180222	1.9018872371883546	Green x Multiome 2025	Green	Multiome 2025	105
Sst_3	neu	TLP004281	1.485323244018259	1.511408409532839	Green x Multiome 2025	Green	Multiome 2025	105
Sst_3	neu	TLP004305	-0.9708644188190938	0.4962694189721564	Green x Multiome 2025	Green	Multiome 2025	105
Sst_3	neu	TLP004318	1.7546131246380599	1.7285328038345806	Green x Multiome 2025	Green	Multiome 2025	105
Sst_3	neu	TLP004321	1.4043289683143207	1.527100195599827	Green x Multiome 2025	Green	Multiome 2025	105
Sst_3	neu	TLP004322	1.9443961556432052	1.6851707160004423	Green x Multiome 2025	Green	Multiome 2025	105
Sst_3	neu	TLP004325	1.5452652775048845	2.291986477377174	Green x Multiome 2025	Green	Multiome 2025	105
Sst_3	neu	TLP004371	1.4595810448444757	1.9036202903362494	Green x Multiome 2025	Green	Multiome 2025	105
Sst_3	neu	TLP004401	0.0833136440131037	2.342518113662968	Green x Multiome 2025	Green	Multiome 2025	105
Sst_3	neu	TLP004415	0.7999033782282856	1.5085006314076557	Green x Multiome 2025	Green	Multiome 2025	105
Sst_3	neu	TLP004435	2.0004912020590475	1.463404764245623	Green x Multiome 2025	Green	Multiome 2025	105
Sst_3	neu	TLP004444	1.6080713702113698	0.6842616284344976	Green x Multiome 2025	Green	Multiome 2025	105
Sst_3	neu	TLP004459	1.3960078934174929	1.9508735671901833	Green x Multiome 2025	Green	Multiome 2025	105
Sst_3	neu	TLP004460	0.8311391973994686	0.5428090555111753	Green x Multiome 2025	Green	Multiome 2025	105
Sst_3	neu	TLP004467	1.3370979177377924	1.3479562991420053	Green x Multiome 2025	Green	Multiome 2025	105
Sst_3	neu	TLP004474	1.674988375638642	0.9034037372067818	Green x Multiome 2025	Green	Multiome 2025	105
Sst_3	neu	TLP004479	1.7555549879552763	1.1768010134041171	Green x Multiome 2025	Green	Multiome 2025	105
Sst_3	neu	TLP004482	1.7361415067921504	1.216000318943518	Green x Multiome 2025	Green	Multiome 2025	105
Sst_3	neu	TLP004490	1.5428790351424961	1.9321362829730555	Green x Multiome 2025	Green	Multiome 2025	105
Sst_3	neu	TLP004509	1.2637302572184659	1.3270061858845734	Green x Multiome 2025	Green	Multiome 2025	105
Sst_3	neu	TLP004533	1.9651135918624258	2.134655910472907	Green x Multiome 2025	Green	Multiome 2025	105
Sst_3	neu	TLP004543	0.35847206927375463	1.604442288926676	Green x Multiome 2025	Green	Multiome 2025	105
Sst_3	neu	TLP004551	0.09433084516215029	0.0504351850250373	Green x Multiome 2025	Green	Multiome 2025	105
Sst_3	neu	TLP004563	1.8408739241077652	1.8568963331889057	Green x Multiome 2025	Green	Multiome 2025	105
Sst_3	neu	TLP004574	1.4014132143050544	1.3627845101138352	Green x Multiome 2025	Green	Multiome 2025	105
Sst_3	neu	TLP004578	1.3472914545248162	2.2589734054416253	Green x Multiome 2025	Green	Multiome 2025	105
Sst_3	neu	TLP004582	1.8656596716961742	1.7667129200549052	Green x Multiome 2025	Green	Multiome 2025	105
Sst_3	neu	TLP004591	0.484353100623629	1.219668254455267	Green x Multiome 2025	Green	Multiome 2025	105
Sst_3	neu	TLP004595	1.0484466057260047	1.899909022280132	Green x Multiome 2025	Green	Multiome 2025	105
Sst_3	neu	TLP004599	-0.10654738855910129	1.1429332466954802	Green x Multiome 2025	Green	Multiome 2025	105
Sst_3	neu	TLP004600	1.776013690695597	-0.9094813157472723	Green x Multiome 2025	Green	Multiome 2025	105
Sst_3	neu	TLP004610	0.5763163661646233	1.1114692373407928	Green x Multiome 2025	Green	Multiome 2025	105
Sst_3	neu	TLP004611	1.380542866958642	2.0941153351005304	Green x Multiome 2025	Green	Multiome 2025	105
Sst_3	neu	TLP004616	1.7500608390523023	2.2186379423172973	Green x Multiome 2025	Green	Multiome 2025	105
Sst_3	neu	TLP004619	2.2221771596898945	1.7661077788882817	Green x Multiome 2025	Green	Multiome 2025	105
Sst_3	neu	TLP004622	1.4950841477099264	0.4783663577138366	Green x Multiome 2025	Green	Multiome 2025	105
Sst_3	neu	TLP004646	1.4701352182027865	1.5479616082996737	Green x Multiome 2025	Green	Multiome 2025	105
Sst_3	neu	TLP004647	1.5715676688236315	2.0338390655529794	Green x Multiome 2025	Green	Multiome 2025	105
Sst_3	neu	TLP004660	1.7891311143178479	0.4663340163469911	Green x Multiome 2025	Green	Multiome 2025	105
Sst_3	neu	TLP004663	1.4893494556184645	2.057012544235167	Green x Multiome 2025	Green	Multiome 2025	105
Sst_3	neu	TLP004674	2.140923805621126	2.4686875929370435	Green x Multiome 2025	Green	Multiome 2025	105
Sst_3	neu	TLP004675	0.9817394339501773	1.616719622994217	Green x Multiome 2025	Green	Multiome 2025	105
Sst_3	neu	TLP004682	1.5655733579215516	1.8867341275251341	Green x Multiome 2025	Green	Multiome 2025	105
Sst_3	neu	TLP004685	1.4260894030792928	1.310187000946791	Green x Multiome 2025	Green	Multiome 2025	105
Sst_3	neu	TLP004703	1.108975358363006	1.8017404595895092	Green x Multiome 2025	Green	Multiome 2025	105
Sst_3	neu	TLP004707	1.8336716831335504	0.8588804916934771	Green x Multiome 2025	Green	Multiome 2025	105
Sst_3	neu	TLP004717	1.4428834055243573	1.222308357676428	Green x Multiome 2025	Green	Multiome 2025	105
Sst_3	neu	TLP004719	1.330659842853187	0.9028898917120944	Green x Multiome 2025	Green	Multiome 2025	105
Sst_3	neu	TLP004727	0.3142495519773192	1.751289775103091	Green x Multiome 2025	Green	Multiome 2025	105
Sst_3	neu	TLP004732	1.7681043328675043	2.1619369208283468	Green x Multiome 2025	Green	Multiome 2025	105
Sst_3	neu	TLP004735	1.6705591902365535	2.0865372619905287	Green x Multiome 2025	Green	Multiome 2025	105
Sst_3	neu	TLP004740	1.4128902514260835	1.425888244246659	Green x Multiome 2025	Green	Multiome 2025	105
Sst_3	neu	TLP004741	1.617545327405443	0.9936723434232846	Green x Multiome 2025	Green	Multiome 2025	105
Sst_3	neu	TLP004744	1.5477460299044488	0.3188907360697586	Green x Multiome 2025	Green	Multiome 2025	105
Sst_3	neu	TLP004749	0.4255401851652145	1.448661720866931	Green x Multiome 2025	Green	Multiome 2025	105
Sst_3	neu	TLP004751	0.9633636335372309	1.6413644690500009	Green x Multiome 2025	Green	Multiome 2025	105
Sst_3	neu	TLP004763	1.487796598996204	1.5353458280291035	Green x Multiome 2025	Green	Multiome 2025	105
Sst_3	neu	TLP004764	1.6713548747810423	1.501793292993745	Green x Multiome 2025	Green	Multiome 2025	105
Sst_3	neu	TLP004771	1.3438718064772592	1.0082022285324612	Green x Multiome 2025	Green	Multiome 2025	105
Sst_3	neu	TLP004778	0.09247736203161949	1.3551308806158024	Green x Multiome 2025	Green	Multiome 2025	105
Sst_3	neu	TLP004779	0.8417998208471582	1.5924480746946568	Green x Multiome 2025	Green	Multiome 2025	105
Sst_3	neu	TLP004788	1.4109588366841859	1.7555315264278053	Green x Multiome 2025	Green	Multiome 2025	105
Sst_3	neu	TLP004794	0.46135571193613956	0.8303210636519056	Green x Multiome 2025	Green	Multiome 2025	105
Sst_3	neu	TLP004814	1.3920421221225983	1.540009677376326	Green x Multiome 2025	Green	Multiome 2025	105
Sst_3	neu	TLP004845	2.425712613914455	1.9983816311630638	Green x Multiome 2025	Green	Multiome 2025	105
Sst_3	neu	TLP004851	1.2724949541677546	2.3202389869761024	Green x Multiome 2025	Green	Multiome 2025	105
Sst_3	neu	TLP004855	2.085071664807524	1.8704430377280783	Green x Multiome 2025	Green	Multiome 2025	105
Sst_3	neu	TLP004857	1.4662248838014404	2.132751933342271	Green x Multiome 2025	Green	Multiome 2025	105
Sst_3	neu	TLP004866	-0.002256093406893811	1.0896880192183573	Green x Multiome 2025	Green	Multiome 2025	105
Sst_3	neu	TLP004879	1.7714951484544272	2.0546880002459784	Green x Multiome 2025	Green	Multiome 2025	105
Sst_3	neu	TLP004889	1.7842380511605551	2.434255980325529	Green x Multiome 2025	Green	Multiome 2025	105
Sst_3	neu	TLP004916	1.9837546098938326	2.114586081681539	Green x Multiome 2025	Green	Multiome 2025	105
Sst_3	neu	TLP004935	1.390547905497665	1.1308039588185972	Green x Multiome 2025	Green	Multiome 2025	105
Sst_3	neu	TLP004948	1.1653513567084266	1.5108934859874896	Green x Multiome 2025	Green	Multiome 2025	105
Sst_3	neu	TLP004963	1.3202507989681207	1.3189824154099519	Green x Multiome 2025	Green	Multiome 2025	105
Sst_3	neu	TLP004977	1.9369237291796964	1.1643567951265092	Green x Multiome 2025	Green	Multiome 2025	105
Sst_3	neu	TLP004984	1.210429634234841	1.2084427907662336	Green x Multiome 2025	Green	Multiome 2025	105
Sst_3	neu	TLP004996	2.3023251334826407	2.338920742037348	Green x Multiome 2025	Green	Multiome 2025	105
Sst_3	neu	TLP004998	1.1197694361224206	1.2192017470327396	Green x Multiome 2025	Green	Multiome 2025	105
Sst_3	neu	TLP005001	1.7898244367392384	2.033619419616536	Green x Multiome 2025	Green	Multiome 2025	105
Sst_3	neu	TLP005002	2.093085831265271	2.0481709267551036	Green x Multiome 2025	Green	Multiome 2025	105
Sst_3	neu	TLP005006	1.9128240824393536	1.4277921039322914	Green x Multiome 2025	Green	Multiome 2025	105
Sst_3	neu	TLP005013	0.5868316001290337	-0.17577592234316697	Green x Multiome 2025	Green	Multiome 2025	105
Sst_3	neu	TLP005014	1.953884563813911	1.4226385324502528	Green x Multiome 2025	Green	Multiome 2025	105
Sst_3	neu	TLP005020	1.385938008089294	0.2627129465109128	Green x Multiome 2025	Green	Multiome 2025	105
Sst_3	neu	TLP005021	1.5855859411282687	1.6638361427641275	Green x Multiome 2025	Green	Multiome 2025	105
Sst_3	neu	TLP005025	1.211877030547896	1.8616317214629925	Green x Multiome 2025	Green	Multiome 2025	105
Sst_3	neu	TLP005036	1.740338350447053	1.759979562528816	Green x Multiome 2025	Green	Multiome 2025	105
Sst_3	neu	TLP005047	2.1047070603561955	0.8813792442865269	Green x Multiome 2025	Green	Multiome 2025	105
Sst_3	neu	TLP005065	1.6363231658088266	1.3081898198470077	Green x Multiome 2025	Green	Multiome 2025	105
Sst_3	neu	TLP005075	1.9032053098292598	1.6650895922205358	Green x Multiome 2025	Green	Multiome 2025	105
Sst_3	neu	TLP005084	1.5671020674328107	1.0364094179272678	Green x Multiome 2025	Green	Multiome 2025	105
Sst_3	neu	TLP005092	1.486845597213886	2.006972516366972	Green x Multiome 2025	Green	Multiome 2025	105
Sst_3	neu	TLP005099	1.2730715028382802	1.4745611515499473	Green x Multiome 2025	Green	Multiome 2025	105
Sst_3	neu	TLP005102	1.830546458180046	1.5865207995280617	Green x Multiome 2025	Green	Multiome 2025	105
Sst_3	neu	TLP005115	1.8990589102954472	0.8528282980102446	Green x Multiome 2025	Green	Multiome 2025	105
Sst_3	neu	TLP005121	1.1069410706127423	-0.8512664208964553	Green x Multiome 2025	Green	Multiome 2025	105
Sst_3	neu	TLP005828	1.088015324146192	0.9544757607303742	Green x Multiome 2025	Green	Multiome 2025	105
Sst_3	neu	TLP005879	1.3478759006471082	1.8364567934785274	Green x Multiome 2025	Green	Multiome 2025	105
Sst_23	neu	TLP004225	1.1676054355002776	-0.08589246045836152	Green x Multiome 2025	Green	Multiome 2025	105
Sst_23	neu	TLP004228	-2.2253193259544055	-1.1903998314113107	Green x Multiome 2025	Green	Multiome 2025	105
Sst_23	neu	TLP004231	-0.8109423639412849	-1.5639813224888357	Green x Multiome 2025	Green	Multiome 2025	105
Sst_23	neu	TLP004238	-0.06643067545363035	-2.064833576625115	Green x Multiome 2025	Green	Multiome 2025	105
Sst_23	neu	TLP004251	0.05459342443850623	-0.3399920717717908	Green x Multiome 2025	Green	Multiome 2025	105
Sst_23	neu	TLP004266	0.3642727130977761	0.4640806699774265	Green x Multiome 2025	Green	Multiome 2025	105
Sst_23	neu	TLP004271	0.742488798890899	-1.3939496288159745	Green x Multiome 2025	Green	Multiome 2025	105
Sst_23	neu	TLP004281	-0.2877440921976433	-0.20157018184210163	Green x Multiome 2025	Green	Multiome 2025	105
Sst_23	neu	TLP004305	-0.9708644188190938	-1.1131684934619441	Green x Multiome 2025	Green	Multiome 2025	105
Sst_23	neu	TLP004318	1.1735832421988208	0.11909489140048102	Green x Multiome 2025	Green	Multiome 2025	105
Sst_23	neu	TLP004321	1.1334540141789207	-0.7415833457185368	Green x Multiome 2025	Green	Multiome 2025	105
Sst_23	neu	TLP004322	0.2793883920542939	-0.9394978761627168	Green x Multiome 2025	Green	Multiome 2025	105
Sst_23	neu	TLP004325	0.28501163728035817	0.7689331791418939	Green x Multiome 2025	Green	Multiome 2025	105
Sst_23	neu	TLP004371	0.7081649561605543	-1.1409021473871732	Green x Multiome 2025	Green	Multiome 2025	105
Sst_23	neu	TLP004401	-0.5357255643931191	0.31591905335751225	Green x Multiome 2025	Green	Multiome 2025	105
Sst_23	neu	TLP004415	-0.47306229758460194	-0.32771060039123334	Green x Multiome 2025	Green	Multiome 2025	105
Sst_23	neu	TLP004435	1.2979542811492637	-0.4825053848096905	Green x Multiome 2025	Green	Multiome 2025	105
Sst_23	neu	TLP004444	-0.08965914936840846	-1.8806877290270387	Green x Multiome 2025	Green	Multiome 2025	105
Sst_23	neu	TLP004459	0.22188805224123787	-0.5220568915511015	Green x Multiome 2025	Green	Multiome 2025	105
Sst_23	neu	TLP004460	-0.7782987150346319	-1.6544155218250447	Green x Multiome 2025	Green	Multiome 2025	105
Sst_23	neu	TLP004467	-0.47819204890045697	-1.1201432323296139	Green x Multiome 2025	Green	Multiome 2025	105
Sst_23	neu	TLP004474	0.3650669933033255	-1.0425064118485317	Green x Multiome 2025	Green	Multiome 2025	105
Sst_23	neu	TLP004479	0.7801753397111151	0.24881424176677136	Green x Multiome 2025	Green	Multiome 2025	105
Sst_23	neu	TLP004482	0.30105698150282834	-1.4920498821586925	Green x Multiome 2025	Green	Multiome 2025	105
Sst_23	neu	TLP004490	0.10779450985317318	0.012543442235115165	Green x Multiome 2025	Green	Multiome 2025	105
Sst_23	neu	TLP004509	-0.3457076552156346	-1.0708890869137973	Green x Multiome 2025	Green	Multiome 2025	105
Sst_23	neu	TLP004533	-0.7429366092397842	-0.06256866686331275	Green x Multiome 2025	Green	Multiome 2025	105
Sst_23	neu	TLP004543	-2.349578131828455	-2.402890896305794	Green x Multiome 2025	Green	Multiome 2025	105
Sst_23	neu	TLP004551	-1.8515793038931623	-2.1467893923111827	Green x Multiome 2025	Green	Multiome 2025	105
Sst_23	neu	TLP004563	-0.5036753679853128	-2.0349239649217203	Green x Multiome 2025	Green	Multiome 2025	105
Sst_23	neu	TLP004574	-0.2515098100687849	0.30963459552248285	Green x Multiome 2025	Green	Multiome 2025	105
Sst_23	neu	TLP004578	0.062093210276295	1.603853620470919	Green x Multiome 2025	Green	Multiome 2025	105
Sst_23	neu	TLP004582	0.3875577613231611	-1.2455486554502961	Green x Multiome 2025	Green	Multiome 2025	105
Sst_23	neu	TLP004591	-1.1250848118104706	0.6318815895531484	Green x Multiome 2025	Green	Multiome 2025	105
Sst_23	neu	TLP004595	0.15050501252004622	0.25627974509775253	Green x Multiome 2025	Green	Multiome 2025	105
Sst_23	neu	TLP004599	-0.9538452489463047	-0.8029769023598332	Green x Multiome 2025	Green	Multiome 2025	105
Sst_23	neu	TLP004600	-2.3015237532101223	-0.9094813157472723	Green x Multiome 2025	Green	Multiome 2025	105
Sst_23	neu	TLP004610	-1.988632991296913	-1.55111858968466	Green x Multiome 2025	Green	Multiome 2025	105
Sst_23	neu	TLP004611	-0.2723801574151974	-0.699092674341987	Green x Multiome 2025	Green	Multiome 2025	105
Sst_23	neu	TLP004616	0.39691868524931184	1.1811133456290257	Green x Multiome 2025	Green	Multiome 2025	105
Sst_23	neu	TLP004619	-0.7835054447172647	-0.0633920183226202	Green x Multiome 2025	Green	Multiome 2025	105
Sst_23	neu	TLP004622	-1.825144171418562	-2.3548469863423787	Green x Multiome 2025	Green	Multiome 2025	105
Sst_23	neu	TLP004646	0.2519777788848945	-0.07073562954722412	Green x Multiome 2025	Green	Multiome 2025	105
Sst_23	neu	TLP004647	0.1215574933176331	0.5478453442100006	Green x Multiome 2025	Green	Multiome 2025	105
Sst_23	neu	TLP004660	0.6642015173323648	-0.632278272321118	Green x Multiome 2025	Green	Multiome 2025	105
Sst_23	neu	TLP004663	-0.4822031240501863	1.277922933874497	Green x Multiome 2025	Green	Multiome 2025	105
Sst_23	neu	TLP004674	0.011292519417434477	0.6441383008859978	Green x Multiome 2025	Green	Multiome 2025	105
Sst_23	neu	TLP004675	-0.905330215082202	-2.1899428667761036	Green x Multiome 2025	Green	Multiome 2025	105
Sst_23	neu	TLP004682	-0.314739508647949	0.03284287719007306	Green x Multiome 2025	Green	Multiome 2025	105
Sst_23	neu	TLP004685	-0.9347645980387282	-1.90868882392141	Green x Multiome 2025	Green	Multiome 2025	105
Sst_23	neu	TLP004703	-0.795262094291739	-0.5591135415285118	Green x Multiome 2025	Green	Multiome 2025	105
Sst_23	neu	TLP004707	0.16451453599782795	-1.1780014355675625	Green x Multiome 2025	Green	Multiome 2025	105
Sst_23	neu	TLP004717	-0.023453663269069835	-0.49534313939790486	Green x Multiome 2025	Green	Multiome 2025	105
Sst_23	neu	TLP004719	-0.9517225428233393	-2.2326043242170552	Green x Multiome 2025	Green	Multiome 2025	105
Sst_23	neu	TLP004727	-1.8829750253589008	-1.962282291601217	Green x Multiome 2025	Green	Multiome 2025	105
Sst_23	neu	TLP004732	-0.2687775943935353	0.7023112866229066	Green x Multiome 2025	Green	Multiome 2025	105
Sst_23	neu	TLP004735	-0.5062565154684586	0.18557850079748217	Green x Multiome 2025	Green	Multiome 2025	105
Sst_23	neu	TLP004740	-2.3006818152782236	-0.5755917559634653	Green x Multiome 2025	Green	Multiome 2025	105
Sst_23	neu	TLP004741	-0.5796792499307761	-0.3562543735257311	Green x Multiome 2025	Green	Multiome 2025	105
Sst_23	neu	TLP004744	-0.8217785457647064	-0.7797215525983514	Green x Multiome 2025	Green	Multiome 2025	105
Sst_23	neu	TLP004749	2.111939138735443	0.17569604505404346	Green x Multiome 2025	Green	Multiome 2025	105
Sst_23	neu	TLP004751	-0.2733989936116963	-1.913983592439413	Green x Multiome 2025	Green	Multiome 2025	105
Sst_23	neu	TLP004763	0.7363805103122827	-0.3449670385403971	Green x Multiome 2025	Green	Multiome 2025	105
Sst_23	neu	TLP004764	-0.48040732847842005	-1.7940435730105841	Green x Multiome 2025	Green	Multiome 2025	105
Sst_23	neu	TLP004771	-2.2670461061669647	-1.8250111155237558	Green x Multiome 2025	Green	Multiome 2025	105
Sst_23	neu	TLP004778	-0.4183482617343719	-2.451531609154518	Green x Multiome 2025	Green	Multiome 2025	105
Sst_23	neu	TLP004779	-2.102639158319282	0.49383578602654765	Green x Multiome 2025	Green	Multiome 2025	105
Sst_23	neu	TLP004788	0.07595776995184522	0.4880983681846436	Green x Multiome 2025	Green	Multiome 2025	105
Sst_23	neu	TLP004794	-0.42594748306476315	-1.7346282938096316	Green x Multiome 2025	Green	Multiome 2025	105
Sst_23	neu	TLP004814	-0.14188823780335635	-1.2115256356656232	Green x Multiome 2025	Green	Multiome 2025	105
Sst_23	neu	TLP004845	0.36138471004466766	-0.2840007545134622	Green x Multiome 2025	Green	Multiome 2025	105
Sst_23	neu	TLP004851	0.33422531557482493	-0.7798533019021319	Green x Multiome 2025	Green	Multiome 2025	105
Sst_23	neu	TLP004855	0.8838052220793307	-2.136890147504393	Green x Multiome 2025	Green	Multiome 2025	105
Sst_23	neu	TLP004857	-0.2602294870188482	0.35216576471234085	Green x Multiome 2025	Green	Multiome 2025	105
Sst_23	neu	TLP004866	-1.9481662424622064	-1.1075365581178618	Green x Multiome 2025	Green	Multiome 2025	105
Sst_23	neu	TLP004879	0.3464862751538469	0.8584372420139523	Green x Multiome 2025	Green	Multiome 2025	105
Sst_23	neu	TLP004889	0.0978390975903265	0.34825703809953446	Green x Multiome 2025	Green	Multiome 2025	105
Sst_23	neu	TLP004916	0.7367223161074499	-0.7646123756165002	Green x Multiome 2025	Green	Multiome 2025	105
Sst_23	neu	TLP004935	-0.0617044234140236	-0.5868475382557365	Green x Multiome 2025	Green	Multiome 2025	105
Sst_23	neu	TLP004948	-0.3852460557027406	-1.1137751061756695	Green x Multiome 2025	Green	Multiome 2025	105
Sst_23	neu	TLP004963	-0.5405015417468855	-0.6824975848001724	Green x Multiome 2025	Green	Multiome 2025	105
Sst_23	neu	TLP004977	-0.2398919765253158	-0.8725251321345313	Green x Multiome 2025	Green	Multiome 2025	105
Sst_23	neu	TLP004984	-0.2559074345585861	-1.927051425162917	Green x Multiome 2025	Green	Multiome 2025	105
Sst_23	neu	TLP004996	1.5941400755581547	0.7620060213088076	Green x Multiome 2025	Green	Multiome 2025	105
Sst_23	neu	TLP004998	-0.05030181652783394	-0.017560880116187505	Green x Multiome 2025	Green	Multiome 2025	105
Sst_23	neu	TLP005001	-0.36615718206293213	-2.1095153067749965	Green x Multiome 2025	Green	Multiome 2025	105
Sst_23	neu	TLP005002	0.1664070441378449	-0.06479330696337637	Green x Multiome 2025	Green	Multiome 2025	105
Sst_23	neu	TLP005006	-0.17394349933255526	-1.3322178361006296	Green x Multiome 2025	Green	Multiome 2025	105
Sst_23	neu	TLP005013	-1.3590785489262798	-1.274388211011277	Green x Multiome 2025	Green	Multiome 2025	105
Sst_23	neu	TLP005014	0.08722378641273831	-0.7745860448859663	Green x Multiome 2025	Green	Multiome 2025	105
Sst_23	neu	TLP005020	0.5803128441026582	-1.2036241222825144	Green x Multiome 2025	Green	Multiome 2025	105
Sst_23	neu	TLP005021	0.7233624305243893	-2.2679894899601987	Green x Multiome 2025	Green	Multiome 2025	105
Sst_23	neu	TLP005025	-1.6598025943361154	-2.2159057224427263	Green x Multiome 2025	Green	Multiome 2025	105
Sst_23	neu	TLP005036	-1.7561692110194267	-2.3175578813769038	Green x Multiome 2025	Green	Multiome 2025	105
Sst_23	neu	TLP005047	1.2200216678973712	-1.0645309047687865	Green x Multiome 2025	Green	Multiome 2025	105
Sst_23	neu	TLP005065	0.29514923996940556	-0.2699955490829886	Green x Multiome 2025	Green	Multiome 2025	105
Sst_23	neu	TLP005075	0.6732570191000633	-2.4457842719527747	Green x Multiome 2025	Green	Multiome 2025	105
Sst_23	neu	TLP005084	-0.6301225099034085	-0.20035320922165933	Green x Multiome 2025	Green	Multiome 2025	105
Sst_23	neu	TLP005092	0.5448023692373161	-1.0688024648605552	Green x Multiome 2025	Green	Multiome 2025	105
Sst_23	neu	TLP005099	-0.4215242179361267	-2.4172591465606788	Green x Multiome 2025	Green	Multiome 2025	105
Sst_23	neu	TLP005102	-0.9209888548619034	-2.0770408466015846	Green x Multiome 2025	Green	Multiome 2025	105
Sst_23	neu	TLP005115	0.17839536275112255	-0.9929983924880856	Green x Multiome 2025	Green	Multiome 2025	105
Sst_23	neu	TLP005121	-0.5794578829574863	-0.8512664208964553	Green x Multiome 2025	Green	Multiome 2025	105
Sst_23	neu	TLP005828	-0.2788609511165969	-1.5022600120909306	Green x Multiome 2025	Green	Multiome 2025	105
Sst_23	neu	TLP005879	0.4558778613419969	-0.7587979134783378	Green x Multiome 2025	Green	Multiome 2025	105
Sst_2	neu	TLP004225	0.7477515899400133	-0.3372068887392672	Green x Multiome 2025	Green	Multiome 2025	105
Sst_2	neu	TLP004228	-0.6158814135203059	-1.1903998314113107	Green x Multiome 2025	Green	Multiome 2025	105
Sst_2	neu	TLP004231	0.14456908108615085	-1.5639813224888357	Green x Multiome 2025	Green	Multiome 2025	105
Sst_2	neu	TLP004238	-0.06643067545363035	-0.9662212879570049	Green x Multiome 2025	Green	Multiome 2025	105
Sst_2	neu	TLP004251	0.48991149569635173	-1.4386043604399008	Green x Multiome 2025	Green	Multiome 2025	105
Sst_2	neu	TLP004266	0.6627657016537727	0.07841818916544163	Green x Multiome 2025	Green	Multiome 2025	105
Sst_2	neu	TLP004271	0.46805195318913917	-0.2953373401478645	Green x Multiome 2025	Green	Multiome 2025	105
Sst_2	neu	TLP004281	0.45947030963257784	0.23374788941574387	Green x Multiome 2025	Green	Multiome 2025	105
Sst_2	neu	TLP004305	-0.9708644188190938	-1.1131684934619441	Green x Multiome 2025	Green	Multiome 2025	105
Sst_2	neu	TLP004318	0.24202503819387733	0.11909489140048102	Green x Multiome 2025	Green	Multiome 2025	105
Sst_2	neu	TLP004321	0.8232990858750817	0.2800679018134442	Green x Multiome 2025	Green	Multiome 2025	105
Sst_2	neu	TLP004322	0.2793883920542939	0.01601356886471894	Green x Multiome 2025	Green	Multiome 2025	105
Sst_2	neu	TLP004325	-0.2615320690877114	-0.03341329338304355	Green x Multiome 2025	Green	Multiome 2025	105
Sst_2	neu	TLP004371	0.7851259972966833	0.15838083674308745	Green x Multiome 2025	Green	Multiome 2025	105
Sst_2	neu	TLP004401	0.4628032657180077	-0.11939901790033325	Green x Multiome 2025	Green	Multiome 2025	105
Sst_2	neu	TLP004415	-0.2217478693036954	-0.017555672087393503	Green x Multiome 2025	Green	Multiome 2025	105
Sst_2	neu	TLP004435	1.1778099693071997	0.1052812800924281	Green x Multiome 2025	Green	Multiome 2025	105
Sst_2	neu	TLP004444	-0.45738392949372564	-1.8806877290270387	Green x Multiome 2025	Green	Multiome 2025	105
Sst_2	neu	TLP004459	0.6075505330532227	-0.5220568915511015	Green x Multiome 2025	Green	Multiome 2025	105
Sst_2	neu	TLP004460	-1.2891243388006224	-0.5558032331569338	Green x Multiome 2025	Green	Multiome 2025	105
Sst_2	neu	TLP004467	-0.47819204890045697	-1.1201432323296139	Green x Multiome 2025	Green	Multiome 2025	105
Sst_2	neu	TLP004474	0.3650669933033255	-1.0425064118485317	Green x Multiome 2025	Green	Multiome 2025	105
Sst_2	neu	TLP004479	0.04257639658033607	0.24881424176677136	Green x Multiome 2025	Green	Multiome 2025	105
Sst_2	neu	TLP004482	0.9603026103870924	0.117388030275408	Green x Multiome 2025	Green	Multiome 2025	105
Sst_2	neu	TLP004490	0.10779450985317318	-0.43944168150794205	Green x Multiome 2025	Green	Multiome 2025	105
Sst_2	neu	TLP004509	0.8438764116582016	-1.0708890869137973	Green x Multiome 2025	Green	Multiome 2025	105
Sst_2	neu	TLP004533	0.9220711543491271	-0.06256866686331275	Green x Multiome 2025	Green	Multiome 2025	105
Sst_2	neu	TLP004543	0.048317140969915684	-0.2056663189695751	Green x Multiome 2025	Green	Multiome 2025	105
Sst_2	neu	TLP004551	-1.8515793038931623	-2.1467893923111827	Green x Multiome 2025	Green	Multiome 2025	105
Sst_2	neu	TLP004563	0.49485346212581494	-0.08901381586640777	Green x Multiome 2025	Green	Multiome 2025	105
Sst_2	neu	TLP004574	-0.05083911460663426	-0.7889776931456263	Green x Multiome 2025	Green	Multiome 2025	105
Sst_2	neu	TLP004578	-0.10496087438687152	0.3435999802463936	Green x Multiome 2025	Green	Multiome 2025	105
Sst_2	neu	TLP004582	0.8671308415850474	-0.14693636678218613	Green x Multiome 2025	Green	Multiome 2025	105
Sst_2	neu	TLP004591	-1.1250848118104706	0.12105596578715794	Green x Multiome 2025	Green	Multiome 2025	105
Sst_2	neu	TLP004595	0.6970487188881167	0.7843471752982492	Green x Multiome 2025	Green	Multiome 2025	105
Sst_2	neu	TLP004599	-0.9538452489463047	-0.8029769023598332	Green x Multiome 2025	Green	Multiome 2025	105
Sst_2	neu	TLP004600	0.40652644789208736	0.1891309729208377	Green x Multiome 2025	Green	Multiome 2025	105
Sst_2	neu	TLP004610	-0.37919507886281245	-2.649730878352771	Green x Multiome 2025	Green	Multiome 2025	105
Sst_2	neu	TLP004611	0.8262321312529126	0.14820518604521737	Green x Multiome 2025	Green	Multiome 2025	105
Sst_2	neu	TLP004616	0.20586344848660332	1.451988299764425	Green x Multiome 2025	Green	Multiome 2025	105
Sst_2	neu	TLP004619	0.3151068439508453	-0.0633920183226202	Green x Multiome 2025	Green	Multiome 2025	105
Sst_2	neu	TLP004622	0.5102307443984753	-0.15762240900615954	Green x Multiome 2025	Green	Multiome 2025	105
Sst_2	neu	TLP004646	0.2519777788848945	0.13835616831133546	Green x Multiome 2025	Green	Multiome 2025	105
Sst_2	neu	TLP004647	0.2216409518746163	0.4096950057291835	Green x Multiome 2025	Green	Multiome 2025	105
Sst_2	neu	TLP004660	1.108887338593811	-0.632278272321118	Green x Multiome 2025	Green	Multiome 2025	105
Sst_2	neu	TLP004663	-0.17204819574634644	0.9101981537491799	Green x Multiome 2025	Green	Multiome 2025	105
Sst_2	neu	TLP004674	0.6120663798463655	0.7925583060042705	Green x Multiome 2025	Green	Multiome 2025	105
Sst_2	neu	TLP004675	-0.11687285471793185	-2.1899428667761036	Green x Multiome 2025	Green	Multiome 2025	105
Sst_2	neu	TLP004682	-0.9025261735500676	0.30110686378475204	Green x Multiome 2025	Green	Multiome 2025	105
Sst_2	neu	TLP004685	-0.34697793313660963	-1.90868882392141	Green x Multiome 2025	Green	Multiome 2025	105
Sst_2	neu	TLP004703	0.2032667358193878	0.028673123373606835	Green x Multiome 2025	Green	Multiome 2025	105
Sst_2	neu	TLP004707	0.16451453599782795	-0.07938914689945253	Green x Multiome 2025	Green	Multiome 2025	105
Sst_2	neu	TLP004717	-0.2747680915499755	-0.49534313939790486	Green x Multiome 2025	Green	Multiome 2025	105
Sst_2	neu	TLP004719	0.2720528887987763	-0.6231664117829547	Green x Multiome 2025	Green	Multiome 2025	105
Sst_2	neu	TLP004727	0.3142495519773192	-0.8636700029331079	Green x Multiome 2025	Green	Multiome 2025	105
Sst_2	neu	TLP004732	0.12068717236818749	1.0008042751789032	Green x Multiome 2025	Green	Multiome 2025	105
Sst_2	neu	TLP004735	0.529835416218317	0.45384248739216115	Green x Multiome 2025	Green	Multiome 2025	105
Sst_2	neu	TLP004740	0.2642675421833127	-0.5755917559634653	Green x Multiome 2025	Green	Multiome 2025	105
Sst_2	neu	TLP004741	0.518933038737333	-1.2035522339129345	Green x Multiome 2025	Green	Multiome 2025	105
Sst_2	neu	TLP004744	-0.1678520783580426	-0.7797215525983514	Green x Multiome 2025	Green	Multiome 2025	105
Sst_2	neu	TLP004749	-0.08528543860077598	-0.1607761915671695	Green x Multiome 2025	Green	Multiome 2025	105
Sst_2	neu	TLP004751	0.23742663015429422	-1.913983592439413	Green x Multiome 2025	Green	Multiome 2025	105
Sst_2	neu	TLP004763	0.35071802950029785	0.2910217281795999	Green x Multiome 2025	Green	Multiome 2025	105
Sst_2	neu	TLP004764	0.3080500318858501	-1.7940435730105841	Green x Multiome 2025	Green	Multiome 2025	105
Sst_2	neu	TLP004771	0.1308491666314051	-1.8250111155237558	Green x Multiome 2025	Green	Multiome 2025	105
Sst_2	neu	TLP004778	-1.516960550402481	-2.451531609154518	Green x Multiome 2025	Green	Multiome 2025	105
Sst_2	neu	TLP004779	0.46231019914225424	0.38261015091632267	Green x Multiome 2025	Green	Multiome 2025	105
Sst_2	neu	TLP004788	-0.0671430736888281	0.6173100996646497	Green x Multiome 2025	Green	Multiome 2025	105
Sst_2	neu	TLP004794	-0.762419719685977	-1.7346282938096316	Green x Multiome 2025	Green	Multiome 2025	105
Sst_2	neu	TLP004814	0.8275123193847467	-0.11291334699751321	Green x Multiome 2025	Green	Multiome 2025	105
Sst_2	neu	TLP004845	0.36138471004466766	0.052471482107750766	Green x Multiome 2025	Green	Multiome 2025	105
Sst_2	neu	TLP004851	-0.7643869730932851	0.9780046156502422	Green x Multiome 2025	Green	Multiome 2025	105
Sst_2	neu	TLP004855	0.3174097471585293	0.2610051252939778	Green x Multiome 2025	Green	Multiome 2025	105
Sst_2	neu	TLP004857	0.4833485471679895	0.20906492107166752	Green x Multiome 2025	Green	Multiome 2025	105
Sst_2	neu	TLP004866	-1.9481662424622064	-0.5967109343518713	Green x Multiome 2025	Green	Multiome 2025	105
Sst_2	neu	TLP004879	0.2352606400436219	0.49071246188863515	Green x Multiome 2025	Green	Multiome 2025	105
Sst_2	neu	TLP004889	0.33422787565455625	0.539312274862243	Green x Multiome 2025	Green	Multiome 2025	105
Sst_2	neu	TLP004916	0.8851423212257226	-0.42814013899528724	Green x Multiome 2025	Green	Multiome 2025	105
Sst_2	neu	TLP004935	-0.0617044234140236	-0.9233197748769495	Green x Multiome 2025	Green	Multiome 2025	105
Sst_2	neu	TLP004948	-0.13393162742183495	-0.7773028695544566	Green x Multiome 2025	Green	Multiome 2025	105
Sst_2	neu	TLP004963	-0.08851641800382826	-0.6824975848001724	Green x Multiome 2025	Green	Multiome 2025	105
Sst_2	neu	TLP004977	0.7295085806627872	0.9733015583637998	Green x Multiome 2025	Green	Multiome 2025	105
Sst_2	neu	TLP004984	-0.5072218628394918	-0.828439136494806	Green x Multiome 2025	Green	Multiome 2025	105
Sst_2	neu	TLP004996	0.9308458581478911	0.8389670624449357	Green x Multiome 2025	Green	Multiome 2025	105
Sst_2	neu	TLP004998	0.1503688789343176	-1.1161731687842966	Green x Multiome 2025	Green	Multiome 2025	105
Sst_2	neu	TLP005001	0.28046998286212066	-0.1636051577196831	Green x Multiome 2025	Green	Multiome 2025	105
Sst_2	neu	TLP005002	0.5028792807590579	0.10226077769979014	Green x Multiome 2025	Green	Multiome 2025	105
Sst_2	neu	TLP005006	0.2886800226155577	-0.9957455994794167	Green x Multiome 2025	Green	Multiome 2025	105
Sst_2	neu	TLP005013	-1.3590785489262798	-1.274388211011277	Green x Multiome 2025	Green	Multiome 2025	105
Sst_2	neu	TLP005014	0.32361256447696896	-0.4381138082647533	Green x Multiome 2025	Green	Multiome 2025	105
Sst_2	neu	TLP005020	-0.06631432082239375	-1.2036241222825144	Green x Multiome 2025	Green	Multiome 2025	105
Sst_2	neu	TLP005021	0.7233624305243893	-0.3220793409048852	Green x Multiome 2025	Green	Multiome 2025	105
Sst_2	neu	TLP005025	-1.148976970570125	-1.1172934337746172	Green x Multiome 2025	Green	Multiome 2025	105
Sst_2	neu	TLP005036	-0.1467312985853262	-0.12033330404068376	Green x Multiome 2025	Green	Multiome 2025	105
Sst_2	neu	TLP005047	0.24657252218326775	-1.0645309047687865	Green x Multiome 2025	Green	Multiome 2025	105
Sst_2	neu	TLP005065	-0.14016883128843993	-0.43704963374615513	Green x Multiome 2025	Green	Multiome 2025	105
Sst_2	neu	TLP005075	0.7733404776570465	-1.3471719832846656	Green x Multiome 2025	Green	Multiome 2025	105
Sst_2	neu	TLP005084	-0.17813738616035124	-2.3975777865578793	Green x Multiome 2025	Green	Multiome 2025	105
Sst_2	neu	TLP005092	0.1173583544103769	-2.167414753528665	Green x Multiome 2025	Green	Multiome 2025	105
Sst_2	neu	TLP005099	-0.053799437810809536	-0.01936387376230897	Green x Multiome 2025	Green	Multiome 2025	105
Sst_2	neu	TLP005102	0.1776234338062066	0.12018373073463451	Green x Multiome 2025	Green	Multiome 2025	105
Sst_2	neu	TLP005115	0.48067623462405606	-0.9929983924880856	Green x Multiome 2025	Green	Multiome 2025	105
Sst_2	neu	TLP005121	-2.188895795391586	-0.8512664208964553	Green x Multiome 2025	Green	Multiome 2025	105
Sst_2	neu	TLP005828	-0.44591503577976344	-0.6549621517037263	Green x Multiome 2025	Green	Multiome 2025	105
Sst_2	neu	TLP005879	-0.1980486060646669	0.196713531549098	Green x Multiome 2025	Green	Multiome 2025	105
Astro_6-SEAAD	glia	TLP004225	-2.205036208786071	-2.8872336280882296	Green x Multiome 2025	Green	Multiome 2025	105
Astro_6-SEAAD	glia	TLP004228	1.7859621858824526	-0.35145836581265755	Green x Multiome 2025	Green	Multiome 2025	105
Astro_6-SEAAD	glia	TLP004231	-0.7386133323076693	0.9675127006631019	Green x Multiome 2025	Green	Multiome 2025	105
Astro_6-SEAAD	glia	TLP004238	-0.4572687325417766	-0.6078686282841801	Green x Multiome 2025	Green	Multiome 2025	105
Astro_6-SEAAD	glia	TLP004251	-1.1765127278743863	-1.0002020996728715	Green x Multiome 2025	Green	Multiome 2025	105
Astro_6-SEAAD	glia	TLP004266	-1.2477855314619948	-1.5514815918638325	Green x Multiome 2025	Green	Multiome 2025	105
Astro_6-SEAAD	glia	TLP004271	-1.3011288635829992	-2.734839878760586	Green x Multiome 2025	Green	Multiome 2025	105
Astro_6-SEAAD	glia	TLP004281	-2.820017131179079	-1.9011702050180919	Green x Multiome 2025	Green	Multiome 2025	105
Astro_6-SEAAD	glia	TLP004305	-1.2559817229178405	-2.3924278120916433	Green x Multiome 2025	Green	Multiome 2025	105
Astro_6-SEAAD	glia	TLP004318	-0.8005859776474171	-0.3148486917587352	Green x Multiome 2025	Green	Multiome 2025	105
Astro_6-SEAAD	glia	TLP004321	-2.144856023911654	-3.2498764652404466	Green x Multiome 2025	Green	Multiome 2025	105
Astro_6-SEAAD	glia	TLP004322	-2.200130731929458	-2.652607728975294	Green x Multiome 2025	Green	Multiome 2025	105
Astro_6-SEAAD	glia	TLP004325	-3.070345608601901	-3.1230819534863548	Green x Multiome 2025	Green	Multiome 2025	105
Astro_6-SEAAD	glia	TLP004371	1.035639707160167	0.14946796238537363	Green x Multiome 2025	Green	Multiome 2025	105
Astro_6-SEAAD	glia	TLP004401	-1.6211595671527812	-2.828878196020667	Green x Multiome 2025	Green	Multiome 2025	105
Astro_6-SEAAD	glia	TLP004415	2.2580855565471696	1.1580769745007977	Green x Multiome 2025	Green	Multiome 2025	105
Astro_6-SEAAD	glia	TLP004435	0.26835580188594843	-0.6331410310453931	Green x Multiome 2025	Green	Multiome 2025	105
Astro_6-SEAAD	glia	TLP004444	-0.2560180953203579	-2.060442348975445	Green x Multiome 2025	Green	Multiome 2025	105
Astro_6-SEAAD	glia	TLP004459	-3.1017975957794146	-1.9818032574556446	Green x Multiome 2025	Green	Multiome 2025	105
Astro_6-SEAAD	glia	TLP004460	-2.0154353700922005	-2.540503258830178	Green x Multiome 2025	Green	Multiome 2025	105
Astro_6-SEAAD	glia	TLP004467	0.8297095137955584	0.4221598188938769	Green x Multiome 2025	Green	Multiome 2025	105
Astro_6-SEAAD	glia	TLP004474	-2.968288110487114	-1.7701901445163273	Green x Multiome 2025	Green	Multiome 2025	105
Astro_6-SEAAD	glia	TLP004479	-2.7039120979963203	-2.7511978606438694	Green x Multiome 2025	Green	Multiome 2025	105
Astro_6-SEAAD	glia	TLP004482	-2.324902169220998	-1.0109269872325264	Green x Multiome 2025	Green	Multiome 2025	105
Astro_6-SEAAD	glia	TLP004490	-2.1128837098696955	-2.6467297627474062	Green x Multiome 2025	Green	Multiome 2025	105
Astro_6-SEAAD	glia	TLP004509	-2.6847859341730196	-2.526551961722163	Green x Multiome 2025	Green	Multiome 2025	105
Astro_6-SEAAD	glia	TLP004533	-2.9182177335517245	-3.081169053799588	Green x Multiome 2025	Green	Multiome 2025	105
Astro_6-SEAAD	glia	TLP004543	-1.7105445506965742	-2.735623892779315	Green x Multiome 2025	Green	Multiome 2025	105
Astro_6-SEAAD	glia	TLP004551	-0.3785617721981831	-0.6738132112908319	Green x Multiome 2025	Green	Multiome 2025	105
Astro_6-SEAAD	glia	TLP004563	-1.2702995405676951	-1.5632776955439764	Green x Multiome 2025	Green	Multiome 2025	105
Astro_6-SEAAD	glia	TLP004574	-0.8433136949782938	-2.8560027517161117	Green x Multiome 2025	Green	Multiome 2025	105
Astro_6-SEAAD	glia	TLP004578	0.8567589779348057	0.6725314586666133	Green x Multiome 2025	Green	Multiome 2025	105
Astro_6-SEAAD	glia	TLP004582	-0.5711985675636804	-2.7043856342102455	Green x Multiome 2025	Green	Multiome 2025	105
Astro_6-SEAAD	glia	TLP004591	-1.4993828204879254	-2.802218263309828	Green x Multiome 2025	Green	Multiome 2025	105
Astro_6-SEAAD	glia	TLP004595	-2.597564390097835	-2.9277812139122936	Green x Multiome 2025	Green	Multiome 2025	105
Astro_6-SEAAD	glia	TLP004599	-1.5909312496016446	-1.1400799729906295	Green x Multiome 2025	Green	Multiome 2025	105
Astro_6-SEAAD	glia	TLP004600	-2.6542104204386643	-2.372256719623154	Green x Multiome 2025	Green	Multiome 2025	105
Astro_6-SEAAD	glia	TLP004610	-2.64925923948545	-1.8566782536614026	Green x Multiome 2025	Green	Multiome 2025	105
Astro_6-SEAAD	glia	TLP004611	-2.7870164992544684	-2.4716604105470683	Green x Multiome 2025	Green	Multiome 2025	105
Astro_6-SEAAD	glia	TLP004616	-1.9868632838355733	-2.717329220521359	Green x Multiome 2025	Green	Multiome 2025	105
Astro_6-SEAAD	glia	TLP004619	-2.6094115570922645	-1.8040130083477024	Green x Multiome 2025	Green	Multiome 2025	105
Astro_6-SEAAD	glia	TLP004622	-1.6288893734043999	-2.4118201610546004	Green x Multiome 2025	Green	Multiome 2025	105
Astro_6-SEAAD	glia	TLP004646	-2.047781251043081	-3.517746324801177	Green x Multiome 2025	Green	Multiome 2025	105
Astro_6-SEAAD	glia	TLP004647	-1.0246528912171664	-0.5576752245396115	Green x Multiome 2025	Green	Multiome 2025	105
Astro_6-SEAAD	glia	TLP004660	0.7308527341136593	0.5061862854737482	Green x Multiome 2025	Green	Multiome 2025	105
Astro_6-SEAAD	glia	TLP004663	-2.962083955011358	-2.5649297527374157	Green x Multiome 2025	Green	Multiome 2025	105
Astro_6-SEAAD	glia	TLP004674	-3.346082127714224	-2.885755887788731	Green x Multiome 2025	Green	Multiome 2025	105
Astro_6-SEAAD	glia	TLP004675	-2.672719007853086	-1.6995589914668	Green x Multiome 2025	Green	Multiome 2025	105
Astro_6-SEAAD	glia	TLP004682	-3.078637055151537	-2.6783236396047485	Green x Multiome 2025	Green	Multiome 2025	105
Astro_6-SEAAD	glia	TLP004685	-1.3362319674443732	-1.5519556703537933	Green x Multiome 2025	Green	Multiome 2025	105
Astro_6-SEAAD	glia	TLP004703	-2.2153742183339995	-2.271372865092334	Green x Multiome 2025	Green	Multiome 2025	105
Astro_6-SEAAD	glia	TLP004707	-2.8155499956814722	-2.922291791946538	Green x Multiome 2025	Green	Multiome 2025	105
Astro_6-SEAAD	glia	TLP004717	-0.2786536222422251	-2.776176298981082	Green x Multiome 2025	Green	Multiome 2025	105
Astro_6-SEAAD	glia	TLP004719	0.004055354028269953	-0.46615155180167367	Green x Multiome 2025	Green	Multiome 2025	105
Astro_6-SEAAD	glia	TLP004727	-3.1876800814945154	-3.030236380537831	Green x Multiome 2025	Green	Multiome 2025	105
Astro_6-SEAAD	glia	TLP004732	-2.397062184121472	-2.731882828006258	Green x Multiome 2025	Green	Multiome 2025	105
Astro_6-SEAAD	glia	TLP004735	2.2721896136914945	0.1321821135771133	Green x Multiome 2025	Green	Multiome 2025	105
Astro_6-SEAAD	glia	TLP004740	-2.864581472148763	-2.5287806220527846	Green x Multiome 2025	Green	Multiome 2025	105
Astro_6-SEAAD	glia	TLP004741	-1.9154659752748087	-0.8836517253173559	Green x Multiome 2025	Green	Multiome 2025	105
Astro_6-SEAAD	glia	TLP004744	-1.3357823103822124	-2.7064844566074298	Green x Multiome 2025	Green	Multiome 2025	105
Astro_6-SEAAD	glia	TLP004749	0.6382763062133736	-1.5143670513545748	Green x Multiome 2025	Green	Multiome 2025	105
Astro_6-SEAAD	glia	TLP004751	-2.713719116308761	-2.6655001857261897	Green x Multiome 2025	Green	Multiome 2025	105
Astro_6-SEAAD	glia	TLP004763	-2.8532643225377923	-2.2922168590059533	Green x Multiome 2025	Green	Multiome 2025	105
Astro_6-SEAAD	glia	TLP004764	-2.5086828627730595	-2.6116109026178753	Green x Multiome 2025	Green	Multiome 2025	105
Astro_6-SEAAD	glia	TLP004771	-2.472854819340519	-2.2958892493447935	Green x Multiome 2025	Green	Multiome 2025	105
Astro_6-SEAAD	glia	TLP004778	-2.759263580364042	-3.2228086753039173	Green x Multiome 2025	Green	Multiome 2025	105
Astro_6-SEAAD	glia	TLP004779	-1.4158982209875433	-2.3766099302610764	Green x Multiome 2025	Green	Multiome 2025	105
Astro_6-SEAAD	glia	TLP004788	-2.628416057194964	-1.5203043674597652	Green x Multiome 2025	Green	Multiome 2025	105
Astro_6-SEAAD	glia	TLP004794	1.4688101752405354	1.7560996604414916	Green x Multiome 2025	Green	Multiome 2025	105
Astro_6-SEAAD	glia	TLP004814	-2.787703371081541	-1.2467837173046474	Green x Multiome 2025	Green	Multiome 2025	105
Astro_6-SEAAD	glia	TLP004845	-2.696095473748815	-2.1362825419761764	Green x Multiome 2025	Green	Multiome 2025	105
Astro_6-SEAAD	glia	TLP004851	-0.6771802689533413	-1.4196395874559906	Green x Multiome 2025	Green	Multiome 2025	105
Astro_6-SEAAD	glia	TLP004855	-2.02948624142174	-2.6501333240634874	Green x Multiome 2025	Green	Multiome 2025	105
Astro_6-SEAAD	glia	TLP004857	-1.7768218785553485	-1.7081191513205924	Green x Multiome 2025	Green	Multiome 2025	105
Astro_6-SEAAD	glia	TLP004866	-2.473386530285266	-2.7939329504621035	Green x Multiome 2025	Green	Multiome 2025	105
Astro_6-SEAAD	glia	TLP004879	-0.15688185241429498	-3.2901474652121596	Green x Multiome 2025	Green	Multiome 2025	105
Astro_6-SEAAD	glia	TLP004889	-0.9873153717959493	-1.6261420011216252	Green x Multiome 2025	Green	Multiome 2025	105
Astro_6-SEAAD	glia	TLP004916	-3.0004903216251666	-2.6925362662640433	Green x Multiome 2025	Green	Multiome 2025	105
Astro_6-SEAAD	glia	TLP004935	-0.48339241864213633	-2.1633468727865512	Green x Multiome 2025	Green	Multiome 2025	105
Astro_6-SEAAD	glia	TLP004948	-1.519600792900544	-2.384785145496001	Green x Multiome 2025	Green	Multiome 2025	105
Astro_6-SEAAD	glia	TLP004963	-2.7555435164522333	-1.3706720794210892	Green x Multiome 2025	Green	Multiome 2025	105
Astro_6-SEAAD	glia	TLP004977	2.103562323155299	1.0817198802431038	Green x Multiome 2025	Green	Multiome 2025	105
Astro_6-SEAAD	glia	TLP004984	-2.946994593197247	-1.7622850722233716	Green x Multiome 2025	Green	Multiome 2025	105
Astro_6-SEAAD	glia	TLP004996	-2.8683817936738514	-2.9050461008752935	Green x Multiome 2025	Green	Multiome 2025	105
Astro_6-SEAAD	glia	TLP004998	-2.0030886039570817	-2.6940401713018494	Green x Multiome 2025	Green	Multiome 2025	105
Astro_6-SEAAD	glia	TLP005001	0.4831775115566561	-1.372907367304892	Green x Multiome 2025	Green	Multiome 2025	105
Astro_6-SEAAD	glia	TLP005002	-2.5642664906822112	-2.9746413299344976	Green x Multiome 2025	Green	Multiome 2025	105
Astro_6-SEAAD	glia	TLP005006	-2.5293904359211954	-2.360758816390379	Green x Multiome 2025	Green	Multiome 2025	105
Astro_6-SEAAD	glia	TLP005013	-1.963814658804889	-0.8919649079163721	Green x Multiome 2025	Green	Multiome 2025	105
Astro_6-SEAAD	glia	TLP005014	-1.9202434448402173	-1.6522996207689022	Green x Multiome 2025	Green	Multiome 2025	105
Astro_6-SEAAD	glia	TLP005020	-2.274703741716932	-2.7024842410192944	Green x Multiome 2025	Green	Multiome 2025	105
Astro_6-SEAAD	glia	TLP005021	-2.9960442737402246	-2.697130509306664	Green x Multiome 2025	Green	Multiome 2025	105
Astro_6-SEAAD	glia	TLP005025	-1.20038058162279	-2.7984776943318046	Green x Multiome 2025	Green	Multiome 2025	105
Astro_6-SEAAD	glia	TLP005036	-0.9215678787904533	-2.92803705545066	Green x Multiome 2025	Green	Multiome 2025	105
Astro_6-SEAAD	glia	TLP005047	1.6501080384144253	-1.6766311337704938	Green x Multiome 2025	Green	Multiome 2025	105
Astro_6-SEAAD	glia	TLP005065	-2.213502442389525	-2.3482047508322523	Green x Multiome 2025	Green	Multiome 2025	105
Astro_6-SEAAD	glia	TLP005075	-2.7268368475306577	-3.0459781815598506	Green x Multiome 2025	Green	Multiome 2025	105
Astro_6-SEAAD	glia	TLP005084	-0.9429135997700469	-0.699903771820626	Green x Multiome 2025	Green	Multiome 2025	105
Astro_6-SEAAD	glia	TLP005092	-2.545482573627506	-2.692797258796152	Green x Multiome 2025	Green	Multiome 2025	105
Astro_6-SEAAD	glia	TLP005099	-2.875963081612287	-2.8057726433545183	Green x Multiome 2025	Green	Multiome 2025	105
Astro_6-SEAAD	glia	TLP005102	-2.3157605883675707	-1.9717211793093288	Green x Multiome 2025	Green	Multiome 2025	105
Astro_6-SEAAD	glia	TLP005115	-1.7168154502004507	-2.0756811226463237	Green x Multiome 2025	Green	Multiome 2025	105
Astro_6-SEAAD	glia	TLP005121	2.666662870023252	2.2966006029756407	Green x Multiome 2025	Green	Multiome 2025	105
Astro_6-SEAAD	glia	TLP005828	-2.8046968129938303	-2.0562746423920775	Green x Multiome 2025	Green	Multiome 2025	105
Astro_6-SEAAD	glia	TLP005879	1.209695355312277	0.209455854430729	Green x Multiome 2025	Green	Multiome 2025	105
OPC_2_2-SEAAD	glia	TLP004225	-1.1064239201179618	-1.277795715654129	Green x Multiome 2025	Green	Multiome 2025	105
OPC_2_2-SEAAD	glia	TLP004228	-0.3847707760067909	-0.939245030714777	Green x Multiome 2025	Green	Multiome 2025	105
OPC_2_2-SEAAD	glia	TLP004231	-0.22778770854167885	0.7946698878236917	Green x Multiome 2025	Green	Multiome 2025	105
OPC_2_2-SEAAD	glia	TLP004238	0.15364034978119712	0.8008985886877689	Green x Multiome 2025	Green	Multiome 2025	105
OPC_2_2-SEAAD	glia	TLP004251	-0.8400404912531734	-1.0002020996728715	Green x Multiome 2025	Green	Multiome 2025	105
OPC_2_2-SEAAD	glia	TLP004266	-0.2922740864345581	-2.6500938805319425	Green x Multiome 2025	Green	Multiome 2025	105
OPC_2_2-SEAAD	glia	TLP004271	-0.512671503218729	-2.734839878760586	Green x Multiome 2025	Green	Multiome 2025	105
OPC_2_2-SEAAD	glia	TLP004281	-0.8741069821237657	-1.3903445812521014	Green x Multiome 2025	Green	Multiome 2025	105
OPC_2_2-SEAAD	glia	TLP004305	0.689928426137473	-2.3924278120916433	Green x Multiome 2025	Green	Multiome 2025	105
OPC_2_2-SEAAD	glia	TLP004318	-0.8005859776474171	-0.4260743268689593	Green x Multiome 2025	Green	Multiome 2025	105
OPC_2_2-SEAAD	glia	TLP004321	-1.6340304001456625	-1.640438552806346	Green x Multiome 2025	Green	Multiome 2025	105
OPC_2_2-SEAAD	glia	TLP004322	-1.101518443261348	-2.652607728975294	Green x Multiome 2025	Green	Multiome 2025	105
OPC_2_2-SEAAD	glia	TLP004325	0.22549125740242815	-3.1230819534863548	Green x Multiome 2025	Green	Multiome 2025	105
OPC_2_2-SEAAD	glia	TLP004371	-0.18813572446194815	-0.5097776664988904	Green x Multiome 2025	Green	Multiome 2025	105
OPC_2_2-SEAAD	glia	TLP004401	-0.6656481221253445	-0.43098292322229703	Green x Multiome 2025	Green	Multiome 2025	105
OPC_2_2-SEAAD	glia	TLP004415	1.2373335896513322	1.9417695849334287	Green x Multiome 2025	Green	Multiome 2025	105
OPC_2_2-SEAAD	glia	TLP004435	-0.0544175903771027	-0.0865973246773235	Green x Multiome 2025	Green	Multiome 2025	105
OPC_2_2-SEAAD	glia	TLP004444	-0.6237428754456751	-2.060442348975445	Green x Multiome 2025	Green	Multiome 2025	105
OPC_2_2-SEAAD	glia	TLP004459	-0.3937473946772041	-1.470977633689654	Green x Multiome 2025	Green	Multiome 2025	105
OPC_2_2-SEAAD	glia	TLP004460	-0.4059974576581009	-2.540503258830178	Green x Multiome 2025	Green	Multiome 2025	105
OPC_2_2-SEAAD	glia	TLP004467	1.459942868944934	1.6795204966378745	Green x Multiome 2025	Green	Multiome 2025	105
OPC_2_2-SEAAD	glia	TLP004474	-2.968288110487114	-1.7701901445163273	Green x Multiome 2025	Green	Multiome 2025	105
OPC_2_2-SEAAD	glia	TLP004479	-0.7580019489410068	-2.7511978606438694	Green x Multiome 2025	Green	Multiome 2025	105
OPC_2_2-SEAAD	glia	TLP004482	-1.2262898805528888	-1.3473992238537393	Green x Multiome 2025	Green	Multiome 2025	105
OPC_2_2-SEAAD	glia	TLP004490	0.7203296341865206	-1.0372918503133057	Green x Multiome 2025	Green	Multiome 2025	105
OPC_2_2-SEAAD	glia	TLP004509	-1.5861736455049096	-2.526551961722163	Green x Multiome 2025	Green	Multiome 2025	105
OPC_2_2-SEAAD	glia	TLP004533	-1.308779821117624	-1.9825567651314788	Green x Multiome 2025	Green	Multiome 2025	105
OPC_2_2-SEAAD	glia	TLP004543	-0.8632466903093707	-2.735623892779315	Green x Multiome 2025	Green	Multiome 2025	105
OPC_2_2-SEAAD	glia	TLP004551	-0.3785617721981831	-0.6738132112908319	Green x Multiome 2025	Green	Multiome 2025	105
OPC_2_2-SEAAD	glia	TLP004563	0.07962717638132144	-1.5632776955439764	Green x Multiome 2025	Green	Multiome 2025	105
OPC_2_2-SEAAD	glia	TLP004574	-0.8433136949782938	-0.022789407659896455	Green x Multiome 2025	Green	Multiome 2025	105
OPC_2_2-SEAAD	glia	TLP004578	2.9795998351491972	2.726655192362159	Green x Multiome 2025	Green	Multiome 2025	105
OPC_2_2-SEAAD	glia	TLP004582	-0.11921344382062316	-1.094947721776144	Green x Multiome 2025	Green	Multiome 2025	105
OPC_2_2-SEAAD	glia	TLP004591	-0.6520849601007219	-2.802218263309828	Green x Multiome 2025	Green	Multiome 2025	105
OPC_2_2-SEAAD	glia	TLP004595	-0.19966911729946446	-2.9277812139122936	Green x Multiome 2025	Green	Multiome 2025	105
OPC_2_2-SEAAD	glia	TLP004599	0.445950677659396	-1.1400799729906295	Green x Multiome 2025	Green	Multiome 2025	105
OPC_2_2-SEAAD	glia	TLP004600	-0.45698584310244517	-1.2736444309550432	Green x Multiome 2025	Green	Multiome 2025	105
OPC_2_2-SEAAD	glia	TLP004610	0.3952631982379735	-2.9552905423295135	Green x Multiome 2025	Green	Multiome 2025	105
OPC_2_2-SEAAD	glia	TLP004611	-0.2220671417929312	-2.4716604105470683	Green x Multiome 2025	Green	Multiome 2025	105
OPC_2_2-SEAAD	glia	TLP004616	-1.476037660069582	-2.717329220521359	Green x Multiome 2025	Green	Multiome 2025	105
OPC_2_2-SEAAD	glia	TLP004619	-1.5107992684241545	-2.9026252970158124	Green x Multiome 2025	Green	Multiome 2025	105
OPC_2_2-SEAAD	glia	TLP004622	-0.8404320130401297	-2.4118201610546004	Green x Multiome 2025	Green	Multiome 2025	105
OPC_2_2-SEAAD	glia	TLP004646	-1.5369556272770906	-3.517746324801177	Green x Multiome 2025	Green	Multiome 2025	105
OPC_2_2-SEAAD	glia	TLP004647	-0.38866412449716936	-1.8569582086698722	Green x Multiome 2025	Green	Multiome 2025	105
OPC_2_2-SEAAD	glia	TLP004660	-1.0480033302784877	-2.5383361522496752	Green x Multiome 2025	Green	Multiome 2025	105
OPC_2_2-SEAAD	glia	TLP004663	-0.7648593776751387	-2.5649297527374157	Green x Multiome 2025	Green	Multiome 2025	105
OPC_2_2-SEAAD	glia	TLP004674	-1.4001719786589106	-2.885755887788731	Green x Multiome 2025	Green	Multiome 2025	105
OPC_2_2-SEAAD	glia	TLP004675	0.27171997131335424	-1.6995589914668	Green x Multiome 2025	Green	Multiome 2025	105
OPC_2_2-SEAAD	glia	TLP004682	-1.4691991427174367	-1.5797113509366385	Green x Multiome 2025	Green	Multiome 2025	105
OPC_2_2-SEAAD	glia	TLP004685	-0.5740919153974771	-2.6505679590219025	Green x Multiome 2025	Green	Multiome 2025	105
OPC_2_2-SEAAD	glia	TLP004703	0.12000069748303765	-0.6619349526582337	Green x Multiome 2025	Green	Multiome 2025	105
OPC_2_2-SEAAD	glia	TLP004707	-1.2061120832473726	-2.922291791946538	Green x Multiome 2025	Green	Multiome 2025	105
OPC_2_2-SEAAD	glia	TLP004717	-0.06734452857501871	-0.2112269415195449	Green x Multiome 2025	Green	Multiome 2025	105
OPC_2_2-SEAAD	glia	TLP004719	0.21916673364521522	-0.6332056364648402	Green x Multiome 2025	Green	Multiome 2025	105
OPC_2_2-SEAAD	glia	TLP004727	-0.9904555041582963	-3.030236380537831	Green x Multiome 2025	Green	Multiome 2025	105
OPC_2_2-SEAAD	glia	TLP004732	-0.6624611287333648	-2.731882828006258	Green x Multiome 2025	Green	Multiome 2025	105
OPC_2_2-SEAAD	glia	TLP004735	2.367914817365649	2.1121381040421436	Green x Multiome 2025	Green	Multiome 2025	105
OPC_2_2-SEAAD	glia	TLP004740	-0.6673568948125439	-2.5287806220527846	Green x Multiome 2025	Green	Multiome 2025	105
OPC_2_2-SEAAD	glia	TLP004741	-0.8168536866066987	-1.672109085681626	Green x Multiome 2025	Green	Multiome 2025	105
OPC_2_2-SEAAD	glia	TLP004744	-0.765237451914599	-1.6078721679393189	Green x Multiome 2025	Green	Multiome 2025	105
OPC_2_2-SEAAD	glia	TLP004749	-0.015650161193290657	0.4315430977007386	Green x Multiome 2025	Green	Multiome 2025	105
OPC_2_2-SEAAD	glia	TLP004751	0.1194942277474551	-2.6655001857261897	Green x Multiome 2025	Green	Multiome 2025	105
OPC_2_2-SEAAD	glia	TLP004763	-1.7546520338696823	-3.3908291476740633	Green x Multiome 2025	Green	Multiome 2025	105
OPC_2_2-SEAAD	glia	TLP004764	-0.3114582854368404	-2.6116109026178753	Green x Multiome 2025	Green	Multiome 2025	105
OPC_2_2-SEAAD	glia	TLP004771	-0.5269446702852054	-1.1972769606766844	Green x Multiome 2025	Green	Multiome 2025	105
OPC_2_2-SEAAD	glia	TLP004778	-1.1498256679299415	-2.1241963866358073	Green x Multiome 2025	Green	Multiome 2025	105
OPC_2_2-SEAAD	glia	TLP004779	-0.11661523685728259	-1.2779976415929664	Green x Multiome 2025	Green	Multiome 2025	105
OPC_2_2-SEAAD	glia	TLP004788	0.07963414390724566	-2.618916656127876	Green x Multiome 2025	Green	Multiome 2025	105
OPC_2_2-SEAAD	glia	TLP004794	1.5629973903002363	1.245274036675501	Green x Multiome 2025	Green	Multiome 2025	105
OPC_2_2-SEAAD	glia	TLP004814	0.04550997297467507	-0.14817142863653832	Green x Multiome 2025	Green	Multiome 2025	105
OPC_2_2-SEAAD	glia	TLP004845	-1.0866575613147154	-2.1362825419761764	Green x Multiome 2025	Green	Multiome 2025	105
OPC_2_2-SEAAD	glia	TLP004851	1.2687298801019722	-2.5182518761241006	Green x Multiome 2025	Green	Multiome 2025	105
OPC_2_2-SEAAD	glia	TLP004855	-0.8057108097996242	-1.5515210353953774	Green x Multiome 2025	Green	Multiome 2025	105
OPC_2_2-SEAAD	glia	TLP004857	-0.36312854324734367	-2.8067314399887016	Green x Multiome 2025	Green	Multiome 2025	105
OPC_2_2-SEAAD	glia	TLP004866	-1.374774241617157	-2.7939329504621035	Green x Multiome 2025	Green	Multiome 2025	105
OPC_2_2-SEAAD	glia	TLP004879	-0.9040962542445161	-1.3442373161568453	Green x Multiome 2025	Green	Multiome 2025	105
OPC_2_2-SEAAD	glia	TLP004889	-0.9873153717959493	-2.7247542897897343	Green x Multiome 2025	Green	Multiome 2025	105
OPC_2_2-SEAAD	glia	TLP004916	-0.8032657442889475	-2.6925362662640433	Green x Multiome 2025	Green	Multiome 2025	105
OPC_2_2-SEAAD	glia	TLP004935	-0.6840631141042879	-2.1633468727865512	Green x Multiome 2025	Green	Multiome 2025	105
OPC_2_2-SEAAD	glia	TLP004948	-0.42098850423243395	-2.384785145496001	Green x Multiome 2025	Green	Multiome 2025	105
OPC_2_2-SEAAD	glia	TLP004963	-0.8096333673969198	-1.3706720794210892	Green x Multiome 2025	Green	Multiome 2025	105
OPC_2_2-SEAAD	glia	TLP004977	2.1644948741504564	-3.1809599967982107	Green x Multiome 2025	Green	Multiome 2025	105
OPC_2_2-SEAAD	glia	TLP004984	-1.3375566807631465	-2.8608973608914807	Green x Multiome 2025	Green	Multiome 2025	105
OPC_2_2-SEAAD	glia	TLP004996	-0.6711572163376323	-2.9050461008752935	Green x Multiome 2025	Green	Multiome 2025	105
OPC_2_2-SEAAD	glia	TLP004998	0.394806668841289	-2.6940401713018494	Green x Multiome 2025	Green	Multiome 2025	105
OPC_2_2-SEAAD	glia	TLP005001	-0.3378030405131742	0.23653054512920768	Green x Multiome 2025	Green	Multiome 2025	105
OPC_2_2-SEAAD	glia	TLP005002	-1.4656542020141021	-2.9746413299344976	Green x Multiome 2025	Green	Multiome 2025	105
OPC_2_2-SEAAD	glia	TLP005006	-0.33216585858497627	-1.262146527722269	Green x Multiome 2025	Green	Multiome 2025	105
OPC_2_2-SEAAD	glia	TLP005013	0.23340991853133009	-0.8919649079163721	Green x Multiome 2025	Green	Multiome 2025	105
OPC_2_2-SEAAD	glia	TLP005014	-0.6209604607099566	-0.8638422604046321	Green x Multiome 2025	Green	Multiome 2025	105
OPC_2_2-SEAAD	glia	TLP005020	-0.9754207575866713	-1.6038719523511853	Green x Multiome 2025	Green	Multiome 2025	105
OPC_2_2-SEAAD	glia	TLP005021	-0.7988196964040046	-1.598518220638554	Green x Multiome 2025	Green	Multiome 2025	105
OPC_2_2-SEAAD	glia	TLP005025	-0.5643918149027929	-2.7984776943318046	Green x Multiome 2025	Green	Multiome 2025	105
OPC_2_2-SEAAD	glia	TLP005036	-0.9215678787904533	-1.8294247667825507	Green x Multiome 2025	Green	Multiome 2025	105
OPC_2_2-SEAAD	glia	TLP005047	0.2969658846114349	0.3602507934905468	Green x Multiome 2025	Green	Multiome 2025	105
OPC_2_2-SEAAD	glia	TLP005065	-2.213502442389525	-2.3482047508322523	Green x Multiome 2025	Green	Multiome 2025	105
OPC_2_2-SEAAD	glia	TLP005075	-1.6282245588625486	-1.9473658928917406	Green x Multiome 2025	Green	Multiome 2025	105
OPC_2_2-SEAAD	glia	TLP005084	-1.1435842952321984	-1.798516060488736	Green x Multiome 2025	Green	Multiome 2025	105
OPC_2_2-SEAAD	glia	TLP005092	-0.3482579962912862	-2.692797258796152	Green x Multiome 2025	Green	Multiome 2025	105
OPC_2_2-SEAAD	glia	TLP005099	-0.3110137241507509	-1.7071603546864091	Green x Multiome 2025	Green	Multiome 2025	105
OPC_2_2-SEAAD	glia	TLP005102	-0.7063226759334702	-1.9717211793093288	Green x Multiome 2025	Green	Multiome 2025	105
OPC_2_2-SEAAD	glia	TLP005115	-0.2504783814070235	-2.0756811226463237	Green x Multiome 2025	Green	Multiome 2025	105
OPC_2_2-SEAAD	glia	TLP005121	2.7451344854647473	-2.4655733318221156	Green x Multiome 2025	Green	Multiome 2025	105
OPC_2_2-SEAAD	glia	TLP005828	-0.8587866639385178	-2.0562746423920775	Green x Multiome 2025	Green	Multiome 2025	105
OPC_2_2-SEAAD	glia	TLP005879	0.4058826068648118	-0.20827934626924982	Green x Multiome 2025	Green	Multiome 2025	105
OPC_2	glia	TLP004225	3.0576539801188143	2.9088241226771423	Green x Multiome 2025	Green	Multiome 2025	105
OPC_2	glia	TLP004228	2.075320704661486	3.3835622442991333	Green x Multiome 2025	Green	Multiome 2025	105
OPC_2	glia	TLP004231	2.797503367253857	1.8806237796198775	Green x Multiome 2025	Green	Multiome 2025	105
OPC_2	glia	TLP004238	1.5470521786699516	2.7275773758151947	Green x Multiome 2025	Green	Multiome 2025	105
OPC_2	glia	TLP004251	2.71530757023624	3.24351986362383	Green x Multiome 2025	Green	Multiome 2025	105
OPC_2	glia	TLP004266	2.6358379994444534	3.01633280758049	Green x Multiome 2025	Green	Multiome 2025	105
OPC_2	glia	TLP004271	2.4785049537994013	2.5483638499774024	Green x Multiome 2025	Green	Multiome 2025	105
OPC_2	glia	TLP004281	2.963808051150659	2.932462693761809	Green x Multiome 2025	Green	Multiome 2025	105
OPC_2	glia	TLP004305	2.821555720987879	3.3213049934177254	Green x Multiome 2025	Green	Multiome 2025	105
OPC_2	glia	TLP004318	2.4359114485706037	2.60149855254069	Green x Multiome 2025	Green	Multiome 2025	105
OPC_2	glia	TLP004321	2.4502638262229364	2.6222413242349694	Green x Multiome 2025	Green	Multiome 2025	105
OPC_2	glia	TLP004322	3.179766621611001	3.440962041069841	Green x Multiome 2025	Green	Multiome 2025	105
OPC_2	glia	TLP004325	2.877689380578745	3.0146451005998793	Green x Multiome 2025	Green	Multiome 2025	105
OPC_2	glia	TLP004371	2.5019767759535942	2.7405968254286814	Green x Multiome 2025	Green	Multiome 2025	105
OPC_2	glia	TLP004401	2.421891700681769	3.2137546376617143	Green x Multiome 2025	Green	Multiome 2025	105
OPC_2	glia	TLP004415	1.4215260543810984	1.1449188899232867	Green x Multiome 2025	Green	Multiome 2025	105
OPC_2	glia	TLP004435	2.4023181824442013	2.8297499196221017	Green x Multiome 2025	Green	Multiome 2025	105
OPC_2	glia	TLP004444	2.420779562277748	3.1269434568653103	Green x Multiome 2025	Green	Multiome 2025	105
OPC_2	glia	TLP004459	2.8770881691217074	2.739667384228607	Green x Multiome 2025	Green	Multiome 2025	105
OPC_2	glia	TLP004460	2.1792571659641817	2.5409011061542857	Green x Multiome 2025	Green	Multiome 2025	105
OPC_2	glia	TLP004467	2.5757229612354093	3.063518645497415	Green x Multiome 2025	Green	Multiome 2025	105
OPC_2	glia	TLP004474	2.7321554629035725	2.5202692966320646	Green x Multiome 2025	Green	Multiome 2025	105
OPC_2	glia	TLP004479	2.7385056125254734	3.0202432624861464	Green x Multiome 2025	Green	Multiome 2025	105
OPC_2	glia	TLP004482	3.159894764269657	3.03712429101873	Green x Multiome 2025	Green	Multiome 2025	105
OPC_2	glia	TLP004490	3.3032166923347246	3.657719039674575	Green x Multiome 2025	Green	Multiome 2025	105
OPC_2	glia	TLP004509	2.7223858372870993	3.2695057890432087	Green x Multiome 2025	Green	Multiome 2025	105
OPC_2	glia	TLP004533	2.5155042700025154	2.768155726147271	Green x Multiome 2025	Green	Multiome 2025	105
OPC_2	glia	TLP004543	2.20812299745024	2.8134521921159052	Green x Multiome 2025	Green	Multiome 2025	105
OPC_2	glia	TLP004551	1.8186628051380362	1.6615617045262052	Green x Multiome 2025	Green	Multiome 2025	105
OPC_2	glia	TLP004563	2.0870952184360676	2.6591668693054396	Green x Multiome 2025	Green	Multiome 2025	105
OPC_2	glia	TLP004574	2.4275218688206177	2.72372707427011	Green x Multiome 2025	Green	Multiome 2025	105
OPC_2	glia	TLP004578	1.9336312799665092	2.400387125915188	Green x Multiome 2025	Green	Multiome 2025	105
OPC_2	glia	TLP004582	2.513329204773442	2.720564383271158	Green x Multiome 2025	Green	Multiome 2025	105
OPC_2	glia	TLP004591	2.4957550916507274	2.7232346758219563	Green x Multiome 2025	Green	Multiome 2025	105
OPC_2	glia	TLP004595	2.6856393386401534	3.0409263460730713	Green x Multiome 2025	Green	Multiome 2025	105
OPC_2	glia	TLP004599	2.6334664408686543	1.05714460434559	Green x Multiome 2025	Green	Multiome 2025	105
OPC_2	glia	TLP004600	2.4517350534619164	2.848099105455171	Green x Multiome 2025	Green	Multiome 2025	105
OPC_2	glia	TLP004610	2.633944489252539	3.733064171617249	Green x Multiome 2025	Green	Multiome 2025	105
OPC_2	glia	TLP004611	2.899958857085352	3.159551371274298	Green x Multiome 2025	Green	Multiome 2025	105
OPC_2	glia	TLP004616	2.365562881062018	3.4709349025612317	Green x Multiome 2025	Green	Multiome 2025	105
OPC_2	glia	TLP004619	2.8999767795357125	3.106187888426783	Green x Multiome 2025	Green	Multiome 2025	105
OPC_2	glia	TLP004622	2.745608994848691	3.1679096649316225	Green x Multiome 2025	Green	Multiome 2025	105
OPC_2	glia	TLP004646	2.6374316426185467	3.4988633590930416	Green x Multiome 2025	Green	Multiome 2025	105
OPC_2	glia	TLP004647	2.0408127203515	3.0823004225841557	Green x Multiome 2025	Green	Multiome 2025	105
OPC_2	glia	TLP004660	1.6903522203190513	2.4921017691427605	Green x Multiome 2025	Green	Multiome 2025	105
OPC_2	glia	TLP004663	2.7582278215960536	3.080517144905822	Green x Multiome 2025	Green	Multiome 2025	105
OPC_2	glia	TLP004674	2.070018274490196	2.5033158420277695	Green x Multiome 2025	Green	Multiome 2025	105
OPC_2	glia	TLP004675	3.054128739734111	3.2725664478675807	Green x Multiome 2025	Green	Multiome 2025	105
OPC_2	glia	TLP004682	2.6416747214558747	3.335391516438053	Green x Multiome 2025	Green	Multiome 2025	105
OPC_2	glia	TLP004685	2.5016830658300506	3.145489791743469	Green x Multiome 2025	Green	Multiome 2025	105
OPC_2	glia	TLP004703	2.28072487259973	3.481199773733299	Green x Multiome 2025	Green	Multiome 2025	105
OPC_2	glia	TLP004707	2.76417983030475	3.3784940027167067	Green x Multiome 2025	Green	Multiome 2025	105
OPC_2	glia	TLP004717	1.918570955093994	2.241103537833842	Green x Multiome 2025	Green	Multiome 2025	105
OPC_2	glia	TLP004719	2.244765043304228	2.592916596924128	Green x Multiome 2025	Green	Multiome 2025	105
OPC_2	glia	TLP004727	2.506052057308184	3.124621713478587	Green x Multiome 2025	Green	Multiome 2025	105
OPC_2	glia	TLP004732	2.637723570207067	2.9818499775031104	Green x Multiome 2025	Green	Multiome 2025	105
OPC_2	glia	TLP004735	1.0262526102665266	1.168274045263889	Green x Multiome 2025	Green	Multiome 2025	105
OPC_2	glia	TLP004740	2.1658564492436723	3.1649515167499143	Green x Multiome 2025	Green	Multiome 2025	105
OPC_2	glia	TLP004741	2.6454039518167027	2.746731522114972	Green x Multiome 2025	Green	Multiome 2025	105
OPC_2	glia	TLP004744	2.3889839030652484	2.7699790953240813	Green x Multiome 2025	Green	Multiome 2025	105
OPC_2	glia	TLP004749	1.5937877512408098	2.390966965922775	Green x Multiome 2025	Green	Multiome 2025	105
OPC_2	glia	TLP004751	2.618999676956608	2.79408532841797	Green x Multiome 2025	Green	Multiome 2025	105
OPC_2	glia	TLP004763	2.589153387984002	2.716193740068191	Green x Multiome 2025	Green	Multiome 2025	105
OPC_2	glia	TLP004764	2.5085969740418648	2.960543129559888	Green x Multiome 2025	Green	Multiome 2025	105
OPC_2	glia	TLP004771	2.691931154582995	1.994570191803597	Green x Multiome 2025	Green	Multiome 2025	105
OPC_2	glia	TLP004778	1.9856685479992082	2.9405061287307244	Green x Multiome 2025	Green	Multiome 2025	105
OPC_2	glia	TLP004779	2.8836521918621	3.2328618649238834	Green x Multiome 2025	Green	Multiome 2025	105
OPC_2	glia	TLP004788	3.031066158564657	3.5652322348096077	Green x Multiome 2025	Green	Multiome 2025	105
OPC_2	glia	TLP004794	2.631189082267634	2.5319385568465504	Green x Multiome 2025	Green	Multiome 2025	105
OPC_2	glia	TLP004814	2.705358072259008	3.112485930246618	Green x Multiome 2025	Green	Multiome 2025	105
OPC_2	glia	TLP004845	3.03724580314893	3.3811703544885314	Green x Multiome 2025	Green	Multiome 2025	105
OPC_2	glia	TLP004851	2.458313946975809	3.046268531198593	Green x Multiome 2025	Green	Multiome 2025	105
OPC_2	glia	TLP004855	2.2443982346324387	3.0435988147392123	Green x Multiome 2025	Green	Multiome 2025	105
OPC_2	glia	TLP004857	2.326739338771676	2.445541988057928	Green x Multiome 2025	Green	Multiome 2025	105
OPC_2	glia	TLP004866	2.7469692947930584	3.313089937280151	Green x Multiome 2025	Green	Multiome 2025	105
OPC_2	glia	TLP004879	2.52989095024063	2.761941703712258	Green x Multiome 2025	Green	Multiome 2025	105
OPC_2	glia	TLP004889	2.6312948864714305	3.55376713437611	Green x Multiome 2025	Green	Multiome 2025	105
OPC_2	glia	TLP004916	2.5169625748395412	3.014573998484832	Green x Multiome 2025	Green	Multiome 2025	105
OPC_2	glia	TLP004935	2.7851389966719253	3.5699944041111946	Green x Multiome 2025	Green	Multiome 2025	105
OPC_2	glia	TLP004948	2.54657289235486	3.3420626020911968	Green x Multiome 2025	Green	Multiome 2025	105
OPC_2	glia	TLP004963	2.6694065010291697	3.5685865518329383	Green x Multiome 2025	Green	Multiome 2025	105
OPC_2	glia	TLP004977	1.5786767138210096	-1.2350498477428982	Green x Multiome 2025	Green	Multiome 2025	105
OPC_2	glia	TLP004984	2.849063157568125	2.5815203496303125	Green x Multiome 2025	Green	Multiome 2025	105
OPC_2	glia	TLP004996	2.2130225713106113	2.733308568458453	Green x Multiome 2025	Green	Multiome 2025	105
OPC_2	glia	TLP004998	3.606383191227878	2.756998282263851	Green x Multiome 2025	Green	Multiome 2025	105
OPC_2	glia	TLP005001	2.5775076657302427	2.7638579108011605	Green x Multiome 2025	Green	Multiome 2025	105
OPC_2	glia	TLP005002	2.9691229980453087	2.70553127908257	Green x Multiome 2025	Green	Multiome 2025	105
OPC_2	glia	TLP005006	3.1575849204186244	3.4106823067396372	Green x Multiome 2025	Green	Multiome 2025	105
OPC_2	glia	TLP005013	2.9265344694168642	2.1525575298070505	Green x Multiome 2025	Green	Multiome 2025	105
OPC_2	glia	TLP005014	2.818874713657613	2.914129736902759	Green x Multiome 2025	Green	Multiome 2025	105
OPC_2	glia	TLP005020	1.8028337021887872	3.1808381474689837	Green x Multiome 2025	Green	Multiome 2025	105
OPC_2	glia	TLP005021	2.4021184277775283	3.042662402872571	Green x Multiome 2025	Green	Multiome 2025	105
OPC_2	glia	TLP005025	2.4688628979742875	3.0096647956486398	Green x Multiome 2025	Green	Multiome 2025	105
OPC_2	glia	TLP005036	2.0841147256167063	2.8557881268790775	Green x Multiome 2025	Green	Multiome 2025	105
OPC_2	glia	TLP005047	2.7709434638672454	2.557475370826766	Green x Multiome 2025	Green	Multiome 2025	105
OPC_2	glia	TLP005065	2.039743402418432	2.586269182298439	Green x Multiome 2025	Green	Multiome 2025	105
OPC_2	glia	TLP005075	2.3791086263699226	2.592376487773896	Green x Multiome 2025	Green	Multiome 2025	105
OPC_2	glia	TLP005084	2.0752915296360026	1.854736215982049	Green x Multiome 2025	Green	Multiome 2025	105
OPC_2	glia	TLP005092	3.22595854950251	3.1332028485842978	Green x Multiome 2025	Green	Multiome 2025	105
OPC_2	glia	TLP005099	2.7112855767879624	3.3056946961481595	Green x Multiome 2025	Green	Multiome 2025	105
OPC_2	glia	TLP005102	3.201692308097137	3.3989168488183346	Green x Multiome 2025	Green	Multiome 2025	105
OPC_2	glia	TLP005115	2.8850158345221266	2.158425381950935	Green x Multiome 2025	Green	Multiome 2025	105
OPC_2	glia	TLP005121	0.24117964070605247	-2.4655733318221156	Green x Multiome 2025	Green	Multiome 2025	105
OPC_2	glia	TLP005828	3.1842646038960325	3.827047746096201	Green x Multiome 2025	Green	Multiome 2025	105
OPC_2	glia	TLP005879	1.90759313863082	1.9030555591865395	Green x Multiome 2025	Green	Multiome 2025	105
Micro-PVM_2_1-SEAAD	glia	TLP004225	-2.205036208786071	-1.7886213394201196	Green x Multiome 2025	Green	Multiome 2025	105
Micro-PVM_2_1-SEAAD	glia	TLP004228	-2.119371831394897	-2.5486829431488776	Green x Multiome 2025	Green	Multiome 2025	105
Micro-PVM_2_1-SEAAD	glia	TLP004231	1.1072133581906614	0.3797260357609833	Green x Multiome 2025	Green	Multiome 2025	105
Micro-PVM_2_1-SEAAD	glia	TLP004238	-0.10587084570388772	-3.0057639010825516	Green x Multiome 2025	Green	Multiome 2025	105
Micro-PVM_2_1-SEAAD	glia	TLP004251	-2.785950640308487	-2.0988143883409816	Green x Multiome 2025	Green	Multiome 2025	105
Micro-PVM_2_1-SEAAD	glia	TLP004266	-2.8572234438960953	-2.6500938805319425	Green x Multiome 2025	Green	Multiome 2025	105
Micro-PVM_2_1-SEAAD	glia	TLP004271	0.1339556617063229	-1.636227590092476	Green x Multiome 2025	Green	Multiome 2025	105
Micro-PVM_2_1-SEAAD	glia	TLP004281	-2.820017131179079	-2.999782493686201	Green x Multiome 2025	Green	Multiome 2025	105
Micro-PVM_2_1-SEAAD	glia	TLP004305	-2.3545940115859505	-1.2938155234235342	Green x Multiome 2025	Green	Multiome 2025	105
Micro-PVM_2_1-SEAAD	glia	TLP004318	-1.3883726425495357	-3.2592876709251755	Green x Multiome 2025	Green	Multiome 2025	105
Micro-PVM_2_1-SEAAD	glia	TLP004321	-3.243468312579763	-2.1512641765723366	Green x Multiome 2025	Green	Multiome 2025	105
Micro-PVM_2_1-SEAAD	glia	TLP004322	-2.200130731929458	-1.553995440307185	Green x Multiome 2025	Green	Multiome 2025	105
Micro-PVM_2_1-SEAAD	glia	TLP004325	-3.070345608601901	-3.1230819534863548	Green x Multiome 2025	Green	Multiome 2025	105
Micro-PVM_2_1-SEAAD	glia	TLP004371	-2.8961859255641587	-3.217827867601101	Green x Multiome 2025	Green	Multiome 2025	105
Micro-PVM_2_1-SEAAD	glia	TLP004401	-3.2305974795868817	-2.828878196020667	Green x Multiome 2025	Green	Multiome 2025	105
Micro-PVM_2_1-SEAAD	glia	TLP004415	-2.152690491412698	-1.474465674093267	Green x Multiome 2025	Green	Multiome 2025	105
Micro-PVM_2_1-SEAAD	glia	TLP004435	-0.39088982699831565	-1.9324240151756547	Green x Multiome 2025	Green	Multiome 2025	105
Micro-PVM_2_1-SEAAD	glia	TLP004444	-1.722355164113785	-2.060442348975445	Green x Multiome 2025	Green	Multiome 2025	105
Micro-PVM_2_1-SEAAD	glia	TLP004459	-1.1558874467241012	-3.0804155461237546	Green x Multiome 2025	Green	Multiome 2025	105
Micro-PVM_2_1-SEAAD	glia	TLP004460	0.1817892072440186	-2.540503258830178	Green x Multiome 2025	Green	Multiome 2025	105
Micro-PVM_2_1-SEAAD	glia	TLP004467	-2.8838625529087496	-3.0118273855912685	Green x Multiome 2025	Green	Multiome 2025	105
Micro-PVM_2_1-SEAAD	glia	TLP004474	-2.968288110487114	-1.7701901445163273	Green x Multiome 2025	Green	Multiome 2025	105
Micro-PVM_2_1-SEAAD	glia	TLP004479	-2.7039120979963203	-2.7511978606438694	Green x Multiome 2025	Green	Multiome 2025	105
Micro-PVM_2_1-SEAAD	glia	TLP004482	-2.324902169220998	-2.956837136287839	Green x Multiome 2025	Green	Multiome 2025	105
Micro-PVM_2_1-SEAAD	glia	TLP004490	-2.1128837098696955	-2.6467297627474062	Green x Multiome 2025	Green	Multiome 2025	105
Micro-PVM_2_1-SEAAD	glia	TLP004509	-1.5861736455049096	-0.9171140492880632	Green x Multiome 2025	Green	Multiome 2025	105
Micro-PVM_2_1-SEAAD	glia	TLP004533	0.026221245614716615	-1.4717311413654874	Green x Multiome 2025	Green	Multiome 2025	105
Micro-PVM_2_1-SEAAD	glia	TLP004543	-2.809156839364684	-2.735623892779315	Green x Multiome 2025	Green	Multiome 2025	105
Micro-PVM_2_1-SEAAD	glia	TLP004551	-0.3785617721981831	-2.871037788627051	Green x Multiome 2025	Green	Multiome 2025	105
Micro-PVM_2_1-SEAAD	glia	TLP004563	0.9269250367685249	0.2612715965070693	Green x Multiome 2025	Green	Multiome 2025	105
Micro-PVM_2_1-SEAAD	glia	TLP004574	-0.3324880712123033	-0.9100926026607992	Green x Multiome 2025	Green	Multiome 2025	105
Micro-PVM_2_1-SEAAD	glia	TLP004578	-2.577228226550341	-2.8828166028227997	Green x Multiome 2025	Green	Multiome 2025	105
Micro-PVM_2_1-SEAAD	glia	TLP004582	-0.5711985675636804	-1.6057733455421355	Green x Multiome 2025	Green	Multiome 2025	105
Micro-PVM_2_1-SEAAD	glia	TLP004591	-0.988557196721934	-2.802218263309828	Green x Multiome 2025	Green	Multiome 2025	105
Micro-PVM_2_1-SEAAD	glia	TLP004595	-0.032615032636298835	-1.318343301478194	Green x Multiome 2025	Green	Multiome 2025	105
Micro-PVM_2_1-SEAAD	glia	TLP004599	-0.12459418080821738	-1.1400799729906295	Green x Multiome 2025	Green	Multiome 2025	105
Micro-PVM_2_1-SEAAD	glia	TLP004600	-2.6542104204386643	-2.372256719623154	Green x Multiome 2025	Green	Multiome 2025	105
Micro-PVM_2_1-SEAAD	glia	TLP004610	-2.64925923948545	-2.9552905423295135	Green x Multiome 2025	Green	Multiome 2025	105
Micro-PVM_2_1-SEAAD	glia	TLP004611	-2.7870164992544684	-2.4716604105470683	Green x Multiome 2025	Green	Multiome 2025	105
Micro-PVM_2_1-SEAAD	glia	TLP004616	-3.0854755725036824	-2.717329220521359	Green x Multiome 2025	Green	Multiome 2025	105
Micro-PVM_2_1-SEAAD	glia	TLP004619	-2.6094115570922645	-1.8040130083477024	Green x Multiome 2025	Green	Multiome 2025	105
Micro-PVM_2_1-SEAAD	glia	TLP004622	-2.1397149971703904	-2.4118201610546004	Green x Multiome 2025	Green	Multiome 2025	105
Micro-PVM_2_1-SEAAD	glia	TLP004646	-2.047781251043081	-3.517746324801177	Green x Multiome 2025	Green	Multiome 2025	105
Micro-PVM_2_1-SEAAD	glia	TLP004647	-2.1232651798852755	-2.9555704973379813	Green x Multiome 2025	Green	Multiome 2025	105
Micro-PVM_2_1-SEAAD	glia	TLP004660	-0.31711582173569575	0.026613205211861946	Green x Multiome 2025	Green	Multiome 2025	105
Micro-PVM_2_1-SEAAD	glia	TLP004663	-1.8634716663432487	-2.5649297527374157	Green x Multiome 2025	Green	Multiome 2025	105
Micro-PVM_2_1-SEAAD	glia	TLP004674	-1.7366442152801236	-2.885755887788731	Green x Multiome 2025	Green	Multiome 2025	105
Micro-PVM_2_1-SEAAD	glia	TLP004675	-2.672719007853086	-2.79817128013491	Green x Multiome 2025	Green	Multiome 2025	105
Micro-PVM_2_1-SEAAD	glia	TLP004682	-3.078637055151537	-2.6783236396047485	Green x Multiome 2025	Green	Multiome 2025	105
Micro-PVM_2_1-SEAAD	glia	TLP004685	-3.2821421164996867	-2.6505679590219025	Green x Multiome 2025	Green	Multiome 2025	105
Micro-PVM_2_1-SEAAD	glia	TLP004703	0.3495751391275377	-2.271372865092334	Green x Multiome 2025	Green	Multiome 2025	105
Micro-PVM_2_1-SEAAD	glia	TLP004707	-2.8155499956814722	-2.922291791946538	Green x Multiome 2025	Green	Multiome 2025	105
Micro-PVM_2_1-SEAAD	glia	TLP004717	-1.5024290538643417	-0.578951721644863	Green x Multiome 2025	Green	Multiome 2025	105
Micro-PVM_2_1-SEAAD	glia	TLP004719	-2.116208182171821	-3.031100909263211	Green x Multiome 2025	Green	Multiome 2025	105
Micro-PVM_2_1-SEAAD	glia	TLP004727	-2.0890677928264063	-3.030236380537831	Green x Multiome 2025	Green	Multiome 2025	105
Micro-PVM_2_1-SEAAD	glia	TLP004732	-2.397062184121472	-1.6332705393381488	Green x Multiome 2025	Green	Multiome 2025	105
Micro-PVM_2_1-SEAAD	glia	TLP004735	0.6897803736453136	0.44233704188095224	Green x Multiome 2025	Green	Multiome 2025	105
Micro-PVM_2_1-SEAAD	glia	TLP004740	-0.46668619935039235	-2.5287806220527846	Green x Multiome 2025	Green	Multiome 2025	105
Micro-PVM_2_1-SEAAD	glia	TLP004741	-0.8168536866066987	-3.2815469981157257	Green x Multiome 2025	Green	Multiome 2025	105
Micro-PVM_2_1-SEAAD	glia	TLP004744	-2.291293755409648	-2.7064844566074298	Green x Multiome 2025	Green	Multiome 2025	105
Micro-PVM_2_1-SEAAD	glia	TLP004749	-2.580599518654827	-2.612979340022685	Green x Multiome 2025	Green	Multiome 2025	105
Micro-PVM_2_1-SEAAD	glia	TLP004751	-2.713719116308761	-2.6655001857261897	Green x Multiome 2025	Green	Multiome 2025	105
Micro-PVM_2_1-SEAAD	glia	TLP004763	-1.2438264101036918	-1.7813912352399628	Green x Multiome 2025	Green	Multiome 2025	105
Micro-PVM_2_1-SEAAD	glia	TLP004764	-1.4100705741049504	-2.6116109026178753	Green x Multiome 2025	Green	Multiome 2025	105
Micro-PVM_2_1-SEAAD	glia	TLP004771	-1.3742425306724089	-2.2958892493447935	Green x Multiome 2025	Green	Multiome 2025	105
Micro-PVM_2_1-SEAAD	glia	TLP004778	-2.759263580364042	-3.2228086753039173	Green x Multiome 2025	Green	Multiome 2025	105
Micro-PVM_2_1-SEAAD	glia	TLP004779	-1.4158982209875433	-2.3766099302610764	Green x Multiome 2025	Green	Multiome 2025	105
Micro-PVM_2_1-SEAAD	glia	TLP004788	-2.628416057194964	-2.618916656127876	Green x Multiome 2025	Green	Multiome 2025	105
Micro-PVM_2_1-SEAAD	glia	TLP004794	-2.9256389794319038	-3.2206340819790826	Green x Multiome 2025	Green	Multiome 2025	105
Micro-PVM_2_1-SEAAD	glia	TLP004814	-1.689091082413431	-2.856221629738749	Green x Multiome 2025	Green	Multiome 2025	105
Micro-PVM_2_1-SEAAD	glia	TLP004845	-2.696095473748815	-2.1362825419761764	Green x Multiome 2025	Green	Multiome 2025	105
Micro-PVM_2_1-SEAAD	glia	TLP004851	-0.6771802689533413	-2.5182518761241006	Green x Multiome 2025	Green	Multiome 2025	105
Micro-PVM_2_1-SEAAD	glia	TLP004855	-3.6389241538558403	-2.6501333240634874	Green x Multiome 2025	Green	Multiome 2025	105
Micro-PVM_2_1-SEAAD	glia	TLP004857	-3.9740464558915685	-2.8067314399887016	Green x Multiome 2025	Green	Multiome 2025	105
Micro-PVM_2_1-SEAAD	glia	TLP004866	-1.374774241617157	0.03928039359411262	Green x Multiome 2025	Green	Multiome 2025	105
Micro-PVM_2_1-SEAAD	glia	TLP004879	-3.1013208315807352	-2.1915351765440487	Green x Multiome 2025	Green	Multiome 2025	105
Micro-PVM_2_1-SEAAD	glia	TLP004889	-1.3237876084171623	-2.7247542897897343	Green x Multiome 2025	Green	Multiome 2025	105
Micro-PVM_2_1-SEAAD	glia	TLP004916	-1.9018780329570566	-1.5939239775959342	Green x Multiome 2025	Green	Multiome 2025	105
Micro-PVM_2_1-SEAAD	glia	TLP004935	-0.48339241864213633	0.8811755649368722	Green x Multiome 2025	Green	Multiome 2025	105
Micro-PVM_2_1-SEAAD	glia	TLP004948	-2.618213081568654	-2.384785145496001	Green x Multiome 2025	Green	Multiome 2025	105
Micro-PVM_2_1-SEAAD	glia	TLP004963	-1.6569312277841233	-2.469284368089199	Green x Multiome 2025	Green	Multiome 2025	105
Micro-PVM_2_1-SEAAD	glia	TLP004977	1.1687770086449794	1.1365281167380994	Green x Multiome 2025	Green	Multiome 2025	105
Micro-PVM_2_1-SEAAD	glia	TLP004984	-2.946994593197247	-2.8608973608914807	Green x Multiome 2025	Green	Multiome 2025	105
Micro-PVM_2_1-SEAAD	glia	TLP004996	-0.6711572163376323	-0.0718327568190773	Green x Multiome 2025	Green	Multiome 2025	105
Micro-PVM_2_1-SEAAD	glia	TLP004998	-2.0030886039570817	-2.6940401713018494	Green x Multiome 2025	Green	Multiome 2025	105
Micro-PVM_2_1-SEAAD	glia	TLP005001	-2.735698313311545	-2.9823452797389924	Green x Multiome 2025	Green	Multiome 2025	105
Micro-PVM_2_1-SEAAD	glia	TLP005002	-2.5642664906822112	-2.9746413299344976	Green x Multiome 2025	Green	Multiome 2025	105
Micro-PVM_2_1-SEAAD	glia	TLP005006	-2.5293904359211954	-2.360758816390379	Green x Multiome 2025	Green	Multiome 2025	105
Micro-PVM_2_1-SEAAD	glia	TLP005013	-1.963814658804889	-2.5014028203504735	Green x Multiome 2025	Green	Multiome 2025	105
Micro-PVM_2_1-SEAAD	glia	TLP005014	-3.0188557335083273	-3.261737533203002	Green x Multiome 2025	Green	Multiome 2025	105
Micro-PVM_2_1-SEAAD	glia	TLP005020	-2.274703741716932	-2.7024842410192944	Green x Multiome 2025	Green	Multiome 2025	105
Micro-PVM_2_1-SEAAD	glia	TLP005021	-2.9960442737402246	-2.697130509306664	Green x Multiome 2025	Green	Multiome 2025	105
Micro-PVM_2_1-SEAAD	glia	TLP005025	-0.8326558014974728	-0.6012531169955846	Green x Multiome 2025	Green	Multiome 2025	105
Micro-PVM_2_1-SEAAD	glia	TLP005036	-2.531005791224553	-1.8294247667825507	Green x Multiome 2025	Green	Multiome 2025	105
Micro-PVM_2_1-SEAAD	glia	TLP005047	-2.8385283313177148	-2.775243422438603	Green x Multiome 2025	Green	Multiome 2025	105
Micro-PVM_2_1-SEAAD	glia	TLP005065	-2.213502442389525	-2.3482047508322523	Green x Multiome 2025	Green	Multiome 2025	105
Micro-PVM_2_1-SEAAD	glia	TLP005075	-0.7809266984753442	-3.0459781815598506	Green x Multiome 2025	Green	Multiome 2025	105
Micro-PVM_2_1-SEAAD	glia	TLP005084	-0.044972006564088396	-3.4079539729228356	Green x Multiome 2025	Green	Multiome 2025	105
Micro-PVM_2_1-SEAAD	glia	TLP005092	-2.545482573627506	-2.692797258796152	Green x Multiome 2025	Green	Multiome 2025	105
Micro-PVM_2_1-SEAAD	glia	TLP005099	-2.875963081612287	-2.8057726433545183	Green x Multiome 2025	Green	Multiome 2025	105
Micro-PVM_2_1-SEAAD	glia	TLP005102	-2.3157605883675707	-1.9717211793093288	Green x Multiome 2025	Green	Multiome 2025	105
Micro-PVM_2_1-SEAAD	glia	TLP005115	-2.81542773886856	-2.0756811226463237	Green x Multiome 2025	Green	Multiome 2025	105
Micro-PVM_2_1-SEAAD	glia	TLP005121	-2.323769716755484	-2.4655733318221156	Green x Multiome 2025	Green	Multiome 2025	105
Micro-PVM_2_1-SEAAD	glia	TLP005828	-1.7060845243257212	-2.0562746423920775	Green x Multiome 2025	Green	Multiome 2025	105
Micro-PVM_2_1-SEAAD	glia	TLP005879	-3.4442649948452466	-3.50411621227358	Green x Multiome 2025	Green	Multiome 2025	105
Micro-PVM_2	glia	TLP004225	2.7149447170420538	2.884207495041786	Green x Multiome 2025	Green	Multiome 2025	105
Micro-PVM_2	glia	TLP004228	1.9915020327784143	2.616103030774637	Green x Multiome 2025	Green	Multiome 2025	105
Micro-PVM_2	glia	TLP004231	2.55722353369666	2.7828026673013513	Green x Multiome 2025	Green	Multiome 2025	105
Micro-PVM_2	glia	TLP004238	1.4734896114929348	2.1241348138405227	Green x Multiome 2025	Green	Multiome 2025	105
Micro-PVM_2	glia	TLP004251	2.3901990922653424	2.19164505280741	Green x Multiome 2025	Green	Multiome 2025	105
Micro-PVM_2	glia	TLP004266	2.7739883379252706	2.757077890928177	Green x Multiome 2025	Green	Multiome 2025	105
Micro-PVM_2	glia	TLP004271	1.8168210426952407	3.0489853035691517	Green x Multiome 2025	Green	Multiome 2025	105
Micro-PVM_2	glia	TLP004281	1.0718031669315478	1.2049101257047647	Green x Multiome 2025	Green	Multiome 2025	105
Micro-PVM_2	glia	TLP004305	1.7885407148055825	2.6764763901285877	Green x Multiome 2025	Green	Multiome 2025	105
Micro-PVM_2	glia	TLP004318	2.792149615913617	3.135973927190274	Green x Multiome 2025	Green	Multiome 2025	105
Micro-PVM_2	glia	TLP004321	2.948894176895109	3.368862518276773	Green x Multiome 2025	Green	Multiome 2025	105
Micro-PVM_2	glia	TLP004322	3.5267170156577388	3.5759032746158885	Green x Multiome 2025	Green	Multiome 2025	105
Micro-PVM_2	glia	TLP004325	2.7437849232231657	3.0189554521010016	Green x Multiome 2025	Green	Multiome 2025	105
Micro-PVM_2	glia	TLP004371	0.7147319870800657	1.900165944815655	Green x Multiome 2025	Green	Multiome 2025	105
Micro-PVM_2	glia	TLP004401	2.2289880345572772	3.342822401390248	Green x Multiome 2025	Green	Multiome 2025	105
Micro-PVM_2	glia	TLP004415	0.6405175180298186	2.730226945297699	Green x Multiome 2025	Green	Multiome 2025	105
Micro-PVM_2	glia	TLP004435	2.042723528402134	2.167460727422062	Green x Multiome 2025	Green	Multiome 2025	105
Micro-PVM_2	glia	TLP004444	2.209470468610541	2.7678713883268564	Green x Multiome 2025	Green	Multiome 2025	105
Micro-PVM_2	glia	TLP004459	2.5436493018638235	2.8882920138616113	Green x Multiome 2025	Green	Multiome 2025	105
Micro-PVM_2	glia	TLP004460	2.117060958094276	0.29271008522603914	Green x Multiome 2025	Green	Multiome 2025	105
Micro-PVM_2	glia	TLP004467	1.8074853293203943	1.1313073408002636	Green x Multiome 2025	Green	Multiome 2025	105
Micro-PVM_2	glia	TLP004474	2.953290309156702	1.8407277681278975	Green x Multiome 2025	Green	Multiome 2025	105
Micro-PVM_2	glia	TLP004479	2.9344425713374256	1.0554646291264502	Green x Multiome 2025	Green	Multiome 2025	105
Micro-PVM_2	glia	TLP004482	2.9377880196838873	2.5027483778563195	Green x Multiome 2025	Green	Multiome 2025	105
Micro-PVM_2	glia	TLP004490	3.3719132236209592	3.482320447313139	Green x Multiome 2025	Green	Multiome 2025	105
Micro-PVM_2	glia	TLP004509	3.0289468713363497	2.9909009347425446	Green x Multiome 2025	Green	Multiome 2025	105
Micro-PVM_2	glia	TLP004533	2.414501059713645	2.7565613933663515	Green x Multiome 2025	Green	Multiome 2025	105
Micro-PVM_2	glia	TLP004543	2.504049139677103	3.3934263172812305	Green x Multiome 2025	Green	Multiome 2025	105
Micro-PVM_2	glia	TLP004551	-0.3785617721981831	0.7925238575025952	Green x Multiome 2025	Green	Multiome 2025	105
Micro-PVM_2	glia	TLP004563	2.0148989272315787	2.6414149238469893	Green x Multiome 2025	Green	Multiome 2025	105
Micro-PVM_2	glia	TLP004574	2.0893604426085597	3.251020136026142	Green x Multiome 2025	Green	Multiome 2025	105
Micro-PVM_2	glia	TLP004578	0.1308219745518695	1.6280429036940496	Green x Multiome 2025	Green	Multiome 2025	105
Micro-PVM_2	glia	TLP004582	2.431651173759175	3.002724630538631	Green x Multiome 2025	Green	Multiome 2025	105
Micro-PVM_2	glia	TLP004591	2.6005019221097907	2.7924931162920115	Green x Multiome 2025	Green	Multiome 2025	105
Micro-PVM_2	glia	TLP004595	2.8448533204239586	2.4145530380525164	Green x Multiome 2025	Green	Multiome 2025	105
Micro-PVM_2	glia	TLP004599	1.5731363387715613	0.805830176064684	Green x Multiome 2025	Green	Multiome 2025	105
Micro-PVM_2	glia	TLP004600	2.9405009591631748	2.709147645361309	Green x Multiome 2025	Green	Multiome 2025	105
Micro-PVM_2	glia	TLP004610	2.8920043056729767	2.9500713057250576	Green x Multiome 2025	Green	Multiome 2025	105
Micro-PVM_2	glia	TLP004611	3.186793112614793	3.1080694154391546	Green x Multiome 2025	Green	Multiome 2025	105
Micro-PVM_2	glia	TLP004616	2.5017730858965668	3.424708185065998	Green x Multiome 2025	Green	Multiome 2025	105
Micro-PVM_2	glia	TLP004619	2.653278631812621	2.8371676151634224	Green x Multiome 2025	Green	Multiome 2025	105
Micro-PVM_2	glia	TLP004622	2.622458937627366	3.105632735410108	Green x Multiome 2025	Green	Multiome 2025	105
Micro-PVM_2	glia	TLP004646	3.0459689497636813	2.836623715996173	Green x Multiome 2025	Green	Multiome 2025	105
Micro-PVM_2	glia	TLP004647	2.1204567834114254	3.5136798194577907	Green x Multiome 2025	Green	Multiome 2025	105
Micro-PVM_2	glia	TLP004660	2.2647830940396143	1.3118114494603832	Green x Multiome 2025	Green	Multiome 2025	105
Micro-PVM_2	glia	TLP004663	2.3109156035523886	2.6224560531033396	Green x Multiome 2025	Green	Multiome 2025	105
Micro-PVM_2	glia	TLP004674	2.8087759663021936	3.5988793478465206	Green x Multiome 2025	Green	Multiome 2025	105
Micro-PVM_2	glia	TLP004675	2.4689445486495734	2.8472756175083282	Green x Multiome 2025	Green	Multiome 2025	105
Micro-PVM_2	glia	TLP004682	2.7295054348289067	3.2644757355219522	Green x Multiome 2025	Green	Multiome 2025	105
Micro-PVM_2	glia	TLP004685	2.266933968395533	2.4056778463264052	Green x Multiome 2025	Green	Multiome 2025	105
Micro-PVM_2	glia	TLP004703	1.767417857982354	2.490801069705422	Green x Multiome 2025	Green	Multiome 2025	105
Micro-PVM_2	glia	TLP004707	2.756604036496292	3.4002734479807466	Green x Multiome 2025	Green	Multiome 2025	105
Micro-PVM_2	glia	TLP004717	1.615520852413899	2.3771152955166968	Green x Multiome 2025	Green	Multiome 2025	105
Micro-PVM_2	glia	TLP004719	2.0478697180649545	3.5012333829591387	Green x Multiome 2025	Green	Multiome 2025	105
Micro-PVM_2	glia	TLP004727	2.840598438736183	3.1372801103505106	Green x Multiome 2025	Green	Multiome 2025	105
Micro-PVM_2	glia	TLP004732	2.851714736866429	3.5122840726574776	Green x Multiome 2025	Green	Multiome 2025	105
Micro-PVM_2	glia	TLP004735	0.43846594536440753	2.437792927487696	Green x Multiome 2025	Green	Multiome 2025	105
Micro-PVM_2	glia	TLP004740	2.4387234359103127	3.4140187530739157	Green x Multiome 2025	Green	Multiome 2025	105
Micro-PVM_2	glia	TLP004741	2.4020221382615015	3.307379479417793	Green x Multiome 2025	Green	Multiome 2025	105
Micro-PVM_2	glia	TLP004744	2.287532455238841	2.6548077091019957	Green x Multiome 2025	Green	Multiome 2025	105
Micro-PVM_2	glia	TLP004749	1.9080368510773127	1.9196201531305714	Green x Multiome 2025	Green	Multiome 2025	105
Micro-PVM_2	glia	TLP004751	3.0324840742313923	3.2614258402442218	Green x Multiome 2025	Green	Multiome 2025	105
Micro-PVM_2	glia	TLP004763	2.840467816264908	2.960056569040676	Green x Multiome 2025	Green	Multiome 2025	105
Micro-PVM_2	glia	TLP004764	1.7817765783753314	2.4943345712827045	Green x Multiome 2025	Green	Multiome 2025	105
Micro-PVM_2	glia	TLP004771	1.3338076704298008	1.5959310487658325	Green x Multiome 2025	Green	Multiome 2025	105
Micro-PVM_2	glia	TLP004778	2.160717345464083	2.709436512144094	Green x Multiome 2025	Green	Multiome 2025	105
Micro-PVM_2	glia	TLP004779	2.4622232327649214	2.776681664236703	Green x Multiome 2025	Green	Multiome 2025	105
Micro-PVM_2	glia	TLP004788	2.9883550404716073	3.164908526201862	Green x Multiome 2025	Green	Multiome 2025	105
Micro-PVM_2	glia	TLP004794	1.1852348847414076	1.4333262681784409	Green x Multiome 2025	Green	Multiome 2025	105
Micro-PVM_2	glia	TLP004814	2.1322775547465844	2.951920860241696	Green x Multiome 2025	Green	Multiome 2025	105
Micro-PVM_2	glia	TLP004845	2.8760585584289493	-0.5268446295420759	Green x Multiome 2025	Green	Multiome 2025	105
Micro-PVM_2	glia	TLP004851	0.42143201971476874	3.3650705123641784	Green x Multiome 2025	Green	Multiome 2025	105
Micro-PVM_2	glia	TLP004855	2.1325169692741754	2.570222501014838	Green x Multiome 2025	Green	Multiome 2025	105
Micro-PVM_2	glia	TLP004857	1.5672170892668582	2.9584596627961424	Green x Multiome 2025	Green	Multiome 2025	105
Micro-PVM_2	glia	TLP004866	2.839819448756521	3.450233950201633	Green x Multiome 2025	Green	Multiome 2025	105
Micro-PVM_2	glia	TLP004879	1.8615237986791717	2.9578954092962704	Green x Multiome 2025	Green	Multiome 2025	105
Micro-PVM_2	glia	TLP004889	2.1101995960679836	3.317878543892647	Green x Multiome 2025	Green	Multiome 2025	105
Micro-PVM_2	glia	TLP004916	2.9682172383601992	3.2863494986370783	Green x Multiome 2025	Green	Multiome 2025	105
Micro-PVM_2	glia	TLP004935	2.3172093398253186	3.346041463841426	Green x Multiome 2025	Green	Multiome 2025	105
Micro-PVM_2	glia	TLP004948	2.3585206608519207	3.638662447465032	Green x Multiome 2025	Green	Multiome 2025	105
Micro-PVM_2	glia	TLP004963	2.2211902259683414	0.5752380696342234	Green x Multiome 2025	Green	Multiome 2025	105
Micro-PVM_2	glia	TLP004977	1.425999873612052	3.194064823029885	Green x Multiome 2025	Green	Multiome 2025	105
Micro-PVM_2	glia	TLP004984	2.134409771787216	0.5730898435936655	Green x Multiome 2025	Green	Multiome 2025	105
Micro-PVM_2	glia	TLP004996	2.4546281854645566	3.1232324193554053	Green x Multiome 2025	Green	Multiome 2025	105
Micro-PVM_2	glia	TLP004998	3.1730611286167476	3.064861602575431	Green x Multiome 2025	Green	Multiome 2025	105
Micro-PVM_2	glia	TLP005001	0.30882412441187856	3.0602875539433887	Green x Multiome 2025	Green	Multiome 2025	105
Micro-PVM_2	glia	TLP005002	2.9848095942130084	2.6986819372369952	Green x Multiome 2025	Green	Multiome 2025	105
Micro-PVM_2	glia	TLP005006	2.947073116010315	2.7329913844163833	Green x Multiome 2025	Green	Multiome 2025	105
Micro-PVM_2	glia	TLP005013	1.928005639305737	1.8424026015032111	Green x Multiome 2025	Green	Multiome 2025	105
Micro-PVM_2	glia	TLP005014	3.0142304882904747	2.804370556900745	Green x Multiome 2025	Green	Multiome 2025	105
Micro-PVM_2	glia	TLP005020	2.103147521546469	1.5022083783716713	Green x Multiome 2025	Green	Multiome 2025	105
Micro-PVM_2	glia	TLP005021	2.16874170018329	3.213666134733864	Green x Multiome 2025	Green	Multiome 2025	105
Micro-PVM_2	glia	TLP005025	2.778262111146752	0.7568703671576094	Green x Multiome 2025	Green	Multiome 2025	105
Micro-PVM_2	glia	TLP005036	2.562744409582209	2.8680206953147116	Green x Multiome 2025	Green	Multiome 2025	105
Micro-PVM_2	glia	TLP005047	2.1519042554610217	1.7573560707146534	Green x Multiome 2025	Green	Multiome 2025	105
Micro-PVM_2	glia	TLP005065	2.1643488208738764	-0.7387668383981527	Green x Multiome 2025	Green	Multiome 2025	105
Micro-PVM_2	glia	TLP005075	2.277109458414801	3.1666279141916687	Green x Multiome 2025	Green	Multiome 2025	105
Micro-PVM_2	glia	TLP005084	2.2160191891311203	3.338458155650538	Green x Multiome 2025	Green	Multiome 2025	105
Micro-PVM_2	glia	TLP005092	2.8344147799129535	3.0275145178112592	Green x Multiome 2025	Green	Multiome 2025	105
Micro-PVM_2	glia	TLP005099	2.2539356333107863	2.887959495448181	Green x Multiome 2025	Green	Multiome 2025	105
Micro-PVM_2	glia	TLP005102	3.054877439760092	3.6666334900244175	Green x Multiome 2025	Green	Multiome 2025	105
Micro-PVM_2	glia	TLP005115	2.6182942646856797	-0.9770688339782145	Green x Multiome 2025	Green	Multiome 2025	105
Micro-PVM_2	glia	TLP005121	0.6206692624109564	2.06702616133114	Green x Multiome 2025	Green	Multiome 2025	105
Micro-PVM_2	glia	TLP005828	2.7365667321645955	2.8035377619695945	Green x Multiome 2025	Green	Multiome 2025	105
Micro-PVM_2	glia	TLP005879	1.2831228238670942	1.9723473396579316	Green x Multiome 2025	Green	Multiome 2025	105
Sst_25	neu	TLP004124	-1.4574810327203922	-0.9682804867659129	Mathys x Multiome 2025	Mathys	Multiome 2025	97
Sst_25	neu	TLP004205	1.6523949514832665	-2.324428197755621	Mathys x Multiome 2025	Mathys	Multiome 2025	97
Sst_25	neu	TLP004208	-0.4047899547821521	-2.574950576859484	Mathys x Multiome 2025	Mathys	Multiome 2025	97
Sst_25	neu	TLP004225	0.4456274951311352	-0.3372068887392672	Mathys x Multiome 2025	Mathys	Multiome 2025	97
Sst_25	neu	TLP004231	-1.7554108554290764	-0.4653690338207257	Mathys x Multiome 2025	Mathys	Multiome 2025	97
Sst_25	neu	TLP004238	0.052622162480608026	-0.9662212879570049	Mathys x Multiome 2025	Mathys	Multiome 2025	97
Sst_25	neu	TLP004251	-1.4939171842807744	-0.3399920717717908	Mathys x Multiome 2025	Mathys	Multiome 2025	97
Sst_25	neu	TLP004266	0.3300594197725113	-1.145357242456674	Mathys x Multiome 2025	Mathys	Multiome 2025	97
Sst_25	neu	TLP004271	0.29217248343801305	-0.2953373401478645	Mathys x Multiome 2025	Mathys	Multiome 2025	97
Sst_25	neu	TLP004275	-1.9320886181830197	-1.8806329388090557	Mathys x Multiome 2025	Mathys	Multiome 2025	97
Sst_25	neu	TLP004281	-0.5422671341567735	-1.5008531659723632	Mathys x Multiome 2025	Mathys	Multiome 2025	97
Sst_25	neu	TLP004282	1.0265816022089016	0.08280928443659707	Mathys x Multiome 2025	Mathys	Multiome 2025	97
Sst_25	neu	TLP004283	0.8282865784830848	0.1192936207359736	Mathys x Multiome 2025	Mathys	Multiome 2025	97
Sst_25	neu	TLP004289	-1.3576272367088684	-0.6457344772295945	Mathys x Multiome 2025	Mathys	Multiome 2025	97
Sst_25	neu	TLP004297	-1.6283370966772193	-2.0318731358544877	Mathys x Multiome 2025	Mathys	Multiome 2025	97
Sst_25	neu	TLP004319	-0.6989982285408063	-1.3419983255944787	Mathys x Multiome 2025	Mathys	Multiome 2025	97
Sst_25	neu	TLP004322	-1.0367877217989205	-0.9394978761627168	Mathys x Multiome 2025	Mathys	Multiome 2025	97
Sst_25	neu	TLP004325	-1.3159239400181137	0.6974742151597493	Mathys x Multiome 2025	Mathys	Multiome 2025	97
Sst_25	neu	TLP004326	-0.1509062110403505	-0.5466359630639568	Mathys x Multiome 2025	Mathys	Multiome 2025	97
Sst_25	neu	TLP004338	-2.178394075533352	0.18470648131915102	Mathys x Multiome 2025	Mathys	Multiome 2025	97
Sst_25	neu	TLP004344	-2.107225032887267	-2.0380704899227835	Mathys x Multiome 2025	Mathys	Multiome 2025	97
Sst_25	neu	TLP004435	1.0820856864950965	-0.993331008575681	Mathys x Multiome 2025	Mathys	Multiome 2025	97
Sst_25	neu	TLP004444	-1.4711816443032575	-1.8806877290270387	Mathys x Multiome 2025	Mathys	Multiome 2025	97
Sst_25	neu	TLP004459	-0.5812071809756256	-0.5220568915511015	Mathys x Multiome 2025	Mathys	Multiome 2025	97
Sst_25	neu	TLP004464	-1.882881143736915	-0.749084916914013	Mathys x Multiome 2025	Mathys	Multiome 2025	97
Sst_25	neu	TLP004475	-1.5646495496581592	0.286392830737749	Mathys x Multiome 2025	Mathys	Multiome 2025	97
Sst_25	neu	TLP004481	-0.43361260085245146	-1.5944494959009488	Mathys x Multiome 2025	Mathys	Multiome 2025	97
Sst_25	neu	TLP004483	-0.35431111697564255	-1.273887095187626	Mathys x Multiome 2025	Mathys	Multiome 2025	97
Sst_25	neu	TLP004490	-1.11161677280308	-0.1881272532270355	Mathys x Multiome 2025	Mathys	Multiome 2025	97
Sst_25	neu	TLP004529	-0.33576640717733586	-0.2936259893131812	Mathys x Multiome 2025	Mathys	Multiome 2025	97
Sst_25	neu	TLP004533	-0.05973736820465003	-0.20566951050398607	Mathys x Multiome 2025	Mathys	Multiome 2025	97
Sst_25	neu	TLP004543	-1.346102623979343	-1.304278607637685	Mathys x Multiome 2025	Mathys	Multiome 2025	97
Sst_25	neu	TLP004551	-0.9050286057134667	-2.1467893923111827	Mathys x Multiome 2025	Mathys	Multiome 2025	97
Sst_25	neu	TLP004563	-2.00207245250522	-2.0349239649217203	Mathys x Multiome 2025	Mathys	Multiome 2025	97
Sst_25	neu	TLP004582	-1.651041882267318	-0.3982507950630927	Mathys x Multiome 2025	Mathys	Multiome 2025	97
Sst_25	neu	TLP004595	1.2169013894818406	1.1983229730743217	Mathys x Multiome 2025	Mathys	Multiome 2025	97
Sst_25	neu	TLP004599	-2.8880446611499426	-0.8029769023598332	Mathys x Multiome 2025	Mathys	Multiome 2025	97
Sst_25	neu	TLP004602	0.22898398265484854	0.1439330256696465	Mathys x Multiome 2025	Mathys	Multiome 2025	97
Sst_25	neu	TLP004616	-0.0029700733704265403	0.9297989173481191	Mathys x Multiome 2025	Mathys	Multiome 2025	97
Sst_25	neu	TLP004619	-1.197147881734482	0.20487196827205967	Mathys x Multiome 2025	Mathys	Multiome 2025	97
Sst_25	neu	TLP004622	-2.5823727993927905	-2.3548469863423787	Mathys x Multiome 2025	Mathys	Multiome 2025	97
Sst_25	neu	TLP004624	-0.4866271684681518	-1.332883969307984	Mathys x Multiome 2025	Mathys	Multiome 2025	97
Sst_25	neu	TLP004632	-1.1331089563668328	0.4378731865048273	Mathys x Multiome 2025	Mathys	Multiome 2025	97
Sst_25	neu	TLP004646	-1.6606591058158333	0.17539743999168422	Mathys x Multiome 2025	Mathys	Multiome 2025	97
Sst_25	neu	TLP004647	0.7657306564859807	0.8274302064291623	Mathys x Multiome 2025	Mathys	Multiome 2025	97
Sst_25	neu	TLP004660	-0.4069489206715726	-0.632278272321118	Mathys x Multiome 2025	Mathys	Multiome 2025	97
Sst_25	neu	TLP004674	0.029174440010865332	0.6441383008859978	Mathys x Multiome 2025	Mathys	Multiome 2025	97
Sst_25	neu	TLP004682	-1.1099547591403942	-0.13421120747309345	Mathys x Multiome 2025	Mathys	Multiome 2025	97
Sst_25	neu	TLP004685	-0.6377293613559818	-1.90868882392141	Mathys x Multiome 2025	Mathys	Multiome 2025	97
Sst_25	neu	TLP004703	-1.9872175060273571	0.22934381883575838	Mathys x Multiome 2025	Mathys	Multiome 2025	97
Sst_25	neu	TLP004714	-3.010432276734586	-1.8803344491094203	Mathys x Multiome 2025	Mathys	Multiome 2025	97
Sst_25	neu	TLP004717	0.8109179534133331	0.6942409274759314	Mathys x Multiome 2025	Mathys	Multiome 2025	97
Sst_25	neu	TLP004744	-1.0602032751056205	-0.7797215525983514	Mathys x Multiome 2025	Mathys	Multiome 2025	97
Sst_25	neu	TLP004748	-1.2625937313979838	-0.5135745346867964	Mathys x Multiome 2025	Mathys	Multiome 2025	97
Sst_25	neu	TLP004751	-2.486536795946887	-0.8153713037713031	Mathys x Multiome 2025	Mathys	Multiome 2025	97
Sst_25	neu	TLP004763	0.5082710802368684	-0.9327537034425157	Mathys x Multiome 2025	Mathys	Multiome 2025	97
Sst_25	neu	TLP004766	-1.0817972590662706	0.08464870332282359	Mathys x Multiome 2025	Mathys	Multiome 2025	97
Sst_25	neu	TLP004769	0.18297636269730067	2.101588013319865	Mathys x Multiome 2025	Mathys	Multiome 2025	97
Sst_25	neu	TLP004771	-1.5767078820616645	-1.8250111155237558	Mathys x Multiome 2025	Mathys	Multiome 2025	97
Sst_25	neu	TLP004788	-1.426467273666968	-0.04598411774561395	Mathys x Multiome 2025	Mathys	Multiome 2025	97
Sst_25	neu	TLP004789	-2.2873714192404435	1.330241184085426	Mathys x Multiome 2025	Mathys	Multiome 2025	97
Sst_25	neu	TLP004814	-0.7641246723301487	-1.2115256356656232	Mathys x Multiome 2025	Mathys	Multiome 2025	97
Sst_25	neu	TLP004821	-0.870615078940717	-0.3209293144547827	Mathys x Multiome 2025	Mathys	Multiome 2025	97
Sst_25	neu	TLP004845	1.3732381927708106	-0.7948263782794527	Mathys x Multiome 2025	Mathys	Multiome 2025	97
Sst_25	neu	TLP004851	-0.43757621322689566	0.9780046156502422	Mathys x Multiome 2025	Mathys	Multiome 2025	97
Sst_25	neu	TLP004857	0.7623852276244225	0.042010836408501895	Mathys x Multiome 2025	Mathys	Multiome 2025	97
Sst_25	neu	TLP004866	-1.4372619748606432	-2.2061488467859727	Mathys x Multiome 2025	Mathys	Multiome 2025	97
Sst_25	neu	TLP004869	-0.7766520386776223	-1.880615936218092	Mathys x Multiome 2025	Mathys	Multiome 2025	97
Sst_25	neu	TLP004879	-2.003057417239873	0.6288628003694523	Mathys x Multiome 2025	Mathys	Multiome 2025	97
Sst_25	neu	TLP004889	-0.8848246281345613	0.23703140298930947	Mathys x Multiome 2025	Mathys	Multiome 2025	97
Sst_25	neu	TLP004916	-0.8410472625822925	-2.3740502880506016	Mathys x Multiome 2025	Mathys	Multiome 2025	97
Sst_25	neu	TLP004935	-2.7549809136874632	-2.532757687311049	Mathys x Multiome 2025	Mathys	Multiome 2025	97
Sst_25	neu	TLP004984	-0.7511143203469484	-0.828439136494806	Mathys x Multiome 2025	Mathys	Multiome 2025	97
Sst_25	neu	TLP004996	0.2385320426912818	0.58765263416403	Mathys x Multiome 2025	Mathys	Multiome 2025	97
Sst_25	neu	TLP005002	-1.0509978617753433	0.8331482862425821	Mathys x Multiome 2025	Mathys	Multiome 2025	97
Sst_25	neu	TLP005006	-2.992488332513447	-2.941655748534731	Mathys x Multiome 2025	Mathys	Multiome 2025	97
Sst_25	neu	TLP005013	-1.3457944388374674	-1.274388211011277	Mathys x Multiome 2025	Mathys	Multiome 2025	97
Sst_25	neu	TLP005014	-1.0757418734767317	-0.7745860448859663	Mathys x Multiome 2025	Mathys	Multiome 2025	97
Sst_25	neu	TLP005015	-0.26475645880592147	-0.29283208096154745	Mathys x Multiome 2025	Mathys	Multiome 2025	97
Sst_25	neu	TLP005020	-1.4735620510256844	-2.3022364109506244	Mathys x Multiome 2025	Mathys	Multiome 2025	97
Sst_25	neu	TLP005021	1.0905002039113292	-1.1693772012920887	Mathys x Multiome 2025	Mathys	Multiome 2025	97
Sst_25	neu	TLP005025	-1.7506627177651666	-0.6064678100086258	Mathys x Multiome 2025	Mathys	Multiome 2025	97
Sst_25	neu	TLP005036	0.5214595390275187	-0.3716477323215903	Mathys x Multiome 2025	Mathys	Multiome 2025	97
Sst_25	neu	TLP005047	0.7971645203760032	-1.0645309047687865	Mathys x Multiome 2025	Mathys	Multiome 2025	97
Sst_25	neu	TLP005052	-2.0613747467873527	-1.0222621130776028	Mathys x Multiome 2025	Mathys	Multiome 2025	97
Sst_25	neu	TLP005065	-0.3140921789028086	0.10949407262191535	Mathys x Multiome 2025	Mathys	Multiome 2025	97
Sst_25	neu	TLP005076	-2.5522509678958567	-1.4286458632973096	Mathys x Multiome 2025	Mathys	Multiome 2025	97
Sst_25	neu	TLP005093	-0.8203979013126155	0.6936726160026385	Mathys x Multiome 2025	Mathys	Multiome 2025	97
Sst_25	neu	TLP005094	-0.5570520840331268	0.23749093702999602	Mathys x Multiome 2025	Mathys	Multiome 2025	97
Sst_25	neu	TLP005121	-2.593940362184208	-0.8512664208964553	Mathys x Multiome 2025	Mathys	Multiome 2025	97
Sst_25	neu	TLP005129	-0.5764186586629121	-2.287326280958072	Mathys x Multiome 2025	Mathys	Multiome 2025	97
Sst_25	neu	TLP005131	-2.007034404113096	-0.9715255049861202	Mathys x Multiome 2025	Mathys	Multiome 2025	97
Sst_25	neu	TLP005133	-0.08736379471895983	-1.712684457730477	Mathys x Multiome 2025	Mathys	Multiome 2025	97
Sst_25	neu	TLP005134	-1.6971804247861195	-0.9001792959594326	Mathys x Multiome 2025	Mathys	Multiome 2025	97
Sst_25	neu	TLP005197	0.4701537467842627	0.07815633543171785	Mathys x Multiome 2025	Mathys	Multiome 2025	97
Sst_25	neu	TLP005250	1.0960557384759362	-0.8837853457711686	Mathys x Multiome 2025	Mathys	Multiome 2025	97
Sst_25	neu	TLP005879	-0.2505924720152457	-0.42232567685712485	Mathys x Multiome 2025	Mathys	Multiome 2025	97
Sst_3	neu	TLP004124	1.0548245912557226	0.13033180190219706	Mathys x Multiome 2025	Mathys	Multiome 2025	97
Sst_3	neu	TLP004205	1.6523949514832665	0.8944476271125801	Mathys x Multiome 2025	Mathys	Multiome 2025	97
Sst_3	neu	TLP004208	1.2046479576519475	2.020169273275106	Mathys x Multiome 2025	Mathys	Multiome 2025	97
Sst_3	neu	TLP004225	1.3146653421547443	1.6871748757575409	Mathys x Multiome 2025	Mathys	Multiome 2025	97
Sst_3	neu	TLP004231	1.40865673294413	1.9913667390005778	Mathys x Multiome 2025	Mathys	Multiome 2025	97
Sst_3	neu	TLP004238	1.3794931031296986	0.33306169617325576	Mathys x Multiome 2025	Mathys	Multiome 2025	97
Sst_3	neu	TLP004251	1.2992908251617425	2.1723135522043235	Mathys x Multiome 2025	Mathys	Multiome 2025	97
Sst_3	neu	TLP004266	0.7575034345994514	1.5890102669629096	Mathys x Multiome 2025	Mathys	Multiome 2025	97
Sst_3	neu	TLP004271	1.7206671990482798	1.9018872371883546	Mathys x Multiome 2025	Mathys	Multiome 2025	97
Sst_3	neu	TLP004275	1.0123503609834206	1.730284973835169	Mathys x Multiome 2025	Mathys	Multiome 2025	97
Sst_3	neu	TLP004281	0.9458099212730593	1.511408409532839	Mathys x Multiome 2025	Mathys	Multiome 2025	97
Sst_3	neu	TLP004282	1.6511661113315506	1.5609111948096102	Mathys x Multiome 2025	Mathys	Multiome 2025	97
Sst_3	neu	TLP004283	1.3488210163760366	1.4185766048662343	Mathys x Multiome 2025	Mathys	Multiome 2025	97
Sst_3	neu	TLP004289	-1.3576272367088684	0.2015633831576089	Mathys x Multiome 2025	Mathys	Multiome 2025	97
Sst_3	neu	TLP004297	0.6403464446411444	1.7293269798390751	Mathys x Multiome 2025	Mathys	Multiome 2025	97
Sst_3	neu	TLP004319	0.7673388402526209	1.2229510318670576	Mathys x Multiome 2025	Mathys	Multiome 2025	97
Sst_3	neu	TLP004322	1.7622342575090166	1.6851707160004423	Mathys x Multiome 2025	Mathys	Multiome 2025	97
Sst_3	neu	TLP004325	0.8813006373181054	2.291986477377174	Mathys x Multiome 2025	Mathys	Multiome 2025	97
Sst_3	neu	TLP004326	0.9977164982024211	2.1003265460584153	Mathys x Multiome 2025	Mathys	Multiome 2025	97
Sst_3	neu	TLP004338	0.436565702502846	1.7941443937532515	Mathys x Multiome 2025	Mathys	Multiome 2025	97
Sst_3	neu	TLP004344	0.34951073993403625	1.5728474227214404	Mathys x Multiome 2025	Mathys	Multiome 2025	97
Sst_3	neu	TLP004435	1.6698723513972156	1.463404764245623	Mathys x Multiome 2025	Mathys	Multiome 2025	97
Sst_3	neu	TLP004444	0.5302983559068668	0.6842616284344976	Mathys x Multiome 2025	Mathys	Multiome 2025	97
Sst_3	neu	TLP004459	0.7537938857567141	1.9508735671901833	Mathys x Multiome 2025	Mathys	Multiome 2025	97
Sst_3	neu	TLP004464	1.1928938374906126	1.9201254508719332	Mathys x Multiome 2025	Mathys	Multiome 2025	97
Sst_3	neu	TLP004475	0.8332457231402115	1.8688020707839303	Mathys x Multiome 2025	Mathys	Multiome 2025	97
Sst_3	neu	TLP004481	-0.43361260085245146	1.2387638481552674	Mathys x Multiome 2025	Mathys	Multiome 2025	97
Sst_3	neu	TLP004483	-0.35431111697564255	1.1240081776107438	Mathys x Multiome 2025	Mathys	Multiome 2025	97
Sst_3	neu	TLP004490	-0.013004484134969907	1.9321362829730555	Mathys x Multiome 2025	Mathys	Multiome 2025	97
Sst_3	neu	TLP004529	1.3818850898969979	2.1819782678125055	Mathys x Multiome 2025	Mathys	Multiome 2025	97
Sst_3	neu	TLP004533	1.3456051878859352	2.134655910472907	Mathys x Multiome 2025	Mathys	Multiome 2025	97
Sst_3	neu	TLP004543	-0.24749033531123388	1.604442288926676	Mathys x Multiome 2025	Mathys	Multiome 2025	97
Sst_3	neu	TLP004551	0.7044093067206338	0.0504351850250373	Mathys x Multiome 2025	Mathys	Multiome 2025	97
Sst_3	neu	TLP004563	1.4944351089612606	1.8568963331889057	Mathys x Multiome 2025	Mathys	Multiome 2025	97
Sst_3	neu	TLP004582	0.8612637417087967	1.7667129200549052	Mathys x Multiome 2025	Mathys	Multiome 2025	97
Sst_3	neu	TLP004595	1.496978862548402	1.899909022280132	Mathys x Multiome 2025	Mathys	Multiome 2025	97
Sst_3	neu	TLP004599	0.5459425433352036	1.1429332466954802	Mathys x Multiome 2025	Mathys	Multiome 2025	97
Sst_3	neu	TLP004602	1.6020331170247184	2.3293927614262797	Mathys x Multiome 2025	Mathys	Multiome 2025	97
Sst_3	neu	TLP004616	1.2736811102996368	2.2186379423172973	Mathys x Multiome 2025	Mathys	Multiome 2025	97
Sst_3	neu	TLP004619	0.9069862725357254	1.7661077788882817	Mathys x Multiome 2025	Mathys	Multiome 2025	97
Sst_3	neu	TLP004622	0.7134640666115386	0.4783663577138366	Mathys x Multiome 2025	Mathys	Multiome 2025	97
Sst_3	neu	TLP004624	1.0318389657602216	1.1794216546681309	Mathys x Multiome 2025	Mathys	Multiome 2025	97
Sst_3	neu	TLP004632	-1.1331089563668328	1.5364854751729369	Mathys x Multiome 2025	Mathys	Multiome 2025	97
Sst_3	neu	TLP004646	0.37622282144520636	1.5479616082996737	Mathys x Multiome 2025	Mathys	Multiome 2025	97
Sst_3	neu	TLP004647	1.7447977945043078	2.0338390655529794	Mathys x Multiome 2025	Mathys	Multiome 2025	97
Sst_3	neu	TLP004660	1.602812700370273	0.4663340163469911	Mathys x Multiome 2025	Mathys	Multiome 2025	97
Sst_3	neu	TLP004674	1.5134492094909593	2.4686875929370435	Mathys x Multiome 2025	Mathys	Multiome 2025	97
Sst_3	neu	TLP004682	1.6354829740334367	1.8867341275251341	Mathys x Multiome 2025	Mathys	Multiome 2025	97
Sst_3	neu	TLP004685	-0.1269037375899913	1.310187000946791	Mathys x Multiome 2025	Mathys	Multiome 2025	97
Sst_3	neu	TLP004703	0.845995838028859	1.8017404595895092	Mathys x Multiome 2025	Mathys	Multiome 2025	97
Sst_3	neu	TLP004714	0.9213933559897391	0.8277157519927902	Mathys x Multiome 2025	Mathys	Multiome 2025	97
Sst_3	neu	TLP004717	1.121072881717173	1.222308357676428	Mathys x Multiome 2025	Mathys	Multiome 2025	97
Sst_3	neu	TLP004744	0.03840901356248949	0.3188907360697586	Mathys x Multiome 2025	Mathys	Multiome 2025	97
Sst_3	neu	TLP004748	0.036689252732276856	1.4723409489822163	Mathys x Multiome 2025	Mathys	Multiome 2025	97
Sst_3	neu	TLP004751	0.457902183219554	1.6413644690500009	Mathys x Multiome 2025	Mathys	Multiome 2025	97
Sst_3	neu	TLP004763	2.158255087065319	1.5353458280291035	Mathys x Multiome 2025	Mathys	Multiome 2025	97
Sst_3	neu	TLP004766	1.2063990964756757	1.9917190190618728	Mathys x Multiome 2025	Mathys	Multiome 2025	97
Sst_3	neu	TLP004769	1.643994270013128	2.6455920357831744	Mathys x Multiome 2025	Mathys	Multiome 2025	97
Sst_3	neu	TLP004771	1.2165001273808533	1.0082022285324612	Mathys x Multiome 2025	Mathys	Multiome 2025	97
Sst_3	neu	TLP004788	1.7090269422621818	1.7555315264278053	Mathys x Multiome 2025	Mathys	Multiome 2025	97
Sst_3	neu	TLP004789	1.0084654467638856	2.1937337303926103	Mathys x Multiome 2025	Mathys	Multiome 2025	97
Sst_3	neu	TLP004814	1.5967293287878732	1.540009677376326	Mathys x Multiome 2025	Mathys	Multiome 2025	97
Sst_3	neu	TLP004821	0.7388228334933835	1.1454077543386445	Mathys x Multiome 2025	Mathys	Multiome 2025	97
Sst_3	neu	TLP004845	2.304796396775754	1.9983816311630638	Mathys x Multiome 2025	Mathys	Multiome 2025	97
Sst_3	neu	TLP004851	1.5575241800191897	2.3202389869761024	Mathys x Multiome 2025	Mathys	Multiome 2025	97
Sst_3	neu	TLP004857	1.159687025093425	2.132751933342271	Mathys x Multiome 2025	Mathys	Multiome 2025	97
Sst_3	neu	TLP004866	-0.3386496861925341	1.0896880192183573	Mathys x Multiome 2025	Mathys	Multiome 2025	97
Sst_3	neu	TLP004869	1.4205725386585972	1.6158916252483881	Mathys x Multiome 2025	Mathys	Multiome 2025	97
Sst_3	neu	TLP004879	0.03382451002116671	2.0546880002459784	Mathys x Multiome 2025	Mathys	Multiome 2025	97
Sst_3	neu	TLP004889	1.4926617730326024	2.434255980325529	Mathys x Multiome 2025	Mathys	Multiome 2025	97
Sst_3	neu	TLP004916	1.2792162736177985	2.114586081681539	Mathys x Multiome 2025	Mathys	Multiome 2025	97
Sst_3	neu	TLP004935	-0.35708564088909256	1.1308039588185972	Mathys x Multiome 2025	Mathys	Multiome 2025	97
Sst_3	neu	TLP004984	1.0294718482829817	1.2084427907662336	Mathys x Multiome 2025	Mathys	Multiome 2025	97
Sst_3	neu	TLP004996	1.608019285494791	2.338920742037348	Mathys x Multiome 2025	Mathys	Multiome 2025	97
Sst_3	neu	TLP005002	1.1462267155608767	2.0481709267551036	Mathys x Multiome 2025	Mathys	Multiome 2025	97
Sst_3	neu	TLP005006	1.1506463938780849	1.4277921039322914	Mathys x Multiome 2025	Mathys	Multiome 2025	97
Sst_3	neu	TLP005013	-0.2471821501693574	-0.17577592234316697	Mathys x Multiome 2025	Mathys	Multiome 2025	97
Sst_3	neu	TLP005014	1.5392179045594667	1.4226385324502528	Mathys x Multiome 2025	Mathys	Multiome 2025	97
Sst_3	neu	TLP005015	-0.775582082571912	0.5944711140393553	Mathys x Multiome 2025	Mathys	Multiome 2025	97
Sst_3	neu	TLP005020	-0.37494976235757527	0.2627129465109128	Mathys x Multiome 2025	Mathys	Multiome 2025	97
Sst_3	neu	TLP005021	1.9677404209136111	1.6638361427641275	Mathys x Multiome 2025	Mathys	Multiome 2025	97
Sst_3	neu	TLP005025	0.8142866396963706	1.8616317214629925	Mathys x Multiome 2025	Mathys	Multiome 2025	97
Sst_3	neu	TLP005036	1.6200718276956279	1.759979562528816	Mathys x Multiome 2025	Mathys	Multiome 2025	97
Sst_3	neu	TLP005047	1.360633877627416	0.8813792442865269	Mathys x Multiome 2025	Mathys	Multiome 2025	97
Sst_3	neu	TLP005052	0.8830642323790876	1.2464214282407617	Mathys x Multiome 2025	Mathys	Multiome 2025	97
Sst_3	neu	TLP005065	1.37230677466742	1.3081898198470077	Mathys x Multiome 2025	Mathys	Multiome 2025	97
Sst_3	neu	TLP005076	0.15579923320635292	1.5836157122078918	Mathys x Multiome 2025	Mathys	Multiome 2025	97
Sst_3	neu	TLP005093	1.5225384872049972	2.1941593446481837	Mathys x Multiome 2025	Mathys	Multiome 2025	97
Sst_3	neu	TLP005094	1.2887746064652044	2.066990734240898	Mathys x Multiome 2025	Mathys	Multiome 2025	97
Sst_3	neu	TLP005121	1.7235477513521031	-0.8512664208964553	Mathys x Multiome 2025	Mathys	Multiome 2025	97
Sst_3	neu	TLP005129	0.3108845363379906	1.3762353651715742	Mathys x Multiome 2025	Mathys	Multiome 2025	97
Sst_3	neu	TLP005131	-0.9084221154449867	1.7365246961160894	Mathys x Multiome 2025	Mathys	Multiome 2025	97
Sst_3	neu	TLP005133	-0.08736379471895983	0.9953657433717327	Mathys x Multiome 2025	Mathys	Multiome 2025	97
Sst_3	neu	TLP005134	-1.6971804247861195	1.2970452813767865	Mathys x Multiome 2025	Mathys	Multiome 2025	97
Sst_3	neu	TLP005197	1.5339799193669572	1.5996254749198604	Mathys x Multiome 2025	Mathys	Multiome 2025	97
Sst_3	neu	TLP005250	1.406210666779776	1.0621248032841448	Mathys x Multiome 2025	Mathys	Multiome 2025	97
Sst_3	neu	TLP005879	1.048690512115015	1.8364567934785274	Mathys x Multiome 2025	Mathys	Multiome 2025	97
Sst_23	neu	TLP004124	-1.4574810327203922	-0.9682804867659129	Mathys x Multiome 2025	Mathys	Multiome 2025	97
Sst_23	neu	TLP004205	1.0057677865582137	-1.225815909087511	Mathys x Multiome 2025	Mathys	Multiome 2025	97
Sst_23	neu	TLP004208	-1.503402243450262	-2.574950576859484	Mathys x Multiome 2025	Mathys	Multiome 2025	97
Sst_23	neu	TLP004225	1.2479739676560726	-0.08589246045836152	Mathys x Multiome 2025	Mathys	Multiome 2025	97
Sst_23	neu	TLP004231	-0.908112995041872	-1.5639813224888357	Mathys x Multiome 2025	Mathys	Multiome 2025	97
Sst_23	neu	TLP004238	0.3208861490752879	-2.064833576625115	Mathys x Multiome 2025	Mathys	Multiome 2025	97
Sst_23	neu	TLP004251	-0.39530489561266524	-0.3399920717717908	Mathys x Multiome 2025	Mathys	Multiome 2025	97
Sst_23	neu	TLP004266	0.3300594197725113	0.4640806699774265	Mathys x Multiome 2025	Mathys	Multiome 2025	97
Sst_23	neu	TLP004271	0.29217248343801305	-1.3939496288159745	Mathys x Multiome 2025	Mathys	Multiome 2025	97
Sst_23	neu	TLP004275	-1.9320886181830197	-1.8806329388090557	Mathys x Multiome 2025	Mathys	Multiome 2025	97
Sst_23	neu	TLP004281	-0.5422671341567735	-0.20157018184210163	Mathys x Multiome 2025	Mathys	Multiome 2025	97
Sst_23	neu	TLP004282	1.05039225090262	-0.5362299239696258	Mathys x Multiome 2025	Mathys	Multiome 2025	97
Sst_23	neu	TLP004283	-0.05207214416500694	-0.19086130756786623	Mathys x Multiome 2025	Mathys	Multiome 2025	97
Sst_23	neu	TLP004289	-0.8468016129428779	-0.6457344772295945	Mathys x Multiome 2025	Mathys	Multiome 2025	97
Sst_23	neu	TLP004297	-2.7269493853453293	-2.0318731358544877	Mathys x Multiome 2025	Mathys	Multiome 2025	97
Sst_23	neu	TLP004319	-1.7976105172089154	-1.3419983255944787	Mathys x Multiome 2025	Mathys	Multiome 2025	97
Sst_23	neu	TLP004322	0.15279634507491657	-0.9394978761627168	Mathys x Multiome 2025	Mathys	Multiome 2025	97
Sst_23	neu	TLP004325	-1.3159239400181137	0.7689331791418939	Mathys x Multiome 2025	Mathys	Multiome 2025	97
Sst_23	neu	TLP004326	-0.007805367399677188	-0.17891118293863872	Mathys x Multiome 2025	Mathys	Multiome 2025	97
Sst_23	neu	TLP004338	-1.079781786865242	-0.913905807348959	Mathys x Multiome 2025	Mathys	Multiome 2025	97
Sst_23	neu	TLP004344	-1.5963994091212763	-0.9394582012546744	Mathys x Multiome 2025	Mathys	Multiome 2025	97
Sst_23	neu	TLP004435	0.26110513442526617	-0.4825053848096905	Mathys x Multiome 2025	Mathys	Multiome 2025	97
Sst_23	neu	TLP004444	-1.1347094076820445	-1.8806877290270387	Mathys x Multiome 2025	Mathys	Multiome 2025	97
Sst_23	neu	TLP004459	0.9448491225194235	-0.5220568915511015	Mathys x Multiome 2025	Mathys	Multiome 2025	97
Sst_23	neu	TLP004464	-0.7842688550688051	0.1382182780868897	Mathys x Multiome 2025	Mathys	Multiome 2025	97
Sst_23	neu	TLP004475	-1.5646495496581592	-0.22443279302824148	Mathys x Multiome 2025	Mathys	Multiome 2025	97
Sst_23	neu	TLP004481	-0.43361260085245146	-1.5944494959009488	Mathys x Multiome 2025	Mathys	Multiome 2025	97
Sst_23	neu	TLP004483	-0.35431111697564255	-1.273887095187626	Mathys x Multiome 2025	Mathys	Multiome 2025	97
Sst_23	neu	TLP004490	-1.11161677280308	0.012543442235115165	Mathys x Multiome 2025	Mathys	Multiome 2025	97
Sst_23	neu	TLP004529	-1.1830642675645393	-0.2936259893131812	Mathys x Multiome 2025	Mathys	Multiome 2025	97
Sst_23	neu	TLP004533	-1.5260744369980772	-0.06256866686331275	Mathys x Multiome 2025	Mathys	Multiome 2025	97
Sst_23	neu	TLP004543	-1.346102623979343	-2.402890896305794	Mathys x Multiome 2025	Mathys	Multiome 2025	97
Sst_23	neu	TLP004551	-0.9050286057134667	-2.1467893923111827	Mathys x Multiome 2025	Mathys	Multiome 2025	97
Sst_23	neu	TLP004563	-2.00207245250522	-2.0349239649217203	Mathys x Multiome 2025	Mathys	Multiome 2025	97
Sst_23	neu	TLP004582	-2.749654170935427	-1.2455486554502961	Mathys x Multiome 2025	Mathys	Multiome 2025	97
Sst_23	neu	TLP004595	0.17712960083666385	0.25627974509775253	Mathys x Multiome 2025	Mathys	Multiome 2025	97
Sst_23	neu	TLP004599	-2.8880446611499426	-0.8029769023598332	Mathys x Multiome 2025	Mathys	Multiome 2025	97
Sst_23	neu	TLP004602	0.22898398265484854	-1.1910680410626933	Mathys x Multiome 2025	Mathys	Multiome 2025	97
Sst_23	neu	TLP004616	-0.3272097415560049	1.1811133456290257	Mathys x Multiome 2025	Mathys	Multiome 2025	97
Sst_23	neu	TLP004619	-0.6093612168323634	-0.0633920183226202	Mathys x Multiome 2025	Mathys	Multiome 2025	97
Sst_23	neu	TLP004622	-1.4837605107246814	-2.3548469863423787	Mathys x Multiome 2025	Mathys	Multiome 2025	97
Sst_23	neu	TLP004624	-0.25482555441082777	-1.332883969307984	Mathys x Multiome 2025	Mathys	Multiome 2025	97
Sst_23	neu	TLP004632	-1.1331089563668328	-0.6607391021632827	Mathys x Multiome 2025	Mathys	Multiome 2025	97
Sst_23	neu	TLP004646	-1.6606591058158333	-0.07073562954722412	Mathys x Multiome 2025	Mathys	Multiome 2025	97
Sst_23	neu	TLP004647	1.1570111296021892	0.5478453442100006	Mathys x Multiome 2025	Mathys	Multiome 2025	97
Sst_23	neu	TLP004660	-0.2638480770308993	-0.632278272321118	Mathys x Multiome 2025	Mathys	Multiome 2025	97
Sst_23	neu	TLP004674	-0.8581287549900383	0.6441383008859978	Mathys x Multiome 2025	Mathys	Multiome 2025	97
Sst_23	neu	TLP004682	-1.1099547591403942	0.03284287719007306	Mathys x Multiome 2025	Mathys	Multiome 2025	97
Sst_23	neu	TLP004685	-1.7363416500240918	-1.90868882392141	Mathys x Multiome 2025	Mathys	Multiome 2025	97
Sst_23	neu	TLP004703	0.21000707130886287	-0.5591135415285118	Mathys x Multiome 2025	Mathys	Multiome 2025	97
Sst_23	neu	TLP004714	-0.44548291927304984	-1.8803344491094203	Mathys x Multiome 2025	Mathys	Multiome 2025	97
Sst_23	neu	TLP004717	-0.12064025059161043	-0.49534313939790486	Mathys x Multiome 2025	Mathys	Multiome 2025	97
Sst_23	neu	TLP004744	-1.0602032751056205	-0.7797215525983514	Mathys x Multiome 2025	Mathys	Multiome 2025	97
Sst_23	neu	TLP004748	-2.361206020066094	-0.061589410943739153	Mathys x Multiome 2025	Mathys	Multiome 2025	97
Sst_23	neu	TLP004751	-0.5406266468915737	-1.913983592439413	Mathys x Multiome 2025	Mathys	Multiome 2025	97
Sst_23	neu	TLP004763	1.184026518084945	-0.3449670385403971	Mathys x Multiome 2025	Mathys	Multiome 2025	97
Sst_23	neu	TLP004766	0.10778680780756567	0.08464870332282359	Mathys x Multiome 2025	Mathys	Multiome 2025	97
Sst_23	neu	TLP004769	0.5292525994151349	2.171383775255407	Mathys x Multiome 2025	Mathys	Multiome 2025	97
Sst_23	neu	TLP004771	-2.6753201707297736	-1.8250111155237558	Mathys x Multiome 2025	Mathys	Multiome 2025	97
Sst_23	neu	TLP004788	-1.426467273666968	0.4880983681846436	Mathys x Multiome 2025	Mathys	Multiome 2025	97
Sst_23	neu	TLP004789	-2.2873714192404435	1.0707299886003412	Mathys x Multiome 2025	Mathys	Multiome 2025	97
Sst_23	neu	TLP004814	-0.7641246723301487	-1.2115256356656232	Mathys x Multiome 2025	Mathys	Multiome 2025	97
Sst_23	neu	TLP004821	-0.02331721855351354	-1.4195416031228918	Mathys x Multiome 2025	Mathys	Multiome 2025	97
Sst_23	neu	TLP004845	0.6328381273603201	-0.2840007545134622	Mathys x Multiome 2025	Mathys	Multiome 2025	97
Sst_23	neu	TLP004851	0.22571800418336885	-0.7798533019021319	Mathys x Multiome 2025	Mathys	Multiome 2025	97
Sst_23	neu	TLP004857	-0.5532915662815157	0.35216576471234085	Mathys x Multiome 2025	Mathys	Multiome 2025	97
Sst_23	neu	TLP004866	-1.4372619748606432	-1.1075365581178618	Mathys x Multiome 2025	Mathys	Multiome 2025	97
Sst_23	neu	TLP004869	-0.7766520386776223	0.06529421283722137	Mathys x Multiome 2025	Mathys	Multiome 2025	97
Sst_23	neu	TLP004879	-2.003057417239873	0.8584372420139523	Mathys x Multiome 2025	Mathys	Multiome 2025	97
Sst_23	neu	TLP004889	0.2137876605335487	0.34825703809953446	Mathys x Multiome 2025	Mathys	Multiome 2025	97
Sst_23	neu	TLP004916	-0.8410472625822925	-0.7646123756165002	Mathys x Multiome 2025	Mathys	Multiome 2025	97
Sst_23	neu	TLP004935	-2.7549809136874632	-0.5868475382557365	Mathys x Multiome 2025	Mathys	Multiome 2025	97
Sst_23	neu	TLP004984	-0.5147255422827177	-1.927051425162917	Mathys x Multiome 2025	Mathys	Multiome 2025	97
Sst_23	neu	TLP004996	0.09543119905060848	0.7620060213088076	Mathys x Multiome 2025	Mathys	Multiome 2025	97
Sst_23	neu	TLP005002	-1.0509978617753433	-0.06479330696337637	Mathys x Multiome 2025	Mathys	Multiome 2025	97
Sst_23	neu	TLP005006	-1.3830504200793472	-1.3322178361006296	Mathys x Multiome 2025	Mathys	Multiome 2025	97
Sst_23	neu	TLP005013	-1.3457944388374674	-1.274388211011277	Mathys x Multiome 2025	Mathys	Multiome 2025	97
Sst_23	neu	TLP005014	-1.0757418734767317	-0.7745860448859663	Mathys x Multiome 2025	Mathys	Multiome 2025	97
Sst_23	neu	TLP005015	-1.3633687474740315	-2.238742230016861	Mathys x Multiome 2025	Mathys	Multiome 2025	97
Sst_23	neu	TLP005020	-1.4735620510256844	-1.2036241222825144	Mathys x Multiome 2025	Mathys	Multiome 2025	97
Sst_23	neu	TLP005021	1.1321729003118968	-2.2679894899601987	Mathys x Multiome 2025	Mathys	Multiome 2025	97
Sst_23	neu	TLP005025	-1.7506627177651666	-2.2159057224427263	Mathys x Multiome 2025	Mathys	Multiome 2025	97
Sst_23	neu	TLP005036	0.0986026882074853	-2.3175578813769038	Mathys x Multiome 2025	Mathys	Multiome 2025	97
Sst_23	neu	TLP005047	0.682754169198259	-1.0645309047687865	Mathys x Multiome 2025	Mathys	Multiome 2025	97
Sst_23	neu	TLP005052	-0.11546459773203921	-1.0222621130776028	Mathys x Multiome 2025	Mathys	Multiome 2025	97
Sst_23	neu	TLP005065	-0.3140921789028086	-0.2699955490829886	Mathys x Multiome 2025	Mathys	Multiome 2025	97
Sst_23	neu	TLP005076	-2.5522509678958567	-1.4286458632973096	Mathys x Multiome 2025	Mathys	Multiome 2025	97
Sst_23	neu	TLP005093	0.15305124440148798	1.4028201379090248	Mathys x Multiome 2025	Mathys	Multiome 2025	97
Sst_23	neu	TLP005094	0.07893668268687026	0.8080357954976094	Mathys x Multiome 2025	Mathys	Multiome 2025	97
Sst_23	neu	TLP005121	-0.39671578484798875	-0.8512664208964553	Mathys x Multiome 2025	Mathys	Multiome 2025	97
Sst_23	neu	TLP005129	-1.4237165190501155	-2.287326280958072	Mathys x Multiome 2025	Mathys	Multiome 2025	97
Sst_23	neu	TLP005131	-2.007034404113096	0.1270867836819889	Mathys x Multiome 2025	Mathys	Multiome 2025	97
Sst_23	neu	TLP005133	-0.08736379471895983	-1.712684457730477	Mathys x Multiome 2025	Mathys	Multiome 2025	97
Sst_23	neu	TLP005134	-1.6971804247861195	-1.9987915846275417	Mathys x Multiome 2025	Mathys	Multiome 2025	97
Sst_23	neu	TLP005197	0.24057930513976267	-0.033069299678507136	Mathys x Multiome 2025	Mathys	Multiome 2025	97
Sst_23	neu	TLP005250	0.644070614732879	-0.37295972200517813	Mathys x Multiome 2025	Mathys	Multiome 2025	97
Sst_23	neu	TLP005879	0.8480198166528643	-0.7587979134783378	Mathys x Multiome 2025	Mathys	Multiome 2025	97
Sst_2	neu	TLP004124	-0.6101831723331888	-0.9682804867659129	Mathys x Multiome 2025	Mathys	Multiome 2025	97
Sst_2	neu	TLP004205	0.21731042619394358	-0.12720362041940092	Mathys x Multiome 2025	Mathys	Multiome 2025	97
Sst_2	neu	TLP004208	0.10603566898383843	-0.010001219397946848	Mathys x Multiome 2025	Mathys	Multiome 2025	97
Sst_2	neu	TLP004225	0.8596032929072077	-0.3372068887392672	Mathys x Multiome 2025	Mathys	Multiome 2025	97
Sst_2	neu	TLP004231	-0.14597294299497587	-1.5639813224888357	Mathys x Multiome 2025	Mathys	Multiome 2025	97
Sst_2	neu	TLP004238	-0.1144319221825576	-0.9662212879570049	Mathys x Multiome 2025	Mathys	Multiome 2025	97
Sst_2	neu	TLP004251	-0.02758011548734718	-1.4386043604399008	Mathys x Multiome 2025	Mathys	Multiome 2025	97
Sst_2	neu	TLP004266	0.9178460846746308	0.07841818916544163	Mathys x Multiome 2025	Mathys	Multiome 2025	97
Sst_2	neu	TLP004271	-0.6772280737500909	-0.2953373401478645	Mathys x Multiome 2025	Mathys	Multiome 2025	97
Sst_2	neu	TLP004275	0.013821530872293764	-0.7820206501409457	Mathys x Multiome 2025	Mathys	Multiome 2025	97
Sst_2	neu	TLP004281	-2.488177283212086	0.23374788941574387	Mathys x Multiome 2025	Mathys	Multiome 2025	97
Sst_2	neu	TLP004282	0.7508757208038368	0.2259101280772704	Mathys x Multiome 2025	Mathys	Multiome 2025	97
Sst_2	neu	TLP004283	0.410551377783106	-0.3915320030300169	Mathys x Multiome 2025	Mathys	Multiome 2025	97
Sst_2	neu	TLP004289	-0.8468016129428779	-0.13490885346360404	Mathys x Multiome 2025	Mathys	Multiome 2025	97
Sst_2	neu	TLP004297	-1.6283370966772193	-2.0318731358544877	Mathys x Multiome 2025	Mathys	Multiome 2025	97
Sst_2	neu	TLP004319	-1.7976105172089154	-1.3419983255944787	Mathys x Multiome 2025	Mathys	Multiome 2025	97
Sst_2	neu	TLP004322	0.9091224272563929	0.01601356886471894	Mathys x Multiome 2025	Mathys	Multiome 2025	97
Sst_2	neu	TLP004325	-1.3159239400181137	-0.03341329338304355	Mathys x Multiome 2025	Mathys	Multiome 2025	97
Sst_2	neu	TLP004326	-0.007805367399677188	0.4750152844680251	Mathys x Multiome 2025	Mathys	Multiome 2025	97
Sst_2	neu	TLP004338	-1.079781786865242	-2.012518096017068	Mathys x Multiome 2025	Mathys	Multiome 2025	97
Sst_2	neu	TLP004344	-1.2599271725000634	-0.09216034086747094	Mathys x Multiome 2025	Mathys	Multiome 2025	97
Sst_2	neu	TLP004435	0.06043443896311551	0.1052812800924281	Mathys x Multiome 2025	Mathys	Multiome 2025	97
Sst_2	neu	TLP004444	-1.982007268069248	-1.8806877290270387	Mathys x Multiome 2025	Mathys	Multiome 2025	97
Sst_2	neu	TLP004459	-0.5812071809756256	-0.5220568915511015	Mathys x Multiome 2025	Mathys	Multiome 2025	97
Sst_2	neu	TLP004464	-0.7842688550688051	-0.49777048863310647	Mathys x Multiome 2025	Mathys	Multiome 2025	97
Sst_2	neu	TLP004475	-0.46603726099004916	0.622865067358962	Mathys x Multiome 2025	Mathys	Multiome 2025	97
Sst_2	neu	TLP004481	-0.43361260085245146	-1.5944494959009488	Mathys x Multiome 2025	Mathys	Multiome 2025	97
Sst_2	neu	TLP004483	-0.35431111697564255	-1.273887095187626	Mathys x Multiome 2025	Mathys	Multiome 2025	97
Sst_2	neu	TLP004490	-1.11161677280308	-0.43944168150794205	Mathys x Multiome 2025	Mathys	Multiome 2025	97
Sst_2	neu	TLP004529	0.11621871656572136	0.074098790812136	Mathys x Multiome 2025	Mathys	Multiome 2025	97
Sst_2	neu	TLP004533	-0.22679145286781655	-0.06256866686331275	Mathys x Multiome 2025	Mathys	Multiome 2025	97
Sst_2	neu	TLP004543	-1.346102623979343	-0.2056663189695751	Mathys x Multiome 2025	Mathys	Multiome 2025	97
Sst_2	neu	TLP004551	-2.514466518147567	-2.1467893923111827	Mathys x Multiome 2025	Mathys	Multiome 2025	97
Sst_2	neu	TLP004563	-2.00207245250522	-0.08901381586640777	Mathys x Multiome 2025	Mathys	Multiome 2025	97
Sst_2	neu	TLP004582	-0.04160396983321757	-0.14693636678218613	Mathys x Multiome 2025	Mathys	Multiome 2025	97
Sst_2	neu	TLP004595	0.4284440291175704	0.7843471752982492	Mathys x Multiome 2025	Mathys	Multiome 2025	97
Sst_2	neu	TLP004599	-1.278606748715843	-0.8029769023598332	Mathys x Multiome 2025	Mathys	Multiome 2025	97
Sst_2	neu	TLP004602	0.5034208283566084	0.2440164842266288	Mathys x Multiome 2025	Mathys	Multiome 2025	97
Sst_2	neu	TLP004616	0.16644807858762078	1.451988299764425	Mathys x Multiome 2025	Mathys	Multiome 2025	97
Sst_2	neu	TLP004619	-0.8606756451132691	-0.0633920183226202	Mathys x Multiome 2025	Mathys	Multiome 2025	97
Sst_2	neu	TLP004622	-0.636462650337478	-0.15762240900615954	Mathys x Multiome 2025	Mathys	Multiome 2025	97
Sst_2	neu	TLP004624	-0.011203471753076677	-0.48558610892078047	Mathys x Multiome 2025	Mathys	Multiome 2025	97
Sst_2	neu	TLP004632	-1.1331089563668328	-0.6607391021632827	Mathys x Multiome 2025	Mathys	Multiome 2025	97
Sst_2	neu	TLP004646	-0.19432203702240614	0.13835616831133546	Mathys x Multiome 2025	Mathys	Multiome 2025	97
Sst_2	neu	TLP004647	0.6139246436179766	0.4096950057291835	Mathys x Multiome 2025	Mathys	Multiome 2025	97
Sst_2	neu	TLP004660	0.07262415959031365	-0.632278272321118	Mathys x Multiome 2025	Mathys	Multiome 2025	97
Sst_2	neu	TLP004674	0.4917979619589783	0.7925583060042705	Mathys x Multiome 2025	Mathys	Multiome 2025	97
Sst_2	neu	TLP004682	0.3781222962894386	0.30110686378475204	Mathys x Multiome 2025	Mathys	Multiome 2025	97
Sst_2	neu	TLP004685	-0.6377293613559818	-1.90868882392141	Mathys x Multiome 2025	Mathys	Multiome 2025	97
Sst_2	neu	TLP004703	0.57773185143418	0.028673123373606835	Mathys x Multiome 2025	Mathys	Multiome 2025	97
Sst_2	neu	TLP004714	-0.06599329756814587	-1.8803344491094203	Mathys x Multiome 2025	Mathys	Multiome 2025	97
Sst_2	neu	TLP004717	-0.4883650307169276	-0.49534313939790486	Mathys x Multiome 2025	Mathys	Multiome 2025	97
Sst_2	neu	TLP004744	0.03840901356248949	-0.7797215525983514	Mathys x Multiome 2025	Mathys	Multiome 2025	97
Sst_2	neu	TLP004748	-0.41529587101078036	-0.5135745346867964	Mathys x Multiome 2025	Mathys	Multiome 2025	97
Sst_2	neu	TLP004751	0.07841256151465004	-1.913983592439413	Mathys x Multiome 2025	Mathys	Multiome 2025	97
Sst_2	neu	TLP004763	0.6963233117398087	0.2910217281795999	Mathys x Multiome 2025	Mathys	Multiome 2025	97
Sst_2	neu	TLP004766	0.2681294578827451	-0.05845214031784973	Mathys x Multiome 2025	Mathys	Multiome 2025	97
Sst_2	neu	TLP004769	0.7075008308214539	1.653039319075389	Mathys x Multiome 2025	Mathys	Multiome 2025	97
Sst_2	neu	TLP004771	0.1578931733264426	-1.8250111155237558	Mathys x Multiome 2025	Mathys	Multiome 2025	97
Sst_2	neu	TLP004788	0.5194428753883455	0.6173100996646497	Mathys x Multiome 2025	Mathys	Multiome 2025	97
Sst_2	neu	TLP004789	-1.1887591305723344	0.9937689474642131	Mathys x Multiome 2025	Mathys	Multiome 2025	97
Sst_2	neu	TLP004814	-0.1763380074280292	-0.11291334699751321	Mathys x Multiome 2025	Mathys	Multiome 2025	97
Sst_2	neu	TLP004821	-0.3597894551747265	-1.4195416031228918	Mathys x Multiome 2025	Mathys	Multiome 2025	97
Sst_2	neu	TLP004845	0.6953584843416536	0.052471482107750766	Mathys x Multiome 2025	Mathys	Multiome 2025	97
Sst_2	neu	TLP004851	0.4427825094211961	0.9780046156502422	Mathys x Multiome 2025	Mathys	Multiome 2025	97
Sst_2	neu	TLP004857	0.48280036540526083	0.20906492107166752	Mathys x Multiome 2025	Mathys	Multiome 2025	97
Sst_2	neu	TLP004866	-1.4372619748606432	-0.5967109343518713	Mathys x Multiome 2025	Mathys	Multiome 2025	97
Sst_2	neu	TLP004869	0.07064582170958111	0.06529421283722137	Mathys x Multiome 2025	Mathys	Multiome 2025	97
Sst_2	neu	TLP004879	-1.4922317934738825	0.49071246188863515	Mathys x Multiome 2025	Mathys	Multiome 2025	97
Sst_2	neu	TLP004889	0.13682661939742058	0.539312274862243	Mathys x Multiome 2025	Mathys	Multiome 2025	97
Sst_2	neu	TLP004916	-0.33022163881630195	-0.42814013899528724	Mathys x Multiome 2025	Mathys	Multiome 2025	97
Sst_2	neu	TLP004935	-0.8090707646321498	-0.9233197748769495	Mathys x Multiome 2025	Mathys	Multiome 2025	97
Sst_2	neu	TLP004984	-0.09186869146268428	-0.828439136494806	Mathys x Multiome 2025	Mathys	Multiome 2025	97
Sst_2	neu	TLP004996	0.36369518564528747	0.8389670624449357	Mathys x Multiome 2025	Mathys	Multiome 2025	97
Sst_2	neu	TLP005002	0.04761442689276674	0.10226077769979014	Mathys x Multiome 2025	Mathys	Multiome 2025	97
Sst_2	neu	TLP005006	-0.4275389750519105	-0.9957455994794167	Mathys x Multiome 2025	Mathys	Multiome 2025	97
Sst_2	neu	TLP005013	-1.3457944388374674	-1.274388211011277	Mathys x Multiome 2025	Mathys	Multiome 2025	97
Sst_2	neu	TLP005014	0.022870415191378335	-0.4381138082647533	Mathys x Multiome 2025	Mathys	Multiome 2025	97
Sst_2	neu	TLP005015	-1.0268965108528185	-0.6293043175827604	Mathys x Multiome 2025	Mathys	Multiome 2025	97
Sst_2	neu	TLP005020	-1.4735620510256844	-1.2036241222825144	Mathys x Multiome 2025	Mathys	Multiome 2025	97
Sst_2	neu	TLP005021	1.283403870035821	-0.3220793409048852	Mathys x Multiome 2025	Mathys	Multiome 2025	97
Sst_2	neu	TLP005025	-0.6520504290970566	-1.1172934337746172	Mathys x Multiome 2025	Mathys	Multiome 2025	97
Sst_2	neu	TLP005036	1.045984007151671	-0.12033330404068376	Mathys x Multiome 2025	Mathys	Multiome 2025	97
Sst_2	neu	TLP005047	0.682754169198259	-1.0645309047687865	Mathys x Multiome 2025	Mathys	Multiome 2025	97
Sst_2	neu	TLP005052	-0.45193683435325216	0.07635017559050716	Mathys x Multiome 2025	Mathys	Multiome 2025	97
Sst_2	neu	TLP005065	0.9096832527193071	-0.43704963374615513	Mathys x Multiome 2025	Mathys	Multiome 2025	97
Sst_2	neu	TLP005076	-2.5522509678958567	-0.33003357462920047	Mathys x Multiome 2025	Mathys	Multiome 2025	97
Sst_2	neu	TLP005093	0.23820905274179438	0.8150334730069053	Mathys x Multiome 2025	Mathys	Multiome 2025	97
Sst_2	neu	TLP005094	0.3812175545598038	-0.13023384309532116	Mathys x Multiome 2025	Mathys	Multiome 2025	97
Sst_2	neu	TLP005121	0.2392729818720083	-0.8512664208964553	Mathys x Multiome 2025	Mathys	Multiome 2025	97
Sst_2	neu	TLP005129	-0.912890895284125	-2.287326280958072	Mathys x Multiome 2025	Mathys	Multiome 2025	97
Sst_2	neu	TLP005131	-2.007034404113096	-0.12422764459891678	Mathys x Multiome 2025	Mathys	Multiome 2025	97
Sst_2	neu	TLP005133	-0.08736379471895983	-1.712684457730477	Mathys x Multiome 2025	Mathys	Multiome 2025	97
Sst_2	neu	TLP005134	-1.6971804247861195	-0.9001792959594326	Mathys x Multiome 2025	Mathys	Multiome 2025	97
Sst_2	neu	TLP005197	-0.4853576982431731	-0.1582324426325128	Mathys x Multiome 2025	Mathys	Multiome 2025	97
Sst_2	neu	TLP005250	-0.20322724565432448	-1.9823976344392786	Mathys x Multiome 2025	Mathys	Multiome 2025	97
Sst_2	neu	TLP005879	0.5967053883719577	0.196713531549098	Mathys x Multiome 2025	Mathys	Multiome 2025	97
Astro_6-SEAAD	glia	TLP004124	-2.261147290650454	-1.2388468768291352	Mathys x Multiome 2025	Mathys	Multiome 2025	97
Astro_6-SEAAD	glia	TLP004205	-1.921138800037994	-3.030549957215932	Mathys x Multiome 2025	Mathys	Multiome 2025	97
Astro_6-SEAAD	glia	TLP004208	-1.51694254805241	-3.1446432375434945	Mathys x Multiome 2025	Mathys	Multiome 2025	97
Astro_6-SEAAD	glia	TLP004225	-1.7448760076499488	-2.8872336280882296	Mathys x Multiome 2025	Mathys	Multiome 2025	97
Astro_6-SEAAD	glia	TLP004231	1.7276349499768928	0.9675127006631019	Mathys x Multiome 2025	Mathys	Multiome 2025	97
Astro_6-SEAAD	glia	TLP004238	-0.07482777238701122	-0.6078686282841801	Mathys x Multiome 2025	Mathys	Multiome 2025	97
Astro_6-SEAAD	glia	TLP004251	-2.8652088318087516	-1.0002020996728715	Mathys x Multiome 2025	Mathys	Multiome 2025	97
Astro_6-SEAAD	glia	TLP004266	-1.9430134420750385	-1.5514815918638325	Mathys x Multiome 2025	Mathys	Multiome 2025	97
Astro_6-SEAAD	glia	TLP004271	-0.7776399906958629	-2.734839878760586	Mathys x Multiome 2025	Mathys	Multiome 2025	97
Astro_6-SEAAD	glia	TLP004275	-3.174794215744205	-3.1208168814881487	Mathys x Multiome 2025	Mathys	Multiome 2025	97
Astro_6-SEAAD	glia	TLP004281	-2.063611827754558	-1.9011702050180919	Mathys x Multiome 2025	Mathys	Multiome 2025	97
Astro_6-SEAAD	glia	TLP004282	-2.5496465232121652	-1.4678508301456654	Mathys x Multiome 2025	Mathys	Multiome 2025	97
Astro_6-SEAAD	glia	TLP004283	-0.6896901014496626	-1.4671141531958325	Mathys x Multiome 2025	Mathys	Multiome 2025	97
Astro_6-SEAAD	glia	TLP004289	2.7212783336579576	2.9015549795127056	Mathys x Multiome 2025	Mathys	Multiome 2025	97
Astro_6-SEAAD	glia	TLP004297	0.4454944498436655	-1.4619524975221152	Mathys x Multiome 2025	Mathys	Multiome 2025	97
Astro_6-SEAAD	glia	TLP004319	-0.3871783567813498	-0.6754507423469223	Mathys x Multiome 2025	Mathys	Multiome 2025	97
Astro_6-SEAAD	glia	TLP004322	-2.495450973965161	-2.652607728975294	Mathys x Multiome 2025	Mathys	Multiome 2025	97
Astro_6-SEAAD	glia	TLP004325	-1.7153386121946088	-3.1230819534863548	Mathys x Multiome 2025	Mathys	Multiome 2025	97
Astro_6-SEAAD	glia	TLP004326	-1.454531745002666	-2.354017478740464	Mathys x Multiome 2025	Mathys	Multiome 2025	97
Astro_6-SEAAD	glia	TLP004338	-0.6205903889216451	-1.9500460606265895	Mathys x Multiome 2025	Mathys	Multiome 2025	97
Astro_6-SEAAD	glia	TLP004344	-0.7359455619905004	-1.536441319135088	Mathys x Multiome 2025	Mathys	Multiome 2025	97
Astro_6-SEAAD	glia	TLP004435	-1.64921849448488	-0.6331410310453931	Mathys x Multiome 2025	Mathys	Multiome 2025	97
Astro_6-SEAAD	glia	TLP004444	-0.223418089436902	-2.060442348975445	Mathys x Multiome 2025	Mathys	Multiome 2025	97
Astro_6-SEAAD	glia	TLP004459	-2.0594983866085332	-1.9818032574556446	Mathys x Multiome 2025	Mathys	Multiome 2025	97
Astro_6-SEAAD	glia	TLP004464	-1.3186629184410252	-1.4941434800886313	Mathys x Multiome 2025	Mathys	Multiome 2025	97
Astro_6-SEAAD	glia	TLP004475	-1.2170333297729528	-1.9191769640453389	Mathys x Multiome 2025	Mathys	Multiome 2025	97
Astro_6-SEAAD	glia	TLP004481	-0.1289547714810575	0.7587826776568347	Mathys x Multiome 2025	Mathys	Multiome 2025	97
Astro_6-SEAAD	glia	TLP004483	-0.6365746714605045	-1.4775039441879878	Mathys x Multiome 2025	Mathys	Multiome 2025	97
Astro_6-SEAAD	glia	TLP004490	1.3243098365888302	-2.6467297627474062	Mathys x Multiome 2025	Mathys	Multiome 2025	97
Astro_6-SEAAD	glia	TLP004529	0.19005463316519666	-0.32417399323238705	Mathys x Multiome 2025	Mathys	Multiome 2025	97
Astro_6-SEAAD	glia	TLP004533	-2.6946904416867614	-3.081169053799588	Mathys x Multiome 2025	Mathys	Multiome 2025	97
Astro_6-SEAAD	glia	TLP004543	-2.4050509623904146	-2.735623892779315	Mathys x Multiome 2025	Mathys	Multiome 2025	97
Astro_6-SEAAD	glia	TLP004551	0.531649450748672	-0.6738132112908319	Mathys x Multiome 2025	Mathys	Multiome 2025	97
Astro_6-SEAAD	glia	TLP004563	-0.3786542915984885	-1.5632776955439764	Mathys x Multiome 2025	Mathys	Multiome 2025	97
Astro_6-SEAAD	glia	TLP004582	-0.7991483372337616	-2.7043856342102455	Mathys x Multiome 2025	Mathys	Multiome 2025	97
Astro_6-SEAAD	glia	TLP004595	-1.860065821107936	-2.9277812139122936	Mathys x Multiome 2025	Mathys	Multiome 2025	97
Astro_6-SEAAD	glia	TLP004599	-1.8908159535223987	-1.1400799729906295	Mathys x Multiome 2025	Mathys	Multiome 2025	97
Astro_6-SEAAD	glia	TLP004602	-1.86176037040266	-2.9347820267409297	Mathys x Multiome 2025	Mathys	Multiome 2025	97
Astro_6-SEAAD	glia	TLP004616	-2.441352370904699	-2.717329220521359	Mathys x Multiome 2025	Mathys	Multiome 2025	97
Astro_6-SEAAD	glia	TLP004619	-3.0678554487195457	-1.8040130083477024	Mathys x Multiome 2025	Mathys	Multiome 2025	97
Astro_6-SEAAD	glia	TLP004622	-2.0649235479062797	-2.4118201610546004	Mathys x Multiome 2025	Mathys	Multiome 2025	97
Astro_6-SEAAD	glia	TLP004624	-2.4666495607751298	-2.412243935141203	Mathys x Multiome 2025	Mathys	Multiome 2025	97
Astro_6-SEAAD	glia	TLP004632	-2.3348000114848633	-1.5182650172736123	Mathys x Multiome 2025	Mathys	Multiome 2025	97
Astro_6-SEAAD	glia	TLP004646	-0.7650179937516866	-3.517746324801177	Mathys x Multiome 2025	Mathys	Multiome 2025	97
Astro_6-SEAAD	glia	TLP004647	-0.5036799367195712	-0.5576752245396115	Mathys x Multiome 2025	Mathys	Multiome 2025	97
Astro_6-SEAAD	glia	TLP004660	2.488817417785973	0.5061862854737482	Mathys x Multiome 2025	Mathys	Multiome 2025	97
Astro_6-SEAAD	glia	TLP004674	-1.9690781542007532	-2.885755887788731	Mathys x Multiome 2025	Mathys	Multiome 2025	97
Astro_6-SEAAD	glia	TLP004682	-1.8567006209621217	-2.6783236396047485	Mathys x Multiome 2025	Mathys	Multiome 2025	97
Astro_6-SEAAD	glia	TLP004685	-1.78640493110011	-1.5519556703537933	Mathys x Multiome 2025	Mathys	Multiome 2025	97
Astro_6-SEAAD	glia	TLP004703	-0.1049193905271757	-2.271372865092334	Mathys x Multiome 2025	Mathys	Multiome 2025	97
Astro_6-SEAAD	glia	TLP004714	0.12384015535580861	-2.5177262538632936	Mathys x Multiome 2025	Mathys	Multiome 2025	97
Astro_6-SEAAD	glia	TLP004717	0.684474070959781	-2.776176298981082	Mathys x Multiome 2025	Mathys	Multiome 2025	97
Astro_6-SEAAD	glia	TLP004744	-0.07663990059209969	-2.7064844566074298	Mathys x Multiome 2025	Mathys	Multiome 2025	97
Astro_6-SEAAD	glia	TLP004748	-0.6425557966124273	-2.9643004001628785	Mathys x Multiome 2025	Mathys	Multiome 2025	97
Astro_6-SEAAD	glia	TLP004751	-1.8061251780003547	-2.6655001857261897	Mathys x Multiome 2025	Mathys	Multiome 2025	97
Astro_6-SEAAD	glia	TLP004763	-1.6717338108000455	-2.2922168590059533	Mathys x Multiome 2025	Mathys	Multiome 2025	97
Astro_6-SEAAD	glia	TLP004766	-1.043404434456292	-2.752600342945251	Mathys x Multiome 2025	Mathys	Multiome 2025	97
Astro_6-SEAAD	glia	TLP004769	1.13295356156534	0.6940274580090389	Mathys x Multiome 2025	Mathys	Multiome 2025	97
Astro_6-SEAAD	glia	TLP004771	-1.9644763686870688	-2.2958892493447935	Mathys x Multiome 2025	Mathys	Multiome 2025	97
Astro_6-SEAAD	glia	TLP004788	-2.4153507982737974	-1.5203043674597652	Mathys x Multiome 2025	Mathys	Multiome 2025	97
Astro_6-SEAAD	glia	TLP004789	-0.8032911017294966	-1.8391231280132594	Mathys x Multiome 2025	Mathys	Multiome 2025	97
Astro_6-SEAAD	glia	TLP004814	-0.2846881024321002	-1.2467837173046474	Mathys x Multiome 2025	Mathys	Multiome 2025	97
Astro_6-SEAAD	glia	TLP004821	-1.739459794629611	-0.9662957137959989	Mathys x Multiome 2025	Mathys	Multiome 2025	97
Astro_6-SEAAD	glia	TLP004845	-2.7131868548973834	-2.1362825419761764	Mathys x Multiome 2025	Mathys	Multiome 2025	97
Astro_6-SEAAD	glia	TLP004851	-3.2201675803705943	-1.4196395874559906	Mathys x Multiome 2025	Mathys	Multiome 2025	97
Astro_6-SEAAD	glia	TLP004857	-2.955073325512939	-1.7081191513205924	Mathys x Multiome 2025	Mathys	Multiome 2025	97
Astro_6-SEAAD	glia	TLP004866	-2.4804113393971603	-2.7939329504621035	Mathys x Multiome 2025	Mathys	Multiome 2025	97
Astro_6-SEAAD	glia	TLP004869	-2.3886758433121233	-2.2732618183296367	Mathys x Multiome 2025	Mathys	Multiome 2025	97
Astro_6-SEAAD	glia	TLP004879	-0.872911284826718	-3.2901474652121596	Mathys x Multiome 2025	Mathys	Multiome 2025	97
Astro_6-SEAAD	glia	TLP004889	-1.5319431510714905	-1.6261420011216252	Mathys x Multiome 2025	Mathys	Multiome 2025	97
Astro_6-SEAAD	glia	TLP004916	-2.8589860089406605	-2.6925362662640433	Mathys x Multiome 2025	Mathys	Multiome 2025	97
Astro_6-SEAAD	glia	TLP004935	-0.7247248573625535	-2.1633468727865512	Mathys x Multiome 2025	Mathys	Multiome 2025	97
Astro_6-SEAAD	glia	TLP004984	-3.490602326072967	-1.7622850722233716	Mathys x Multiome 2025	Mathys	Multiome 2025	97
Astro_6-SEAAD	glia	TLP004996	-1.6341745497286722	-2.9050461008752935	Mathys x Multiome 2025	Mathys	Multiome 2025	97
Astro_6-SEAAD	glia	TLP005002	-1.6499412419192536	-2.9746413299344976	Mathys x Multiome 2025	Mathys	Multiome 2025	97
Astro_6-SEAAD	glia	TLP005006	-1.4235346938953892	-2.360758816390379	Mathys x Multiome 2025	Mathys	Multiome 2025	97
Astro_6-SEAAD	glia	TLP005013	-2.341202223742404	-0.8919649079163721	Mathys x Multiome 2025	Mathys	Multiome 2025	97
Astro_6-SEAAD	glia	TLP005014	-0.23393050313221053	-1.6522996207689022	Mathys x Multiome 2025	Mathys	Multiome 2025	97
Astro_6-SEAAD	glia	TLP005015	-3.0765183279496293	-2.6947854810886493	Mathys x Multiome 2025	Mathys	Multiome 2025	97
Astro_6-SEAAD	glia	TLP005020	-0.673110463508996	-2.7024842410192944	Mathys x Multiome 2025	Mathys	Multiome 2025	97
Astro_6-SEAAD	glia	TLP005021	-1.4419013231439086	-2.697130509306664	Mathys x Multiome 2025	Mathys	Multiome 2025	97
Astro_6-SEAAD	glia	TLP005025	-2.372772514385627	-2.7984776943318046	Mathys x Multiome 2025	Mathys	Multiome 2025	97
Astro_6-SEAAD	glia	TLP005036	-3.0492034517574513	-2.92803705545066	Mathys x Multiome 2025	Mathys	Multiome 2025	97
Astro_6-SEAAD	glia	TLP005047	1.6391091813300909	-1.6766311337704938	Mathys x Multiome 2025	Mathys	Multiome 2025	97
Astro_6-SEAAD	glia	TLP005052	0.373280137298746	-1.9620502454224686	Mathys x Multiome 2025	Mathys	Multiome 2025	97
Astro_6-SEAAD	glia	TLP005065	-1.566231085902051	-2.3482047508322523	Mathys x Multiome 2025	Mathys	Multiome 2025	97
Astro_6-SEAAD	glia	TLP005076	1.036448255310189	-0.48870038028509555	Mathys x Multiome 2025	Mathys	Multiome 2025	97
Astro_6-SEAAD	glia	TLP005093	3.096336254931498	1.014334979172209	Mathys x Multiome 2025	Mathys	Multiome 2025	97
Astro_6-SEAAD	glia	TLP005094	-0.9159466956683966	-2.416534739096443	Mathys x Multiome 2025	Mathys	Multiome 2025	97
Astro_6-SEAAD	glia	TLP005121	2.223191897820316	2.2966006029756407	Mathys x Multiome 2025	Mathys	Multiome 2025	97
Astro_6-SEAAD	glia	TLP005129	0.32263274416873067	-0.8836450513373615	Mathys x Multiome 2025	Mathys	Multiome 2025	97
Astro_6-SEAAD	glia	TLP005131	-1.275440710895384	-2.4223041569297576	Mathys x Multiome 2025	Mathys	Multiome 2025	97
Astro_6-SEAAD	glia	TLP005133	-1.1673182180414408	-2.6348543774859774	Mathys x Multiome 2025	Mathys	Multiome 2025	97
Astro_6-SEAAD	glia	TLP005134	-0.95174119539546	-1.1290027995284166	Mathys x Multiome 2025	Mathys	Multiome 2025	97
Astro_6-SEAAD	glia	TLP005197	-0.3077354783071131	-2.497424428139203	Mathys x Multiome 2025	Mathys	Multiome 2025	97
Astro_6-SEAAD	glia	TLP005250	-0.7908979124593287	1.437473324598595	Mathys x Multiome 2025	Mathys	Multiome 2025	97
Astro_6-SEAAD	glia	TLP005879	1.7379366170369237	0.209455854430729	Mathys x Multiome 2025	Mathys	Multiome 2025	97
OPC_2_2-SEAAD	glia	TLP004124	-0.526546235262348	-3.1847570258844486	Mathys x Multiome 2025	Mathys	Multiome 2025	97
OPC_2_2-SEAAD	glia	TLP004205	-1.921138800037994	-1.931937668547822	Mathys x Multiome 2025	Mathys	Multiome 2025	97
OPC_2_2-SEAAD	glia	TLP004208	0.42896760100290354	-3.1446432375434945	Mathys x Multiome 2025	Mathys	Multiome 2025	97
OPC_2_2-SEAAD	glia	TLP004225	-0.6462637189818397	-1.277795715654129	Mathys x Multiome 2025	Mathys	Multiome 2025	97
OPC_2_2-SEAAD	glia	TLP004231	2.58155535112459	0.7946698878236917	Mathys x Multiome 2025	Mathys	Multiome 2025	97
OPC_2_2-SEAAD	glia	TLP004238	0.9468234751449702	0.8008985886877689	Mathys x Multiome 2025	Mathys	Multiome 2025	97
OPC_2_2-SEAAD	glia	TLP004251	0.7983528143208947	-1.0002020996728715	Mathys x Multiome 2025	Mathys	Multiome 2025	97
OPC_2_2-SEAAD	glia	TLP004266	0.0028967069802741108	-2.6500938805319425	Mathys x Multiome 2025	Mathys	Multiome 2025	97
OPC_2_2-SEAAD	glia	TLP004271	-0.5263255624149572	-2.734839878760586	Mathys x Multiome 2025	Mathys	Multiome 2025	97
OPC_2_2-SEAAD	glia	TLP004275	0.19250161424226864	-3.1208168814881487	Mathys x Multiome 2025	Mathys	Multiome 2025	97
OPC_2_2-SEAAD	glia	TLP004281	-0.4541739153204576	-1.3903445812521014	Mathys x Multiome 2025	Mathys	Multiome 2025	97
OPC_2_2-SEAAD	glia	TLP004282	-0.8150454678240591	-1.978676453911656	Mathys x Multiome 2025	Mathys	Multiome 2025	97
OPC_2_2-SEAAD	glia	TLP004283	-0.03576363404299787	-3.076552065629934	Mathys x Multiome 2025	Mathys	Multiome 2025	97
OPC_2_2-SEAAD	glia	TLP004289	2.598256519145295	2.0369156440890146	Mathys x Multiome 2025	Mathys	Multiome 2025	97
OPC_2_2-SEAAD	glia	TLP004297	2.662719693886554	1.6735417184070345	Mathys x Multiome 2025	Mathys	Multiome 2025	97
OPC_2_2-SEAAD	glia	TLP004319	0.12364726698464157	-1.5227486027341257	Mathys x Multiome 2025	Mathys	Multiome 2025	97
OPC_2_2-SEAAD	glia	TLP004322	-0.09755570116679113	-2.652607728975294	Mathys x Multiome 2025	Mathys	Multiome 2025	97
OPC_2_2-SEAAD	glia	TLP004325	0.796967011781506	-3.1230819534863548	Mathys x Multiome 2025	Mathys	Multiome 2025	97
OPC_2_2-SEAAD	glia	TLP004326	1.1104176124588712	-3.452629767408574	Mathys x Multiome 2025	Mathys	Multiome 2025	97
OPC_2_2-SEAAD	glia	TLP004338	0.3815616335589018	-0.4837089918331632	Mathys x Multiome 2025	Mathys	Multiome 2025	97
OPC_2_2-SEAAD	glia	TLP004344	-0.0694666285127159	-1.536441319135088	Mathys x Multiome 2025	Mathys	Multiome 2025	97
OPC_2_2-SEAAD	glia	TLP004435	-0.55060620581677	-0.0865973246773235	Mathys x Multiome 2025	Mathys	Multiome 2025	97
OPC_2_2-SEAAD	glia	TLP004444	0.41257067728309416	-2.060442348975445	Mathys x Multiome 2025	Mathys	Multiome 2025	97
OPC_2_2-SEAAD	glia	TLP004459	0.7737149574476829	-1.470977633689654	Mathys x Multiome 2025	Mathys	Multiome 2025	97
OPC_2_2-SEAAD	glia	TLP004464	-0.7308762535389057	-3.103581392522731	Mathys x Multiome 2025	Mathys	Multiome 2025	97
OPC_2_2-SEAAD	glia	TLP004475	0.7288768192823607	-1.9191769640453389	Mathys x Multiome 2025	Mathys	Multiome 2025	97
OPC_2_2-SEAAD	glia	TLP004481	0.9696575171870521	1.6924651522428587	Mathys x Multiome 2025	Mathys	Multiome 2025	97
OPC_2_2-SEAAD	glia	TLP004483	-0.6365746714605045	-2.576116232856098	Mathys x Multiome 2025	Mathys	Multiome 2025	97
OPC_2_2-SEAAD	glia	TLP004490	0.923687352956454	-1.0372918503133057	Mathys x Multiome 2025	Mathys	Multiome 2025	97
OPC_2_2-SEAAD	glia	TLP004529	2.36078759505444	1.5628956557999931	Mathys x Multiome 2025	Mathys	Multiome 2025	97
OPC_2_2-SEAAD	glia	TLP004533	0.24974853747967884	-1.9825567651314788	Mathys x Multiome 2025	Mathys	Multiome 2025	97
OPC_2_2-SEAAD	glia	TLP004543	-0.7956130499563141	-2.735623892779315	Mathys x Multiome 2025	Mathys	Multiome 2025	97
OPC_2_2-SEAAD	glia	TLP004551	1.1037186997553814	-0.6738132112908319	Mathys x Multiome 2025	Mathys	Multiome 2025	97
OPC_2_2-SEAAD	glia	TLP004563	0.94627112314511	-1.5632776955439764	Mathys x Multiome 2025	Mathys	Multiome 2025	97
OPC_2_2-SEAAD	glia	TLP004582	0.6947766880784947	-1.094947721776144	Mathys x Multiome 2025	Mathys	Multiome 2025	97
OPC_2_2-SEAAD	glia	TLP004595	0.33715875622828406	-2.9277812139122936	Mathys x Multiome 2025	Mathys	Multiome 2025	97
OPC_2_2-SEAAD	glia	TLP004599	0.5327217498893093	-1.1400799729906295	Mathys x Multiome 2025	Mathys	Multiome 2025	97
OPC_2_2-SEAAD	glia	TLP004602	0.4736145454143763	-2.9347820267409297	Mathys x Multiome 2025	Mathys	Multiome 2025	97
OPC_2_2-SEAAD	glia	TLP004616	-0.91529606740965	-2.717329220521359	Mathys x Multiome 2025	Mathys	Multiome 2025	97
OPC_2_2-SEAAD	glia	TLP004619	-0.23464210466333046	-2.9026252970158124	Mathys x Multiome 2025	Mathys	Multiome 2025	97
OPC_2_2-SEAAD	glia	TLP004622	-0.028041620645239185	-2.4118201610546004	Mathys x Multiome 2025	Mathys	Multiome 2025	97
OPC_2_2-SEAAD	glia	TLP004624	-0.19796601945676517	-2.412243935141203	Mathys x Multiome 2025	Mathys	Multiome 2025	97
OPC_2_2-SEAAD	glia	TLP004632	-0.3888898624295498	-1.5182650172736123	Mathys x Multiome 2025	Mathys	Multiome 2025	97
OPC_2_2-SEAAD	glia	TLP004646	-0.7650179937516866	-3.517746324801177	Mathys x Multiome 2025	Mathys	Multiome 2025	97
OPC_2_2-SEAAD	glia	TLP004647	-0.9311239515465113	-1.8569582086698722	Mathys x Multiome 2025	Mathys	Multiome 2025	97
OPC_2_2-SEAAD	glia	TLP004660	0.6452328806933321	-2.5383361522496752	Mathys x Multiome 2025	Mathys	Multiome 2025	97
OPC_2_2-SEAAD	glia	TLP004674	-0.6697951700704925	-2.885755887788731	Mathys x Multiome 2025	Mathys	Multiome 2025	97
OPC_2_2-SEAAD	glia	TLP004682	-1.2689139560600031	-1.5797113509366385	Mathys x Multiome 2025	Mathys	Multiome 2025	97
OPC_2_2-SEAAD	glia	TLP004685	0.05942175939822025	-2.6505679590219025	Mathys x Multiome 2025	Mathys	Multiome 2025	97
OPC_2_2-SEAAD	glia	TLP004703	0.7254289115462553	-0.6619349526582337	Mathys x Multiome 2025	Mathys	Multiome 2025	97
OPC_2_2-SEAAD	glia	TLP004714	0.1655128517563771	-0.908288341429194	Mathys x Multiome 2025	Mathys	Multiome 2025	97
OPC_2_2-SEAAD	glia	TLP004717	1.0320165313352407	-0.2112269415195449	Mathys x Multiome 2025	Mathys	Multiome 2025	97
OPC_2_2-SEAAD	glia	TLP004744	-0.07663990059209969	-1.6078721679393189	Mathys x Multiome 2025	Mathys	Multiome 2025	97
OPC_2_2-SEAAD	glia	TLP004748	0.4560564920556822	-2.9643004001628785	Mathys x Multiome 2025	Mathys	Multiome 2025	97
OPC_2_2-SEAAD	glia	TLP004751	-0.9588273176131512	-2.6655001857261897	Mathys x Multiome 2025	Mathys	Multiome 2025	97
OPC_2_2-SEAAD	glia	TLP004763	-1.0526946023938217	-3.3908291476740633	Mathys x Multiome 2025	Mathys	Multiome 2025	97
OPC_2_2-SEAAD	glia	TLP004766	-0.6639148127513881	-2.752600342945251	Mathys x Multiome 2025	Mathys	Multiome 2025	97
OPC_2_2-SEAAD	glia	TLP004769	2.5378902734945106	-2.441466757920111	Mathys x Multiome 2025	Mathys	Multiome 2025	97
OPC_2_2-SEAAD	glia	TLP004771	-0.35503845625296826	-1.1972769606766844	Mathys x Multiome 2025	Mathys	Multiome 2025	97
OPC_2_2-SEAAD	glia	TLP004788	-0.017455525475426725	-2.618916656127876	Mathys x Multiome 2025	Mathys	Multiome 2025	97
OPC_2_2-SEAAD	glia	TLP004789	0.5548323824236974	-2.9377354166813685	Mathys x Multiome 2025	Mathys	Multiome 2025	97
OPC_2_2-SEAAD	glia	TLP004814	0.9283345374137539	-0.14817142863653832	Mathys x Multiome 2025	Mathys	Multiome 2025	97
OPC_2_2-SEAAD	glia	TLP004821	-0.2731227258361839	-2.064908002464108	Mathys x Multiome 2025	Mathys	Multiome 2025	97
OPC_2_2-SEAAD	glia	TLP004845	0.12002648915883185	-2.1362825419761764	Mathys x Multiome 2025	Mathys	Multiome 2025	97
OPC_2_2-SEAAD	glia	TLP004851	0.27633998109588553	-2.5182518761241006	Mathys x Multiome 2025	Mathys	Multiome 2025	97
OPC_2_2-SEAAD	glia	TLP004857	-1.8564610368448298	-2.8067314399887016	Mathys x Multiome 2025	Mathys	Multiome 2025	97
OPC_2_2-SEAAD	glia	TLP004866	-0.8709734269630607	-2.7939329504621035	Mathys x Multiome 2025	Mathys	Multiome 2025	97
OPC_2_2-SEAAD	glia	TLP004869	-0.19145126597590334	-2.2732618183296367	Mathys x Multiome 2025	Mathys	Multiome 2025	97
OPC_2_2-SEAAD	glia	TLP004879	0.7365266276073825	-1.3442373161568453	Mathys x Multiome 2025	Mathys	Multiome 2025	97
OPC_2_2-SEAAD	glia	TLP004889	-0.005886847576441312	-2.7247542897897343	Mathys x Multiome 2025	Mathys	Multiome 2025	97
OPC_2_2-SEAAD	glia	TLP004916	-0.025772664884444296	-2.6925362662640433	Mathys x Multiome 2025	Mathys	Multiome 2025	97
OPC_2_2-SEAAD	glia	TLP004935	-0.23517663204384753	-2.1633468727865512	Mathys x Multiome 2025	Mathys	Multiome 2025	97
OPC_2_2-SEAAD	glia	TLP004984	-1.8811644136388663	-2.8608973608914807	Mathys x Multiome 2025	Mathys	Multiome 2025	97
OPC_2_2-SEAAD	glia	TLP004996	-0.02473663729457165	-2.9050461008752935	Mathys x Multiome 2025	Mathys	Multiome 2025	97
OPC_2_2-SEAAD	glia	TLP005002	-0.04050332948515312	-2.9746413299344976	Mathys x Multiome 2025	Mathys	Multiome 2025	97
OPC_2_2-SEAAD	glia	TLP005006	-1.2228639984332386	-1.262146527722269	Mathys x Multiome 2025	Mathys	Multiome 2025	97
OPC_2_2-SEAAD	glia	TLP005013	0.8776736011257968	-0.8919649079163721	Mathys x Multiome 2025	Mathys	Multiome 2025	97
OPC_2_2-SEAAD	glia	TLP005014	0.48274717483792884	-0.8638422604046321	Mathys x Multiome 2025	Mathys	Multiome 2025	97
OPC_2_2-SEAAD	glia	TLP005015	-0.3684681268474197	-2.6947854810886493	Mathys x Multiome 2025	Mathys	Multiome 2025	97
OPC_2_2-SEAAD	glia	TLP005020	0.9363274489251041	-1.6038719523511853	Mathys x Multiome 2025	Mathys	Multiome 2025	97
OPC_2_2-SEAAD	glia	TLP005021	-0.6534439627796385	-1.598518220638554	Mathys x Multiome 2025	Mathys	Multiome 2025	97
OPC_2_2-SEAAD	glia	TLP005025	0.19217684307590943	-2.7984776943318046	Mathys x Multiome 2025	Mathys	Multiome 2025	97
OPC_2_2-SEAAD	glia	TLP005036	-0.48425409429591504	-1.8294247667825507	Mathys x Multiome 2025	Mathys	Multiome 2025	97
OPC_2_2-SEAAD	glia	TLP005047	1.6391091813300909	0.3602507934905468	Mathys x Multiome 2025	Mathys	Multiome 2025	97
OPC_2_2-SEAAD	glia	TLP005052	1.5740219210432356	-1.9620502454224686	Mathys x Multiome 2025	Mathys	Multiome 2025	97
OPC_2_2-SEAAD	glia	TLP005065	0.3796790631532625	-2.3482047508322523	Mathys x Multiome 2025	Mathys	Multiome 2025	97
OPC_2_2-SEAAD	glia	TLP005076	1.5842295855986088	0.09908628461702307	Mathys x Multiome 2025	Mathys	Multiome 2025	97
OPC_2_2-SEAAD	glia	TLP005093	1.7035921499637214	0.05387302898491608	Mathys x Multiome 2025	Mathys	Multiome 2025	97
OPC_2_2-SEAAD	glia	TLP005094	-0.9159466956683966	-2.416534739096443	Mathys x Multiome 2025	Mathys	Multiome 2025	97
OPC_2_2-SEAAD	glia	TLP005121	3.253228938728571	-2.4655733318221156	Mathys x Multiome 2025	Mathys	Multiome 2025	97
OPC_2_2-SEAAD	glia	TLP005129	-0.06132615871846969	-0.372819427571371	Mathys x Multiome 2025	Mathys	Multiome 2025	97
OPC_2_2-SEAAD	glia	TLP005131	-0.17682842222727402	-2.4223041569297576	Mathys x Multiome 2025	Mathys	Multiome 2025	97
OPC_2_2-SEAAD	glia	TLP005133	-1.1673182180414408	-2.6348543774859774	Mathys x Multiome 2025	Mathys	Multiome 2025	97
OPC_2_2-SEAAD	glia	TLP005134	-0.95174119539546	-1.1290027995284166	Mathys x Multiome 2025	Mathys	Multiome 2025	97
OPC_2_2-SEAAD	glia	TLP005197	0.3282532884128839	-2.497424428139203	Mathys x Multiome 2025	Mathys	Multiome 2025	97
OPC_2_2-SEAAD	glia	TLP005250	-1.8895102011274378	-0.09876118381221044	Mathys x Multiome 2025	Mathys	Multiome 2025	97
OPC_2_2-SEAAD	glia	TLP005879	1.7095659199077082	-0.20827934626924982	Mathys x Multiome 2025	Mathys	Multiome 2025	97
OPC_2	glia	TLP004124	2.598665113711218	1.3899539526189342	Mathys x Multiome 2025	Mathys	Multiome 2025	97
OPC_2	glia	TLP004205	2.4733103546344446	3.2955995159391676	Mathys x Multiome 2025	Mathys	Multiome 2025	97
OPC_2	glia	TLP004208	2.4903906371800613	3.0353734161090773	Mathys x Multiome 2025	Mathys	Multiome 2025	97
OPC_2	glia	TLP004225	3.1303213155512024	2.9088241226771423	Mathys x Multiome 2025	Mathys	Multiome 2025	97
OPC_2	glia	TLP004231	2.9056934655373587	1.8806237796198775	Mathys x Multiome 2025	Mathys	Multiome 2025	97
OPC_2	glia	TLP004238	2.097395502743791	2.7275773758151947	Mathys x Multiome 2025	Mathys	Multiome 2025	97
OPC_2	glia	TLP004251	3.133727730137931	3.24351986362383	Mathys x Multiome 2025	Mathys	Multiome 2025	97
OPC_2	glia	TLP004266	3.3602914659840373	3.01633280758049	Mathys x Multiome 2025	Mathys	Multiome 2025	97
OPC_2	glia	TLP004271	2.983560124997699	2.5483638499774024	Mathys x Multiome 2025	Mathys	Multiome 2025	97
OPC_2	glia	TLP004275	2.697323573731211	3.264377517509576	Mathys x Multiome 2025	Mathys	Multiome 2025	97
OPC_2	glia	TLP004281	2.4398947044570334	2.932462693761809	Mathys x Multiome 2025	Mathys	Multiome 2025	97
OPC_2	glia	TLP004282	2.618941736661087	2.724829632797297	Mathys x Multiome 2025	Mathys	Multiome 2025	97
OPC_2	glia	TLP004283	2.688159916215502	2.8921554943554324	Mathys x Multiome 2025	Mathys	Multiome 2025	97
OPC_2	glia	TLP004289	1.2989735350150342	0.9783086900346039	Mathys x Multiome 2025	Mathys	Multiome 2025	97
OPC_2	glia	TLP004297	2.8488842419596763	2.3881951041879437	Mathys x Multiome 2025	Mathys	Multiome 2025	97
OPC_2	glia	TLP004319	4.380677411483838	2.8296775621634653	Mathys x Multiome 2025	Mathys	Multiome 2025	97
OPC_2	glia	TLP004322	3.508436093141378	3.440962041069841	Mathys x Multiome 2025	Mathys	Multiome 2025	97
OPC_2	glia	TLP004325	2.852475787249714	3.0146451005998793	Mathys x Multiome 2025	Mathys	Multiome 2025	97
OPC_2	glia	TLP004326	4.1766800368187	2.2137969207038584	Mathys x Multiome 2025	Mathys	Multiome 2025	97
OPC_2	glia	TLP004338	2.8986454236223906	2.8121278741711664	Mathys x Multiome 2025	Mathys	Multiome 2025	97
OPC_2	glia	TLP004344	3.2142854982765408	2.822828328416177	Mathys x Multiome 2025	Mathys	Multiome 2025	97
OPC_2	glia	TLP004435	3.8520397160598474	2.8297499196221017	Mathys x Multiome 2025	Mathys	Multiome 2025	97
OPC_2	glia	TLP004444	2.835115085356119	3.1269434568653103	Mathys x Multiome 2025	Mathys	Multiome 2025	97
OPC_2	glia	TLP004459	3.356602015595887	2.739667384228607	Mathys x Multiome 2025	Mathys	Multiome 2025	97
OPC_2	glia	TLP004464	2.811692081304109	2.460939014799962	Mathys x Multiome 2025	Mathys	Multiome 2025	97
OPC_2	glia	TLP004475	4.414178452048413	3.111260957347097	Mathys x Multiome 2025	Mathys	Multiome 2025	97
OPC_2	glia	TLP004481	1.4804831409530428	2.192194961753795	Mathys x Multiome 2025	Mathys	Multiome 2025	97
OPC_2	glia	TLP004483	3.6538847696878864	3.2015360903665586	Mathys x Multiome 2025	Mathys	Multiome 2025	97
OPC_2	glia	TLP004490	1.9625804069229411	3.657719039674575	Mathys x Multiome 2025	Mathys	Multiome 2025	97
OPC_2	glia	TLP004529	2.26211606754741	2.8055062528313433	Mathys x Multiome 2025	Mathys	Multiome 2025	97
OPC_2	glia	TLP004533	3.089134740642976	2.768155726147271	Mathys x Multiome 2025	Mathys	Multiome 2025	97
OPC_2	glia	TLP004543	3.2953926110002714	2.8134521921159052	Mathys x Multiome 2025	Mathys	Multiome 2025	97
OPC_2	glia	TLP004551	2.748179646979045	1.6615617045262052	Mathys x Multiome 2025	Mathys	Multiome 2025	97
OPC_2	glia	TLP004563	2.5455308306634543	2.6591668693054396	Mathys x Multiome 2025	Mathys	Multiome 2025	97
OPC_2	glia	TLP004582	2.882889585063458	2.720564383271158	Mathys x Multiome 2025	Mathys	Multiome 2025	97
OPC_2	glia	TLP004595	2.7350540290266543	3.0409263460730713	Mathys x Multiome 2025	Mathys	Multiome 2025	97
OPC_2	glia	TLP004599	2.471372338931819	1.05714460434559	Mathys x Multiome 2025	Mathys	Multiome 2025	97
OPC_2	glia	TLP004602	3.19023010937551	3.46047957137452	Mathys x Multiome 2025	Mathys	Multiome 2025	97
OPC_2	glia	TLP004616	3.19984522855988	3.4709349025612317	Mathys x Multiome 2025	Mathys	Multiome 2025	97
OPC_2	glia	TLP004619	3.1326537253231437	3.106187888426783	Mathys x Multiome 2025	Mathys	Multiome 2025	97
OPC_2	glia	TLP004622	2.8452773488682057	3.1679096649316225	Mathys x Multiome 2025	Mathys	Multiome 2025	97
OPC_2	glia	TLP004624	3.568034105452829	3.0558162059939282	Mathys x Multiome 2025	Mathys	Multiome 2025	97
OPC_2	glia	TLP004632	3.5316680454484337	0.09117289516048821	Mathys x Multiome 2025	Mathys	Multiome 2025	97
OPC_2	glia	TLP004646	2.8985436523779597	3.4988633590930416	Mathys x Multiome 2025	Mathys	Multiome 2025	97
OPC_2	glia	TLP004647	2.458900129517519	3.0823004225841557	Mathys x Multiome 2025	Mathys	Multiome 2025	97
OPC_2	glia	TLP004660	0.29159284044975387	2.4921017691427605	Mathys x Multiome 2025	Mathys	Multiome 2025	97
OPC_2	glia	TLP004674	2.3394813285912557	2.5033158420277695	Mathys x Multiome 2025	Mathys	Multiome 2025	97
OPC_2	glia	TLP004682	3.1061440092977852	3.335391516438053	Mathys x Multiome 2025	Mathys	Multiome 2025	97
OPC_2	glia	TLP004685	2.4668409137078466	3.145489791743469	Mathys x Multiome 2025	Mathys	Multiome 2025	97
OPC_2	glia	TLP004703	2.024711895676516	3.481199773733299	Mathys x Multiome 2025	Mathys	Multiome 2025	97
OPC_2	glia	TLP004714	2.648717373473847	2.097394262977965	Mathys x Multiome 2025	Mathys	Multiome 2025	97
OPC_2	glia	TLP004717	1.8171322010376074	2.241103537833842	Mathys x Multiome 2025	Mathys	Multiome 2025	97
OPC_2	glia	TLP004744	1.5327980118420006	2.7699790953240813	Mathys x Multiome 2025	Mathys	Multiome 2025	97
OPC_2	glia	TLP004748	3.434981647293292	2.4606496173185235	Mathys x Multiome 2025	Mathys	Multiome 2025	97
OPC_2	glia	TLP004751	2.775435142348603	2.79408532841797	Mathys x Multiome 2025	Mathys	Multiome 2025	97
OPC_2	glia	TLP004763	2.7049212800719253	2.716193740068191	Mathys x Multiome 2025	Mathys	Multiome 2025	97
OPC_2	glia	TLP004766	2.211729138434533	3.0434574078201213	Mathys x Multiome 2025	Mathys	Multiome 2025	97
OPC_2	glia	TLP004769	1.2917019506412282	-0.04357148512174014	Mathys x Multiome 2025	Mathys	Multiome 2025	97
OPC_2	glia	TLP004771	2.6466758889785704	1.994570191803597	Mathys x Multiome 2025	Mathys	Multiome 2025	97
OPC_2	glia	TLP004788	3.3372218405518357	3.5652322348096077	Mathys x Multiome 2025	Mathys	Multiome 2025	97
OPC_2	glia	TLP004789	3.0373552408564213	2.795605860216377	Mathys x Multiome 2025	Mathys	Multiome 2025	97
OPC_2	glia	TLP004814	2.941434130956868	3.112485930246618	Mathys x Multiome 2025	Mathys	Multiome 2025	97
OPC_2	glia	TLP004821	2.465232824761355	2.550212514377151	Mathys x Multiome 2025	Mathys	Multiome 2025	97
OPC_2	glia	TLP004845	3.106896075454978	3.3811703544885314	Mathys x Multiome 2025	Mathys	Multiome 2025	97
OPC_2	glia	TLP004851	3.039413883694328	3.046268531198593	Mathys x Multiome 2025	Mathys	Multiome 2025	97
OPC_2	glia	TLP004857	2.22107640706089	2.445541988057928	Mathys x Multiome 2025	Mathys	Multiome 2025	97
OPC_2	glia	TLP004866	2.899486014143299	3.313089937280151	Mathys x Multiome 2025	Mathys	Multiome 2025	97
OPC_2	glia	TLP004869	2.680228358908108	2.8684017381730236	Mathys x Multiome 2025	Mathys	Multiome 2025	97
OPC_2	glia	TLP004879	4.280380309671061	2.761941703712258	Mathys x Multiome 2025	Mathys	Multiome 2025	97
OPC_2	glia	TLP004889	2.8475803533842723	3.55376713437611	Mathys x Multiome 2025	Mathys	Multiome 2025	97
OPC_2	glia	TLP004916	2.6978420527588773	3.014573998484832	Mathys x Multiome 2025	Mathys	Multiome 2025	97
OPC_2	glia	TLP004935	2.519100286553596	3.5699944041111946	Mathys x Multiome 2025	Mathys	Multiome 2025	97
OPC_2	glia	TLP004984	2.950344214559954	2.5815203496303125	Mathys x Multiome 2025	Mathys	Multiome 2025	97
OPC_2	glia	TLP004996	2.5941179850031677	2.733308568458453	Mathys x Multiome 2025	Mathys	Multiome 2025	97
OPC_2	glia	TLP005002	1.4855529740098965	2.70553127908257	Mathys x Multiome 2025	Mathys	Multiome 2025	97
OPC_2	glia	TLP005006	2.3732021560749605	3.4106823067396372	Mathys x Multiome 2025	Mathys	Multiome 2025	97
OPC_2	glia	TLP005013	3.4302388993876116	2.1525575298070505	Mathys x Multiome 2025	Mathys	Multiome 2025	97
OPC_2	glia	TLP005014	2.1639647696661597	2.914129736902759	Mathys x Multiome 2025	Mathys	Multiome 2025	97
OPC_2	glia	TLP005015	3.2882324289022815	3.107332894288414	Mathys x Multiome 2025	Mathys	Multiome 2025	97
OPC_2	glia	TLP005020	3.8594890296442594	3.1808381474689837	Mathys x Multiome 2025	Mathys	Multiome 2025	97
OPC_2	glia	TLP005021	2.136046570262746	3.042662402872571	Mathys x Multiome 2025	Mathys	Multiome 2025	97
OPC_2	glia	TLP005025	3.112024419105028	3.0096647956486398	Mathys x Multiome 2025	Mathys	Multiome 2025	97
OPC_2	glia	TLP005036	2.715987651027393	2.8557881268790775	Mathys x Multiome 2025	Mathys	Multiome 2025	97
OPC_2	glia	TLP005047	2.679854087677652	2.557475370826766	Mathys x Multiome 2025	Mathys	Multiome 2025	97
OPC_2	glia	TLP005052	2.181039947873242	2.7594203962617834	Mathys x Multiome 2025	Mathys	Multiome 2025	97
OPC_2	glia	TLP005065	2.4650553403529125	2.586269182298439	Mathys x Multiome 2025	Mathys	Multiome 2025	97
OPC_2	glia	TLP005076	1.7585829727433864	2.7194514812201294	Mathys x Multiome 2025	Mathys	Multiome 2025	97
OPC_2	glia	TLP005093	1.8520121550819946	2.7576128785860043	Mathys x Multiome 2025	Mathys	Multiome 2025	97
OPC_2	glia	TLP005094	4.35705286289535	3.0430507750477163	Mathys x Multiome 2025	Mathys	Multiome 2025	97
OPC_2	glia	TLP005121	0.025967320484096668	-2.4655733318221156	Mathys x Multiome 2025	Mathys	Multiome 2025	97
OPC_2	glia	TLP005129	2.5670358817800407	2.877555064356201	Mathys x Multiome 2025	Mathys	Multiome 2025	97
OPC_2	glia	TLP005131	4.319270668706455	3.3302684818958763	Mathys x Multiome 2025	Mathys	Multiome 2025	97
OPC_2	glia	TLP005133	3.2515223897551575	3.3131806116946683	Mathys x Multiome 2025	Mathys	Multiome 2025	97
OPC_2	glia	TLP005134	4.178157519527613	2.9240236133629534	Mathys x Multiome 2025	Mathys	Multiome 2025	97
OPC_2	glia	TLP005197	2.9853541332220774	2.2872856716809666	Mathys x Multiome 2025	Mathys	Multiome 2025	97
OPC_2	glia	TLP005250	2.373169675913877	2.7684690455222594	Mathys x Multiome 2025	Mathys	Multiome 2025	97
OPC_2	glia	TLP005879	2.468824125579716	1.9030555591865395	Mathys x Multiome 2025	Mathys	Multiome 2025	97
Micro-PVM_2_1-SEAAD	glia	TLP004124	-1.7503216668844637	-3.1847570258844486	Mathys x Multiome 2025	Mathys	Multiome 2025	97
Micro-PVM_2_1-SEAAD	glia	TLP004205	-0.3117008876038936	-3.030549957215932	Mathys x Multiome 2025	Mathys	Multiome 2025	97
Micro-PVM_2_1-SEAAD	glia	TLP004208	-1.51694254805241	-3.1446432375434945	Mathys x Multiome 2025	Mathys	Multiome 2025	97
Micro-PVM_2_1-SEAAD	glia	TLP004225	-1.7448760076499488	-1.7886213394201196	Mathys x Multiome 2025	Mathys	Multiome 2025	97
Micro-PVM_2_1-SEAAD	glia	TLP004231	0.16365941161955	0.3797260357609833	Mathys x Multiome 2025	Mathys	Multiome 2025	97
Micro-PVM_2_1-SEAAD	glia	TLP004238	-0.9727693655929697	-3.0057639010825516	Mathys x Multiome 2025	Mathys	Multiome 2025	97
Micro-PVM_2_1-SEAAD	glia	TLP004251	-2.8652088318087516	-2.0988143883409816	Mathys x Multiome 2025	Mathys	Multiome 2025	97
Micro-PVM_2_1-SEAAD	glia	TLP004266	-1.9430134420750385	-2.6500938805319425	Mathys x Multiome 2025	Mathys	Multiome 2025	97
Micro-PVM_2_1-SEAAD	glia	TLP004271	-0.015499938648966705	-1.636227590092476	Mathys x Multiome 2025	Mathys	Multiome 2025	97
Micro-PVM_2_1-SEAAD	glia	TLP004275	-1.2288840666888916	-2.0222045928200396	Mathys x Multiome 2025	Mathys	Multiome 2025	97
Micro-PVM_2_1-SEAAD	glia	TLP004281	-3.162224116422668	-2.999782493686201	Mathys x Multiome 2025	Mathys	Multiome 2025	97
Micro-PVM_2_1-SEAAD	glia	TLP004282	-3.6482588118802752	-3.077288742579767	Mathys x Multiome 2025	Mathys	Multiome 2025	97
Micro-PVM_2_1-SEAAD	glia	TLP004283	-2.1560271702430898	-3.076552065629934	Mathys x Multiome 2025	Mathys	Multiome 2025	97
Micro-PVM_2_1-SEAAD	glia	TLP004289	-1.0726044294659633	-2.9535169426897223	Mathys x Multiome 2025	Mathys	Multiome 2025	97
Micro-PVM_2_1-SEAAD	glia	TLP004297	-1.9524008229547052	-1.4619524975221152	Mathys x Multiome 2025	Mathys	Multiome 2025	97
Micro-PVM_2_1-SEAAD	glia	TLP004319	-1.485790645449459	-2.6213608914022357	Mathys x Multiome 2025	Mathys	Multiome 2025	97
Micro-PVM_2_1-SEAAD	glia	TLP004322	-2.495450973965161	-1.553995440307185	Mathys x Multiome 2025	Mathys	Multiome 2025	97
Micro-PVM_2_1-SEAAD	glia	TLP004325	-2.813950900862718	-3.1230819534863548	Mathys x Multiome 2025	Mathys	Multiome 2025	97
Micro-PVM_2_1-SEAAD	glia	TLP004326	-1.454531745002666	-3.452629767408574	Mathys x Multiome 2025	Mathys	Multiome 2025	97
Micro-PVM_2_1-SEAAD	glia	TLP004338	-1.2798360178059092	-3.0486583492946995	Mathys x Multiome 2025	Mathys	Multiome 2025	97
Micro-PVM_2_1-SEAAD	glia	TLP004344	-3.6803845411569407	-3.1458792315691886	Mathys x Multiome 2025	Mathys	Multiome 2025	97
Micro-PVM_2_1-SEAAD	glia	TLP004435	-1.64921849448488	-1.9324240151756547	Mathys x Multiome 2025	Mathys	Multiome 2025	97
Micro-PVM_2_1-SEAAD	glia	TLP004444	-0.9543055979796948	-2.060442348975445	Mathys x Multiome 2025	Mathys	Multiome 2025	97
Micro-PVM_2_1-SEAAD	glia	TLP004459	-2.0594983866085332	-3.0804155461237546	Mathys x Multiome 2025	Mathys	Multiome 2025	97
Micro-PVM_2_1-SEAAD	glia	TLP004464	-1.8294885422070157	-2.004969103854622	Mathys x Multiome 2025	Mathys	Multiome 2025	97
Micro-PVM_2_1-SEAAD	glia	TLP004475	-1.2170333297729528	-3.017789252713449	Mathys x Multiome 2025	Mathys	Multiome 2025	97
Micro-PVM_2_1-SEAAD	glia	TLP004481	-0.1289547714810575	-0.8863733173793449	Mathys x Multiome 2025	Mathys	Multiome 2025	97
Micro-PVM_2_1-SEAAD	glia	TLP004483	0.4620376172076046	-2.576116232856098	Mathys x Multiome 2025	Mathys	Multiome 2025	97
Micro-PVM_2_1-SEAAD	glia	TLP004490	-3.3104191516408052	-2.6467297627474062	Mathys x Multiome 2025	Mathys	Multiome 2025	97
Micro-PVM_2_1-SEAAD	glia	TLP004529	-2.6431587108910186	-3.0322241943345967	Mathys x Multiome 2025	Mathys	Multiome 2025	97
Micro-PVM_2_1-SEAAD	glia	TLP004533	0.24974853747967884	-1.4717311413654874	Mathys x Multiome 2025	Mathys	Multiome 2025	97
Micro-PVM_2_1-SEAAD	glia	TLP004543	-2.4050509623904146	-2.735623892779315	Mathys x Multiome 2025	Mathys	Multiome 2025	97
Micro-PVM_2_1-SEAAD	glia	TLP004551	-3.5114018170858774	-2.871037788627051	Mathys x Multiome 2025	Mathys	Multiome 2025	97
Micro-PVM_2_1-SEAAD	glia	TLP004563	0.42697087238814735	0.2612715965070693	Mathys x Multiome 2025	Mathys	Multiome 2025	97
Micro-PVM_2_1-SEAAD	glia	TLP004582	-3.1970436100321313	-1.6057733455421355	Mathys x Multiome 2025	Mathys	Multiome 2025	97
Micro-PVM_2_1-SEAAD	glia	TLP004595	-1.523593584486723	-1.318343301478194	Mathys x Multiome 2025	Mathys	Multiome 2025	97
Micro-PVM_2_1-SEAAD	glia	TLP004599	-1.271776745116175	-1.1400799729906295	Mathys x Multiome 2025	Mathys	Multiome 2025	97
Micro-PVM_2_1-SEAAD	glia	TLP004602	-2.96037265907077	-2.9347820267409297	Mathys x Multiome 2025	Mathys	Multiome 2025	97
Micro-PVM_2_1-SEAAD	glia	TLP004616	-1.8535657060025805	-2.717329220521359	Mathys x Multiome 2025	Mathys	Multiome 2025	97
Micro-PVM_2_1-SEAAD	glia	TLP004619	-3.0678554487195457	-1.8040130083477024	Mathys x Multiome 2025	Mathys	Multiome 2025	97
Micro-PVM_2_1-SEAAD	glia	TLP004622	-2.0649235479062797	-2.4118201610546004	Mathys x Multiome 2025	Mathys	Multiome 2025	97
Micro-PVM_2_1-SEAAD	glia	TLP004624	-3.565261849443239	-1.3136316464730928	Mathys x Multiome 2025	Mathys	Multiome 2025	97
Micro-PVM_2_1-SEAAD	glia	TLP004632	-2.3348000114848633	-1.5182650172736123	Mathys x Multiome 2025	Mathys	Multiome 2025	97
Micro-PVM_2_1-SEAAD	glia	TLP004646	-0.7650179937516866	-3.517746324801177	Mathys x Multiome 2025	Mathys	Multiome 2025	97
Micro-PVM_2_1-SEAAD	glia	TLP004647	-1.4419495753125018	-2.9555704973379813	Mathys x Multiome 2025	Mathys	Multiome 2025	97
Micro-PVM_2_1-SEAAD	glia	TLP004660	0.22907248346841946	0.026613205211861946	Mathys x Multiome 2025	Mathys	Multiome 2025	97
Micro-PVM_2_1-SEAAD	glia	TLP004674	-3.067690442868863	-2.885755887788731	Mathys x Multiome 2025	Mathys	Multiome 2025	97
Micro-PVM_2_1-SEAAD	glia	TLP004682	-2.367526244728113	-2.6783236396047485	Mathys x Multiome 2025	Mathys	Multiome 2025	97
Micro-PVM_2_1-SEAAD	glia	TLP004685	-2.885017219768219	-2.6505679590219025	Mathys x Multiome 2025	Mathys	Multiome 2025	97
Micro-PVM_2_1-SEAAD	glia	TLP004703	-0.1049193905271757	-2.271372865092334	Mathys x Multiome 2025	Mathys	Multiome 2025	97
Micro-PVM_2_1-SEAAD	glia	TLP004714	-0.7818684671878096	0.04722310359824178	Mathys x Multiome 2025	Mathys	Multiome 2025	97
Micro-PVM_2_1-SEAAD	glia	TLP004717	-2.560719062225793	-0.578951721644863	Mathys x Multiome 2025	Mathys	Multiome 2025	97
Micro-PVM_2_1-SEAAD	glia	TLP004744	-0.07663990059209969	-2.7064844566074298	Mathys x Multiome 2025	Mathys	Multiome 2025	97
Micro-PVM_2_1-SEAAD	glia	TLP004748	-0.6425557966124273	-2.9643004001628785	Mathys x Multiome 2025	Mathys	Multiome 2025	97
Micro-PVM_2_1-SEAAD	glia	TLP004751	-2.9047374666684647	-2.6655001857261897	Mathys x Multiome 2025	Mathys	Multiome 2025	97
Micro-PVM_2_1-SEAAD	glia	TLP004763	-1.0526946023938217	-1.7813912352399628	Mathys x Multiome 2025	Mathys	Multiome 2025	97
Micro-PVM_2_1-SEAAD	glia	TLP004766	-2.5097415032497192	-2.752600342945251	Mathys x Multiome 2025	Mathys	Multiome 2025	97
Micro-PVM_2_1-SEAAD	glia	TLP004769	-1.7902080191538152	-0.2442421805838908	Mathys x Multiome 2025	Mathys	Multiome 2025	97
Micro-PVM_2_1-SEAAD	glia	TLP004771	-0.8658640800189588	-2.2958892493447935	Mathys x Multiome 2025	Mathys	Multiome 2025	97
Micro-PVM_2_1-SEAAD	glia	TLP004788	-2.4153507982737974	-2.618916656127876	Mathys x Multiome 2025	Mathys	Multiome 2025	97
Micro-PVM_2_1-SEAAD	glia	TLP004789	-3.0005156790657157	-2.9377354166813685	Mathys x Multiome 2025	Mathys	Multiome 2025	97
Micro-PVM_2_1-SEAAD	glia	TLP004814	-2.68258337523047	-2.856221629738749	Mathys x Multiome 2025	Mathys	Multiome 2025	97
Micro-PVM_2_1-SEAAD	glia	TLP004821	-2.83807208329772	-2.064908002464108	Mathys x Multiome 2025	Mathys	Multiome 2025	97
Micro-PVM_2_1-SEAAD	glia	TLP004845	-1.6145745662292743	-2.1362825419761764	Mathys x Multiome 2025	Mathys	Multiome 2025	97
Micro-PVM_2_1-SEAAD	glia	TLP004851	-2.121555291702485	-2.5182518761241006	Mathys x Multiome 2025	Mathys	Multiome 2025	97
Micro-PVM_2_1-SEAAD	glia	TLP004857	-2.955073325512939	-2.8067314399887016	Mathys x Multiome 2025	Mathys	Multiome 2025	97
Micro-PVM_2_1-SEAAD	glia	TLP004866	-1.3817990507290512	0.03928039359411262	Mathys x Multiome 2025	Mathys	Multiome 2025	97
Micro-PVM_2_1-SEAAD	glia	TLP004869	-1.2900635546440133	-2.2732618183296367	Mathys x Multiome 2025	Mathys	Multiome 2025	97
Micro-PVM_2_1-SEAAD	glia	TLP004879	-0.872911284826718	-2.1915351765440487	Mathys x Multiome 2025	Mathys	Multiome 2025	97
Micro-PVM_2_1-SEAAD	glia	TLP004889	-2.042768774837482	-2.7247542897897343	Mathys x Multiome 2025	Mathys	Multiome 2025	97
Micro-PVM_2_1-SEAAD	glia	TLP004916	-2.8589860089406605	-1.5939239775959342	Mathys x Multiome 2025	Mathys	Multiome 2025	97
Micro-PVM_2_1-SEAAD	glia	TLP004935	-1.2712685637306231	0.8811755649368722	Mathys x Multiome 2025	Mathys	Multiome 2025	97
Micro-PVM_2_1-SEAAD	glia	TLP004984	-3.490602326072967	-2.8608973608914807	Mathys x Multiome 2025	Mathys	Multiome 2025	97
Micro-PVM_2_1-SEAAD	glia	TLP004996	-1.2977023131074592	-0.0718327568190773	Mathys x Multiome 2025	Mathys	Multiome 2025	97
Micro-PVM_2_1-SEAAD	glia	TLP005002	-1.6499412419192536	-2.9746413299344976	Mathys x Multiome 2025	Mathys	Multiome 2025	97
Micro-PVM_2_1-SEAAD	glia	TLP005006	-3.6207592712316083	-2.360758816390379	Mathys x Multiome 2025	Mathys	Multiome 2025	97
Micro-PVM_2_1-SEAAD	glia	TLP005013	-2.341202223742404	-2.5014028203504735	Mathys x Multiome 2025	Mathys	Multiome 2025	97
Micro-PVM_2_1-SEAAD	glia	TLP005014	-3.278452940855633	-3.261737533203002	Mathys x Multiome 2025	Mathys	Multiome 2025	97
Micro-PVM_2_1-SEAAD	glia	TLP005015	-3.0765183279496293	-2.6947854810886493	Mathys x Multiome 2025	Mathys	Multiome 2025	97
Micro-PVM_2_1-SEAAD	glia	TLP005020	-0.673110463508996	-2.7024842410192944	Mathys x Multiome 2025	Mathys	Multiome 2025	97
Micro-PVM_2_1-SEAAD	glia	TLP005021	-1.9527269469098991	-2.697130509306664	Mathys x Multiome 2025	Mathys	Multiome 2025	97
Micro-PVM_2_1-SEAAD	glia	TLP005025	0.33527768671658276	-0.6012531169955846	Mathys x Multiome 2025	Mathys	Multiome 2025	97
Micro-PVM_2_1-SEAAD	glia	TLP005036	-3.0492034517574513	-1.8294247667825507	Mathys x Multiome 2025	Mathys	Multiome 2025	97
Micro-PVM_2_1-SEAAD	glia	TLP005047	-2.7797314264665074	-2.775243422438603	Mathys x Multiome 2025	Mathys	Multiome 2025	97
Micro-PVM_2_1-SEAAD	glia	TLP005052	-3.0607070671864003	-3.0606625340905786	Mathys x Multiome 2025	Mathys	Multiome 2025	97
Micro-PVM_2_1-SEAAD	glia	TLP005065	-2.66484337457016	-2.3482047508322523	Mathys x Multiome 2025	Mathys	Multiome 2025	97
Micro-PVM_2_1-SEAAD	glia	TLP005076	-2.3075907125120176	-3.196750581387306	Mathys x Multiome 2025	Mathys	Multiome 2025	97
Micro-PVM_2_1-SEAAD	glia	TLP005093	-0.914509814475549	-1.4342040264449167	Mathys x Multiome 2025	Mathys	Multiome 2025	97
Micro-PVM_2_1-SEAAD	glia	TLP005094	-0.9159466956683966	-2.416534739096443	Mathys x Multiome 2025	Mathys	Multiome 2025	97
Micro-PVM_2_1-SEAAD	glia	TLP005121	-2.9184716586823445	-2.4655733318221156	Mathys x Multiome 2025	Mathys	Multiome 2025	97
Micro-PVM_2_1-SEAAD	glia	TLP005129	-2.812861471760419	-3.0808696286735806	Mathys x Multiome 2025	Mathys	Multiome 2025	97
Micro-PVM_2_1-SEAAD	glia	TLP005131	-1.275440710895384	-2.4223041569297576	Mathys x Multiome 2025	Mathys	Multiome 2025	97
Micro-PVM_2_1-SEAAD	glia	TLP005133	-1.1673182180414408	-2.6348543774859774	Mathys x Multiome 2025	Mathys	Multiome 2025	97
Micro-PVM_2_1-SEAAD	glia	TLP005134	-0.95174119539546	-1.1290027995284166	Mathys x Multiome 2025	Mathys	Multiome 2025	97
Micro-PVM_2_1-SEAAD	glia	TLP005197	-1.4063477669752222	-3.596036716807313	Mathys x Multiome 2025	Mathys	Multiome 2025	97
Micro-PVM_2_1-SEAAD	glia	TLP005250	-1.8895102011274378	-2.9319745278684275	Mathys x Multiome 2025	Mathys	Multiome 2025	97
Micro-PVM_2_1-SEAAD	glia	TLP005879	-3.2249080132229837	-3.50411621227358	Mathys x Multiome 2025	Mathys	Multiome 2025	97
Micro-PVM_2	glia	TLP004124	1.8925138487280662	2.908812744160687	Mathys x Multiome 2025	Mathys	Multiome 2025	97
Micro-PVM_2	glia	TLP004205	2.0861943851944766	3.251716789680075	Mathys x Multiome 2025	Mathys	Multiome 2025	97
Micro-PVM_2	glia	TLP004208	0.8809527247459608	2.8033917516371507	Mathys x Multiome 2025	Mathys	Multiome 2025	97
Micro-PVM_2	glia	TLP004225	2.632975255613452	2.884207495041786	Mathys x Multiome 2025	Mathys	Multiome 2025	97
Micro-PVM_2	glia	TLP004231	2.3102402561370146	2.7828026673013513	Mathys x Multiome 2025	Mathys	Multiome 2025	97
Micro-PVM_2	glia	TLP004238	1.9906275273180851	2.1241348138405227	Mathys x Multiome 2025	Mathys	Multiome 2025	97
Micro-PVM_2	glia	TLP004251	2.6993115755139416	2.19164505280741	Mathys x Multiome 2025	Mathys	Multiome 2025	97
Micro-PVM_2	glia	TLP004266	1.948806856035588	2.757077890928177	Mathys x Multiome 2025	Mathys	Multiome 2025	97
Micro-PVM_2	glia	TLP004271	1.6202552821025074	3.0489853035691517	Mathys x Multiome 2025	Mathys	Multiome 2025	97
Micro-PVM_2	glia	TLP004275	2.4124544426560446	3.012581161508499	Mathys x Multiome 2025	Mathys	Multiome 2025	97
Micro-PVM_2	glia	TLP004281	0.5013375297069791	1.2049101257047647	Mathys x Multiome 2025	Mathys	Multiome 2025	97
Micro-PVM_2	glia	TLP004282	1.8198013292548558	0.5862729035498804	Mathys x Multiome 2025	Mathys	Multiome 2025	97
Micro-PVM_2	glia	TLP004283	1.92151027366263	2.8178507686349175	Mathys x Multiome 2025	Mathys	Multiome 2025	97
Micro-PVM_2	glia	TLP004289	0.3487812514651978	2.2668388823886034	Mathys x Multiome 2025	Mathys	Multiome 2025	97
Micro-PVM_2	glia	TLP004297	1.153679507768151	1.446768399042246	Mathys x Multiome 2025	Mathys	Multiome 2025	97
Micro-PVM_2	glia	TLP004319	0.4601195036058545	2.965887766998014	Mathys x Multiome 2025	Mathys	Multiome 2025	97
Micro-PVM_2	glia	TLP004322	2.6919348318755936	3.5759032746158885	Mathys x Multiome 2025	Mathys	Multiome 2025	97
Micro-PVM_2	glia	TLP004325	3.0061320294896436	3.0189554521010016	Mathys x Multiome 2025	Mathys	Multiome 2025	97
Micro-PVM_2	glia	TLP004326	-1.454531745002666	3.019716527092327	Mathys x Multiome 2025	Mathys	Multiome 2025	97
Micro-PVM_2	glia	TLP004338	2.323848590244795	2.0930052072079603	Mathys x Multiome 2025	Mathys	Multiome 2025	97
Micro-PVM_2	glia	TLP004344	1.876443520542597	2.1373244971687995	Mathys x Multiome 2025	Mathys	Multiome 2025	97
Micro-PVM_2	glia	TLP004435	2.8833809986683763	2.167460727422062	Mathys x Multiome 2025	Mathys	Multiome 2025	97
Micro-PVM_2	glia	TLP004444	2.2888875345392123	2.7678713883268564	Mathys x Multiome 2025	Mathys	Multiome 2025	97
Micro-PVM_2	glia	TLP004459	2.4291379831236064	2.8882920138616113	Mathys x Multiome 2025	Mathys	Multiome 2025	97
Micro-PVM_2	glia	TLP004464	2.324172597171505	3.156000071542191	Mathys x Multiome 2025	Mathys	Multiome 2025	97
Micro-PVM_2	glia	TLP004475	-1.2170333297729528	2.213319364141138	Mathys x Multiome 2025	Mathys	Multiome 2025	97
Micro-PVM_2	glia	TLP004481	-0.1289547714810575	2.402706766162104	Mathys x Multiome 2025	Mathys	Multiome 2025	97
Micro-PVM_2	glia	TLP004483	-0.6365746714605045	2.577175361641681	Mathys x Multiome 2025	Mathys	Multiome 2025	97
Micro-PVM_2	glia	TLP004490	1.0590287008262158	3.482320447313139	Mathys x Multiome 2025	Mathys	Multiome 2025	97
Micro-PVM_2	glia	TLP004529	-0.24526343809264883	2.036680007885635	Mathys x Multiome 2025	Mathys	Multiome 2025	97
Micro-PVM_2	glia	TLP004533	2.608614466372314	2.7565613933663515	Mathys x Multiome 2025	Mathys	Multiome 2025	97
Micro-PVM_2	glia	TLP004543	2.6122288744245097	3.3934263172812305	Mathys x Multiome 2025	Mathys	Multiome 2025	97
Micro-PVM_2	glia	TLP004551	1.4790307696928582	0.7925238575025952	Mathys x Multiome 2025	Mathys	Multiome 2025	97
Micro-PVM_2	glia	TLP004563	2.0532868226095995	2.6414149238469893	Mathys x Multiome 2025	Mathys	Multiome 2025	97
Micro-PVM_2	glia	TLP004582	2.5555290287935013	3.002724630538631	Mathys x Multiome 2025	Mathys	Multiome 2025	97
Micro-PVM_2	glia	TLP004595	1.9376680379180828	2.4145530380525164	Mathys x Multiome 2025	Mathys	Multiome 2025	97
Micro-PVM_2	glia	TLP004599	1.5793742996267084	0.805830176064684	Mathys x Multiome 2025	Mathys	Multiome 2025	97
Micro-PVM_2	glia	TLP004602	1.7670151596415709	2.3279081621639564	Mathys x Multiome 2025	Mathys	Multiome 2025	97
Micro-PVM_2	glia	TLP004616	1.8867459217436267	3.424708185065998	Mathys x Multiome 2025	Mathys	Multiome 2025	97
Micro-PVM_2	glia	TLP004619	2.6123171602975206	2.8371676151634224	Mathys x Multiome 2025	Mathys	Multiome 2025	97
Micro-PVM_2	glia	TLP004622	2.6446066534060546	3.105632735410108	Mathys x Multiome 2025	Mathys	Multiome 2025	97
Micro-PVM_2	glia	TLP004624	2.9929359533690296	-0.8028060227071023	Mathys x Multiome 2025	Mathys	Multiome 2025	97
Micro-PVM_2	glia	TLP004632	2.5555491167368904	3.209122801438728	Mathys x Multiome 2025	Mathys	Multiome 2025	97
Micro-PVM_2	glia	TLP004646	-0.7650179937516866	2.836623715996173	Mathys x Multiome 2025	Mathys	Multiome 2025	97
Micro-PVM_2	glia	TLP004647	2.100618759530513	3.5136798194577907	Mathys x Multiome 2025	Mathys	Multiome 2025	97
Micro-PVM_2	glia	TLP004660	1.4490456291407967	1.3118114494603832	Mathys x Multiome 2025	Mathys	Multiome 2025	97
Micro-PVM_2	glia	TLP004674	2.984398726055554	3.5988793478465206	Mathys x Multiome 2025	Mathys	Multiome 2025	97
Micro-PVM_2	glia	TLP004682	2.6929568550957104	3.2644757355219522	Mathys x Multiome 2025	Mathys	Multiome 2025	97
Micro-PVM_2	glia	TLP004685	0.9216452700020996	2.4056778463264052	Mathys x Multiome 2025	Mathys	Multiome 2025	97
Micro-PVM_2	glia	TLP004703	1.6769877822578683	2.490801069705422	Mathys x Multiome 2025	Mathys	Multiome 2025	97
Micro-PVM_2	glia	TLP004714	1.4721895849115763	2.724020761196348	Mathys x Multiome 2025	Mathys	Multiome 2025	97
Micro-PVM_2	glia	TLP004717	2.293911983393881	2.3771152955166968	Mathys x Multiome 2025	Mathys	Multiome 2025	97
Micro-PVM_2	glia	TLP004744	-0.07663990059209969	2.6548077091019957	Mathys x Multiome 2025	Mathys	Multiome 2025	97
Micro-PVM_2	glia	TLP004748	-0.6425557966124273	2.837817975214184	Mathys x Multiome 2025	Mathys	Multiome 2025	97
Micro-PVM_2	glia	TLP004751	2.8973809087085987	3.2614258402442218	Mathys x Multiome 2025	Mathys	Multiome 2025	97
Micro-PVM_2	glia	TLP004763	2.753967887376498	2.960056569040676	Mathys x Multiome 2025	Mathys	Multiome 2025	97
Micro-PVM_2	glia	TLP004766	1.9863575876840103	3.221209268924011	Mathys x Multiome 2025	Mathys	Multiome 2025	97
Micro-PVM_2	glia	TLP004769	1.9709920965397472	2.6765270544966446	Mathys x Multiome 2025	Mathys	Multiome 2025	97
Micro-PVM_2	glia	TLP004771	1.221876264475572	1.5959310487658325	Mathys x Multiome 2025	Mathys	Multiome 2025	97
Micro-PVM_2	glia	TLP004788	2.8050050268045275	3.164908526201862	Mathys x Multiome 2025	Mathys	Multiome 2025	97
Micro-PVM_2	glia	TLP004789	1.4183249287308817	3.020689276348413	Mathys x Multiome 2025	Mathys	Multiome 2025	97
Micro-PVM_2	glia	TLP004814	1.9521456129991654	2.951920860241696	Mathys x Multiome 2025	Mathys	Multiome 2025	97
Micro-PVM_2	glia	TLP004821	1.8347567511641856	0.6431421986381016	Mathys x Multiome 2025	Mathys	Multiome 2025	97
Micro-PVM_2	glia	TLP004845	2.0317452734658663	-0.5268446295420759	Mathys x Multiome 2025	Mathys	Multiome 2025	97
Micro-PVM_2	glia	TLP004851	2.5450235224142497	3.3650705123641784	Mathys x Multiome 2025	Mathys	Multiome 2025	97
Micro-PVM_2	glia	TLP004857	1.6796556627166965	2.9584596627961424	Mathys x Multiome 2025	Mathys	Multiome 2025	97
Micro-PVM_2	glia	TLP004866	3.2657918511429926	3.450233950201633	Mathys x Multiome 2025	Mathys	Multiome 2025	97
Micro-PVM_2	glia	TLP004869	2.4865214798890283	2.689582811930271	Mathys x Multiome 2025	Mathys	Multiome 2025	97
Micro-PVM_2	glia	TLP004879	-0.872911284826718	2.9578954092962704	Mathys x Multiome 2025	Mathys	Multiome 2025	97
Micro-PVM_2	glia	TLP004889	2.1418226652323975	3.317878543892647	Mathys x Multiome 2025	Mathys	Multiome 2025	97
Micro-PVM_2	glia	TLP004916	2.234764191866102	3.2863494986370783	Mathys x Multiome 2025	Mathys	Multiome 2025	97
Micro-PVM_2	glia	TLP004935	2.419881038917852	3.346041463841426	Mathys x Multiome 2025	Mathys	Multiome 2025	97
Micro-PVM_2	glia	TLP004984	2.6810982713379485	0.5730898435936655	Mathys x Multiome 2025	Mathys	Multiome 2025	97
Micro-PVM_2	glia	TLP004996	2.661749385891798	3.1232324193554053	Mathys x Multiome 2025	Mathys	Multiome 2025	97
Micro-PVM_2	glia	TLP005002	1.4855529740098965	2.6986819372369952	Mathys x Multiome 2025	Mathys	Multiome 2025	97
Micro-PVM_2	glia	TLP005006	2.0525639959398836	2.7329913844163833	Mathys x Multiome 2025	Mathys	Multiome 2025	97
Micro-PVM_2	glia	TLP005013	2.7647432501581766	1.8424026015032111	Mathys x Multiome 2025	Mathys	Multiome 2025	97
Micro-PVM_2	glia	TLP005014	2.685126402762813	2.804370556900745	Mathys x Multiome 2025	Mathys	Multiome 2025	97
Micro-PVM_2	glia	TLP005015	2.9469292650114034	2.7033772204291036	Mathys x Multiome 2025	Mathys	Multiome 2025	97
Micro-PVM_2	glia	TLP005020	-0.673110463508996	1.5022083783716713	Mathys x Multiome 2025	Mathys	Multiome 2025	97
Micro-PVM_2	glia	TLP005021	2.10195235891977	3.213666134733864	Mathys x Multiome 2025	Mathys	Multiome 2025	97
Micro-PVM_2	glia	TLP005025	2.4714145720729643	0.7568703671576094	Mathys x Multiome 2025	Mathys	Multiome 2025	97
Micro-PVM_2	glia	TLP005036	2.764927080067615	2.8680206953147116	Mathys x Multiome 2025	Mathys	Multiome 2025	97
Micro-PVM_2	glia	TLP005047	1.7311280800503428	1.7573560707146534	Mathys x Multiome 2025	Mathys	Multiome 2025	97
Micro-PVM_2	glia	TLP005052	2.0809564893162595	2.753467997734488	Mathys x Multiome 2025	Mathys	Multiome 2025	97
Micro-PVM_2	glia	TLP005065	2.3655945468222748	-0.7387668383981527	Mathys x Multiome 2025	Mathys	Multiome 2025	97
Micro-PVM_2	glia	TLP005076	2.6828418742667184	0.9141232827860053	Mathys x Multiome 2025	Mathys	Multiome 2025	97
Micro-PVM_2	glia	TLP005093	1.6652181370821064	2.6481643447304686	Mathys x Multiome 2025	Mathys	Multiome 2025	97
Micro-PVM_2	glia	TLP005094	-0.9159466956683966	2.4432776652652293	Mathys x Multiome 2025	Mathys	Multiome 2025	97
Micro-PVM_2	glia	TLP005121	1.6354052329181967	2.06702616133114	Mathys x Multiome 2025	Mathys	Multiome 2025	97
Micro-PVM_2	glia	TLP005129	2.2044183650545057	2.9080917882162827	Mathys x Multiome 2025	Mathys	Multiome 2025	97
Micro-PVM_2	glia	TLP005131	0.3339972015387165	3.7154228971564773	Mathys x Multiome 2025	Mathys	Multiome 2025	97
Micro-PVM_2	glia	TLP005133	-1.1673182180414408	1.476019486687334	Mathys x Multiome 2025	Mathys	Multiome 2025	97
Micro-PVM_2	glia	TLP005134	-0.95174119539546	2.4344753880442473	Mathys x Multiome 2025	Mathys	Multiome 2025	97
Micro-PVM_2	glia	TLP005197	2.2628957126218547	2.648130183856424	Mathys x Multiome 2025	Mathys	Multiome 2025	97
Micro-PVM_2	glia	TLP005250	1.4777856288590359	2.244175204705402	Mathys x Multiome 2025	Mathys	Multiome 2025	97
Micro-PVM_2	glia	TLP005879	1.3076914799302726	1.9723473396579316	Mathys x Multiome 2025	Mathys	Multiome 2025	97
Sst_25	neu	TLP000563	-0.09894913943880201	1.7568372082990757	Multiome 2025 x PsychAD	Multiome 2025	PsychAD	87
Sst_25	neu	TLP000567	-1.8153257130117604	-1.5231063281831876	Multiome 2025 x PsychAD	Multiome 2025	PsychAD	87
Sst_25	neu	TLP000576	-1.1275918545137618	-2.812090263451056	Multiome 2025 x PsychAD	Multiome 2025	PsychAD	87
Sst_25	neu	TLP000579	-2.102858042509566	-2.2439618347809063	Multiome 2025 x PsychAD	Multiome 2025	PsychAD	87
Sst_25	neu	TLP000585	-0.9484177897206774	-2.696546280772952	Multiome 2025 x PsychAD	Multiome 2025	PsychAD	87
Sst_25	neu	TLP000592	-0.1079248044465011	0.27431660985667516	Multiome 2025 x PsychAD	Multiome 2025	PsychAD	87
Sst_25	neu	TLP000603	-0.4858504521330138	-1.6750141018034794	Multiome 2025 x PsychAD	Multiome 2025	PsychAD	87
Sst_25	neu	TLP000613	-0.24877556442797122	-2.0308139170253456	Multiome 2025 x PsychAD	Multiome 2025	PsychAD	87
Sst_25	neu	TLP004094	0.27083604309995835	-0.3159372322687961	Multiome 2025 x PsychAD	Multiome 2025	PsychAD	87
Sst_25	neu	TLP004095	-2.511961363448421	-0.9076540215046167	Multiome 2025 x PsychAD	Multiome 2025	PsychAD	87
Sst_25	neu	TLP004096	0.6776331196497507	0.5370123257144579	Multiome 2025 x PsychAD	Multiome 2025	PsychAD	87
Sst_25	neu	TLP004097	0.5137780776771868	0.13448018617959256	Multiome 2025 x PsychAD	Multiome 2025	PsychAD	87
Sst_25	neu	TLP004098	-0.4417592982830687	-1.3354780956781367	Multiome 2025 x PsychAD	Multiome 2025	PsychAD	87
Sst_25	neu	TLP004099	-0.10628089946037633	1.4820498612493882	Multiome 2025 x PsychAD	Multiome 2025	PsychAD	87
Sst_25	neu	TLP004101	-0.015043674118549788	-1.3879758262400452	Multiome 2025 x PsychAD	Multiome 2025	PsychAD	87
Sst_25	neu	TLP004102	0.6169588522963174	0.9922866859690478	Multiome 2025 x PsychAD	Multiome 2025	PsychAD	87
Sst_25	neu	TLP004103	-0.9256332482319536	-1.1776437439567387	Multiome 2025 x PsychAD	Multiome 2025	PsychAD	87
Sst_25	neu	TLP004107	-1.1920627961106458	-0.7732874400422824	Multiome 2025 x PsychAD	Multiome 2025	PsychAD	87
Sst_25	neu	TLP004108	-2.405512691730693	0.6700287901681516	Multiome 2025 x PsychAD	Multiome 2025	PsychAD	87
Sst_25	neu	TLP004111	-0.15056734927953208	-2.2482586972032204	Multiome 2025 x PsychAD	Multiome 2025	PsychAD	87
Sst_25	neu	TLP004113	1.2561524696810107	0.522490066475922	Multiome 2025 x PsychAD	Multiome 2025	PsychAD	87
Sst_25	neu	TLP004116	-0.8097534847504395	-1.4422307676509583	Multiome 2025 x PsychAD	Multiome 2025	PsychAD	87
Sst_25	neu	TLP004119	0.5119066065739784	-0.7027814231170053	Multiome 2025 x PsychAD	Multiome 2025	PsychAD	87
Sst_25	neu	TLP004123	-1.021178933680777	-0.23865224861734546	Multiome 2025 x PsychAD	Multiome 2025	PsychAD	87
Sst_25	neu	TLP004124	-0.9682804867659129	-1.1406204838075	Multiome 2025 x PsychAD	Multiome 2025	PsychAD	87
Sst_25	neu	TLP004126	-0.2142620147163079	-0.39126368362758424	Multiome 2025 x PsychAD	Multiome 2025	PsychAD	87
Sst_25	neu	TLP004128	-2.5903232706235624	-2.5917671968387292	Multiome 2025 x PsychAD	Multiome 2025	PsychAD	87
Sst_25	neu	TLP004129	1.061790072418333	0.8643224133063789	Multiome 2025 x PsychAD	Multiome 2025	PsychAD	87
Sst_25	neu	TLP004130	0.06954982640874885	0.6930287872767487	Multiome 2025 x PsychAD	Multiome 2025	PsychAD	87
Sst_25	neu	TLP004133	0.8744183097127758	1.3275954174813132	Multiome 2025 x PsychAD	Multiome 2025	PsychAD	87
Sst_25	neu	TLP004136	-0.6631806815644508	-0.6340682013078949	Multiome 2025 x PsychAD	Multiome 2025	PsychAD	87
Sst_25	neu	TLP004137	0.5700992483818919	0.46377723043038976	Multiome 2025 x PsychAD	Multiome 2025	PsychAD	87
Sst_25	neu	TLP004138	0.01649480740002751	-0.3707665891558234	Multiome 2025 x PsychAD	Multiome 2025	PsychAD	87
Sst_25	neu	TLP004139	-1.3040006581920975	-0.7934277939095384	Multiome 2025 x PsychAD	Multiome 2025	PsychAD	87
Sst_25	neu	TLP004141	-1.184203200278608	-1.3522100631578269	Multiome 2025 x PsychAD	Multiome 2025	PsychAD	87
Sst_25	neu	TLP004142	0.38902560194472	0.9722142896134747	Multiome 2025 x PsychAD	Multiome 2025	PsychAD	87
Sst_25	neu	TLP004145	0.1031593808320661	0.5937099523183882	Multiome 2025 x PsychAD	Multiome 2025	PsychAD	87
Sst_25	neu	TLP004147	-0.1802924299311437	0.029873848320395524	Multiome 2025 x PsychAD	Multiome 2025	PsychAD	87
Sst_25	neu	TLP004148	-0.7818334997398058	-1.1450381377116328	Multiome 2025 x PsychAD	Multiome 2025	PsychAD	87
Sst_25	neu	TLP004149	0.948332479772013	1.1645985922761373	Multiome 2025 x PsychAD	Multiome 2025	PsychAD	87
Sst_25	neu	TLP004150	0.564988163916146	-1.2964057892953589	Multiome 2025 x PsychAD	Multiome 2025	PsychAD	87
Sst_25	neu	TLP004151	-0.2131616004835637	0.05092033556681219	Multiome 2025 x PsychAD	Multiome 2025	PsychAD	87
Sst_25	neu	TLP004153	-1.050669123763539	-0.8032111877480714	Multiome 2025 x PsychAD	Multiome 2025	PsychAD	87
Sst_25	neu	TLP004154	0.5764238753021917	0.22221080096850976	Multiome 2025 x PsychAD	Multiome 2025	PsychAD	87
Sst_25	neu	TLP004156	-1.5339577290350261	-1.8502555343449405	Multiome 2025 x PsychAD	Multiome 2025	PsychAD	87
Sst_25	neu	TLP004157	0.8315093096189079	1.3755286422513109	Multiome 2025 x PsychAD	Multiome 2025	PsychAD	87
Sst_25	neu	TLP004158	-1.9848738578911336	-0.9729411608522875	Multiome 2025 x PsychAD	Multiome 2025	PsychAD	87
Sst_25	neu	TLP004159	0.7302456654749667	1.40236532389466	Multiome 2025 x PsychAD	Multiome 2025	PsychAD	87
Sst_25	neu	TLP004162	-0.9564062773490596	0.3775464129233752	Multiome 2025 x PsychAD	Multiome 2025	PsychAD	87
Sst_25	neu	TLP004165	0.1308915333816083	-0.26793933288396143	Multiome 2025 x PsychAD	Multiome 2025	PsychAD	87
Sst_25	neu	TLP004166	-0.9312692916063119	-1.9549689366176866	Multiome 2025 x PsychAD	Multiome 2025	PsychAD	87
Sst_25	neu	TLP004167	-0.5573209206795697	0.09011347466747122	Multiome 2025 x PsychAD	Multiome 2025	PsychAD	87
Sst_25	neu	TLP004170	-2.22569251017455	-1.208276169763784	Multiome 2025 x PsychAD	Multiome 2025	PsychAD	87
Sst_25	neu	TLP004173	-0.6472483691832664	-0.8481096732187083	Multiome 2025 x PsychAD	Multiome 2025	PsychAD	87
Sst_25	neu	TLP004174	-1.3583579312556724	-0.3951801778899977	Multiome 2025 x PsychAD	Multiome 2025	PsychAD	87
Sst_25	neu	TLP004175	-1.0600196121208532	0.2450048173937578	Multiome 2025 x PsychAD	Multiome 2025	PsychAD	87
Sst_25	neu	TLP004176	-2.033959834274552	0.17574820992510531	Multiome 2025 x PsychAD	Multiome 2025	PsychAD	87
Sst_25	neu	TLP004177	-0.9694757707963051	-0.19606750091501635	Multiome 2025 x PsychAD	Multiome 2025	PsychAD	87
Sst_25	neu	TLP004179	-0.6717218293495284	-2.121245998806323	Multiome 2025 x PsychAD	Multiome 2025	PsychAD	87
Sst_25	neu	TLP004180	0.31082526166409075	0.36222575576606353	Multiome 2025 x PsychAD	Multiome 2025	PsychAD	87
Sst_25	neu	TLP004186	-0.47056326596923537	-1.5755913460152078	Multiome 2025 x PsychAD	Multiome 2025	PsychAD	87
Sst_25	neu	TLP004188	-1.8756205733547135	-0.6643662750809014	Multiome 2025 x PsychAD	Multiome 2025	PsychAD	87
Sst_25	neu	TLP004190	0.8602338313702873	-0.4121174456805301	Multiome 2025 x PsychAD	Multiome 2025	PsychAD	87
Sst_25	neu	TLP004191	-0.14677064220811697	0.4275907922987505	Multiome 2025 x PsychAD	Multiome 2025	PsychAD	87
Sst_25	neu	TLP004192	-0.536407800457253	-1.7949431386423909	Multiome 2025 x PsychAD	Multiome 2025	PsychAD	87
Sst_25	neu	TLP004193	-0.5503324763441961	-0.9860668183269903	Multiome 2025 x PsychAD	Multiome 2025	PsychAD	87
Sst_25	neu	TLP004194	-0.361189691531111	-0.4120897374269674	Multiome 2025 x PsychAD	Multiome 2025	PsychAD	87
Sst_25	neu	TLP004195	0.723944718487771	0.251516132178792	Multiome 2025 x PsychAD	Multiome 2025	PsychAD	87
Sst_25	neu	TLP004200	-0.9130134719151846	-1.0562884640089543	Multiome 2025 x PsychAD	Multiome 2025	PsychAD	87
Sst_25	neu	TLP004202	0.054184600673475636	-1.1231760132324737	Multiome 2025 x PsychAD	Multiome 2025	PsychAD	87
Sst_25	neu	TLP004203	-2.2335803050368765	-2.4236357503284456	Multiome 2025 x PsychAD	Multiome 2025	PsychAD	87
Sst_25	neu	TLP004204	0.02067048565729923	-0.19595895051516532	Multiome 2025 x PsychAD	Multiome 2025	PsychAD	87
Sst_25	neu	TLP004205	-2.324428197755621	-1.0527670216003173	Multiome 2025 x PsychAD	Multiome 2025	PsychAD	87
Sst_25	neu	TLP004208	-2.574950576859484	-2.057421162563683	Multiome 2025 x PsychAD	Multiome 2025	PsychAD	87
Sst_25	neu	TLP004212	-0.5101515226637616	-0.09515174245678892	Multiome 2025 x PsychAD	Multiome 2025	PsychAD	87
Sst_25	neu	TLP004213	-1.0370522887091287	-0.42799388375107394	Multiome 2025 x PsychAD	Multiome 2025	PsychAD	87
Sst_25	neu	TLP004215	-1.8723611030227305	-0.6383484103645918	Multiome 2025 x PsychAD	Multiome 2025	PsychAD	87
Sst_25	neu	TLP004216	-2.2667286430717777	-1.091549670047323	Multiome 2025 x PsychAD	Multiome 2025	PsychAD	87
Sst_25	neu	TLP004217	0.552538586341119	0.20085572419488606	Multiome 2025 x PsychAD	Multiome 2025	PsychAD	87
Sst_25	neu	TLP004218	-0.48514266612430923	-2.0889099720944646	Multiome 2025 x PsychAD	Multiome 2025	PsychAD	87
Sst_25	neu	TLP005084	-0.788139874123778	0.8904142242861264	Multiome 2025 x PsychAD	Multiome 2025	PsychAD	87
Sst_25	neu	TLP005197	0.07815633543171785	0.30184058549010384	Multiome 2025 x PsychAD	Multiome 2025	PsychAD	87
Sst_25	neu	TLP005261	0.5012595105502653	1.3327906504262002	Multiome 2025 x PsychAD	Multiome 2025	PsychAD	87
Sst_25	neu	TLP005322	-1.260947701084123	-0.06052485254053419	Multiome 2025 x PsychAD	Multiome 2025	PsychAD	87
Sst_25	neu	TLP005868	1.1767718587205689	2.5996386027159426	Multiome 2025 x PsychAD	Multiome 2025	PsychAD	87
Sst_25	neu	TLP005892	-0.8035800436936684	-0.6659022387152973	Multiome 2025 x PsychAD	Multiome 2025	PsychAD	87
Sst_25	neu	TLP005950	-0.5976774484333873	-1.4181116665059452	Multiome 2025 x PsychAD	Multiome 2025	PsychAD	87
Sst_3	neu	TLP000563	1.5702080076969214	2.8733071143671918	Multiome 2025 x PsychAD	Multiome 2025	PsychAD	87
Sst_3	neu	TLP000567	1.5287132548104463	1.612387887745962	Multiome 2025 x PsychAD	Multiome 2025	PsychAD	87
Sst_3	neu	TLP000576	1.7056214895424544	2.191856042494404	Multiome 2025 x PsychAD	Multiome 2025	PsychAD	87
Sst_3	neu	TLP000579	0.4620913149519712	-0.04673725744468715	Multiome 2025 x PsychAD	Multiome 2025	PsychAD	87
Sst_3	neu	TLP000585	1.7859497196989063	1.4778409891226856	Multiome 2025 x PsychAD	Multiome 2025	PsychAD	87
Sst_3	neu	TLP000592	2.1468696247111962	2.186035394163709	Multiome 2025 x PsychAD	Multiome 2025	PsychAD	87
Sst_3	neu	TLP000603	1.3294395145052347	-0.06557618936937892	Multiome 2025 x PsychAD	Multiome 2025	PsychAD	87
Sst_3	neu	TLP000613	1.948449012908248	1.5245341444640674	Multiome 2025 x PsychAD	Multiome 2025	PsychAD	87
Sst_3	neu	TLP004094	1.5075986702488846	1.529889458229535	Multiome 2025 x PsychAD	Multiome 2025	PsychAD	87
Sst_3	neu	TLP004095	1.6624259064472158	1.1964801327655907	Multiome 2025 x PsychAD	Multiome 2025	PsychAD	87
Sst_3	neu	TLP004096	1.9014085512718668	1.9140042941720345	Multiome 2025 x PsychAD	Multiome 2025	PsychAD	87
Sst_3	neu	TLP004097	2.1379221375009827	1.6008172549730197	Multiome 2025 x PsychAD	Multiome 2025	PsychAD	87
Sst_3	neu	TLP004098	1.5041508507722448	2.098509108807009	Multiome 2025 x PsychAD	Multiome 2025	PsychAD	87
Sst_3	neu	TLP004099	1.471904469469619	2.0065743293735405	Multiome 2025 x PsychAD	Multiome 2025	PsychAD	87
Sst_3	neu	TLP004101	1.5188866858074048	0.9473990895769919	Multiome 2025 x PsychAD	Multiome 2025	PsychAD	87
Sst_3	neu	TLP004102	1.6951622693332196	1.7133426546460697	Multiome 2025 x PsychAD	Multiome 2025	PsychAD	87
Sst_3	neu	TLP004103	1.782416952870257	0.9264904103134688	Multiome 2025 x PsychAD	Multiome 2025	PsychAD	87
Sst_3	neu	TLP004107	1.7166581004537154	0.32532484862582667	Multiome 2025 x PsychAD	Multiome 2025	PsychAD	87
Sst_3	neu	TLP004108	1.149835369758721	1.2957346899325648	Multiome 2025 x PsychAD	Multiome 2025	PsychAD	87
Sst_3	neu	TLP004111	1.7953427997757814	0.8872355187259284	Multiome 2025 x PsychAD	Multiome 2025	PsychAD	87
Sst_3	neu	TLP004113	1.8439391345831293	2.294046828386458	Multiome 2025 x PsychAD	Multiome 2025	PsychAD	87
Sst_3	neu	TLP004116	1.5881417880479303	0.7549938096852618	Multiome 2025 x PsychAD	Multiome 2025	PsychAD	87
Sst_3	neu	TLP004119	1.610518895242088	1.4621822920009926	Multiome 2025 x PsychAD	Multiome 2025	PsychAD	87
Sst_3	neu	TLP004123	0.07743335498733295	-0.23865224861734546	Multiome 2025 x PsychAD	Multiome 2025	PsychAD	87
Sst_3	neu	TLP004124	0.13033180190219706	1.6525875256350169	Multiome 2025 x PsychAD	Multiome 2025	PsychAD	87
Sst_3	neu	TLP004126	1.9204422056385773	2.0872120758301262	Multiome 2025 x PsychAD	Multiome 2025	PsychAD	87
Sst_3	neu	TLP004128	1.3799686429285591	1.1218048698655787	Multiome 2025 x PsychAD	Multiome 2025	PsychAD	87
Sst_3	neu	TLP004129	2.1077586276010205	1.6774289089453038	Multiome 2025 x PsychAD	Multiome 2025	PsychAD	87
Sst_3	neu	TLP004130	1.578904280285867	1.9644838887842697	Multiome 2025 x PsychAD	Multiome 2025	PsychAD	87
Sst_3	neu	TLP004133	1.9465389829339097	1.907863249969405	Multiome 2025 x PsychAD	Multiome 2025	PsychAD	87
Sst_3	neu	TLP004136	2.2084989433195608	1.1005328540802113	Multiome 2025 x PsychAD	Multiome 2025	PsychAD	87
Sst_3	neu	TLP004137	1.6887122037566709	2.092083627168873	Multiome 2025 x PsychAD	Multiome 2025	PsychAD	87
Sst_3	neu	TLP004138	2.3518697232170642	-0.3707665891558234	Multiome 2025 x PsychAD	Multiome 2025	PsychAD	87
Sst_3	neu	TLP004139	1.6749244970455122	0.3051844947585707	Multiome 2025 x PsychAD	Multiome 2025	PsychAD	87
Sst_3	neu	TLP004141	1.2136920725197626	0.2572278492762736	Multiome 2025 x PsychAD	Multiome 2025	PsychAD	87
Sst_3	neu	TLP004142	1.6128010335668357	1.741347377151342	Multiome 2025 x PsychAD	Multiome 2025	PsychAD	87
Sst_3	neu	TLP004145	1.7808055432926997	1.3727995626790577	Multiome 2025 x PsychAD	Multiome 2025	PsychAD	87
Sst_3	neu	TLP004147	1.2860446388622835	1.7276043679001747	Multiome 2025 x PsychAD	Multiome 2025	PsychAD	87
Sst_3	neu	TLP004148	2.2626889379836173	1.5630120633905777	Multiome 2025 x PsychAD	Multiome 2025	PsychAD	87
Sst_3	neu	TLP004149	2.1499769943383575	2.303216215557946	Multiome 2025 x PsychAD	Multiome 2025	PsychAD	87
Sst_3	neu	TLP004150	1.7199533891353873	1.5368075547608573	Multiome 2025 x PsychAD	Multiome 2025	PsychAD	87
Sst_3	neu	TLP004151	1.8909725537866438	1.2639429754126654	Multiome 2025 x PsychAD	Multiome 2025	PsychAD	87
Sst_3	neu	TLP004153	1.8580517728008221	1.348551015511391	Multiome 2025 x PsychAD	Multiome 2025	PsychAD	87
Sst_3	neu	TLP004154	1.911424942034532	1.5965289710416846	Multiome 2025 x PsychAD	Multiome 2025	PsychAD	87
Sst_3	neu	TLP004156	1.684918095833174	1.9109445813486223	Multiome 2025 x PsychAD	Multiome 2025	PsychAD	87
Sst_3	neu	TLP004157	1.867601241305684	2.1191066764381485	Multiome 2025 x PsychAD	Multiome 2025	PsychAD	87
Sst_3	neu	TLP004158	0.5800754995704027	0.5531151426427616	Multiome 2025 x PsychAD	Multiome 2025	PsychAD	87
Sst_3	neu	TLP004159	2.3798899983871076	2.2200752270963675	Multiome 2025 x PsychAD	Multiome 2025	PsychAD	87
Sst_3	neu	TLP004162	1.9450153167336897	1.7274731298723913	Multiome 2025 x PsychAD	Multiome 2025	PsychAD	87
Sst_3	neu	TLP004165	1.8654925887697145	-0.26793933288396143	Multiome 2025 x PsychAD	Multiome 2025	PsychAD	87
Sst_3	neu	TLP004166	1.3511130940702145	1.1805252793114631	Multiome 2025 x PsychAD	Multiome 2025	PsychAD	87
Sst_3	neu	TLP004167	1.7308754348623765	0.816050478050407	Multiome 2025 x PsychAD	Multiome 2025	PsychAD	87
Sst_3	neu	TLP004170	2.0369873668667644	1.444965794843431	Multiome 2025 x PsychAD	Multiome 2025	PsychAD	87
Sst_3	neu	TLP004173	1.3896335580777741	0.25050261544940167	Multiome 2025 x PsychAD	Multiome 2025	PsychAD	87
Sst_3	neu	TLP004174	1.0395373415426983	0.7034321107781114	Multiome 2025 x PsychAD	Multiome 2025	PsychAD	87
Sst_3	neu	TLP004175	1.535235094836012	1.2666560649257388	Multiome 2025 x PsychAD	Multiome 2025	PsychAD	87
Sst_3	neu	TLP004176	0.5309895231869843	1.6420852787185325	Multiome 2025 x PsychAD	Multiome 2025	PsychAD	87
Sst_3	neu	TLP004177	0.9764343782590084	-0.19606750091501635	Multiome 2025 x PsychAD	Multiome 2025	PsychAD	87
Sst_3	neu	TLP004179	1.7261734434488423	0.44370335865521326	Multiome 2025 x PsychAD	Multiome 2025	PsychAD	87
Sst_3	neu	TLP004180	1.4945953586725071	1.5223959374336067	Multiome 2025 x PsychAD	Multiome 2025	PsychAD	87
Sst_3	neu	TLP004186	1.7266613113669838	0.5446721901848832	Multiome 2025 x PsychAD	Multiome 2025	PsychAD	87
Sst_3	neu	TLP004188	1.2598736425744361	-0.017739110155848614	Multiome 2025 x PsychAD	Multiome 2025	PsychAD	87
Sst_3	neu	TLP004190	1.5411109193384185	0.9511873972146621	Multiome 2025 x PsychAD	Multiome 2025	PsychAD	87
Sst_3	neu	TLP004191	3.149066223796212	2.7210434017295237	Multiome 2025 x PsychAD	Multiome 2025	PsychAD	87
Sst_3	neu	TLP004192	2.3352718244267585	2.0117193511279283	Multiome 2025 x PsychAD	Multiome 2025	PsychAD	87
Sst_3	neu	TLP004193	1.7942168157488814	1.2593598608271073	Multiome 2025 x PsychAD	Multiome 2025	PsychAD	87
Sst_3	neu	TLP004194	1.5847204575242024	1.8628438242365686	Multiome 2025 x PsychAD	Multiome 2025	PsychAD	87
Sst_3	neu	TLP004195	1.6482036200111025	1.4999406990755624	Multiome 2025 x PsychAD	Multiome 2025	PsychAD	87
Sst_3	neu	TLP004200	1.9434567343052986	1.508660893452583	Multiome 2025 x PsychAD	Multiome 2025	PsychAD	87
Sst_3	neu	TLP004202	1.7649750073678634	1.3003616901792343	Multiome 2025 x PsychAD	Multiome 2025	PsychAD	87
Sst_3	neu	TLP004203	0.9852955198313254	1.3375643653651172	Multiome 2025 x PsychAD	Multiome 2025	PsychAD	87
Sst_3	neu	TLP004204	1.5049452551373932	1.1289664642284327	Multiome 2025 x PsychAD	Multiome 2025	PsychAD	87
Sst_3	neu	TLP004205	0.8944476271125801	0.7930596688980138	Multiome 2025 x PsychAD	Multiome 2025	PsychAD	87
Sst_3	neu	TLP004208	2.020169273275106	2.0534527016096282	Multiome 2025 x PsychAD	Multiome 2025	PsychAD	87
Sst_3	neu	TLP004212	1.0992863897703389	1.1286236891653267	Multiome 2025 x PsychAD	Multiome 2025	PsychAD	87
Sst_3	neu	TLP004213	1.670997912393081	1.6691472350281629	Multiome 2025 x PsychAD	Multiome 2025	PsychAD	87
Sst_3	neu	TLP004215	1.6829869584666826	0.4602638783035182	Multiome 2025 x PsychAD	Multiome 2025	PsychAD	87
Sst_3	neu	TLP004216	1.2886194184176354	1.6165005310548866	Multiome 2025 x PsychAD	Multiome 2025	PsychAD	87
Sst_3	neu	TLP004217	1.4360394953922828	1.0794061280861937	Multiome 2025 x PsychAD	Multiome 2025	PsychAD	87
Sst_3	neu	TLP004218	0.8498584006080305	0.4760393853670726	Multiome 2025 x PsychAD	Multiome 2025	PsychAD	87
Sst_3	neu	TLP005084	1.0364094179272678	1.7851987509393181	Multiome 2025 x PsychAD	Multiome 2025	PsychAD	87
Sst_3	neu	TLP005197	1.5996254749198604	1.2047082970321181	Multiome 2025 x PsychAD	Multiome 2025	PsychAD	87
Sst_3	neu	TLP005261	2.001213190142677	2.008940254617574	Multiome 2025 x PsychAD	Multiome 2025	PsychAD	87
Sst_3	neu	TLP005322	1.7513138744210788	2.1567003915023544	Multiome 2025 x PsychAD	Multiome 2025	PsychAD	87
Sst_3	neu	TLP005868	1.4512087044223296	2.6091624842271983	Multiome 2025 x PsychAD	Multiome 2025	PsychAD	87
Sst_3	neu	TLP005892	1.3166834925064235	1.4543612974847937	Multiome 2025 x PsychAD	Multiome 2025	PsychAD	87
Sst_3	neu	TLP005950	1.0117604640007132	1.146837690955591	Multiome 2025 x PsychAD	Multiome 2025	PsychAD	87
Sst_23	neu	TLP000563	-0.7179883478450249	0.8539694967570615	Multiome 2025 x PsychAD	Multiome 2025	PsychAD	87
Sst_23	neu	TLP000567	-1.3045000892457699	-0.42449403951507847	Multiome 2025 x PsychAD	Multiome 2025	PsychAD	87
Sst_23	neu	TLP000576	-0.6167662307477713	-1.713477974782946	Multiome 2025 x PsychAD	Multiome 2025	PsychAD	87
Sst_23	neu	TLP000579	-2.102858042509566	-2.2439618347809063	Multiome 2025 x PsychAD	Multiome 2025	PsychAD	87
Sst_23	neu	TLP000585	0.2753576419014383	-0.7506361317176378	Multiome 2025 x PsychAD	Multiome 2025	PsychAD	87
Sst_23	neu	TLP000592	0.12846397361772954	0.38554224496689926	Multiome 2025 x PsychAD	Multiome 2025	PsychAD	87
Sst_23	neu	TLP000603	-0.8223226887542268	-0.5764018131353703	Multiome 2025 x PsychAD	Multiome 2025	PsychAD	87
Sst_23	neu	TLP000613	-1.0372329247922414	-0.08490376797003218	Multiome 2025 x PsychAD	Multiome 2025	PsychAD	87
Sst_23	neu	TLP004094	-0.31695062180216116	-0.3159372322687961	Multiome 2025 x PsychAD	Multiome 2025	PsychAD	87
Sst_23	neu	TLP004095	-0.9025234510143205	-0.3198673566024981	Multiome 2025 x PsychAD	Multiome 2025	PsychAD	87
Sst_23	neu	TLP004096	0.48958088814681133	0.4600512845783298	Multiome 2025 x PsychAD	Multiome 2025	PsychAD	87
Sst_23	neu	TLP004097	0.6519284161580039	-0.9641321024885174	Multiome 2025 x PsychAD	Multiome 2025	PsychAD	87
Sst_23	neu	TLP004098	-0.9525849220490592	-1.3354780956781367	Multiome 2025 x PsychAD	Multiome 2025	PsychAD	87
Sst_23	neu	TLP004099	-0.10628089946037633	1.4105908972672436	Multiome 2025 x PsychAD	Multiome 2025	PsychAD	87
Sst_23	neu	TLP004101	-0.80350103448282	-0.2893635375719352	Multiome 2025 x PsychAD	Multiome 2025	PsychAD	87
Sst_23	neu	TLP004102	0.1649737285532602	-0.03356624841663347	Multiome 2025 x PsychAD	Multiome 2025	PsychAD	87
Sst_23	neu	TLP004103	-2.535071160666054	-0.8411715073355257	Multiome 2025 x PsychAD	Multiome 2025	PsychAD	87
Sst_23	neu	TLP004107	-1.1920627961106458	-0.7732874400422824	Multiome 2025 x PsychAD	Multiome 2025	PsychAD	87
Sst_23	neu	TLP004108	-1.306900403062583	-0.268240848424778	Multiome 2025 x PsychAD	Multiome 2025	PsychAD	87
Sst_23	neu	TLP004111	-1.6169044180729593	-1.1496464085351112	Multiome 2025 x PsychAD	Multiome 2025	PsychAD	87
Sst_23	neu	TLP004113	0.0986996809899674	0.0116644427099315	Multiome 2025 x PsychAD	Multiome 2025	PsychAD	87
Sst_23	neu	TLP004116	-0.8097534847504395	-1.4422307676509583	Multiome 2025 x PsychAD	Multiome 2025	PsychAD	87
Sst_23	neu	TLP004119	-0.5867056820941317	-0.7027814231170053	Multiome 2025 x PsychAD	Multiome 2025	PsychAD	87
Sst_23	neu	TLP004123	-1.021178933680777	-0.23865224861734546	Multiome 2025 x PsychAD	Multiome 2025	PsychAD	87
Sst_23	neu	TLP004124	-0.9682804867659129	-0.6297948600415086	Multiome 2025 x PsychAD	Multiome 2025	PsychAD	87
Sst_23	neu	TLP004126	-0.6662471384593651	0.7073486050405258	Multiome 2025 x PsychAD	Multiome 2025	PsychAD	87
Sst_23	neu	TLP004128	-0.9808853581894628	-2.5917671968387292	Multiome 2025 x PsychAD	Multiome 2025	PsychAD	87
Sst_23	neu	TLP004129	0.44275086401210917	0.4878448420714667	Multiome 2025 x PsychAD	Multiome 2025	PsychAD	87
Sst_23	neu	TLP004130	0.06954982640874885	0.5728844754346856	Multiome 2025 x PsychAD	Multiome 2025	PsychAD	87
Sst_23	neu	TLP004133	1.312040529455472	1.1294184888975645	Multiome 2025 x PsychAD	Multiome 2025	PsychAD	87
Sst_23	neu	TLP004136	0.43543160710365836	-1.7326804899760049	Multiome 2025 x PsychAD	Multiome 2025	PsychAD	87
Sst_23	neu	TLP004137	0.684509599559636	0.36369377187340746	Multiome 2025 x PsychAD	Multiome 2025	PsychAD	87
Sst_23	neu	TLP004138	0.01649480740002751	0.7278456995122857	Multiome 2025 x PsychAD	Multiome 2025	PsychAD	87
Sst_23	neu	TLP004139	-1.3040006581920975	-0.7934277939095384	Multiome 2025 x PsychAD	Multiome 2025	PsychAD	87
Sst_23	neu	TLP004141	-1.184203200278608	-1.3522100631578269	Multiome 2025 x PsychAD	Multiome 2025	PsychAD	87
Sst_23	neu	TLP004142	0.5141887448987257	-0.026314540497653027	Multiome 2025 x PsychAD	Multiome 2025	PsychAD	87
Sst_23	neu	TLP004145	-0.3321586904257794	-0.23663834975504283	Multiome 2025 x PsychAD	Multiome 2025	PsychAD	87
Sst_23	neu	TLP004147	0.9183198587369663	1.0202725523482732	Multiome 2025 x PsychAD	Multiome 2025	PsychAD	87
Sst_23	neu	TLP004148	-0.019693447692909594	-0.6930530139685755	Multiome 2025 x PsychAD	Multiome 2025	PsychAD	87
Sst_23	neu	TLP004149	0.48296923008277926	0.769285855631991	Multiome 2025 x PsychAD	Multiome 2025	PsychAD	87
Sst_23	neu	TLP004150	0.9260015094534761	-0.19779350062724976	Multiome 2025 x PsychAD	Multiome 2025	PsychAD	87
Sst_23	neu	TLP004151	0.12331063613764925	-0.14975035989533936	Multiome 2025 x PsychAD	Multiome 2025	PsychAD	87
Sst_23	neu	TLP004153	-1.050669123763539	-1.314036811514062	Multiome 2025 x PsychAD	Multiome 2025	PsychAD	87
Sst_23	neu	TLP004154	-0.1857161767447053	0.12212734241152745	Multiome 2025 x PsychAD	Multiome 2025	PsychAD	87
Sst_23	neu	TLP004156	-1.5339577290350261	-0.24081762191084	Multiome 2025 x PsychAD	Multiome 2025	PsychAD	87
Sst_23	neu	TLP004157	0.8903498096418412	1.3755286422513109	Multiome 2025 x PsychAD	Multiome 2025	PsychAD	87
Sst_23	neu	TLP004158	-1.9848738578911336	-0.38515449595016804	Multiome 2025 x PsychAD	Multiome 2025	PsychAD	87
Sst_23	neu	TLP004159	1.036975932897442	0.21859522688624367	Multiome 2025 x PsychAD	Multiome 2025	PsychAD	87
Sst_23	neu	TLP004162	-0.16794891698478942	0.04107417630216226	Multiome 2025 x PsychAD	Multiome 2025	PsychAD	87
Sst_23	neu	TLP004165	-0.9677207552865017	-0.26793933288396143	Multiome 2025 x PsychAD	Multiome 2025	PsychAD	87
Sst_23	neu	TLP004166	-0.3434826267041924	-1.9549689366176866	Multiome 2025 x PsychAD	Multiome 2025	PsychAD	87
Sst_23	neu	TLP004167	-2.503231069734883	-1.0084988140006388	Multiome 2025 x PsychAD	Multiome 2025	PsychAD	87
Sst_23	neu	TLP004170	-0.6162545977404505	0.015499261858331614	Multiome 2025 x PsychAD	Multiome 2025	PsychAD	87
Sst_23	neu	TLP004173	-1.7458606578513756	-0.8481096732187083	Multiome 2025 x PsychAD	Multiome 2025	PsychAD	87
Sst_23	neu	TLP004174	-0.2597456425875624	-0.3951801778899977	Multiome 2025 x PsychAD	Multiome 2025	PsychAD	87
Sst_23	neu	TLP004175	-1.0600196121208532	-0.006309610887147876	Multiome 2025 x PsychAD	Multiome 2025	PsychAD	87
Sst_23	neu	TLP004176	-2.033959834274552	0.6865738336910958	Multiome 2025 x PsychAD	Multiome 2025	PsychAD	87
Sst_23	neu	TLP004177	-0.9694757707963051	-0.19606750091501635	Multiome 2025 x PsychAD	Multiome 2025	PsychAD	87
Sst_23	neu	TLP004179	0.17557603103767505	-1.022633710138214	Multiome 2025 x PsychAD	Multiome 2025	PsychAD	87
Sst_23	neu	TLP004180	-1.2986126507700098	-0.4850721046211399	Multiome 2025 x PsychAD	Multiome 2025	PsychAD	87
Sst_23	neu	TLP004186	0.2766511358609858	-1.0647657222492164	Multiome 2025 x PsychAD	Multiome 2025	PsychAD	87
Sst_23	neu	TLP004188	-1.8756205733547135	-1.1163513988239586	Multiome 2025 x PsychAD	Multiome 2025	PsychAD	87
Sst_23	neu	TLP004190	0.7575796773102041	-0.8641025694235873	Multiome 2025 x PsychAD	Multiome 2025	PsychAD	87
Sst_23	neu	TLP004191	0.2209541379172002	0.862908863556596	Multiome 2025 x PsychAD	Multiome 2025	PsychAD	87
Sst_23	neu	TLP004192	0.31089005992995045	0.5404317771746454	Multiome 2025 x PsychAD	Multiome 2025	PsychAD	87
Sst_23	neu	TLP004193	0.06870673206202671	-0.9860668183269903	Multiome 2025 x PsychAD	Multiome 2025	PsychAD	87
Sst_23	neu	TLP004194	-0.6125041198120167	0.6865225512411426	Multiome 2025 x PsychAD	Multiome 2025	PsychAD	87
Sst_23	neu	TLP004195	0.2131190947217796	0.46858063741662015	Multiome 2025 x PsychAD	Multiome 2025	PsychAD	87
Sst_23	neu	TLP004200	-0.1245561115509144	-1.0562884640089543	Multiome 2025 x PsychAD	Multiome 2025	PsychAD	87
Sst_23	neu	TLP004202	1.0096960457009123	0.2982096676986865	Multiome 2025 x PsychAD	Multiome 2025	PsychAD	87
Sst_23	neu	TLP004203	-0.6241423926027752	-2.4236357503284456	Multiome 2025 x PsychAD	Multiome 2025	PsychAD	87
Sst_23	neu	TLP004204	-1.2031049459648164	-0.02160556337038777	Multiome 2025 x PsychAD	Multiome 2025	PsychAD	87
Sst_23	neu	TLP004205	-1.225815909087511	-1.0527670216003173	Multiome 2025 x PsychAD	Multiome 2025	PsychAD	87
Sst_23	neu	TLP004208	-2.574950576859484	-2.057421162563683	Multiome 2025 x PsychAD	Multiome 2025	PsychAD	87
Sst_23	neu	TLP004212	-0.5101515226637616	-1.7045896548908894	Multiome 2025 x PsychAD	Multiome 2025	PsychAD	87
Sst_23	neu	TLP004213	-0.18975442832192524	-0.17667945547016828	Multiome 2025 x PsychAD	Multiome 2025	PsychAD	87
Sst_23	neu	TLP004215	-1.8723611030227305	-0.6383484103645918	Multiome 2025 x PsychAD	Multiome 2025	PsychAD	87
Sst_23	neu	TLP004216	-0.06950406573555856	-1.091549670047323	Multiome 2025 x PsychAD	Multiome 2025	PsychAD	87
Sst_23	neu	TLP004217	0.3374272067241737	0.9123520434230281	Multiome 2025 x PsychAD	Multiome 2025	PsychAD	87
Sst_23	neu	TLP004218	-2.0945805785584106	-2.0889099720944646	Multiome 2025 x PsychAD	Multiome 2025	PsychAD	87
Sst_23	neu	TLP005084	-0.20035320922165933	0.7038282687057142	Multiome 2025 x PsychAD	Multiome 2025	PsychAD	87
Sst_23	neu	TLP005197	-0.033069299678507136	-2.406209615612106	Multiome 2025 x PsychAD	Multiome 2025	PsychAD	87
Sst_23	neu	TLP005261	0.5727184745324099	1.3980311722946013	Multiome 2025 x PsychAD	Multiome 2025	PsychAD	87
Sst_23	neu	TLP005322	-0.7501220773181316	0.5861023123845177	Multiome 2025 x PsychAD	Multiome 2025	PsychAD	87
Sst_23	neu	TLP005868	0.17824302860944208	2.1625791291895613	Multiome 2025 x PsychAD	Multiome 2025	PsychAD	87
Sst_23	neu	TLP005892	-1.9021923323617775	-0.46523154325314664	Multiome 2025 x PsychAD	Multiome 2025	PsychAD	87
Sst_23	neu	TLP005950	-0.5976774484333873	-0.3194993778378361	Multiome 2025 x PsychAD	Multiome 2025	PsychAD	87
Sst_2	neu	TLP000563	0.16931484715587786	1.2814135115840006	Multiome 2025 x PsychAD	Multiome 2025	PsychAD	87
Sst_2	neu	TLP000567	-2.9139380016798695	-1.5231063281831876	Multiome 2025 x PsychAD	Multiome 2025	PsychAD	87
Sst_2	neu	TLP000576	0.3387452142796654	0.021123080605160993	Multiome 2025 x PsychAD	Multiome 2025	PsychAD	87
Sst_2	neu	TLP000579	-0.15694789345425253	-2.2439618347809063	Multiome 2025 x PsychAD	Multiome 2025	PsychAD	87
Sst_2	neu	TLP000585	0.007093655306759317	-2.696546280772952	Multiome 2025 x PsychAD	Multiome 2025	PsychAD	87
Sst_2	neu	TLP000592	0.8975970611555963	0.8083990957869336	Multiome 2025 x PsychAD	Multiome 2025	PsychAD	87
Sst_2	neu	TLP000603	-1.3331483125202173	-0.06557618936937892	Multiome 2025 x PsychAD	Multiome 2025	PsychAD	87
Sst_2	neu	TLP000613	0.2977681419400984	0.36708135577302503	Multiome 2025 x PsychAD	Multiome 2025	PsychAD	87
Sst_2	neu	TLP004094	-0.8277762455681517	-0.3159372322687961	Multiome 2025 x PsychAD	Multiome 2025	PsychAD	87
Sst_2	neu	TLP004095	-0.3147367861122019	-0.11919666114034655	Multiome 2025 x PsychAD	Multiome 2025	PsychAD	87
Sst_2	neu	TLP004096	0.34116088302853864	0.18561443887656903	Multiome 2025 x PsychAD	Multiome 2025	PsychAD	87
Sst_2	neu	TLP004097	0.5852370416593322	-0.9641321024885174	Multiome 2025 x PsychAD	Multiome 2025	PsychAD	87
Sst_2	neu	TLP004098	-0.9525849220490592	-0.23686580701002757	Multiome 2025 x PsychAD	Multiome 2025	PsychAD	87
Sst_2	neu	TLP004099	-0.7253201078666001	1.4105908972672436	Multiome 2025 x PsychAD	Multiome 2025	PsychAD	87
Sst_2	neu	TLP004101	-0.015043674118549788	-0.5406779658528418	Multiome 2025 x PsychAD	Multiome 2025	PsychAD	87
Sst_2	neu	TLP004102	0.064890269996277	0.2408705972851264	Multiome 2025 x PsychAD	Multiome 2025	PsychAD	87
Sst_2	neu	TLP004103	0.029878196795483092	-0.3891863835924685	Multiome 2025 x PsychAD	Multiome 2025	PsychAD	87
Sst_2	neu	TLP004107	-1.1920627961106458	-0.7732874400422824	Multiome 2025 x PsychAD	Multiome 2025	PsychAD	87
Sst_2	neu	TLP004108	-0.7960747792965925	0.09948393170053915	Multiome 2025 x PsychAD	Multiome 2025	PsychAD	87
Sst_2	neu	TLP004111	0.1176966373151469	-0.3023485481479078	Multiome 2025 x PsychAD	Multiome 2025	PsychAD	87
Sst_2	neu	TLP004113	0.0986996809899674	0.7376014460928673	Multiome 2025 x PsychAD	Multiome 2025	PsychAD	87
Sst_2	neu	TLP004116	-0.8097534847504395	-1.4422307676509583	Multiome 2025 x PsychAD	Multiome 2025	PsychAD	87
Sst_2	neu	TLP004119	0.5119066065739784	-1.0392536597382183	Multiome 2025 x PsychAD	Multiome 2025	PsychAD	87
Sst_2	neu	TLP004123	-1.021178933680777	-0.23865224861734546	Multiome 2025 x PsychAD	Multiome 2025	PsychAD	87
Sst_2	neu	TLP004124	-0.9682804867659129	-0.2933226234202957	Multiome 2025 x PsychAD	Multiome 2025	PsychAD	87
Sst_2	neu	TLP004126	-0.6662471384593651	0.3396238249152086	Multiome 2025 x PsychAD	Multiome 2025	PsychAD	87
Sst_2	neu	TLP004128	-0.025373913162026085	-2.5917671968387292	Multiome 2025 x PsychAD	Multiome 2025	PsychAD	87
Sst_2	neu	TLP004129	0.8947359877551664	0.3664839850671999	Multiome 2025 x PsychAD	Multiome 2025	PsychAD	87
Sst_2	neu	TLP004130	-0.4100232538531374	0.6930287872767487	Multiome 2025 x PsychAD	Multiome 2025	PsychAD	87
Sst_2	neu	TLP004133	1.0534665411617619	0.689106649459232	Multiome 2025 x PsychAD	Multiome 2025	PsychAD	87
Sst_2	neu	TLP004136	0.1841171788227527	-0.12324257754190437	Multiome 2025 x PsychAD	Multiome 2025	PsychAD	87
Sst_2	neu	TLP004137	-0.09319496902837265	0.12730499380917681	Multiome 2025 x PsychAD	Multiome 2025	PsychAD	87
Sst_2	neu	TLP004138	0.527320431166018	0.7278456995122857	Multiome 2025 x PsychAD	Multiome 2025	PsychAD	87
Sst_2	neu	TLP004139	-1.3040006581920975	-0.7934277939095384	Multiome 2025 x PsychAD	Multiome 2025	PsychAD	87
Sst_2	neu	TLP004141	-1.184203200278608	-1.3522100631578269	Multiome 2025 x PsychAD	Multiome 2025	PsychAD	87
Sst_2	neu	TLP004142	-0.37311445010217703	0.4256705832454042	Multiome 2025 x PsychAD	Multiome 2025	PsychAD	87
Sst_2	neu	TLP004145	-1.1206160507900496	-0.02532925608783554	Multiome 2025 x PsychAD	Multiome 2025	PsychAD	87
Sst_2	neu	TLP004147	0.3305331938348468	0.6004187067880089	Multiome 2025 x PsychAD	Multiome 2025	PsychAD	87
Sst_2	neu	TLP004148	-0.5305190714589001	-0.04642584904352276	Multiome 2025 x PsychAD	Multiome 2025	PsychAD	87
Sst_2	neu	TLP004149	0.7980502767226749	1.4159130205570438	Multiome 2025 x PsychAD	Multiome 2025	PsychAD	87
Sst_2	neu	TLP004150	0.7253308139913255	-0.19779350062724976	Multiome 2025 x PsychAD	Multiome 2025	PsychAD	87
Sst_2	neu	TLP004151	0.742349844543873	-0.14975035989533936	Multiome 2025 x PsychAD	Multiome 2025	PsychAD	87
Sst_2	neu	TLP004153	-0.2033712633763347	0.6318733375412515	Multiome 2025 x PsychAD	Multiome 2025	PsychAD	87
Sst_2	neu	TLP004154	0.7015870182561974	0.22221080096850976	Multiome 2025 x PsychAD	Multiome 2025	PsychAD	87
Sst_2	neu	TLP004156	-0.435345440366917	0.7146938231165967	Multiome 2025 x PsychAD	Multiome 2025	PsychAD	87
Sst_2	neu	TLP004157	0.945919660796652	1.5047403737313174	Multiome 2025 x PsychAD	Multiome 2025	PsychAD	87
Sst_2	neu	TLP004158	-0.8862615692230245	-0.9729411608522875	Multiome 2025 x PsychAD	Multiome 2025	PsychAD	87
Sst_2	neu	TLP004159	0.36252088534964955	1.0658930872734471	Multiome 2025 x PsychAD	Multiome 2025	PsychAD	87
Sst_2	neu	TLP004162	-0.36861961244694097	-1.5683637361319374	Multiome 2025 x PsychAD	Multiome 2025	PsychAD	87
Sst_2	neu	TLP004165	0.1308915333816083	-0.26793933288396143	Multiome 2025 x PsychAD	Multiome 2025	PsychAD	87
Sst_2	neu	TLP004166	0.2925061400158038	-0.8563566479495766	Multiome 2025 x PsychAD	Multiome 2025	PsychAD	87
Sst_2	neu	TLP004167	-0.5573209206795697	-1.0084988140006388	Multiome 2025 x PsychAD	Multiome 2025	PsychAD	87
Sst_2	neu	TLP004170	-1.127080221506441	0.015499261858331614	Multiome 2025 x PsychAD	Multiome 2025	PsychAD	87
Sst_2	neu	TLP004173	-1.7458606578513756	-0.8481096732187083	Multiome 2025 x PsychAD	Multiome 2025	PsychAD	87
Sst_2	neu	TLP004174	-0.2597456425875624	-0.3951801778899977	Multiome 2025 x PsychAD	Multiome 2025	PsychAD	87
Sst_2	neu	TLP004175	-0.7235473754996402	0.612729597519075	Multiome 2025 x PsychAD	Multiome 2025	PsychAD	87
Sst_2	neu	TLP004176	-0.42452192184045145	0.17574820992510531	Multiome 2025 x PsychAD	Multiome 2025	PsychAD	87
Sst_2	neu	TLP004177	0.1291365178718049	-0.19606750091501635	Multiome 2025 x PsychAD	Multiome 2025	PsychAD	87
Sst_2	neu	TLP004179	-0.160896205583537	-2.121245998806323	Multiome 2025 x PsychAD	Multiome 2025	PsychAD	87
Sst_2	neu	TLP004180	-0.20000036210189975	-0.11734732449582275	Multiome 2025 x PsychAD	Multiome 2025	PsychAD	87
Sst_2	neu	TLP004186	-0.47056326596923537	-0.7282934856280034	Multiome 2025 x PsychAD	Multiome 2025	PsychAD	87
Sst_2	neu	TLP004188	0.32160400398150646	-0.11782256871283092	Multiome 2025 x PsychAD	Multiome 2025	PsychAD	87
Sst_2	neu	TLP004190	0.0911007438324205	-0.6127881411426817	Multiome 2025 x PsychAD	Multiome 2025	PsychAD	87
Sst_2	neu	TLP004191	0.2209541379172002	0.974134498666821	Multiome 2025 x PsychAD	Multiome 2025	PsychAD	87
Sst_2	neu	TLP004192	0.21080660137296725	-0.18550522620829035	Multiome 2025 x PsychAD	Multiome 2025	PsychAD	87
Sst_2	neu	TLP004193	0.06870673206202671	-0.047797179734059725	Multiome 2025 x PsychAD	Multiome 2025	PsychAD	87
Sst_2	neu	TLP004194	-0.6125041198120167	0.8535766359043082	Multiome 2025 x PsychAD	Multiome 2025	PsychAD	87
Sst_2	neu	TLP004195	-0.2977065290442109	0.6468288688229382	Multiome 2025 x PsychAD	Multiome 2025	PsychAD	87
Sst_2	neu	TLP004200	-2.522451384349286	0.2429945201213073	Multiome 2025 x PsychAD	Multiome 2025	PsychAD	87
Sst_2	neu	TLP004202	1.0096960457009123	0.5418317503564367	Multiome 2025 x PsychAD	Multiome 2025	PsychAD	87
Sst_2	neu	TLP004203	-0.6241423926027752	-0.8141978378943442	Multiome 2025 x PsychAD	Multiome 2025	PsychAD	87
Sst_2	neu	TLP004204	0.02067048565729923	0.1268144417478858	Multiome 2025 x PsychAD	Multiome 2025	PsychAD	87
Sst_2	neu	TLP004205	-0.12720362041940092	-0.5419413978343268	Multiome 2025 x PsychAD	Multiome 2025	PsychAD	87
Sst_2	neu	TLP004208	-0.010001219397946848	-0.11151101350836967	Multiome 2025 x PsychAD	Multiome 2025	PsychAD	87
Sst_2	neu	TLP004212	-0.5101515226637616	-0.6059773662227803	Multiome 2025 x PsychAD	Multiome 2025	PsychAD	87
Sst_2	neu	TLP004213	-1.0370522887091287	-0.42799388375107394	Multiome 2025 x PsychAD	Multiome 2025	PsychAD	87
Sst_2	neu	TLP004215	-0.2629231905886309	-0.6383484103645918	Multiome 2025 x PsychAD	Multiome 2025	PsychAD	87
Sst_2	neu	TLP004216	-0.32081849401646423	0.2077333140829376	Multiome 2025 x PsychAD	Multiome 2025	PsychAD	87
Sst_2	neu	TLP004217	0.3374272067241737	0.6662189738841189	Multiome 2025 x PsychAD	Multiome 2025	PsychAD	87
Sst_2	neu	TLP004218	-0.48514266612430923	-0.9902976834263546	Multiome 2025 x PsychAD	Multiome 2025	PsychAD	87
Sst_2	neu	TLP005084	-2.3975777865578793	0.17576083850521762	Multiome 2025 x PsychAD	Multiome 2025	PsychAD	87
Sst_2	neu	TLP005197	-0.1582324426325128	0.4270037284441095	Multiome 2025 x PsychAD	Multiome 2025	PsychAD	87
Sst_2	neu	TLP005261	-0.08652715435185421	0.814446194246182	Multiome 2025 x PsychAD	Multiome 2025	PsychAD	87
Sst_2	neu	TLP005322	-0.4136498406969187	0.10652923212263143	Multiome 2025 x PsychAD	Multiome 2025	PsychAD	87
Sst_2	neu	TLP005868	-0.6690548317777614	2.053094896347873	Multiome 2025 x PsychAD	Multiome 2025	PsychAD	87
Sst_2	neu	TLP005892	-0.8035800436936684	-0.6659022387152973	Multiome 2025 x PsychAD	Multiome 2025	PsychAD	87
Sst_2	neu	TLP005950	0.5009348402347227	-1.4181116665059452	Multiome 2025 x PsychAD	Multiome 2025	PsychAD	87
Astro_6-SEAAD	glia	TLP000563	-2.844950216168529	-2.6359349350117407	Multiome 2025 x PsychAD	Multiome 2025	PsychAD	87
Astro_6-SEAAD	glia	TLP000567	-0.06717770096376974	0.06891821459636116	Multiome 2025 x PsychAD	Multiome 2025	PsychAD	87
Astro_6-SEAAD	glia	TLP000576	-2.791901023455835	-3.224907516852345	Multiome 2025 x PsychAD	Multiome 2025	PsychAD	87
Astro_6-SEAAD	glia	TLP000579	0.016457476173353136	-0.3702334201668318	Multiome 2025 x PsychAD	Multiome 2025	PsychAD	87
Astro_6-SEAAD	glia	TLP000585	-1.061733576972765	-0.05651542159031564	Multiome 2025 x PsychAD	Multiome 2025	PsychAD	87
Astro_6-SEAAD	glia	TLP000592	-2.510066738576082	-2.6783524928344233	Multiome 2025 x PsychAD	Multiome 2025	PsychAD	87
Astro_6-SEAAD	glia	TLP000603	-1.356928121737357	-2.6406393293276755	Multiome 2025 x PsychAD	Multiome 2025	PsychAD	87
Astro_6-SEAAD	glia	TLP000613	-2.2028054760948264	0.09021804968326474	Multiome 2025 x PsychAD	Multiome 2025	PsychAD	87
Astro_6-SEAAD	glia	TLP004094	-1.4923560951053352	-2.3512690550596114	Multiome 2025 x PsychAD	Multiome 2025	PsychAD	87
Astro_6-SEAAD	glia	TLP004095	-1.5472904856533365	-1.3393149798489157	Multiome 2025 x PsychAD	Multiome 2025	PsychAD	87
Astro_6-SEAAD	glia	TLP004096	-1.8435562216299202	-3.1691573912605273	Multiome 2025 x PsychAD	Multiome 2025	PsychAD	87
Astro_6-SEAAD	glia	TLP004097	-3.0261102908207764	-2.0166552184143356	Multiome 2025 x PsychAD	Multiome 2025	PsychAD	87
Astro_6-SEAAD	glia	TLP004098	-2.1681328854023034	-1.7381525885268791	Multiome 2025 x PsychAD	Multiome 2025	PsychAD	87
Astro_6-SEAAD	glia	TLP004099	-1.8676870825575804	-2.5387666860232656	Multiome 2025 x PsychAD	Multiome 2025	PsychAD	87
Astro_6-SEAAD	glia	TLP004101	-3.156615572913938	-1.6692747432879838	Multiome 2025 x PsychAD	Multiome 2025	PsychAD	87
Astro_6-SEAAD	glia	TLP004102	0.925748264755601	1.3953754183995652	Multiome 2025 x PsychAD	Multiome 2025	PsychAD	87
Astro_6-SEAAD	glia	TLP004103	-2.5500512260649595	-2.135322671440276	Multiome 2025 x PsychAD	Multiome 2025	PsychAD	87
Astro_6-SEAAD	glia	TLP004107	-2.6644370560817086	-2.0955679634091595	Multiome 2025 x PsychAD	Multiome 2025	PsychAD	87
Astro_6-SEAAD	glia	TLP004108	-1.570395151346693	-0.10869441291591553	Multiome 2025 x PsychAD	Multiome 2025	PsychAD	87
Astro_6-SEAAD	glia	TLP004111	-1.0405810666617255	0.5526413853706114	Multiome 2025 x PsychAD	Multiome 2025	PsychAD	87
Astro_6-SEAAD	glia	TLP004113	1.414326570771606	-0.18533674766630703	Multiome 2025 x PsychAD	Multiome 2025	PsychAD	87
Astro_6-SEAAD	glia	TLP004116	-1.6453592784464828	-2.0215959172615294	Multiome 2025 x PsychAD	Multiome 2025	PsychAD	87
Astro_6-SEAAD	glia	TLP004119	-1.6881395926192768	-1.6546083807850582	Multiome 2025 x PsychAD	Multiome 2025	PsychAD	87
Astro_6-SEAAD	glia	TLP004123	-1.1971339804913992	-2.1122621758886915	Multiome 2025 x PsychAD	Multiome 2025	PsychAD	87
Astro_6-SEAAD	glia	TLP004124	-1.2139139941768082	-1.9742131693810068	Multiome 2025 x PsychAD	Multiome 2025	PsychAD	87
Astro_6-SEAAD	glia	TLP004126	-2.704403996196058	-2.173854855690008	Multiome 2025 x PsychAD	Multiome 2025	PsychAD	87
Astro_6-SEAAD	glia	TLP004128	-1.6099783879541505	-0.501447691635577	Multiome 2025 x PsychAD	Multiome 2025	PsychAD	87
Astro_6-SEAAD	glia	TLP004129	-2.979393661714166	-3.6402584898832924	Multiome 2025 x PsychAD	Multiome 2025	PsychAD	87
Astro_6-SEAAD	glia	TLP004130	-2.879484776741939	-2.0981675846108976	Multiome 2025 x PsychAD	Multiome 2025	PsychAD	87
Astro_6-SEAAD	glia	TLP004133	-3.137731207912127	-1.722186455994878	Multiome 2025 x PsychAD	Multiome 2025	PsychAD	87
Astro_6-SEAAD	glia	TLP004136	-2.60239203884222	-1.5456447061813536	Multiome 2025 x PsychAD	Multiome 2025	PsychAD	87
Astro_6-SEAAD	glia	TLP004137	-2.920644012634904	-2.4630708101098877	Multiome 2025 x PsychAD	Multiome 2025	PsychAD	87
Astro_6-SEAAD	glia	TLP004138	-2.1563256063159972	-1.8344355356477422	Multiome 2025 x PsychAD	Multiome 2025	PsychAD	87
Astro_6-SEAAD	glia	TLP004139	-2.987906727494164	-0.18808589526236652	Multiome 2025 x PsychAD	Multiome 2025	PsychAD	87
Astro_6-SEAAD	glia	TLP004141	-2.2212009406350655	-3.03898665621863	Multiome 2025 x PsychAD	Multiome 2025	PsychAD	87
Astro_6-SEAAD	glia	TLP004142	-2.9976397855281256	0.9149041218885703	Multiome 2025 x PsychAD	Multiome 2025	PsychAD	87
Astro_6-SEAAD	glia	TLP004145	-2.6240348779116722	-3.0665484411013484	Multiome 2025 x PsychAD	Multiome 2025	PsychAD	87
Astro_6-SEAAD	glia	TLP004147	-1.0471143472022648	-2.5638707356398562	Multiome 2025 x PsychAD	Multiome 2025	PsychAD	87
Astro_6-SEAAD	glia	TLP004148	-2.6811995570412126	-1.0416227364442792	Multiome 2025 x PsychAD	Multiome 2025	PsychAD	87
Astro_6-SEAAD	glia	TLP004149	-2.5090705271073164	-2.191509429730841	Multiome 2025 x PsychAD	Multiome 2025	PsychAD	87
Astro_6-SEAAD	glia	TLP004150	-1.1335548220257428	0.7717564085831539	Multiome 2025 x PsychAD	Multiome 2025	PsychAD	87
Astro_6-SEAAD	glia	TLP004151	-2.657079511756926	-2.931187673494727	Multiome 2025 x PsychAD	Multiome 2025	PsychAD	87
Astro_6-SEAAD	glia	TLP004153	-2.864682685598706	-2.851749667713105	Multiome 2025 x PsychAD	Multiome 2025	PsychAD	87
Astro_6-SEAAD	glia	TLP004154	-2.8309377635133863	-0.7228201778648025	Multiome 2025 x PsychAD	Multiome 2025	PsychAD	87
Astro_6-SEAAD	glia	TLP004156	-3.224386166415111	-2.392474167371182	Multiome 2025 x PsychAD	Multiome 2025	PsychAD	87
Astro_6-SEAAD	glia	TLP004157	-2.0303219741573173	-2.777834083155035	Multiome 2025 x PsychAD	Multiome 2025	PsychAD	87
Astro_6-SEAAD	glia	TLP004158	-1.70388750649475	-0.3720329485203919	Multiome 2025 x PsychAD	Multiome 2025	PsychAD	87
Astro_6-SEAAD	glia	TLP004159	-2.4738747063344624	-1.0133017101401274	Multiome 2025 x PsychAD	Multiome 2025	PsychAD	87
Astro_6-SEAAD	glia	TLP004162	0.6288091448868922	2.879478990390582	Multiome 2025 x PsychAD	Multiome 2025	PsychAD	87
Astro_6-SEAAD	glia	TLP004165	-1.3283626697238633	-1.5254706270602867	Multiome 2025 x PsychAD	Multiome 2025	PsychAD	87
Astro_6-SEAAD	glia	TLP004166	-0.6456907567377419	0.07155463850911659	Multiome 2025 x PsychAD	Multiome 2025	PsychAD	87
Astro_6-SEAAD	glia	TLP004167	-2.304902654862868	-2.7207778980203816	Multiome 2025 x PsychAD	Multiome 2025	PsychAD	87
Astro_6-SEAAD	glia	TLP004170	1.7151506836464705	-2.964748982018408	Multiome 2025 x PsychAD	Multiome 2025	PsychAD	87
Astro_6-SEAAD	glia	TLP004173	-2.1619845666074324	-2.381035335279824	Multiome 2025 x PsychAD	Multiome 2025	PsychAD	87
Astro_6-SEAAD	glia	TLP004174	-2.678024394307106	-2.184587786884948	Multiome 2025 x PsychAD	Multiome 2025	PsychAD	87
Astro_6-SEAAD	glia	TLP004175	-2.4411723908190615	-1.9462600709738602	Multiome 2025 x PsychAD	Multiome 2025	PsychAD	87
Astro_6-SEAAD	glia	TLP004176	-0.24277451607479872	-2.0967842582714153	Multiome 2025 x PsychAD	Multiome 2025	PsychAD	87
Astro_6-SEAAD	glia	TLP004177	-2.376369391228206	-1.041857346706907	Multiome 2025 x PsychAD	Multiome 2025	PsychAD	87
Astro_6-SEAAD	glia	TLP004179	-0.463036168830671	-0.5363323518035248	Multiome 2025 x PsychAD	Multiome 2025	PsychAD	87
Astro_6-SEAAD	glia	TLP004180	-2.0425297637093482	0.019024137246202777	Multiome 2025 x PsychAD	Multiome 2025	PsychAD	87
Astro_6-SEAAD	glia	TLP004186	-1.2240058406819028	-0.5383261845630996	Multiome 2025 x PsychAD	Multiome 2025	PsychAD	87
Astro_6-SEAAD	glia	TLP004188	-2.8627597843346484	-2.4285503370460813	Multiome 2025 x PsychAD	Multiome 2025	PsychAD	87
Astro_6-SEAAD	glia	TLP004190	-0.6588974068304019	-0.4078378674694285	Multiome 2025 x PsychAD	Multiome 2025	PsychAD	87
Astro_6-SEAAD	glia	TLP004191	-1.7999416650185482	-0.8164244670323493	Multiome 2025 x PsychAD	Multiome 2025	PsychAD	87
Astro_6-SEAAD	glia	TLP004192	-0.8386457110690353	0.707807055992248	Multiome 2025 x PsychAD	Multiome 2025	PsychAD	87
Astro_6-SEAAD	glia	TLP004193	0.2344290259109041	2.003216477533268	Multiome 2025 x PsychAD	Multiome 2025	PsychAD	87
Astro_6-SEAAD	glia	TLP004194	-2.574613172119638	0.22106402174237605	Multiome 2025 x PsychAD	Multiome 2025	PsychAD	87
Astro_6-SEAAD	glia	TLP004195	-0.4658895868250008	-0.9107497563475153	Multiome 2025 x PsychAD	Multiome 2025	PsychAD	87
Astro_6-SEAAD	glia	TLP004200	-2.679812628882873	-1.0968034340332018	Multiome 2025 x PsychAD	Multiome 2025	PsychAD	87
Astro_6-SEAAD	glia	TLP004202	-1.7280830138820562	-2.159811713624287	Multiome 2025 x PsychAD	Multiome 2025	PsychAD	87
Astro_6-SEAAD	glia	TLP004203	-2.6578669170718223	-3.728302092791469	Multiome 2025 x PsychAD	Multiome 2025	PsychAD	87
Astro_6-SEAAD	glia	TLP004204	-3.2570396729204054	-2.1046913386060817	Multiome 2025 x PsychAD	Multiome 2025	PsychAD	87
Astro_6-SEAAD	glia	TLP004205	-2.8625553773422068	-3.0677961349844525	Multiome 2025 x PsychAD	Multiome 2025	PsychAD	87
Astro_6-SEAAD	glia	TLP004208	-2.8711959994962353	-3.0124321365932714	Multiome 2025 x PsychAD	Multiome 2025	PsychAD	87
Astro_6-SEAAD	glia	TLP004212	-0.47037760323399347	1.9547057191947261	Multiome 2025 x PsychAD	Multiome 2025	PsychAD	87
Astro_6-SEAAD	glia	TLP004213	-2.8441905446487814	-4.024586261061492	Multiome 2025 x PsychAD	Multiome 2025	PsychAD	87
Astro_6-SEAAD	glia	TLP004215	-3.0255813058216408	-1.5251828093100661	Multiome 2025 x PsychAD	Multiome 2025	PsychAD	87
Astro_6-SEAAD	glia	TLP004216	-2.5398724672433044	-2.985731966815808	Multiome 2025 x PsychAD	Multiome 2025	PsychAD	87
Astro_6-SEAAD	glia	TLP004217	-2.966764062467229	-2.4777767802943202	Multiome 2025 x PsychAD	Multiome 2025	PsychAD	87
Astro_6-SEAAD	glia	TLP004218	-2.4886273526227463	-0.7912381165952631	Multiome 2025 x PsychAD	Multiome 2025	PsychAD	87
Astro_6-SEAAD	glia	TLP005084	-0.6441420997720106	1.0872825043720065	Multiome 2025 x PsychAD	Multiome 2025	PsychAD	87
Astro_6-SEAAD	glia	TLP005197	-2.430485982341551	-1.8193861732502565	Multiome 2025 x PsychAD	Multiome 2025	PsychAD	87
Astro_6-SEAAD	glia	TLP005261	-3.5258750178340454	-2.416944312018205	Multiome 2025 x PsychAD	Multiome 2025	PsychAD	87
Astro_6-SEAAD	glia	TLP005322	-2.8275959792488043	-3.0998246191377383	Multiome 2025 x PsychAD	Multiome 2025	PsychAD	87
Astro_6-SEAAD	glia	TLP005868	-2.346622728086132	-3.5360090461759492	Multiome 2025 x PsychAD	Multiome 2025	PsychAD	87
Astro_6-SEAAD	glia	TLP005892	-0.04070563681189743	1.2857057460401116	Multiome 2025 x PsychAD	Multiome 2025	PsychAD	87
Astro_6-SEAAD	glia	TLP005950	-3.151612982423454	-1.22161779075413	Multiome 2025 x PsychAD	Multiome 2025	PsychAD	87
OPC_2_2-SEAAD	glia	TLP000563	-2.844950216168529	-2.6359349350117407	Multiome 2025 x PsychAD	Multiome 2025	PsychAD	87
OPC_2_2-SEAAD	glia	TLP000567	0.5265970057829721	0.8712646871212986	Multiome 2025 x PsychAD	Multiome 2025	PsychAD	87
OPC_2_2-SEAAD	glia	TLP000576	-2.791901023455835	-3.224907516852345	Multiome 2025 x PsychAD	Multiome 2025	PsychAD	87
OPC_2_2-SEAAD	glia	TLP000579	0.2960423383925148	2.167191263904615	Multiome 2025 x PsychAD	Multiome 2025	PsychAD	87
OPC_2_2-SEAAD	glia	TLP000585	-0.3145191751425438	0.31996214964459657	Multiome 2025 x PsychAD	Multiome 2025	PsychAD	87
OPC_2_2-SEAAD	glia	TLP000592	-2.510066738576082	-2.6783524928344233	Multiome 2025 x PsychAD	Multiome 2025	PsychAD	87
OPC_2_2-SEAAD	glia	TLP000603	-2.9663660341714566	-1.5420270406595655	Multiome 2025 x PsychAD	Multiome 2025	PsychAD	87
OPC_2_2-SEAAD	glia	TLP000613	-3.3014177647629355	-0.5564091152417872	Multiome 2025 x PsychAD	Multiome 2025	PsychAD	87
OPC_2_2-SEAAD	glia	TLP004094	1.1226036829308637	-2.3512690550596114	Multiome 2025 x PsychAD	Multiome 2025	PsychAD	87
OPC_2_2-SEAAD	glia	TLP004095	-2.6459027743214465	-2.948752892283016	Multiome 2025 x PsychAD	Multiome 2025	PsychAD	87
OPC_2_2-SEAAD	glia	TLP004096	-1.8435562216299202	-2.070545102592418	Multiome 2025 x PsychAD	Multiome 2025	PsychAD	87
OPC_2_2-SEAAD	glia	TLP004097	-3.0261102908207764	-2.0166552184143356	Multiome 2025 x PsychAD	Multiome 2025	PsychAD	87
OPC_2_2-SEAAD	glia	TLP004098	-2.1681328854023034	-0.8908547281396748	Multiome 2025 x PsychAD	Multiome 2025	PsychAD	87
OPC_2_2-SEAAD	glia	TLP004099	-1.8676870825575804	-0.9293287735891651	Multiome 2025 x PsychAD	Multiome 2025	PsychAD	87
OPC_2_2-SEAAD	glia	TLP004101	-3.156615572913938	-3.2787126557220834	Multiome 2025 x PsychAD	Multiome 2025	PsychAD	87
OPC_2_2-SEAAD	glia	TLP004102	0.37491730637591125	1.5902342558751932	Multiome 2025 x PsychAD	Multiome 2025	PsychAD	87
OPC_2_2-SEAAD	glia	TLP004103	-2.5500512260649595	-3.233934960108386	Multiome 2025 x PsychAD	Multiome 2025	PsychAD	87
OPC_2_2-SEAAD	glia	TLP004107	-2.6644370560817086	-2.0955679634091595	Multiome 2025 x PsychAD	Multiome 2025	PsychAD	87
OPC_2_2-SEAAD	glia	TLP004108	-2.669007440014803	0.21221330716418585	Multiome 2025 x PsychAD	Multiome 2025	PsychAD	87
OPC_2_2-SEAAD	glia	TLP004111	-2.650018979095827	-1.1337575681996173	Multiome 2025 x PsychAD	Multiome 2025	PsychAD	87
OPC_2_2-SEAAD	glia	TLP004113	-0.5465092285003834	2.4423783053450174	Multiome 2025 x PsychAD	Multiome 2025	PsychAD	87
OPC_2_2-SEAAD	glia	TLP004116	-2.743971567114593	-3.1202082059296403	Multiome 2025 x PsychAD	Multiome 2025	PsychAD	87
OPC_2_2-SEAAD	glia	TLP004119	-1.6881395926192768	-2.7532206694531682	Multiome 2025 x PsychAD	Multiome 2025	PsychAD	87
OPC_2_2-SEAAD	glia	TLP004123	-2.295746269159509	-2.1122621758886915	Multiome 2025 x PsychAD	Multiome 2025	PsychAD	87
OPC_2_2-SEAAD	glia	TLP004124	-3.159824143232121	-3.5836510818151064	Multiome 2025 x PsychAD	Multiome 2025	PsychAD	87
OPC_2_2-SEAAD	glia	TLP004126	-1.6057917075279482	-0.5644169432559076	Multiome 2025 x PsychAD	Multiome 2025	PsychAD	87
OPC_2_2-SEAAD	glia	TLP004128	-2.7085906766222605	-2.8993429644339477	Multiome 2025 x PsychAD	Multiome 2025	PsychAD	87
OPC_2_2-SEAAD	glia	TLP004129	-2.979393661714166	-2.5416462012151833	Multiome 2025 x PsychAD	Multiome 2025	PsychAD	87
OPC_2_2-SEAAD	glia	TLP004130	-2.879484776741939	-3.1967798732790076	Multiome 2025 x PsychAD	Multiome 2025	PsychAD	87
OPC_2_2-SEAAD	glia	TLP004133	-1.5282932954780266	-1.9228571514570296	Multiome 2025 x PsychAD	Multiome 2025	PsychAD	87
OPC_2_2-SEAAD	glia	TLP004136	-2.60239203884222	-1.5456447061813536	Multiome 2025 x PsychAD	Multiome 2025	PsychAD	87
OPC_2_2-SEAAD	glia	TLP004137	-1.822031723966794	-3.5616830987779977	Multiome 2025 x PsychAD	Multiome 2025	PsychAD	87
OPC_2_2-SEAAD	glia	TLP004138	-2.1563256063159972	-1.8344355356477422	Multiome 2025 x PsychAD	Multiome 2025	PsychAD	87
OPC_2_2-SEAAD	glia	TLP004139	-2.987906727494164	-2.13399604431768	Multiome 2025 x PsychAD	Multiome 2025	PsychAD	87
OPC_2_2-SEAAD	glia	TLP004141	-1.1225886519669546	-1.9403743675505192	Multiome 2025 x PsychAD	Multiome 2025	PsychAD	87
OPC_2_2-SEAAD	glia	TLP004142	2.178509947045704	1.4869733708952797	Multiome 2025 x PsychAD	Multiome 2025	PsychAD	87
OPC_2_2-SEAAD	glia	TLP004145	-2.6240348779116722	-3.0665484411013484	Multiome 2025 x PsychAD	Multiome 2025	PsychAD	87
OPC_2_2-SEAAD	glia	TLP004147	-2.656552259636366	-2.5638707356398562	Multiome 2025 x PsychAD	Multiome 2025	PsychAD	87
OPC_2_2-SEAAD	glia	TLP004148	-2.6811995570412126	-1.0416227364442792	Multiome 2025 x PsychAD	Multiome 2025	PsychAD	87
OPC_2_2-SEAAD	glia	TLP004149	-2.5090705271073164	-3.29012171839895	Multiome 2025 x PsychAD	Multiome 2025	PsychAD	87
OPC_2_2-SEAAD	glia	TLP004150	-1.7213414869278623	1.2922908464761056	Multiome 2025 x PsychAD	Multiome 2025	PsychAD	87
OPC_2_2-SEAAD	glia	TLP004151	-2.657079511756926	-2.931187673494727	Multiome 2025 x PsychAD	Multiome 2025	PsychAD	87
OPC_2_2-SEAAD	glia	TLP004153	-2.864682685598706	-2.851749667713105	Multiome 2025 x PsychAD	Multiome 2025	PsychAD	87
OPC_2_2-SEAAD	glia	TLP004154	-2.8309377635133863	-1.6783316228922391	Multiome 2025 x PsychAD	Multiome 2025	PsychAD	87
OPC_2_2-SEAAD	glia	TLP004156	-3.224386166415111	-3.491086456039291	Multiome 2025 x PsychAD	Multiome 2025	PsychAD	87
OPC_2_2-SEAAD	glia	TLP004157	-2.0303219741573173	-2.777834083155035	Multiome 2025 x PsychAD	Multiome 2025	PsychAD	87
OPC_2_2-SEAAD	glia	TLP004158	-2.80249979516286	-2.7699282213187626	Multiome 2025 x PsychAD	Multiome 2025	PsychAD	87
OPC_2_2-SEAAD	glia	TLP004159	-2.4738747063344624	-2.959211859195441	Multiome 2025 x PsychAD	Multiome 2025	PsychAD	87
OPC_2_2-SEAAD	glia	TLP004162	0.7197809230926193	3.3314641141336394	Multiome 2025 x PsychAD	Multiome 2025	PsychAD	87
OPC_2_2-SEAAD	glia	TLP004165	-1.3283626697238633	-0.42685833839217757	Multiome 2025 x PsychAD	Multiome 2025	PsychAD	87
OPC_2_2-SEAAD	glia	TLP004166	-1.744303045405852	0.7484412981972817	Multiome 2025 x PsychAD	Multiome 2025	PsychAD	87
OPC_2_2-SEAAD	glia	TLP004167	-1.206290366194759	-2.7207778980203816	Multiome 2025 x PsychAD	Multiome 2025	PsychAD	87
OPC_2_2-SEAAD	glia	TLP004170	-0.9628220622184616	-2.964748982018408	Multiome 2025 x PsychAD	Multiome 2025	PsychAD	87
OPC_2_2-SEAAD	glia	TLP004173	-2.1619845666074324	-2.381035335279824	Multiome 2025 x PsychAD	Multiome 2025	PsychAD	87
OPC_2_2-SEAAD	glia	TLP004174	-2.678024394307106	-2.184587786884948	Multiome 2025 x PsychAD	Multiome 2025	PsychAD	87
OPC_2_2-SEAAD	glia	TLP004175	-2.4411723908190615	-1.4354344472078688	Multiome 2025 x PsychAD	Multiome 2025	PsychAD	87
OPC_2_2-SEAAD	glia	TLP004176	-2.08860120657313	-2.607609882037406	Multiome 2025 x PsychAD	Multiome 2025	PsychAD	87
OPC_2_2-SEAAD	glia	TLP004177	-2.376369391228206	-1.041857346706907	Multiome 2025 x PsychAD	Multiome 2025	PsychAD	87
OPC_2_2-SEAAD	glia	TLP004179	0.7207339281777454	2.086104096575694	Multiome 2025 x PsychAD	Multiome 2025	PsychAD	87
OPC_2_2-SEAAD	glia	TLP004180	-1.195231903322144	0.40614010668617073	Multiome 2025 x PsychAD	Multiome 2025	PsychAD	87
OPC_2_2-SEAAD	glia	TLP004186	-1.2240058406819028	-1.1261128494652182	Multiome 2025 x PsychAD	Multiome 2025	PsychAD	87
OPC_2_2-SEAAD	glia	TLP004188	-1.7641474956665393	-1.3299380483779712	Multiome 2025 x PsychAD	Multiome 2025	PsychAD	87
OPC_2_2-SEAAD	glia	TLP004190	2.751349810351672	3.1958467405812754	Multiome 2025 x PsychAD	Multiome 2025	PsychAD	87
OPC_2_2-SEAAD	glia	TLP004191	-1.7999416650185482	0.03087339335485506	Multiome 2025 x PsychAD	Multiome 2025	PsychAD	87
OPC_2_2-SEAAD	glia	TLP004192	0.8959553443190709	2.1215003913002533	Multiome 2025 x PsychAD	Multiome 2025	PsychAD	87
OPC_2_2-SEAAD	glia	TLP004193	-3.199558178574242	-0.06884495684894532	Multiome 2025 x PsychAD	Multiome 2025	PsychAD	87
OPC_2_2-SEAAD	glia	TLP004194	-0.009663814658101622	-2.0476195195759876	Multiome 2025 x PsychAD	Multiome 2025	PsychAD	87
OPC_2_2-SEAAD	glia	TLP004195	-0.833614366950318	-2.245750823079856	Multiome 2025 x PsychAD	Multiome 2025	PsychAD	87
OPC_2_2-SEAAD	glia	TLP004200	-0.48258805154665385	1.1946083583627187	Multiome 2025 x PsychAD	Multiome 2025	PsychAD	87
OPC_2_2-SEAAD	glia	TLP004202	-2.826695302550166	-2.159811713624287	Multiome 2025 x PsychAD	Multiome 2025	PsychAD	87
OPC_2_2-SEAAD	glia	TLP004203	-2.6578669170718223	-3.728302092791469	Multiome 2025 x PsychAD	Multiome 2025	PsychAD	87
OPC_2_2-SEAAD	glia	TLP004204	-2.1584273842522963	-2.615516962372073	Multiome 2025 x PsychAD	Multiome 2025	PsychAD	87
OPC_2_2-SEAAD	glia	TLP004205	-1.7639430886740968	-3.0677961349844525	Multiome 2025 x PsychAD	Multiome 2025	PsychAD	87
OPC_2_2-SEAAD	glia	TLP004208	-2.8711959994962353	-3.0124321365932714	Multiome 2025 x PsychAD	Multiome 2025	PsychAD	87
OPC_2_2-SEAAD	glia	TLP004212	-1.317675463621197	1.2746878300765738	Multiome 2025 x PsychAD	Multiome 2025	PsychAD	87
OPC_2_2-SEAAD	glia	TLP004213	-2.8441905446487814	-4.024586261061492	Multiome 2025 x PsychAD	Multiome 2025	PsychAD	87
OPC_2_2-SEAAD	glia	TLP004215	-3.0255813058216408	-2.623795097978176	Multiome 2025 x PsychAD	Multiome 2025	PsychAD	87
OPC_2_2-SEAAD	glia	TLP004216	-2.5398724672433044	-2.985731966815808	Multiome 2025 x PsychAD	Multiome 2025	PsychAD	87
OPC_2_2-SEAAD	glia	TLP004217	-2.966764062467229	-3.5763890689624294	Multiome 2025 x PsychAD	Multiome 2025	PsychAD	87
OPC_2_2-SEAAD	glia	TLP004218	-2.4886273526227463	-1.7467495616226998	Multiome 2025 x PsychAD	Multiome 2025	PsychAD	87
OPC_2_2-SEAAD	glia	TLP005084	-1.7427543884401198	0.11003107270816415	Multiome 2025 x PsychAD	Multiome 2025	PsychAD	87
OPC_2_2-SEAAD	glia	TLP005197	-2.430485982341551	1.3833602696880605	Multiome 2025 x PsychAD	Multiome 2025	PsychAD	87
OPC_2_2-SEAAD	glia	TLP005261	-3.5258750178340454	-3.515556600686315	Multiome 2025 x PsychAD	Multiome 2025	PsychAD	87
OPC_2_2-SEAAD	glia	TLP005322	-0.4297007064504337	-2.0012123304696283	Multiome 2025 x PsychAD	Multiome 2025	PsychAD	87
OPC_2_2-SEAAD	glia	TLP005868	0.21832662937540448	-3.5360090461759492	Multiome 2025 x PsychAD	Multiome 2025	PsychAD	87
OPC_2_2-SEAAD	glia	TLP005892	-0.2520147304791047	0.4217408331676964	Multiome 2025 x PsychAD	Multiome 2025	PsychAD	87
OPC_2_2-SEAAD	glia	TLP005950	-3.151612982423454	-2.32023007942224	Multiome 2025 x PsychAD	Multiome 2025	PsychAD	87
OPC_2	glia	TLP000563	3.15893685093801	3.147890247317996	Multiome 2025 x PsychAD	Multiome 2025	PsychAD	87
OPC_2	glia	TLP000567	3.3019803269537693	2.507915163080283	Multiome 2025 x PsychAD	Multiome 2025	PsychAD	87
OPC_2	glia	TLP000576	3.039981453827683	2.6358787066135214	Multiome 2025 x PsychAD	Multiome 2025	PsychAD	87
OPC_2	glia	TLP000579	2.262642880705274	2.8946275179431926	Multiome 2025 x PsychAD	Multiome 2025	PsychAD	87
OPC_2	glia	TLP000585	2.48083475787025	2.4906951115338396	Multiome 2025 x PsychAD	Multiome 2025	PsychAD	87
OPC_2	glia	TLP000592	3.4379682506045643	3.4722502756118563	Multiome 2025 x PsychAD	Multiome 2025	PsychAD	87
OPC_2	glia	TLP000603	2.7340775392192294	3.264722518726895	Multiome 2025 x PsychAD	Multiome 2025	PsychAD	87
OPC_2	glia	TLP000613	2.6925436625436334	3.2623017130447067	Multiome 2025 x PsychAD	Multiome 2025	PsychAD	87
OPC_2	glia	TLP004094	3.584898886332317	3.375578692527586	Multiome 2025 x PsychAD	Multiome 2025	PsychAD	87
OPC_2	glia	TLP004095	3.253994579261045	2.731419716734051	Multiome 2025 x PsychAD	Multiome 2025	PsychAD	87
OPC_2	glia	TLP004096	3.026539049687336	2.9334012033530406	Multiome 2025 x PsychAD	Multiome 2025	PsychAD	87
OPC_2	glia	TLP004097	3.111616763265457	3.306354760724073	Multiome 2025 x PsychAD	Multiome 2025	PsychAD	87
OPC_2	glia	TLP004098	3.39638752192039	2.9158077616306444	Multiome 2025 x PsychAD	Multiome 2025	PsychAD	87
OPC_2	glia	TLP004099	2.232197660040136	3.7322217458350337	Multiome 2025 x PsychAD	Multiome 2025	PsychAD	87
OPC_2	glia	TLP004101	2.3527727637140394	2.2934413764556805	Multiome 2025 x PsychAD	Multiome 2025	PsychAD	87
OPC_2	glia	TLP004102	1.4735295950440204	1.8488082441689033	Multiome 2025 x PsychAD	Multiome 2025	PsychAD	87
OPC_2	glia	TLP004103	3.1897416861142744	2.954329162974204	Multiome 2025 x PsychAD	Multiome 2025	PsychAD	87
OPC_2	glia	TLP004107	3.2299657781831432	2.4995518867254303	Multiome 2025 x PsychAD	Multiome 2025	PsychAD	87
OPC_2	glia	TLP004108	3.383081728909614	2.196589737047295	Multiome 2025 x PsychAD	Multiome 2025	PsychAD	87
OPC_2	glia	TLP004111	-1.5514066904277168	1.9481524015954261	Multiome 2025 x PsychAD	Multiome 2025	PsychAD	87
OPC_2	glia	TLP004113	0.8528572141868604	1.8606568599459892	Multiome 2025 x PsychAD	Multiome 2025	PsychAD	87
OPC_2	glia	TLP004116	2.337432797869871	2.1215388091300027	Multiome 2025 x PsychAD	Multiome 2025	PsychAD	87
OPC_2	glia	TLP004119	-0.5895273039511668	2.1955392209250006	Multiome 2025 x PsychAD	Multiome 2025	PsychAD	87
OPC_2	glia	TLP004123	3.189050664331146	3.285900525629061	Multiome 2025 x PsychAD	Multiome 2025	PsychAD	87
OPC_2	glia	TLP004124	1.4148868352712611	2.187790041314909	Multiome 2025 x PsychAD	Multiome 2025	PsychAD	87
OPC_2	glia	TLP004126	3.4376334093912986	2.7626724662525257	Multiome 2025 x PsychAD	Multiome 2025	PsychAD	87
OPC_2	glia	TLP004128	3.0503110972550203	3.109470221008647	Multiome 2025 x PsychAD	Multiome 2025	PsychAD	87
OPC_2	glia	TLP004129	2.5136677816263817	1.6014885251763493	Multiome 2025 x PsychAD	Multiome 2025	PsychAD	87
OPC_2	glia	TLP004130	3.158386143180198	3.250525989262206	Multiome 2025 x PsychAD	Multiome 2025	PsychAD	87
OPC_2	glia	TLP004133	2.6148414309135064	1.7520360606821672	Multiome 2025 x PsychAD	Multiome 2025	PsychAD	87
OPC_2	glia	TLP004136	3.522291352051984	3.510601099166954	Multiome 2025 x PsychAD	Multiome 2025	PsychAD	87
OPC_2	glia	TLP004137	3.121988821047478	2.713078922463941	Multiome 2025 x PsychAD	Multiome 2025	PsychAD	87
OPC_2	glia	TLP004138	3.8910465727302808	3.9181371031778913	Multiome 2025 x PsychAD	Multiome 2025	PsychAD	87
OPC_2	glia	TLP004139	3.105663042550971	1.9768778198556314	Multiome 2025 x PsychAD	Multiome 2025	PsychAD	87
OPC_2	glia	TLP004141	3.176961760882688	2.8387491255610096	Multiome 2025 x PsychAD	Multiome 2025	PsychAD	87
OPC_2	glia	TLP004142	2.3822575680123346	1.9898466664707755	Multiome 2025 x PsychAD	Multiome 2025	PsychAD	87
OPC_2	glia	TLP004145	3.446702850090817	3.2631724644213476	Multiome 2025 x PsychAD	Multiome 2025	PsychAD	87
OPC_2	glia	TLP004147	2.995936920632285	3.0456010595451026	Multiome 2025 x PsychAD	Multiome 2025	PsychAD	87
OPC_2	glia	TLP004148	3.0777022168360686	2.611629540026506	Multiome 2025 x PsychAD	Multiome 2025	PsychAD	87
OPC_2	glia	TLP004149	3.7843487517391647	3.604548321034531	Multiome 2025 x PsychAD	Multiome 2025	PsychAD	87
OPC_2	glia	TLP004150	2.5069510478039776	3.3404510887748526	Multiome 2025 x PsychAD	Multiome 2025	PsychAD	87
OPC_2	glia	TLP004151	2.6561264672848606	3.6659580283919246	Multiome 2025 x PsychAD	Multiome 2025	PsychAD	87
OPC_2	glia	TLP004153	2.8357608877919804	2.3467473635527205	Multiome 2025 x PsychAD	Multiome 2025	PsychAD	87
OPC_2	glia	TLP004154	2.915265427026767	2.759602643719939	Multiome 2025 x PsychAD	Multiome 2025	PsychAD	87
OPC_2	glia	TLP004156	3.1608082325826152	2.9466651936971098	Multiome 2025 x PsychAD	Multiome 2025	PsychAD	87
OPC_2	glia	TLP004157	3.420716479408383	2.7234241273896913	Multiome 2025 x PsychAD	Multiome 2025	PsychAD	87
OPC_2	glia	TLP004158	2.5681382329648033	2.543277757723025	Multiome 2025 x PsychAD	Multiome 2025	PsychAD	87
OPC_2	glia	TLP004159	3.697825891076452	2.818440464027216	Multiome 2025 x PsychAD	Multiome 2025	PsychAD	87
OPC_2	glia	TLP004162	3.148807114486163	2.7395129455552802	Multiome 2025 x PsychAD	Multiome 2025	PsychAD	87
OPC_2	glia	TLP004165	0.6175474793314502	1.182579574041923	Multiome 2025 x PsychAD	Multiome 2025	PsychAD	87
OPC_2	glia	TLP004166	2.105844556304207	2.105627575159102	Multiome 2025 x PsychAD	Multiome 2025	PsychAD	87
OPC_2	glia	TLP004167	3.8065646846398096	3.0993050323319795	Multiome 2025 x PsychAD	Multiome 2025	PsychAD	87
OPC_2	glia	TLP004170	2.0603091855236437	3.354219131728027	Multiome 2025 x PsychAD	Multiome 2025	PsychAD	87
OPC_2	glia	TLP004173	3.7433772814471378	3.592774276589437	Multiome 2025 x PsychAD	Multiome 2025	PsychAD	87
OPC_2	glia	TLP004174	3.1940933951683093	3.266450666680752	Multiome 2025 x PsychAD	Multiome 2025	PsychAD	87
OPC_2	glia	TLP004175	3.6109167781053557	2.7752105707103922	Multiome 2025 x PsychAD	Multiome 2025	PsychAD	87
OPC_2	glia	TLP004176	2.472268720518382	2.0714301525171406	Multiome 2025 x PsychAD	Multiome 2025	PsychAD	87
OPC_2	glia	TLP004177	3.124888819316521	1.5230920107546293	Multiome 2025 x PsychAD	Multiome 2025	PsychAD	87
OPC_2	glia	TLP004179	1.6247041756638598	1.9026645966803977	Multiome 2025 x PsychAD	Multiome 2025	PsychAD	87
OPC_2	glia	TLP004180	2.4535693272243813	2.3051102308602136	Multiome 2025 x PsychAD	Multiome 2025	PsychAD	87
OPC_2	glia	TLP004186	3.026528138057304	3.59059871125578	Multiome 2025 x PsychAD	Multiome 2025	PsychAD	87
OPC_2	glia	TLP004188	2.7319515952671902	2.59313479323676	Multiome 2025 x PsychAD	Multiome 2025	PsychAD	87
OPC_2	glia	TLP004190	2.195480748417858	2.125858946488003	Multiome 2025 x PsychAD	Multiome 2025	PsychAD	87
OPC_2	glia	TLP004191	2.3109321991547627	2.9902380227379712	Multiome 2025 x PsychAD	Multiome 2025	PsychAD	87
OPC_2	glia	TLP004192	1.0416671555004644	1.0305804482552992	Multiome 2025 x PsychAD	Multiome 2025	PsychAD	87
OPC_2	glia	TLP004193	-0.49150797747203256	-0.3371089434436243	Multiome 2025 x PsychAD	Multiome 2025	PsychAD	87
OPC_2	glia	TLP004194	2.8591088314346007	1.8072450720122095	Multiome 2025 x PsychAD	Multiome 2025	PsychAD	87
OPC_2	glia	TLP004195	2.3941110731948654	1.9708113718664944	Multiome 2025 x PsychAD	Multiome 2025	PsychAD	87
OPC_2	glia	TLP004200	2.8999171971033495	2.7245652031268133	Multiome 2025 x PsychAD	Multiome 2025	PsychAD	87
OPC_2	glia	TLP004202	2.534596863159259	2.8306208731544498	Multiome 2025 x PsychAD	Multiome 2025	PsychAD	87
OPC_2	glia	TLP004203	2.4601268953449322	1.992009683815943	Multiome 2025 x PsychAD	Multiome 2025	PsychAD	87
OPC_2	glia	TLP004204	2.7116678870649595	2.681132347075267	Multiome 2025 x PsychAD	Multiome 2025	PsychAD	87
OPC_2	glia	TLP004205	3.4635940958128923	3.218201959524413	Multiome 2025 x PsychAD	Multiome 2025	PsychAD	87
OPC_2	glia	TLP004208	3.3088206541563374	3.320847491546419	Multiome 2025 x PsychAD	Multiome 2025	PsychAD	87
OPC_2	glia	TLP004212	2.8870171557697692	2.2500674783207355	Multiome 2025 x PsychAD	Multiome 2025	PsychAD	87
OPC_2	glia	TLP004213	2.5895314589054577	1.928657073226292	Multiome 2025 x PsychAD	Multiome 2025	PsychAD	87
OPC_2	glia	TLP004215	2.8577410826666374	2.9330329637213617	Multiome 2025 x PsychAD	Multiome 2025	PsychAD	87
OPC_2	glia	TLP004216	3.402926907883397	3.552407856951862	Multiome 2025 x PsychAD	Multiome 2025	PsychAD	87
OPC_2	glia	TLP004217	2.938597785587341	2.5784690250539875	Multiome 2025 x PsychAD	Multiome 2025	PsychAD	87
OPC_2	glia	TLP004218	3.331455577729616	2.99120173559921	Multiome 2025 x PsychAD	Multiome 2025	PsychAD	87
OPC_2	glia	TLP005084	1.910497888030665	2.3072556500443837	Multiome 2025 x PsychAD	Multiome 2025	PsychAD	87
OPC_2	glia	TLP005197	2.3542241174786183	2.2581512706554627	Multiome 2025 x PsychAD	Multiome 2025	PsychAD	87
OPC_2	glia	TLP005261	2.233026756043235	3.283499261372482	Multiome 2025 x PsychAD	Multiome 2025	PsychAD	87
OPC_2	glia	TLP005322	2.579575792211315	2.417628277326969	Multiome 2025 x PsychAD	Multiome 2025	PsychAD	87
OPC_2	glia	TLP005868	2.3262061063757744	3.392528771988716	Multiome 2025 x PsychAD	Multiome 2025	PsychAD	87
OPC_2	glia	TLP005892	1.64215974417702	2.453494544061817	Multiome 2025 x PsychAD	Multiome 2025	PsychAD	87
OPC_2	glia	TLP005950	2.8373484344664104	3.2594997465639826	Multiome 2025 x PsychAD	Multiome 2025	PsychAD	87
Micro-PVM_2_1-SEAAD	glia	TLP000563	-2.844950216168529	-2.6359349350117407	Multiome 2025 x PsychAD	Multiome 2025	PsychAD	87
Micro-PVM_2_1-SEAAD	glia	TLP000567	-3.6780956136079945	-2.496031142865176	Multiome 2025 x PsychAD	Multiome 2025	PsychAD	87
Micro-PVM_2_1-SEAAD	glia	TLP000576	-1.693288734787724	-3.224907516852345	Multiome 2025 x PsychAD	Multiome 2025	PsychAD	87
Micro-PVM_2_1-SEAAD	glia	TLP000579	-3.417529728311793	-3.203446764223048	Multiome 2025 x PsychAD	Multiome 2025	PsychAD	87
Micro-PVM_2_1-SEAAD	glia	TLP000585	-2.160345865640875	-3.6118634830797296	Multiome 2025 x PsychAD	Multiome 2025	PsychAD	87
Micro-PVM_2_1-SEAAD	glia	TLP000592	-2.510066738576082	-2.6783524928344233	Multiome 2025 x PsychAD	Multiome 2025	PsychAD	87
Micro-PVM_2_1-SEAAD	glia	TLP000603	-2.9663660341714566	-1.5420270406595655	Multiome 2025 x PsychAD	Multiome 2025	PsychAD	87
Micro-PVM_2_1-SEAAD	glia	TLP000613	-3.3014177647629355	-2.954304388040158	Multiome 2025 x PsychAD	Multiome 2025	PsychAD	87
Micro-PVM_2_1-SEAAD	glia	TLP004094	-0.6450582347181308	-2.3512690550596114	Multiome 2025 x PsychAD	Multiome 2025	PsychAD	87
Micro-PVM_2_1-SEAAD	glia	TLP004095	-2.6459027743214465	-2.948752892283016	Multiome 2025 x PsychAD	Multiome 2025	PsychAD	87
Micro-PVM_2_1-SEAAD	glia	TLP004096	-2.94216851029803	-2.070545102592418	Multiome 2025 x PsychAD	Multiome 2025	PsychAD	87
Micro-PVM_2_1-SEAAD	glia	TLP004097	-3.0261102908207764	-2.0166552184143356	Multiome 2025 x PsychAD	Multiome 2025	PsychAD	87
Micro-PVM_2_1-SEAAD	glia	TLP004098	-1.0695205967341943	-2.8367648771949883	Multiome 2025 x PsychAD	Multiome 2025	PsychAD	87
Micro-PVM_2_1-SEAAD	glia	TLP004099	-2.9662993712256904	-1.4401543973551556	Multiome 2025 x PsychAD	Multiome 2025	PsychAD	87
Micro-PVM_2_1-SEAAD	glia	TLP004101	-2.058003284245828	-3.2787126557220834	Multiome 2025 x PsychAD	Multiome 2025	PsychAD	87
Micro-PVM_2_1-SEAAD	glia	TLP004102	-1.5709928426794022	-0.12274433549974795	Multiome 2025 x PsychAD	Multiome 2025	PsychAD	87
Micro-PVM_2_1-SEAAD	glia	TLP004103	-0.940613313630859	-1.6244970476742857	Multiome 2025 x PsychAD	Multiome 2025	PsychAD	87
Micro-PVM_2_1-SEAAD	glia	TLP004107	-2.6644370560817086	-2.0955679634091595	Multiome 2025 x PsychAD	Multiome 2025	PsychAD	87
Micro-PVM_2_1-SEAAD	glia	TLP004108	-1.570395151346693	-3.7196123255601403	Multiome 2025 x PsychAD	Multiome 2025	PsychAD	87
Micro-PVM_2_1-SEAAD	glia	TLP004111	-2.650018979095827	-2.7431954806337178	Multiome 2025 x PsychAD	Multiome 2025	PsychAD	87
Micro-PVM_2_1-SEAAD	glia	TLP004113	-3.4909482076668246	-3.1297757268327473	Multiome 2025 x PsychAD	Multiome 2025	PsychAD	87
Micro-PVM_2_1-SEAAD	glia	TLP004116	-2.743971567114593	-3.1202082059296403	Multiome 2025 x PsychAD	Multiome 2025	PsychAD	87
Micro-PVM_2_1-SEAAD	glia	TLP004119	-1.6881395926192768	-2.7532206694531682	Multiome 2025 x PsychAD	Multiome 2025	PsychAD	87
Micro-PVM_2_1-SEAAD	glia	TLP004123	-2.295746269159509	-2.1122621758886915	Multiome 2025 x PsychAD	Multiome 2025	PsychAD	87
Micro-PVM_2_1-SEAAD	glia	TLP004124	-3.159824143232121	-3.5836510818151064	Multiome 2025 x PsychAD	Multiome 2025	PsychAD	87
Micro-PVM_2_1-SEAAD	glia	TLP004126	-2.704403996196058	-2.510327092311221	Multiome 2025 x PsychAD	Multiome 2025	PsychAD	87
Micro-PVM_2_1-SEAAD	glia	TLP004128	-2.7085906766222605	-2.8993429644339477	Multiome 2025 x PsychAD	Multiome 2025	PsychAD	87
Micro-PVM_2_1-SEAAD	glia	TLP004129	-2.979393661714166	-3.6402584898832924	Multiome 2025 x PsychAD	Multiome 2025	PsychAD	87
Micro-PVM_2_1-SEAAD	glia	TLP004130	-1.7808724880738298	-3.1967798732790076	Multiome 2025 x PsychAD	Multiome 2025	PsychAD	87
Micro-PVM_2_1-SEAAD	glia	TLP004133	-2.039118919244017	-1.722186455994878	Multiome 2025 x PsychAD	Multiome 2025	PsychAD	87
Micro-PVM_2_1-SEAAD	glia	TLP004136	-2.60239203884222	-1.5456447061813536	Multiome 2025 x PsychAD	Multiome 2025	PsychAD	87
Micro-PVM_2_1-SEAAD	glia	TLP004137	-2.920644012634904	-1.9522451863438972	Multiome 2025 x PsychAD	Multiome 2025	PsychAD	87
Micro-PVM_2_1-SEAAD	glia	TLP004138	0.40862375114553995	-1.8344355356477422	Multiome 2025 x PsychAD	Multiome 2025	PsychAD	87
Micro-PVM_2_1-SEAAD	glia	TLP004139	-2.987906727494164	-2.13399604431768	Multiome 2025 x PsychAD	Multiome 2025	PsychAD	87
Micro-PVM_2_1-SEAAD	glia	TLP004141	-2.2212009406350655	-3.03898665621863	Multiome 2025 x PsychAD	Multiome 2025	PsychAD	87
Micro-PVM_2_1-SEAAD	glia	TLP004142	-0.16442644147190855	-2.02953485727787	Multiome 2025 x PsychAD	Multiome 2025	PsychAD	87
Micro-PVM_2_1-SEAAD	glia	TLP004145	-2.6240348779116722	-3.0665484411013484	Multiome 2025 x PsychAD	Multiome 2025	PsychAD	87
Micro-PVM_2_1-SEAAD	glia	TLP004147	-2.656552259636366	-2.5638707356398562	Multiome 2025 x PsychAD	Multiome 2025	PsychAD	87
Micro-PVM_2_1-SEAAD	glia	TLP004148	-2.6811995570412126	-3.7496729375464897	Multiome 2025 x PsychAD	Multiome 2025	PsychAD	87
Micro-PVM_2_1-SEAAD	glia	TLP004149	-2.5090705271073164	-3.29012171839895	Multiome 2025 x PsychAD	Multiome 2025	PsychAD	87
Micro-PVM_2_1-SEAAD	glia	TLP004150	-3.3307793993619628	-1.843203369453044	Multiome 2025 x PsychAD	Multiome 2025	PsychAD	87
Micro-PVM_2_1-SEAAD	glia	TLP004151	-2.657079511756926	-2.931187673494727	Multiome 2025 x PsychAD	Multiome 2025	PsychAD	87
Micro-PVM_2_1-SEAAD	glia	TLP004153	-2.864682685598706	-2.3409240439471146	Multiome 2025 x PsychAD	Multiome 2025	PsychAD	87
Micro-PVM_2_1-SEAAD	glia	TLP004154	-2.8309377635133863	-3.2877695353263388	Multiome 2025 x PsychAD	Multiome 2025	PsychAD	87
Micro-PVM_2_1-SEAAD	glia	TLP004156	-3.224386166415111	-3.491086456039291	Multiome 2025 x PsychAD	Multiome 2025	PsychAD	87
Micro-PVM_2_1-SEAAD	glia	TLP004157	-2.0303219741573173	-2.777834083155035	Multiome 2025 x PsychAD	Multiome 2025	PsychAD	87
Micro-PVM_2_1-SEAAD	glia	TLP004158	-2.80249979516286	-2.7699282213187626	Multiome 2025 x PsychAD	Multiome 2025	PsychAD	87
Micro-PVM_2_1-SEAAD	glia	TLP004159	-2.4738747063344624	-2.959211859195441	Multiome 2025 x PsychAD	Multiome 2025	PsychAD	87
Micro-PVM_2_1-SEAAD	glia	TLP004162	-2.4157132928365304	-2.6217792201541448	Multiome 2025 x PsychAD	Multiome 2025	PsychAD	87
Micro-PVM_2_1-SEAAD	glia	TLP004165	-1.3283626697238633	-1.5254706270602867	Multiome 2025 x PsychAD	Multiome 2025	PsychAD	87
Micro-PVM_2_1-SEAAD	glia	TLP004166	-3.3537409578399515	-3.3624325659760297	Multiome 2025 x PsychAD	Multiome 2025	PsychAD	87
Micro-PVM_2_1-SEAAD	glia	TLP004167	-2.304902654862868	-2.7207778980203816	Multiome 2025 x PsychAD	Multiome 2025	PsychAD	87
Micro-PVM_2_1-SEAAD	glia	TLP004170	-3.1600466395546816	0.07977345570501537	Multiome 2025 x PsychAD	Multiome 2025	PsychAD	87
Micro-PVM_2_1-SEAAD	glia	TLP004173	-2.1619845666074324	-2.381035335279824	Multiome 2025 x PsychAD	Multiome 2025	PsychAD	87
Micro-PVM_2_1-SEAAD	glia	TLP004174	-2.678024394307106	-2.184587786884948	Multiome 2025 x PsychAD	Multiome 2025	PsychAD	87
Micro-PVM_2_1-SEAAD	glia	TLP004175	-2.4411723908190615	-3.0448723596419702	Multiome 2025 x PsychAD	Multiome 2025	PsychAD	87
Micro-PVM_2_1-SEAAD	glia	TLP004176	-3.187213495241239	-0.6616997329820924	Multiome 2025 x PsychAD	Multiome 2025	PsychAD	87
Micro-PVM_2_1-SEAAD	glia	TLP004177	-2.376369391228206	-1.041857346706907	Multiome 2025 x PsychAD	Multiome 2025	PsychAD	87
Micro-PVM_2_1-SEAAD	glia	TLP004179	-3.1710863699328824	-0.2680683652088449	Multiome 2025 x PsychAD	Multiome 2025	PsychAD	87
Micro-PVM_2_1-SEAAD	glia	TLP004180	-3.1411420523774582	-3.9883090479862684	Multiome 2025 x PsychAD	Multiome 2025	PsychAD	87
Micro-PVM_2_1-SEAAD	glia	TLP004186	-3.169915989737216	-2.7355507618993196	Multiome 2025 x PsychAD	Multiome 2025	PsychAD	87
Micro-PVM_2_1-SEAAD	glia	TLP004188	-2.8627597843346484	-3.5271626257141913	Multiome 2025 x PsychAD	Multiome 2025	PsychAD	87
Micro-PVM_2_1-SEAAD	glia	TLP004190	-3.0567926796287725	-3.115888068571639	Multiome 2025 x PsychAD	Multiome 2025	PsychAD	87
Micro-PVM_2_1-SEAAD	glia	TLP004191	-2.8985539536866582	-1.9150367557004584	Multiome 2025 x PsychAD	Multiome 2025	PsychAD	87
Micro-PVM_2_1-SEAAD	glia	TLP004192	-1.9372579997371453	-1.825889757965184	Multiome 2025 x PsychAD	Multiome 2025	PsychAD	87
Micro-PVM_2_1-SEAAD	glia	TLP004193	-3.199558178574242	-2.9020583009051615	Multiome 2025 x PsychAD	Multiome 2025	PsychAD	87
Micro-PVM_2_1-SEAAD	glia	TLP004194	-2.574613172119638	-4.244844096912208	Multiome 2025 x PsychAD	Multiome 2025	PsychAD	87
Micro-PVM_2_1-SEAAD	glia	TLP004195	-3.030838944286537	-3.8551887355139565	Multiome 2025 x PsychAD	Multiome 2025	PsychAD	87
Micro-PVM_2_1-SEAAD	glia	TLP004200	-2.679812628882873	-3.294028011369422	Multiome 2025 x PsychAD	Multiome 2025	PsychAD	87
Micro-PVM_2_1-SEAAD	glia	TLP004202	0.006518041506049954	-1.0611994249561771	Multiome 2025 x PsychAD	Multiome 2025	PsychAD	87
Micro-PVM_2_1-SEAAD	glia	TLP004203	-2.6578669170718223	-3.728302092791469	Multiome 2025 x PsychAD	Multiome 2025	PsychAD	87
Micro-PVM_2_1-SEAAD	glia	TLP004204	-0.8591444001220356	-2.615516962372073	Multiome 2025 x PsychAD	Multiome 2025	PsychAD	87
Micro-PVM_2_1-SEAAD	glia	TLP004205	-2.8625553773422068	-3.0677961349844525	Multiome 2025 x PsychAD	Multiome 2025	PsychAD	87
Micro-PVM_2_1-SEAAD	glia	TLP004208	-2.8711959994962353	-1.9138198479251622	Multiome 2025 x PsychAD	Multiome 2025	PsychAD	87
Micro-PVM_2_1-SEAAD	glia	TLP004212	-2.416287752289307	-3.4702442982866764	Multiome 2025 x PsychAD	Multiome 2025	PsychAD	87
Micro-PVM_2_1-SEAAD	glia	TLP004213	-2.8441905446487814	-4.024586261061492	Multiome 2025 x PsychAD	Multiome 2025	PsychAD	87
Micro-PVM_2_1-SEAAD	glia	TLP004215	-3.0255813058216408	-2.623795097978176	Multiome 2025 x PsychAD	Multiome 2025	PsychAD	87
Micro-PVM_2_1-SEAAD	glia	TLP004216	-2.5398724672433044	-2.985731966815808	Multiome 2025 x PsychAD	Multiome 2025	PsychAD	87
Micro-PVM_2_1-SEAAD	glia	TLP004217	-2.966764062467229	-2.4777767802943202	Multiome 2025 x PsychAD	Multiome 2025	PsychAD	87
Micro-PVM_2_1-SEAAD	glia	TLP004218	-2.4886273526227463	-3.3561874740568003	Multiome 2025 x PsychAD	Multiome 2025	PsychAD	87
Micro-PVM_2_1-SEAAD	glia	TLP005084	-3.352192300874221	-1.4994068397259364	Multiome 2025 x PsychAD	Multiome 2025	PsychAD	87
Micro-PVM_2_1-SEAAD	glia	TLP005197	-3.5290982710096603	-1.4829139366290436	Multiome 2025 x PsychAD	Multiome 2025	PsychAD	87
Micro-PVM_2_1-SEAAD	glia	TLP005261	-3.5258750178340454	-3.515556600686315	Multiome 2025 x PsychAD	Multiome 2025	PsychAD	87
Micro-PVM_2_1-SEAAD	glia	TLP005322	-2.8275959792488043	-3.0998246191377383	Multiome 2025 x PsychAD	Multiome 2025	PsychAD	87
Micro-PVM_2_1-SEAAD	glia	TLP005868	-2.346622728086132	-3.5360090461759492	Multiome 2025 x PsychAD	Multiome 2025	PsychAD	87
Micro-PVM_2_1-SEAAD	glia	TLP005892	-3.085228074535321	-3.5100847995566298	Multiome 2025 x PsychAD	Multiome 2025	PsychAD	87
Micro-PVM_2_1-SEAAD	glia	TLP005950	-3.151612982423454	-2.32023007942224	Multiome 2025 x PsychAD	Multiome 2025	PsychAD	87
Micro-PVM_2	glia	TLP000563	3.292776837917705	2.2985389981189503	Multiome 2025 x PsychAD	Multiome 2025	PsychAD	87
Micro-PVM_2	glia	TLP000567	2.0156365251947057	1.8734167096018455	Multiome 2025 x PsychAD	Multiome 2025	PsychAD	87
Micro-PVM_2	glia	TLP000576	2.960671615369799	3.046080915005955	Multiome 2025 x PsychAD	Multiome 2025	PsychAD	87
Micro-PVM_2	glia	TLP000579	1.5312301620663749	0.7283788685012782	Multiome 2025 x PsychAD	Multiome 2025	PsychAD	87
Micro-PVM_2	glia	TLP000585	3.3409123449038525	3.0095421686844053	Multiome 2025 x PsychAD	Multiome 2025	PsychAD	87
Micro-PVM_2	glia	TLP000592	3.1139507676112568	3.1177052579309485	Multiome 2025 x PsychAD	Multiome 2025	PsychAD	87
Micro-PVM_2	glia	TLP000603	2.1635326807516164	1.9940896589019608	Multiome 2025 x PsychAD	Multiome 2025	PsychAD	87
Micro-PVM_2	glia	TLP000613	3.3410690366043205	3.3610536134821767	Multiome 2025 x PsychAD	Multiome 2025	PsychAD	87
Micro-PVM_2	glia	TLP004094	2.59641742206731	2.2234419234437715	Multiome 2025 x PsychAD	Multiome 2025	PsychAD	87
Micro-PVM_2	glia	TLP004095	2.7522599271963064	2.144997308523746	Multiome 2025 x PsychAD	Multiome 2025	PsychAD	87
Micro-PVM_2	glia	TLP004096	2.8040346802421237	2.2732603192612655	Multiome 2025 x PsychAD	Multiome 2025	PsychAD	87
Micro-PVM_2	glia	TLP004097	3.649712930814071	3.1250083380883242	Multiome 2025 x PsychAD	Multiome 2025	PsychAD	87
Micro-PVM_2	glia	TLP004098	2.1493552281340067	1.9254090576027676	Multiome 2025 x PsychAD	Multiome 2025	PsychAD	87
Micro-PVM_2	glia	TLP004099	3.090484642002935	3.5365793450654186	Multiome 2025 x PsychAD	Multiome 2025	PsychAD	87
Micro-PVM_2	glia	TLP004101	2.7809206321684887	2.180872858422075	Multiome 2025 x PsychAD	Multiome 2025	PsychAD	87
Micro-PVM_2	glia	TLP004102	2.943001462642819	2.657767461577361	Multiome 2025 x PsychAD	Multiome 2025	PsychAD	87
Micro-PVM_2	glia	TLP004103	3.2640793057601067	3.0332655884329762	Multiome 2025 x PsychAD	Multiome 2025	PsychAD	87
Micro-PVM_2	glia	TLP004107	2.820359877408947	1.9117652218233112	Multiome 2025 x PsychAD	Multiome 2025	PsychAD	87
Micro-PVM_2	glia	TLP004108	3.4730299655725534	2.9712299518584238	Multiome 2025 x PsychAD	Multiome 2025	PsychAD	87
Micro-PVM_2	glia	TLP004111	3.7518982176313593	2.455301550632108	Multiome 2025 x PsychAD	Multiome 2025	PsychAD	87
Micro-PVM_2	glia	TLP004113	3.0088388329890305	2.2220824066433194	Multiome 2025 x PsychAD	Multiome 2025	PsychAD	87
Micro-PVM_2	glia	TLP004116	2.672128835089828	2.6758495448357325	Multiome 2025 x PsychAD	Multiome 2025	PsychAD	87
Micro-PVM_2	glia	TLP004119	2.706309562053162	2.6080714962562572	Multiome 2025 x PsychAD	Multiome 2025	PsychAD	87
Micro-PVM_2	glia	TLP004123	2.146904987330807	2.7475502284729805	Multiome 2025 x PsychAD	Multiome 2025	PsychAD	87
Micro-PVM_2	glia	TLP004124	2.933745626813014	2.541032309079098	Multiome 2025 x PsychAD	Multiome 2025	PsychAD	87
Micro-PVM_2	glia	TLP004126	3.7523656593761054	2.9039939499931218	Multiome 2025 x PsychAD	Multiome 2025	PsychAD	87
Micro-PVM_2	glia	TLP004128	2.4675590559515688	2.0773907779866265	Multiome 2025 x PsychAD	Multiome 2025	PsychAD	87
Micro-PVM_2	glia	TLP004129	3.3213921329490774	2.6000173552874766	Multiome 2025 x PsychAD	Multiome 2025	PsychAD	87
Micro-PVM_2	glia	TLP004130	2.4532340165234294	2.675337916196409	Multiome 2025 x PsychAD	Multiome 2025	PsychAD	87
Micro-PVM_2	glia	TLP004133	3.2201110585959727	2.7623557422045986	Multiome 2025 x PsychAD	Multiome 2025	PsychAD	87
Micro-PVM_2	glia	TLP004136	4.029609738553409	3.2556403587330283	Multiome 2025 x PsychAD	Multiome 2025	PsychAD	87
Micro-PVM_2	glia	TLP004137	2.674067366966936	1.6586727263003271	Multiome 2025 x PsychAD	Multiome 2025	PsychAD	87
Micro-PVM_2	glia	TLP004138	2.0180616635796405	4.409731365015994	Multiome 2025 x PsychAD	Multiome 2025	PsychAD	87
Micro-PVM_2	glia	TLP004139	2.8262238043309016	2.1001104602795797	Multiome 2025 x PsychAD	Multiome 2025	PsychAD	87
Micro-PVM_2	glia	TLP004141	3.592929591190001	3.2835785837086546	Multiome 2025 x PsychAD	Multiome 2025	PsychAD	87
Micro-PVM_2	glia	TLP004142	4.2515752715862645	4.000348799734057	Multiome 2025 x PsychAD	Multiome 2025	PsychAD	87
Micro-PVM_2	glia	TLP004145	2.1033529408006677	1.9507313957135755	Multiome 2025 x PsychAD	Multiome 2025	PsychAD	87
Micro-PVM_2	glia	TLP004147	3.1694478477440846	3.313865046139782	Multiome 2025 x PsychAD	Multiome 2025	PsychAD	87
Micro-PVM_2	glia	TLP004148	2.3492383643512236	2.259140247896106	Multiome 2025 x PsychAD	Multiome 2025	PsychAD	87
Micro-PVM_2	glia	TLP004149	2.3192432101949847	2.3900508906181166	Multiome 2025 x PsychAD	Multiome 2025	PsychAD	87
Micro-PVM_2	glia	TLP004150	3.3650195176965294	3.524329066116465	Multiome 2025 x PsychAD	Multiome 2025	PsychAD	87
Micro-PVM_2	glia	TLP004151	3.606318750834697	3.0063485315876997	Multiome 2025 x PsychAD	Multiome 2025	PsychAD	87
Micro-PVM_2	glia	TLP004153	2.9191424967310313	2.2938049442825212	Multiome 2025 x PsychAD	Multiome 2025	PsychAD	87
Micro-PVM_2	glia	TLP004154	2.653859169977269	1.818175938574241	Multiome 2025 x PsychAD	Multiome 2025	PsychAD	87
Micro-PVM_2	glia	TLP004156	2.9176512391722462	2.30497129472608	Multiome 2025 x PsychAD	Multiome 2025	PsychAD	87
Micro-PVM_2	glia	TLP004157	3.5864491235092535	2.9555071937427098	Multiome 2025 x PsychAD	Multiome 2025	PsychAD	87
Micro-PVM_2	glia	TLP004158	2.327398919760214	3.229008340627921	Multiome 2025 x PsychAD	Multiome 2025	PsychAD	87
Micro-PVM_2	glia	TLP004159	4.098407836359545	2.9515847848450867	Multiome 2025 x PsychAD	Multiome 2025	PsychAD	87
Micro-PVM_2	glia	TLP004162	1.8183932117607289	2.238033184207527	Multiome 2025 x PsychAD	Multiome 2025	PsychAD	87
Micro-PVM_2	glia	TLP004165	1.9674741962804658	2.7372092499810288	Multiome 2025 x PsychAD	Multiome 2025	PsychAD	87
Micro-PVM_2	glia	TLP004166	2.518376831635464	2.0357301355417237	Multiome 2025 x PsychAD	Multiome 2025	PsychAD	87
Micro-PVM_2	glia	TLP004167	3.4022076098860072	3.3313112709040347	Multiome 2025 x PsychAD	Multiome 2025	PsychAD	87
Micro-PVM_2	glia	TLP004170	3.0282174835279085	3.6186602401403576	Multiome 2025 x PsychAD	Multiome 2025	PsychAD	87
Micro-PVM_2	glia	TLP004173	2.5475456347049015	2.9516834579855447	Multiome 2025 x PsychAD	Multiome 2025	PsychAD	87
Micro-PVM_2	glia	TLP004174	2.3259219116383525	1.8227453983475224	Multiome 2025 x PsychAD	Multiome 2025	PsychAD	87
Micro-PVM_2	glia	TLP004175	2.268357810493273	2.6146098561176516	Multiome 2025 x PsychAD	Multiome 2025	PsychAD	87
Micro-PVM_2	glia	TLP004176	2.3618625896539807	2.3918521114607243	Multiome 2025 x PsychAD	Multiome 2025	PsychAD	87
Micro-PVM_2	glia	TLP004177	2.5581045419024857	4.300476905257904	Multiome 2025 x PsychAD	Multiome 2025	PsychAD	87
Micro-PVM_2	glia	TLP004179	3.5442970164017993	2.470872322912703	Multiome 2025 x PsychAD	Multiome 2025	PsychAD	87
Micro-PVM_2	glia	TLP004180	2.121548136527428	2.0870369831024163	Multiome 2025 x PsychAD	Multiome 2025	PsychAD	87
Micro-PVM_2	glia	TLP004186	2.4684386795965296	2.1086363245592725	Multiome 2025 x PsychAD	Multiome 2025	PsychAD	87
Micro-PVM_2	glia	TLP004188	2.701760622988045	2.5664071443309453	Multiome 2025 x PsychAD	Multiome 2025	PsychAD	87
Micro-PVM_2	glia	TLP004190	2.2058975092761135	2.0826089626941866	Multiome 2025 x PsychAD	Multiome 2025	PsychAD	87
Micro-PVM_2	glia	TLP004191	2.7254635525006803	3.483125945817294	Multiome 2025 x PsychAD	Multiome 2025	PsychAD	87
Micro-PVM_2	glia	TLP004192	3.68434986673004	3.0119781921419286	Multiome 2025 x PsychAD	Multiome 2025	PsychAD	87
Micro-PVM_2	glia	TLP004193	3.147831031081768	3.885786681404418	Multiome 2025 x PsychAD	Multiome 2025	PsychAD	87
Micro-PVM_2	glia	TLP004194	2.942839724345069	2.629354398541087	Multiome 2025 x PsychAD	Multiome 2025	PsychAD	87
Micro-PVM_2	glia	TLP004195	2.795161163093913	2.7364849964947022	Multiome 2025 x PsychAD	Multiome 2025	PsychAD	87
Micro-PVM_2	glia	TLP004200	3.192305160592543	2.734250508861277	Multiome 2025 x PsychAD	Multiome 2025	PsychAD	87
Micro-PVM_2	glia	TLP004202	2.8602800537896536	2.8964340917240214	Multiome 2025 x PsychAD	Multiome 2025	PsychAD	87
Micro-PVM_2	glia	TLP004203	2.801718597072336	2.409424961294765	Multiome 2025 x PsychAD	Multiome 2025	PsychAD	87
Micro-PVM_2	glia	TLP004204	2.8588524525626275	2.4449661374517504	Multiome 2025 x PsychAD	Multiome 2025	PsychAD	87
Micro-PVM_2	glia	TLP004205	3.4197113695538	3.2031922968738473	Multiome 2025 x PsychAD	Multiome 2025	PsychAD	87
Micro-PVM_2	glia	TLP004208	3.076838989684411	2.300773842448516	Multiome 2025 x PsychAD	Multiome 2025	PsychAD	87
Micro-PVM_2	glia	TLP004212	2.7484982216342075	2.006219253644834	Multiome 2025 x PsychAD	Multiome 2025	PsychAD	87
Micro-PVM_2	glia	TLP004213	2.365295608192639	1.689146544447877	Multiome 2025 x PsychAD	Multiome 2025	PsychAD	87
Micro-PVM_2	glia	TLP004215	3.15028596428412	2.63889509092671	Multiome 2025 x PsychAD	Multiome 2025	PsychAD	87
Micro-PVM_2	glia	TLP004216	3.1403001417737633	2.951804238266619	Multiome 2025 x PsychAD	Multiome 2025	PsychAD	87
Micro-PVM_2	glia	TLP004217	2.922113895865652	2.735345740190484	Multiome 2025 x PsychAD	Multiome 2025	PsychAD	87
Micro-PVM_2	glia	TLP004218	3.1777993354896865	3.1703073855139903	Multiome 2025 x PsychAD	Multiome 2025	PsychAD	87
Micro-PVM_2	glia	TLP005084	3.3942198276991533	3.1945588450452864	Multiome 2025 x PsychAD	Multiome 2025	PsychAD	87
Micro-PVM_2	glia	TLP005197	2.7150686296540756	2.2649080531183423	Multiome 2025 x PsychAD	Multiome 2025	PsychAD	87
Micro-PVM_2	glia	TLP005261	2.654141635818527	3.0109382588844755	Multiome 2025 x PsychAD	Multiome 2025	PsychAD	87
Micro-PVM_2	glia	TLP005322	3.498553493906295	2.487424039262511	Multiome 2025 x PsychAD	Multiome 2025	PsychAD	87
Micro-PVM_2	glia	TLP005868	2.573358197741993	3.4440668943858137	Multiome 2025 x PsychAD	Multiome 2025	PsychAD	87
Micro-PVM_2	glia	TLP005892	2.479292332787373	2.977599218927981	Multiome 2025 x PsychAD	Multiome 2025	PsychAD	87
Micro-PVM_2	glia	TLP005950	3.178107923099243	0.3878201216799706	Multiome 2025 x PsychAD	Multiome 2025	PsychAD	87
Sst_25	neu	TLP003146	1.3423406513043785	0.7255124137605318	BrainSCOPE CMC x PsychAD	BrainSCOPE CMC	PsychAD	54
Sst_25	neu	TLP003157	-2.643946247485178	-1.0836401562291895	BrainSCOPE CMC x PsychAD	BrainSCOPE CMC	PsychAD	54
Sst_25	neu	TLP003170	-1.5272976296888947	0.9399687615333496	BrainSCOPE CMC x PsychAD	BrainSCOPE CMC	PsychAD	54
Sst_25	neu	TLP003203	1.8501963217394897	0.9892395800515636	BrainSCOPE CMC x PsychAD	BrainSCOPE CMC	PsychAD	54
Sst_25	neu	TLP003213	-2.5741528474149424	0.33052633144930166	BrainSCOPE CMC x PsychAD	BrainSCOPE CMC	PsychAD	54
Sst_25	neu	TLP003227	-2.1711140065402477	0.17193947989158342	BrainSCOPE CMC x PsychAD	BrainSCOPE CMC	PsychAD	54
Sst_25	neu	TLP003229	-1.5432981908169427	1.6613048117380833	BrainSCOPE CMC x PsychAD	BrainSCOPE CMC	PsychAD	54
Sst_25	neu	TLP003243	0.8806183871586155	1.000089925535443	BrainSCOPE CMC x PsychAD	BrainSCOPE CMC	PsychAD	54
Sst_25	neu	TLP003257	-1.3379075595002874	-0.9295828470546699	BrainSCOPE CMC x PsychAD	BrainSCOPE CMC	PsychAD	54
Sst_25	neu	TLP003273	0.20284313003319276	1.085027831476454	BrainSCOPE CMC x PsychAD	BrainSCOPE CMC	PsychAD	54
Sst_25	neu	TLP003287	-1.4680191971097383	-1.001482202644512	BrainSCOPE CMC x PsychAD	BrainSCOPE CMC	PsychAD	54
Sst_25	neu	TLP003294	1.6708576970070936	0.7421118083076896	BrainSCOPE CMC x PsychAD	BrainSCOPE CMC	PsychAD	54
Sst_25	neu	TLP003377	1.5622803836384245	0.7932958358214268	BrainSCOPE CMC x PsychAD	BrainSCOPE CMC	PsychAD	54
Sst_25	neu	TLP003413	1.2535033108967673	1.276287048357303	BrainSCOPE CMC x PsychAD	BrainSCOPE CMC	PsychAD	54
Sst_25	neu	TLP003466	-1.262722833255916	-2.3658034102877883	BrainSCOPE CMC x PsychAD	BrainSCOPE CMC	PsychAD	54
Sst_25	neu	TLP003484	-0.33649730588875215	0.24715816987975625	BrainSCOPE CMC x PsychAD	BrainSCOPE CMC	PsychAD	54
Sst_25	neu	TLP003492	0.8763586119115399	0.6513410658862586	BrainSCOPE CMC x PsychAD	BrainSCOPE CMC	PsychAD	54
Sst_25	neu	TLP003511	0.1163359871611167	1.3834855365986858	BrainSCOPE CMC x PsychAD	BrainSCOPE CMC	PsychAD	54
Sst_25	neu	TLP003518	-1.082947672409503	1.26115183254519	BrainSCOPE CMC x PsychAD	BrainSCOPE CMC	PsychAD	54
Sst_25	neu	TLP003565	-0.494102075668609	0.050966853216114494	BrainSCOPE CMC x PsychAD	BrainSCOPE CMC	PsychAD	54
Sst_25	neu	TLP003566	-0.6552538729895474	-0.01021042267405381	BrainSCOPE CMC x PsychAD	BrainSCOPE CMC	PsychAD	54
Sst_25	neu	TLP003603	-0.8298613016249163	1.9984077321199614	BrainSCOPE CMC x PsychAD	BrainSCOPE CMC	PsychAD	54
Sst_25	neu	TLP003631	-0.28815967403261666	-1.3503858315169461	BrainSCOPE CMC x PsychAD	BrainSCOPE CMC	PsychAD	54
Sst_25	neu	TLP003649	-2.340660017180598	-1.012697817896247	BrainSCOPE CMC x PsychAD	BrainSCOPE CMC	PsychAD	54
Sst_25	neu	TLP003650	-1.1469853367787213	-0.9338274030044893	BrainSCOPE CMC x PsychAD	BrainSCOPE CMC	PsychAD	54
Sst_25	neu	TLP003696	1.9544195749484414	0.5585107475849229	BrainSCOPE CMC x PsychAD	BrainSCOPE CMC	PsychAD	54
Sst_25	neu	TLP003698	-1.3449016510682794	0.12910646573678264	BrainSCOPE CMC x PsychAD	BrainSCOPE CMC	PsychAD	54
Sst_25	neu	TLP003699	-1.9801579751139347	-0.01363369593843533	BrainSCOPE CMC x PsychAD	BrainSCOPE CMC	PsychAD	54
Sst_25	neu	TLP003701	-1.433365441347794	0.4220146777561258	BrainSCOPE CMC x PsychAD	BrainSCOPE CMC	PsychAD	54
Sst_25	neu	TLP003711	0.8386747478047862	1.4072463117958245	BrainSCOPE CMC x PsychAD	BrainSCOPE CMC	PsychAD	54
Sst_25	neu	TLP003732	0.921996634551423	1.3429421383974764	BrainSCOPE CMC x PsychAD	BrainSCOPE CMC	PsychAD	54
Sst_25	neu	TLP003737	0.6279826879925885	-0.2146254446214213	BrainSCOPE CMC x PsychAD	BrainSCOPE CMC	PsychAD	54
Sst_25	neu	TLP003746	-1.7642754269895926	1.1335418193480145	BrainSCOPE CMC x PsychAD	BrainSCOPE CMC	PsychAD	54
Sst_25	neu	TLP003757	-2.2160541175572233	-0.848210127973438	BrainSCOPE CMC x PsychAD	BrainSCOPE CMC	PsychAD	54
Sst_25	neu	TLP003772	-1.8377659425819637	-1.5495142609633747	BrainSCOPE CMC x PsychAD	BrainSCOPE CMC	PsychAD	54
Sst_25	neu	TLP003804	1.3216460234873022	1.5363518602294395	BrainSCOPE CMC x PsychAD	BrainSCOPE CMC	PsychAD	54
Sst_25	neu	TLP003806	-1.6925571648665798	-0.5910277256977627	BrainSCOPE CMC x PsychAD	BrainSCOPE CMC	PsychAD	54
Sst_25	neu	TLP003820	-3.375693863972611	-0.8100485668787316	BrainSCOPE CMC x PsychAD	BrainSCOPE CMC	PsychAD	54
Sst_25	neu	TLP003828	-3.685701026831058	-2.5147872723106683	BrainSCOPE CMC x PsychAD	BrainSCOPE CMC	PsychAD	54
Sst_25	neu	TLP003833	-0.03445186125774846	-1.0195690583767902	BrainSCOPE CMC x PsychAD	BrainSCOPE CMC	PsychAD	54
Sst_25	neu	TLP003836	-1.375247218263655	-0.7777187793654488	BrainSCOPE CMC x PsychAD	BrainSCOPE CMC	PsychAD	54
Sst_25	neu	TLP003838	-1.147517505664033	-1.008372891107908	BrainSCOPE CMC x PsychAD	BrainSCOPE CMC	PsychAD	54
Sst_25	neu	TLP003855	-2.296168754324344	0.8002700333113886	BrainSCOPE CMC x PsychAD	BrainSCOPE CMC	PsychAD	54
Sst_25	neu	TLP003871	0.03946556538281509	1.1991435269490447	BrainSCOPE CMC x PsychAD	BrainSCOPE CMC	PsychAD	54
Sst_25	neu	TLP003877	-0.786204141083342	-1.1862716786631182	BrainSCOPE CMC x PsychAD	BrainSCOPE CMC	PsychAD	54
Sst_25	neu	TLP003922	-1.2070923597322603	-0.11114226821220541	BrainSCOPE CMC x PsychAD	BrainSCOPE CMC	PsychAD	54
Sst_25	neu	TLP003956	0.9844242908492884	0.9244813739307158	BrainSCOPE CMC x PsychAD	BrainSCOPE CMC	PsychAD	54
Sst_25	neu	TLP003959	-0.13476393990868551	-0.2276728133278052	BrainSCOPE CMC x PsychAD	BrainSCOPE CMC	PsychAD	54
Sst_25	neu	TLP003968	1.4341722955949203	2.4456874587702107	BrainSCOPE CMC x PsychAD	BrainSCOPE CMC	PsychAD	54
Sst_25	neu	TLP003971	-1.1350295537518509	-1.417598373916193	BrainSCOPE CMC x PsychAD	BrainSCOPE CMC	PsychAD	54
Sst_25	neu	TLP003975	-0.3421467695162006	-0.2809122023404944	BrainSCOPE CMC x PsychAD	BrainSCOPE CMC	PsychAD	54
Sst_25	neu	TLP004011	-1.2488728605521526	0.10788127295499272	BrainSCOPE CMC x PsychAD	BrainSCOPE CMC	PsychAD	54
Sst_25	neu	TLP004017	1.4194962605851957	1.7209267217357165	BrainSCOPE CMC x PsychAD	BrainSCOPE CMC	PsychAD	54
Sst_25	neu	TLP004018	0.7099749666839967	1.9435997611829348	BrainSCOPE CMC x PsychAD	BrainSCOPE CMC	PsychAD	54
Sst_3	neu	TLP003146	1.1992398076637052	1.7240412438716595	BrainSCOPE CMC x PsychAD	BrainSCOPE CMC	PsychAD	54
Sst_3	neu	TLP003157	1.9711742693560819	0.525797756204911	BrainSCOPE CMC x PsychAD	BrainSCOPE CMC	PsychAD	54
Sst_3	neu	TLP003170	0.6699269476473244	1.9745591914365281	BrainSCOPE CMC x PsychAD	BrainSCOPE CMC	PsychAD	54
Sst_3	neu	TLP003203	2.3372112968117613	2.1825170952607515	BrainSCOPE CMC x PsychAD	BrainSCOPE CMC	PsychAD	54
Sst_3	neu	TLP003213	1.1394192192893664	2.6620989613165995	BrainSCOPE CMC x PsychAD	BrainSCOPE CMC	PsychAD	54
Sst_3	neu	TLP003227	0.6620993375159685	1.0192373402787878	BrainSCOPE CMC x PsychAD	BrainSCOPE CMC	PsychAD	54
Sst_3	neu	TLP003229	0.8545970819814288	1.7506499120739338	BrainSCOPE CMC x PsychAD	BrainSCOPE CMC	PsychAD	54
Sst_3	neu	TLP003243	1.8593267486012044	1.6758453633835195	BrainSCOPE CMC x PsychAD	BrainSCOPE CMC	PsychAD	54
Sst_3	neu	TLP003257	0.8593170178359326	1.7784673540475402	BrainSCOPE CMC x PsychAD	BrainSCOPE CMC	PsychAD	54
Sst_3	neu	TLP003273	1.5527698469822084	1.7561961053176245	BrainSCOPE CMC x PsychAD	BrainSCOPE CMC	PsychAD	54
Sst_3	neu	TLP003287	1.2400310039924713	-1.001482202644512	BrainSCOPE CMC x PsychAD	BrainSCOPE CMC	PsychAD	54
Sst_3	neu	TLP003294	0.39789202119420697	2.3018500521895175	BrainSCOPE CMC x PsychAD	BrainSCOPE CMC	PsychAD	54
Sst_3	neu	TLP003377	1.413860378520151	2.039232839246395	BrainSCOPE CMC x PsychAD	BrainSCOPE CMC	PsychAD	54
Sst_3	neu	TLP003413	1.5698406391089241	2.203751080829583	BrainSCOPE CMC x PsychAD	BrainSCOPE CMC	PsychAD	54
Sst_3	neu	TLP003466	1.956152991612285	2.1001047083667954	BrainSCOPE CMC x PsychAD	BrainSCOPE CMC	PsychAD	54
Sst_3	neu	TLP003484	-2.506926753920169e-05	1.3802566346190357	BrainSCOPE CMC x PsychAD	BrainSCOPE CMC	PsychAD	54
Sst_3	neu	TLP003492	2.4942711513366125	1.8643637057321127	BrainSCOPE CMC x PsychAD	BrainSCOPE CMC	PsychAD	54
Sst_3	neu	TLP003511	0.6684045694611571	1.8943111603646767	BrainSCOPE CMC x PsychAD	BrainSCOPE CMC	PsychAD	54
Sst_3	neu	TLP003518	0.5622083226266765	3.081898838646497	BrainSCOPE CMC x PsychAD	BrainSCOPE CMC	PsychAD	54
Sst_3	neu	TLP003565	0.016723548097381524	1.6149423915734573	BrainSCOPE CMC x PsychAD	BrainSCOPE CMC	PsychAD	54
Sst_3	neu	TLP003566	1.8203503841361393	2.2379805982541927	BrainSCOPE CMC x PsychAD	BrainSCOPE CMC	PsychAD	54
Sst_3	neu	TLP003603	-0.8298613016249163	2.495581266717625	BrainSCOPE CMC x PsychAD	BrainSCOPE CMC	PsychAD	54
Sst_3	neu	TLP003631	-0.4888303694947673	2.3631862351873614	BrainSCOPE CMC x PsychAD	BrainSCOPE CMC	PsychAD	54
Sst_3	neu	TLP003649	0.22428934028093828	1.228011871379711	BrainSCOPE CMC x PsychAD	BrainSCOPE CMC	PsychAD	54
Sst_3	neu	TLP003650	1.686228007277495	0.1647848856636207	BrainSCOPE CMC x PsychAD	BrainSCOPE CMC	PsychAD	54
Sst_3	neu	TLP003696	-0.09575158443128196	2.293111802973029	BrainSCOPE CMC x PsychAD	BrainSCOPE CMC	PsychAD	54
Sst_3	neu	TLP003698	2.46176083870204	2.641412089712897	BrainSCOPE CMC x PsychAD	BrainSCOPE CMC	PsychAD	54
Sst_3	neu	TLP003699	0.21706660222228535	2.099330537780044	BrainSCOPE CMC x PsychAD	BrainSCOPE CMC	PsychAD	54
Sst_3	neu	TLP003701	0.763859135988425	2.0451514345483877	BrainSCOPE CMC x PsychAD	BrainSCOPE CMC	PsychAD	54
Sst_3	neu	TLP003711	0.8386747478047862	2.212097481935771	BrainSCOPE CMC x PsychAD	BrainSCOPE CMC	PsychAD	54
Sst_3	neu	TLP003732	2.1219614174798203	2.8210440487704904	BrainSCOPE CMC x PsychAD	BrainSCOPE CMC	PsychAD	54
Sst_3	neu	TLP003737	1.8362938939171225	1.652035332779751	BrainSCOPE CMC x PsychAD	BrainSCOPE CMC	PsychAD	54
Sst_3	neu	TLP003746	0.9872598860523558	1.6758661101733763	BrainSCOPE CMC x PsychAD	BrainSCOPE CMC	PsychAD	54
Sst_3	neu	TLP003757	2.4186748706724126	1.5496851448249331	BrainSCOPE CMC x PsychAD	BrainSCOPE CMC	PsychAD	54
Sst_3	neu	TLP003772	0.5601293302164061	0.848381011834995	BrainSCOPE CMC x PsychAD	BrainSCOPE CMC	PsychAD	54
Sst_3	neu	TLP003804	1.1209753280251515	2.4746214988223696	BrainSCOPE CMC x PsychAD	BrainSCOPE CMC	PsychAD	54
Sst_3	neu	TLP003806	0.5046674124696402	2.5916450505064774	BrainSCOPE CMC x PsychAD	BrainSCOPE CMC	PsychAD	54
Sst_3	neu	TLP003820	0.9937539884944098	1.226833360382308	BrainSCOPE CMC x PsychAD	BrainSCOPE CMC	PsychAD	54
Sst_3	neu	TLP003828	1.2487729062996342	1.4555046412414532	BrainSCOPE CMC x PsychAD	BrainSCOPE CMC	PsychAD	54
Sst_3	neu	TLP003833	2.441152395867938	1.6336729062304247	BrainSCOPE CMC x PsychAD	BrainSCOPE CMC	PsychAD	54
Sst_3	neu	TLP003836	0.8219773590725641	-0.7777187793654488	BrainSCOPE CMC x PsychAD	BrainSCOPE CMC	PsychAD	54
Sst_3	neu	TLP003838	-1.147517505664033	0.6010650213261926	BrainSCOPE CMC x PsychAD	BrainSCOPE CMC	PsychAD	54
Sst_3	neu	TLP003855	0.7483536833990785	2.0854682775599107	BrainSCOPE CMC x PsychAD	BrainSCOPE CMC	PsychAD	54
Sst_3	neu	TLP003871	1.6489034778169156	2.1865301805069297	BrainSCOPE CMC x PsychAD	BrainSCOPE CMC	PsychAD	54
Sst_3	neu	TLP003877	0.7643932713278252	2.032604146205083	BrainSCOPE CMC x PsychAD	BrainSCOPE CMC	PsychAD	54
Sst_3	neu	TLP003922	-1.2070923597322603	2.224232647604831	BrainSCOPE CMC x PsychAD	BrainSCOPE CMC	PsychAD	54
Sst_3	neu	TLP003956	1.5888433558005488	2.6073467549196336	BrainSCOPE CMC x PsychAD	BrainSCOPE CMC	PsychAD	54
Sst_3	neu	TLP003959	1.4392720454744987	2.3150534073490214	BrainSCOPE CMC x PsychAD	BrainSCOPE CMC	PsychAD	54
Sst_3	neu	TLP003968	2.3958187291898727	2.521914824158095	BrainSCOPE CMC x PsychAD	BrainSCOPE CMC	PsychAD	54
Sst_3	neu	TLP003971	1.321706219069453	1.9724257071478375	BrainSCOPE CMC x PsychAD	BrainSCOPE CMC	PsychAD	54
Sst_3	neu	TLP003975	-0.3421467695162006	2.0544627134765423	BrainSCOPE CMC x PsychAD	BrainSCOPE CMC	PsychAD	54
Sst_3	neu	TLP004011	-1.2488728605521526	2.3485909622309507	BrainSCOPE CMC x PsychAD	BrainSCOPE CMC	PsychAD	54
Sst_3	neu	TLP004017	0.7530173271074112	1.1503818632681035	BrainSCOPE CMC x PsychAD	BrainSCOPE CMC	PsychAD	54
Sst_3	neu	TLP004018	1.2392342921388257	2.22655369243877	BrainSCOPE CMC x PsychAD	BrainSCOPE CMC	PsychAD	54
Sst_23	neu	TLP003146	1.3423406513043785	0.21468678999454127	BrainSCOPE CMC x PsychAD	BrainSCOPE CMC	PsychAD	54
Sst_23	neu	TLP003157	-0.6980360984298644	-1.0836401562291895	BrainSCOPE CMC x PsychAD	BrainSCOPE CMC	PsychAD	54
Sst_23	neu	TLP003170	-1.5272976296888947	0.8923407125440947	BrainSCOPE CMC x PsychAD	BrainSCOPE CMC	PsychAD	54
Sst_23	neu	TLP003203	1.3523578935003098	1.5817432348318214	BrainSCOPE CMC x PsychAD	BrainSCOPE CMC	PsychAD	54
Sst_23	neu	TLP003213	-0.17625757461657088	0.33052633144930166	BrainSCOPE CMC x PsychAD	BrainSCOPE CMC	PsychAD	54
Sst_23	neu	TLP003227	-0.5616760941061472	0.6827651036575748	BrainSCOPE CMC x PsychAD	BrainSCOPE CMC	PsychAD	54
Sst_23	neu	TLP003229	-1.5432981908169427	1.679823859505321	BrainSCOPE CMC x PsychAD	BrainSCOPE CMC	PsychAD	54
Sst_23	neu	TLP003243	0.1703767732393704	1.129301657015449	BrainSCOPE CMC x PsychAD	BrainSCOPE CMC	PsychAD	54
Sst_23	neu	TLP003257	-1.3379075595002874	0.5964734564403793	BrainSCOPE CMC x PsychAD	BrainSCOPE CMC	PsychAD	54
Sst_23	neu	TLP003273	-1.7430670190221207	1.1684094404155054	BrainSCOPE CMC x PsychAD	BrainSCOPE CMC	PsychAD	54
Sst_23	neu	TLP003287	-1.4680191971097383	-1.001482202644512	BrainSCOPE CMC x PsychAD	BrainSCOPE CMC	PsychAD	54
Sst_23	neu	TLP003294	1.323661497022905	1.3231416907469296	BrainSCOPE CMC x PsychAD	BrainSCOPE CMC	PsychAD	54
Sst_23	neu	TLP003377	0.29911870792215733	-0.6417886894678961	BrainSCOPE CMC x PsychAD	BrainSCOPE CMC	PsychAD	54
Sst_23	neu	TLP003413	1.696995814594171	1.3415275702257032	BrainSCOPE CMC x PsychAD	BrainSCOPE CMC	PsychAD	54
Sst_23	neu	TLP003466	-1.262722833255916	0.199145947173748	BrainSCOPE CMC x PsychAD	BrainSCOPE CMC	PsychAD	54
Sst_23	neu	TLP003484	-0.8473229296547435	-0.29938553648831334	BrainSCOPE CMC x PsychAD	BrainSCOPE CMC	PsychAD	54
Sst_23	neu	TLP003492	-0.1405756457423024	0.1993559421432014	BrainSCOPE CMC x PsychAD	BrainSCOPE CMC	PsychAD	54
Sst_23	neu	TLP003511	-0.8821928429500101	0.5212620259948064	BrainSCOPE CMC x PsychAD	BrainSCOPE CMC	PsychAD	54
Sst_23	neu	TLP003518	-0.11354711522140004	2.4352716737214446	BrainSCOPE CMC x PsychAD	BrainSCOPE CMC	PsychAD	54
Sst_23	neu	TLP003565	0.016723548097381524	-1.0476454354519955	BrainSCOPE CMC x PsychAD	BrainSCOPE CMC	PsychAD	54
Sst_23	neu	TLP003566	0.9087216653677954	1.048396531380356	BrainSCOPE CMC x PsychAD	BrainSCOPE CMC	PsychAD	54
Sst_23	neu	TLP003603	-0.8298613016249163	1.354857492699388	BrainSCOPE CMC x PsychAD	BrainSCOPE CMC	PsychAD	54
Sst_23	neu	TLP003631	1.0275171198733206	-1.3503858315169461	BrainSCOPE CMC x PsychAD	BrainSCOPE CMC	PsychAD	54
Sst_23	neu	TLP003649	-2.340660017180598	-0.4249111529941274	BrainSCOPE CMC x PsychAD	BrainSCOPE CMC	PsychAD	54
Sst_23	neu	TLP003650	-1.1469853367787213	0.1647848856636207	BrainSCOPE CMC x PsychAD	BrainSCOPE CMC	PsychAD	54
Sst_23	neu	TLP003696	1.3095909716593033	0.7591814430470736	BrainSCOPE CMC x PsychAD	BrainSCOPE CMC	PsychAD	54
Sst_23	neu	TLP003698	0.2645362613658211	0.9764043261239861	BrainSCOPE CMC x PsychAD	BrainSCOPE CMC	PsychAD	54
Sst_23	neu	TLP003699	-1.9801579751139347	0.6329934689866175	BrainSCOPE CMC x PsychAD	BrainSCOPE CMC	PsychAD	54
Sst_23	neu	TLP003701	-1.433365441347794	0.9865444804939774	BrainSCOPE CMC x PsychAD	BrainSCOPE CMC	PsychAD	54
Sst_23	neu	TLP003711	1.312459099890428	1.010831039207578	BrainSCOPE CMC x PsychAD	BrainSCOPE CMC	PsychAD	54
Sst_23	neu	TLP003732	0.5363341537394382	0.7239029299912536	BrainSCOPE CMC x PsychAD	BrainSCOPE CMC	PsychAD	54
Sst_23	neu	TLP003737	0.6279826879925885	0.573831915742848	BrainSCOPE CMC x PsychAD	BrainSCOPE CMC	PsychAD	54
Sst_23	neu	TLP003746	0.8006739304719437	0.47961535194135063	BrainSCOPE CMC x PsychAD	BrainSCOPE CMC	PsychAD	54
Sst_23	neu	TLP003757	0.8284683201662002	-0.848210127973438	BrainSCOPE CMC x PsychAD	BrainSCOPE CMC	PsychAD	54
Sst_23	neu	TLP003772	-1.8377659425819637	-1.5495142609633747	BrainSCOPE CMC x PsychAD	BrainSCOPE CMC	PsychAD	54
Sst_23	neu	TLP003804	0.869660899744245	1.607810824211584	BrainSCOPE CMC x PsychAD	BrainSCOPE CMC	PsychAD	54
Sst_23	neu	TLP003806	-0.5939448761984689	-1.1788143905998814	BrainSCOPE CMC x PsychAD	BrainSCOPE CMC	PsychAD	54
Sst_23	neu	TLP003820	-0.8107445065110745	-0.2992229431127411	BrainSCOPE CMC x PsychAD	BrainSCOPE CMC	PsychAD	54
Sst_23	neu	TLP003828	-1.120751669369521	-1.4161749836425592	BrainSCOPE CMC x PsychAD	BrainSCOPE CMC	PsychAD	54
Sst_23	neu	TLP003833	-0.6222385261598671	0.3154320083555495	BrainSCOPE CMC x PsychAD	BrainSCOPE CMC	PsychAD	54
Sst_23	neu	TLP003836	-0.2766349295955459	-0.7777187793654488	BrainSCOPE CMC x PsychAD	BrainSCOPE CMC	PsychAD	54
Sst_23	neu	TLP003838	-1.147517505664033	-1.008372891107908	BrainSCOPE CMC x PsychAD	BrainSCOPE CMC	PsychAD	54
Sst_23	neu	TLP003855	0.41188144677786553	0.9433708769520628	BrainSCOPE CMC x PsychAD	BrainSCOPE CMC	PsychAD	54
Sst_23	neu	TLP003871	-0.08569757757119145	1.0062398608245529	BrainSCOPE CMC x PsychAD	BrainSCOPE CMC	PsychAD	54
Sst_23	neu	TLP003877	-0.02406408903644497	-1.1862716786631182	BrainSCOPE CMC x PsychAD	BrainSCOPE CMC	PsychAD	54
Sst_23	neu	TLP003922	-0.10848007106415114	0.25658251191311177	BrainSCOPE CMC x PsychAD	BrainSCOPE CMC	PsychAD	54
Sst_23	neu	TLP003956	0.9844242908492884	1.4908768488515172	BrainSCOPE CMC x PsychAD	BrainSCOPE CMC	PsychAD	54
Sst_23	neu	TLP003959	1.0202012853105558	1.1222539036212105	BrainSCOPE CMC x PsychAD	BrainSCOPE CMC	PsychAD	54
Sst_23	neu	TLP003968	0.4976788564032457	1.1978627719154256	BrainSCOPE CMC x PsychAD	BrainSCOPE CMC	PsychAD	54
Sst_23	neu	TLP003971	-0.28773169336464743	-0.5703005135289887	BrainSCOPE CMC x PsychAD	BrainSCOPE CMC	PsychAD	54
Sst_23	neu	TLP003975	-0.3421467695162006	-1.3795244910086035	BrainSCOPE CMC x PsychAD	BrainSCOPE CMC	PsychAD	54
Sst_23	neu	TLP004011	-1.2488728605521526	1.0633927179824294	BrainSCOPE CMC x PsychAD	BrainSCOPE CMC	PsychAD	54
Sst_23	neu	TLP004017	1.4721399940706172	0.983327778604937	BrainSCOPE CMC x PsychAD	BrainSCOPE CMC	PsychAD	54
Sst_23	neu	TLP004018	0.6123364971200811	1.5286559091202268	BrainSCOPE CMC x PsychAD	BrainSCOPE CMC	PsychAD	54
Sst_2	neu	TLP003146	1.7697846661313186	0.5374601822575924	BrainSCOPE CMC x PsychAD	BrainSCOPE CMC	PsychAD	54
Sst_2	neu	TLP003157	0.49154796844397186	-1.0836401562291895	BrainSCOPE CMC x PsychAD	BrainSCOPE CMC	PsychAD	54
Sst_2	neu	TLP003170	0.6699269476473244	0.3976444707079878	BrainSCOPE CMC x PsychAD	BrainSCOPE CMC	PsychAD	54
Sst_2	neu	TLP003203	2.4930816675185463	1.313479248237142	BrainSCOPE CMC x PsychAD	BrainSCOPE CMC	PsychAD	54
Sst_2	neu	TLP003213	1.1394192192893664	1.5046461726255558	BrainSCOPE CMC x PsychAD	BrainSCOPE CMC	PsychAD	54
Sst_2	neu	TLP003227	-2.1711140065402477	-0.9266728087765257	BrainSCOPE CMC x PsychAD	BrainSCOPE CMC	PsychAD	54
Sst_2	neu	TLP003229	-1.5432981908169427	0.5993938899204014	BrainSCOPE CMC x PsychAD	BrainSCOPE CMC	PsychAD	54
Sst_2	neu	TLP003243	0.9774682131485335	0.5772330747154095	BrainSCOPE CMC x PsychAD	BrainSCOPE CMC	PsychAD	54
Sst_2	neu	TLP003257	0.8593170178359326	0.9574868019777094	BrainSCOPE CMC x PsychAD	BrainSCOPE CMC	PsychAD	54
Sst_2	neu	TLP003273	0.20284313003319276	0.14675819288352443	BrainSCOPE CMC x PsychAD	BrainSCOPE CMC	PsychAD	54
Sst_2	neu	TLP003287	-1.4680191971097383	-1.001482202644512	BrainSCOPE CMC x PsychAD	BrainSCOPE CMC	PsychAD	54
Sst_2	neu	TLP003294	1.616049460512099	0.541441112845539	BrainSCOPE CMC x PsychAD	BrainSCOPE CMC	PsychAD	54
Sst_2	neu	TLP003377	0.6630840851235691	0.31372275555954054	BrainSCOPE CMC x PsychAD	BrainSCOPE CMC	PsychAD	54
Sst_2	neu	TLP003413	1.5698406391089241	0.8985245427984738	BrainSCOPE CMC x PsychAD	BrainSCOPE CMC	PsychAD	54
Sst_2	neu	TLP003466	1.8727713826732337	1.1307041511786915	BrainSCOPE CMC x PsychAD	BrainSCOPE CMC	PsychAD	54
Sst_2	neu	TLP003484	-1.9459352183228527	0.34724162843673945	BrainSCOPE CMC x PsychAD	BrainSCOPE CMC	PsychAD	54
Sst_2	neu	TLP003492	1.8220015557982228	1.0866591371441041	BrainSCOPE CMC x PsychAD	BrainSCOPE CMC	PsychAD	54
Sst_2	neu	TLP003511	1.2827708721679878	0.5212620259948064	BrainSCOPE CMC x PsychAD	BrainSCOPE CMC	PsychAD	54
Sst_2	neu	TLP003518	0.8366451683284364	1.1359886895911835	BrainSCOPE CMC x PsychAD	BrainSCOPE CMC	PsychAD	54
Sst_2	neu	TLP003565	-0.1263772955432918	0.050966853216114494	BrainSCOPE CMC x PsychAD	BrainSCOPE CMC	PsychAD	54
Sst_2	neu	TLP003566	1.4650096632105436	0.5238720632562037	BrainSCOPE CMC x PsychAD	BrainSCOPE CMC	PsychAD	54
Sst_2	neu	TLP003603	-0.8298613016249163	0.8653092673806828	BrainSCOPE CMC x PsychAD	BrainSCOPE CMC	PsychAD	54
Sst_2	neu	TLP003631	-2.6860549468309864	0.846838745819273	BrainSCOPE CMC x PsychAD	BrainSCOPE CMC	PsychAD	54
Sst_2	neu	TLP003649	-0.1434354398443789	-0.676225581275034	BrainSCOPE CMC x PsychAD	BrainSCOPE CMC	PsychAD	54
Sst_2	neu	TLP003650	-1.1469853367787213	-0.9338274030044893	BrainSCOPE CMC x PsychAD	BrainSCOPE CMC	PsychAD	54
Sst_2	neu	TLP003696	0.8358066195736615	0.9262355277102401	BrainSCOPE CMC x PsychAD	BrainSCOPE CMC	PsychAD	54
Sst_2	neu	TLP003698	2.318659995061367	1.4872299498899766	BrainSCOPE CMC x PsychAD	BrainSCOPE CMC	PsychAD	54
Sst_2	neu	TLP003699	-1.9801579751139347	0.8843078972675231	BrainSCOPE CMC x PsychAD	BrainSCOPE CMC	PsychAD	54
Sst_2	neu	TLP003701	0.17607247108630641	0.9865444804939774	BrainSCOPE CMC x PsychAD	BrainSCOPE CMC	PsychAD	54
Sst_2	neu	TLP003711	0.5610430112065066	0.8339003310484996	BrainSCOPE CMC x PsychAD	BrainSCOPE CMC	PsychAD	54
Sst_2	neu	TLP003732	1.846255536074755	0.7239029299912536	BrainSCOPE CMC x PsychAD	BrainSCOPE CMC	PsychAD	54
Sst_2	neu	TLP003737	0.6279826879925885	0.8839868440466878	BrainSCOPE CMC x PsychAD	BrainSCOPE CMC	PsychAD	54
Sst_2	neu	TLP003746	1.6697117774955528	0.47961535194135063	BrainSCOPE CMC x PsychAD	BrainSCOPE CMC	PsychAD	54
Sst_2	neu	TLP003757	1.5451459981363396	-0.848210127973438	BrainSCOPE CMC x PsychAD	BrainSCOPE CMC	PsychAD	54
Sst_2	neu	TLP003772	-0.7391536539138546	0.05992365147072487	BrainSCOPE CMC x PsychAD	BrainSCOPE CMC	PsychAD	54
Sst_2	neu	TLP003804	-1.0762492493110685	0.94856519532732	BrainSCOPE CMC x PsychAD	BrainSCOPE CMC	PsychAD	54
Sst_2	neu	TLP003806	1.2518818142998613	-0.08020210193177224	BrainSCOPE CMC x PsychAD	BrainSCOPE CMC	PsychAD	54
Sst_2	neu	TLP003820	-1.4297837149172983	-0.8100485668787316	BrainSCOPE CMC x PsychAD	BrainSCOPE CMC	PsychAD	54
Sst_2	neu	TLP003828	1.189496296370094	-0.11689199951229856	BrainSCOPE CMC x PsychAD	BrainSCOPE CMC	PsychAD	54
Sst_2	neu	TLP003833	0.1662188342044031	0.4155154669125327	BrainSCOPE CMC x PsychAD	BrainSCOPE CMC	PsychAD	54
Sst_2	neu	TLP003836	-1.375247218263655	-0.7777187793654488	BrainSCOPE CMC x PsychAD	BrainSCOPE CMC	PsychAD	54
Sst_2	neu	TLP003838	-1.147517505664033	0.09023939756020116	BrainSCOPE CMC x PsychAD	BrainSCOPE CMC	PsychAD	54
Sst_2	neu	TLP003855	0.9996681116799842	1.0685340199060684	BrainSCOPE CMC x PsychAD	BrainSCOPE CMC	PsychAD	54
Sst_2	neu	TLP003871	1.6948885910587386	1.5505414137869327	BrainSCOPE CMC x PsychAD	BrainSCOPE CMC	PsychAD	54
Sst_2	neu	TLP003877	0.21232468902778479	-1.1862716786631182	BrainSCOPE CMC x PsychAD	BrainSCOPE CMC	PsychAD	54
Sst_2	neu	TLP003922	-1.2070923597322603	0.736155592174998	BrainSCOPE CMC x PsychAD	BrainSCOPE CMC	PsychAD	54
Sst_2	neu	TLP003956	0.5106399387636467	0.5880091373095029	BrainSCOPE CMC x PsychAD	BrainSCOPE CMC	PsychAD	54
Sst_2	neu	TLP003959	0.7000337577142863	1.2604042421020276	BrainSCOPE CMC x PsychAD	BrainSCOPE CMC	PsychAD	54
Sst_2	neu	TLP003968	1.6872629232770828	0.9660611578581006	BrainSCOPE CMC x PsychAD	BrainSCOPE CMC	PsychAD	54
Sst_2	neu	TLP003971	-0.6242039299858604	0.048738694877234146	BrainSCOPE CMC x PsychAD	BrainSCOPE CMC	PsychAD	54
Sst_2	neu	TLP003975	-0.3421467695162006	0.2299134214254961	BrainSCOPE CMC x PsychAD	BrainSCOPE CMC	PsychAD	54
Sst_2	neu	TLP004011	-1.2488728605521526	0.4443535095762057	BrainSCOPE CMC x PsychAD	BrainSCOPE CMC	PsychAD	54
Sst_2	neu	TLP004017	1.027454172809172	0.7826570831427864	BrainSCOPE CMC x PsychAD	BrainSCOPE CMC	PsychAD	54
Sst_2	neu	TLP004018	1.693706979353685	1.1088020635599625	BrainSCOPE CMC x PsychAD	BrainSCOPE CMC	PsychAD	54
OPC_2	glia	TLP003146	2.691813615935225	1.4236952019330342	BrainSCOPE CMC x PsychAD	BrainSCOPE CMC	PsychAD	54
OPC_2	glia	TLP003157	1.955872279785904	3.4378864868419874	BrainSCOPE CMC x PsychAD	BrainSCOPE CMC	PsychAD	54
OPC_2	glia	TLP003170	1.3981678928974164	2.272809810943335	BrainSCOPE CMC x PsychAD	BrainSCOPE CMC	PsychAD	54
OPC_2	glia	TLP003203	2.5481570410386962	2.3799114770749865	BrainSCOPE CMC x PsychAD	BrainSCOPE CMC	PsychAD	54
OPC_2	glia	TLP003213	-1.7502392112441543	1.4985089589005876	BrainSCOPE CMC x PsychAD	BrainSCOPE CMC	PsychAD	54
OPC_2	glia	TLP003227	2.137917801607216	2.7004632427316535	BrainSCOPE CMC x PsychAD	BrainSCOPE CMC	PsychAD	54
OPC_2	glia	TLP003229	1.8750698031625674	1.064212027000822	BrainSCOPE CMC x PsychAD	BrainSCOPE CMC	PsychAD	54
OPC_2	glia	TLP003243	1.859007190920284	1.8433223446895717	BrainSCOPE CMC x PsychAD	BrainSCOPE CMC	PsychAD	54
OPC_2	glia	TLP003257	1.9252502107603422	1.9009887490759634	BrainSCOPE CMC x PsychAD	BrainSCOPE CMC	PsychAD	54
OPC_2	glia	TLP003273	1.5889184897837838	1.9315808110816168	BrainSCOPE CMC x PsychAD	BrainSCOPE CMC	PsychAD	54
OPC_2	glia	TLP003287	1.3051867328883495	2.342169112254396	BrainSCOPE CMC x PsychAD	BrainSCOPE CMC	PsychAD	54
OPC_2	glia	TLP003294	2.9973652435585443	2.706929079995926	BrainSCOPE CMC x PsychAD	BrainSCOPE CMC	PsychAD	54
OPC_2	glia	TLP003377	2.4818645323445483	2.82822689453354	BrainSCOPE CMC x PsychAD	BrainSCOPE CMC	PsychAD	54
OPC_2	glia	TLP003413	1.9689232388797668	2.307380103387092	BrainSCOPE CMC x PsychAD	BrainSCOPE CMC	PsychAD	54
OPC_2	glia	TLP003466	2.773030308486064	2.114885545633897	BrainSCOPE CMC x PsychAD	BrainSCOPE CMC	PsychAD	54
OPC_2	glia	TLP003484	1.8166532811970795	2.442542002610357	BrainSCOPE CMC x PsychAD	BrainSCOPE CMC	PsychAD	54
OPC_2	glia	TLP003492	2.048462846442308	1.8057857699064956	BrainSCOPE CMC x PsychAD	BrainSCOPE CMC	PsychAD	54
OPC_2	glia	TLP003511	2.428491362643144	1.9746989111797406	BrainSCOPE CMC x PsychAD	BrainSCOPE CMC	PsychAD	54
OPC_2	glia	TLP003518	0.9935500438655773	2.1366364497421917	BrainSCOPE CMC x PsychAD	BrainSCOPE CMC	PsychAD	54
OPC_2	glia	TLP003565	2.7940362778322223	1.945400211319107	BrainSCOPE CMC x PsychAD	BrainSCOPE CMC	PsychAD	54
OPC_2	glia	TLP003566	3.373884639594169	2.593130195711453	BrainSCOPE CMC x PsychAD	BrainSCOPE CMC	PsychAD	54
OPC_2	glia	TLP003603	1.496644751133242	1.0422423075218799	BrainSCOPE CMC x PsychAD	BrainSCOPE CMC	PsychAD	54
OPC_2	glia	TLP003631	2.462595566345166	1.215334020921281	BrainSCOPE CMC x PsychAD	BrainSCOPE CMC	PsychAD	54
OPC_2	glia	TLP003649	2.192883778830435	1.4613624702880452	BrainSCOPE CMC x PsychAD	BrainSCOPE CMC	PsychAD	54
OPC_2	glia	TLP003650	1.7322900232727094	1.3981158272648289	BrainSCOPE CMC x PsychAD	BrainSCOPE CMC	PsychAD	54
OPC_2	glia	TLP003696	2.9706446796473207	1.7958578414097572	BrainSCOPE CMC x PsychAD	BrainSCOPE CMC	PsychAD	54
OPC_2	glia	TLP003698	2.974281451596338	2.196898297490531	BrainSCOPE CMC x PsychAD	BrainSCOPE CMC	PsychAD	54
OPC_2	glia	TLP003699	-1.0460691484853202	1.6313958160766218	BrainSCOPE CMC x PsychAD	BrainSCOPE CMC	PsychAD	54
OPC_2	glia	TLP003701	1.4412576164419586	1.9316697582466134	BrainSCOPE CMC x PsychAD	BrainSCOPE CMC	PsychAD	54
OPC_2	glia	TLP003711	-1.6806364022575444	1.1342954387365989	BrainSCOPE CMC x PsychAD	BrainSCOPE CMC	PsychAD	54
OPC_2	glia	TLP003732	1.5896009606217043	1.6859034902263041	BrainSCOPE CMC x PsychAD	BrainSCOPE CMC	PsychAD	54
OPC_2	glia	TLP003737	1.2773198128726029	1.1929317275408233	BrainSCOPE CMC x PsychAD	BrainSCOPE CMC	PsychAD	54
OPC_2	glia	TLP003746	3.84374365767321	-0.9016161464731267	BrainSCOPE CMC x PsychAD	BrainSCOPE CMC	PsychAD	54
OPC_2	glia	TLP003757	2.9153581709445784	2.158778953870416	BrainSCOPE CMC x PsychAD	BrainSCOPE CMC	PsychAD	54
OPC_2	glia	TLP003772	2.4332214290797958	2.446289786594187	BrainSCOPE CMC x PsychAD	BrainSCOPE CMC	PsychAD	54
OPC_2	glia	TLP003804	1.9803260110730765	1.813982780466545	BrainSCOPE CMC x PsychAD	BrainSCOPE CMC	PsychAD	54
OPC_2	glia	TLP003806	1.9811255897617555	0.47935986078549675	BrainSCOPE CMC x PsychAD	BrainSCOPE CMC	PsychAD	54
OPC_2	glia	TLP003820	2.940131729945298	2.9348528944127956	BrainSCOPE CMC x PsychAD	BrainSCOPE CMC	PsychAD	54
OPC_2	glia	TLP003828	1.2110663072218721	1.4393371874317435	BrainSCOPE CMC x PsychAD	BrainSCOPE CMC	PsychAD	54
OPC_2	glia	TLP003833	2.3525316145270163	1.5232052463993706	BrainSCOPE CMC x PsychAD	BrainSCOPE CMC	PsychAD	54
OPC_2	glia	TLP003836	0.9992872901473757	2.1066913311353974	BrainSCOPE CMC x PsychAD	BrainSCOPE CMC	PsychAD	54
OPC_2	glia	TLP003838	-0.5791443729554824	3.2038825764762713	BrainSCOPE CMC x PsychAD	BrainSCOPE CMC	PsychAD	54
OPC_2	glia	TLP003855	2.317783299793126	1.6853304151337714	BrainSCOPE CMC x PsychAD	BrainSCOPE CMC	PsychAD	54
OPC_2	glia	TLP003871	2.489873342981225	1.6493287032818515	BrainSCOPE CMC x PsychAD	BrainSCOPE CMC	PsychAD	54
OPC_2	glia	TLP003877	1.5299040942088116	1.1607478514665668	BrainSCOPE CMC x PsychAD	BrainSCOPE CMC	PsychAD	54
OPC_2	glia	TLP003922	-1.033511084689846	1.7591807328295177	BrainSCOPE CMC x PsychAD	BrainSCOPE CMC	PsychAD	54
OPC_2	glia	TLP003956	2.0867662380401173	2.3006535864184046	BrainSCOPE CMC x PsychAD	BrainSCOPE CMC	PsychAD	54
OPC_2	glia	TLP003959	1.4584407404695914	2.122049694385995	BrainSCOPE CMC x PsychAD	BrainSCOPE CMC	PsychAD	54
OPC_2	glia	TLP003968	3.178184694389966	2.4976076042879125	BrainSCOPE CMC x PsychAD	BrainSCOPE CMC	PsychAD	54
OPC_2	glia	TLP003971	2.0114017572938447	2.306479217980298	BrainSCOPE CMC x PsychAD	BrainSCOPE CMC	PsychAD	54
OPC_2	glia	TLP003975	-0.9772127617861548	1.968020083521761	BrainSCOPE CMC x PsychAD	BrainSCOPE CMC	PsychAD	54
OPC_2	glia	TLP004011	0.30171741293695487	1.6920600918783837	BrainSCOPE CMC x PsychAD	BrainSCOPE CMC	PsychAD	54
OPC_2	glia	TLP004017	0.6658020399739675	0.07812896901759192	BrainSCOPE CMC x PsychAD	BrainSCOPE CMC	PsychAD	54
OPC_2	glia	TLP004018	1.795297810657488	1.8752925305236223	BrainSCOPE CMC x PsychAD	BrainSCOPE CMC	PsychAD	54
Micro-PVM_2	glia	TLP003146	1.1703444764470818	1.5589966805738622	BrainSCOPE CMC x PsychAD	BrainSCOPE CMC	PsychAD	54
Micro-PVM_2	glia	TLP003157	-2.903940124575768	-0.9761231936849448	BrainSCOPE CMC x PsychAD	BrainSCOPE CMC	PsychAD	54
Micro-PVM_2	glia	TLP003170	-0.7990566844388032	1.3574497445621327	BrainSCOPE CMC x PsychAD	BrainSCOPE CMC	PsychAD	54
Micro-PVM_2	glia	TLP003203	1.2613304266094811	1.972309159348017	BrainSCOPE CMC x PsychAD	BrainSCOPE CMC	PsychAD	54
Micro-PVM_2	glia	TLP003213	-1.7502392112441543	2.643968220865486	BrainSCOPE CMC x PsychAD	BrainSCOPE CMC	PsychAD	54
Micro-PVM_2	glia	TLP003227	-2.589470017105125	1.736072716063087	BrainSCOPE CMC x PsychAD	BrainSCOPE CMC	PsychAD	54
Micro-PVM_2	glia	TLP003229	-1.0336510934017937	2.1470604424358672	BrainSCOPE CMC x PsychAD	BrainSCOPE CMC	PsychAD	54
Micro-PVM_2	glia	TLP003243	0.48452731321415676	2.102455039034634	BrainSCOPE CMC x PsychAD	BrainSCOPE CMC	PsychAD	54
Micro-PVM_2	glia	TLP003257	-0.3629461447816036	2.216069795715859	BrainSCOPE CMC x PsychAD	BrainSCOPE CMC	PsychAD	54
Micro-PVM_2	glia	TLP003273	0.541930566520981	1.6088074188185657	BrainSCOPE CMC x PsychAD	BrainSCOPE CMC	PsychAD	54
Micro-PVM_2	glia	TLP003287	-2.408385333815958	2.922436944742488	BrainSCOPE CMC x PsychAD	BrainSCOPE CMC	PsychAD	54
Micro-PVM_2	glia	TLP003294	0.9604833162975042	1.7312299225152294	BrainSCOPE CMC x PsychAD	BrainSCOPE CMC	PsychAD	54
Micro-PVM_2	glia	TLP003377	-0.0653460007796065	0.20884233051698597	BrainSCOPE CMC x PsychAD	BrainSCOPE CMC	PsychAD	54
Micro-PVM_2	glia	TLP003413	-2.3748821829739173	1.924320712254194	BrainSCOPE CMC x PsychAD	BrainSCOPE CMC	PsychAD	54
Micro-PVM_2	glia	TLP003466	1.2771162223489512	2.59142579318214	BrainSCOPE CMC x PsychAD	BrainSCOPE CMC	PsychAD	54
Micro-PVM_2	glia	TLP003484	-1.6798542802694003	1.2187665709882411	BrainSCOPE CMC x PsychAD	BrainSCOPE CMC	PsychAD	54
Micro-PVM_2	glia	TLP003492	-1.9945884213922422	0.7772020855988693	BrainSCOPE CMC x PsychAD	BrainSCOPE CMC	PsychAD	54
Micro-PVM_2	glia	TLP003511	-2.0823681438737056	2.3077941922912233	BrainSCOPE CMC x PsychAD	BrainSCOPE CMC	PsychAD	54
Micro-PVM_2	glia	TLP003518	-0.07564835959623917	1.3176090232932434	BrainSCOPE CMC x PsychAD	BrainSCOPE CMC	PsychAD	54
Micro-PVM_2	glia	TLP003565	-1.0977840202784046	2.0664109742320123	BrainSCOPE CMC x PsychAD	BrainSCOPE CMC	PsychAD	54
Micro-PVM_2	glia	TLP003566	-2.1489087235018562	2.0694544639641648	BrainSCOPE CMC x PsychAD	BrainSCOPE CMC	PsychAD	54
Micro-PVM_2	glia	TLP003603	-0.4492653979220713	2.302973445666425	BrainSCOPE CMC x PsychAD	BrainSCOPE CMC	PsychAD	54
Micro-PVM_2	glia	TLP003631	-3.146876228839794	1.8970150643935821	BrainSCOPE CMC x PsychAD	BrainSCOPE CMC	PsychAD	54
Micro-PVM_2	glia	TLP003649	-0.5984239925105923	1.7963570561047448	BrainSCOPE CMC x PsychAD	BrainSCOPE CMC	PsychAD	54
Micro-PVM_2	glia	TLP003650	-2.3107612445618413	2.040371400528385	BrainSCOPE CMC x PsychAD	BrainSCOPE CMC	PsychAD	54
Micro-PVM_2	glia	TLP003696	0.7167677869687203	3.426312289205516	BrainSCOPE CMC x PsychAD	BrainSCOPE CMC	PsychAD	54
Micro-PVM_2	glia	TLP003698	-2.705891157420729	1.453929493154491	BrainSCOPE CMC x PsychAD	BrainSCOPE CMC	PsychAD	54
Micro-PVM_2	glia	TLP003699	-1.0460691484853202	1.6518046877078292	BrainSCOPE CMC x PsychAD	BrainSCOPE CMC	PsychAD	54
Micro-PVM_2	glia	TLP003701	-0.8411247692345674	1.7052981663151678	BrainSCOPE CMC x PsychAD	BrainSCOPE CMC	PsychAD	54
Micro-PVM_2	glia	TLP003711	-1.6806364022575444	1.143796697860739	BrainSCOPE CMC x PsychAD	BrainSCOPE CMC	PsychAD	54
Micro-PVM_2	glia	TLP003732	1.7959754808774453	1.7869357154578722	BrainSCOPE CMC x PsychAD	BrainSCOPE CMC	PsychAD	54
Micro-PVM_2	glia	TLP003737	1.0680283743665449	0.6855904278574436	BrainSCOPE CMC x PsychAD	BrainSCOPE CMC	PsychAD	54
Micro-PVM_2	glia	TLP003746	-2.6590463882424134	3.7712126879887795	BrainSCOPE CMC x PsychAD	BrainSCOPE CMC	PsychAD	54
Micro-PVM_2	glia	TLP003757	-3.1225127489775595	1.461438895050435	BrainSCOPE CMC x PsychAD	BrainSCOPE CMC	PsychAD	54
Micro-PVM_2	glia	TLP003772	-1.2115161318042151	2.3270419784479888	BrainSCOPE CMC x PsychAD	BrainSCOPE CMC	PsychAD	54
Micro-PVM_2	glia	TLP003804	-0.3020563746034499	1.672292374295234	BrainSCOPE CMC x PsychAD	BrainSCOPE CMC	PsychAD	54
Micro-PVM_2	glia	TLP003806	-1.6926402265421325	1.9406400287899501	BrainSCOPE CMC x PsychAD	BrainSCOPE CMC	PsychAD	54
Micro-PVM_2	glia	TLP003820	-3.028575830040068	0.6680350252773808	BrainSCOPE CMC x PsychAD	BrainSCOPE CMC	PsychAD	54
Micro-PVM_2	glia	TLP003828	0.031191054474996704	2.7471784858137323	BrainSCOPE CMC x PsychAD	BrainSCOPE CMC	PsychAD	54
Micro-PVM_2	glia	TLP003833	-4.107372839850519	0.6166706894705802	BrainSCOPE CMC x PsychAD	BrainSCOPE CMC	PsychAD	54
Micro-PVM_2	glia	TLP003836	-1.83392605390884	2.596239556454103	BrainSCOPE CMC x PsychAD	BrainSCOPE CMC	PsychAD	54
Micro-PVM_2	glia	TLP003838	-0.5791443729554824	2.230735819636561	BrainSCOPE CMC x PsychAD	BrainSCOPE CMC	PsychAD	54
Micro-PVM_2	glia	TLP003855	1.5080485409815707	1.5175740832507345	BrainSCOPE CMC x PsychAD	BrainSCOPE CMC	PsychAD	54
Micro-PVM_2	glia	TLP003871	-0.9391387268638072	1.853532971325314	BrainSCOPE CMC x PsychAD	BrainSCOPE CMC	PsychAD	54
Micro-PVM_2	glia	TLP003877	-1.5334868278189946	1.210140606796143	BrainSCOPE CMC x PsychAD	BrainSCOPE CMC	PsychAD	54
Micro-PVM_2	glia	TLP003922	-1.033511084689846	2.802479383513575	BrainSCOPE CMC x PsychAD	BrainSCOPE CMC	PsychAD	54
Micro-PVM_2	glia	TLP003956	1.1032809409702748	1.9215650476427721	BrainSCOPE CMC x PsychAD	BrainSCOPE CMC	PsychAD	54
Micro-PVM_2	glia	TLP003959	0.7257145736289878	1.7973077975502716	BrainSCOPE CMC x PsychAD	BrainSCOPE CMC	PsychAD	54
Micro-PVM_2	glia	TLP003968	-3.7042527766078814	1.1125961169809107	BrainSCOPE CMC x PsychAD	BrainSCOPE CMC	PsychAD	54
Micro-PVM_2	glia	TLP003971	0.1022188999586886	1.0810002084333985	BrainSCOPE CMC x PsychAD	BrainSCOPE CMC	PsychAD	54
Micro-PVM_2	glia	TLP003975	-0.9772127617861548	1.7129141815045927	BrainSCOPE CMC x PsychAD	BrainSCOPE CMC	PsychAD	54
Micro-PVM_2	glia	TLP004011	-1.8955071643992643	1.0251808381390486	BrainSCOPE CMC x PsychAD	BrainSCOPE CMC	PsychAD	54
Micro-PVM_2	glia	TLP004017	0.3975380533792885	3.020116966564892	BrainSCOPE CMC x PsychAD	BrainSCOPE CMC	PsychAD	54
Micro-PVM_2	glia	TLP004018	-2.7585790809430533	1.7251473372364443	BrainSCOPE CMC x PsychAD	BrainSCOPE CMC	PsychAD	54
Sst_25	neu	TLP003146	0.651899135445281	0.8099931840877241	PsychAD x Ruzicka	PsychAD	Ruzicka	51
Sst_25	neu	TLP003157	-1.114755044077735	-1.0042163052552366	PsychAD x Ruzicka	PsychAD	Ruzicka	51
Sst_25	neu	TLP003170	0.8469352278390545	0.6811309640287151	PsychAD x Ruzicka	PsychAD	Ruzicka	51
Sst_25	neu	TLP003203	0.9003318155390865	1.505708341581168	PsychAD x Ruzicka	PsychAD	Ruzicka	51
Sst_25	neu	TLP003213	0.24483271835545928	-1.7250287615823074	PsychAD x Ruzicka	PsychAD	Ruzicka	51
Sst_25	neu	TLP003227	0.14686179771429408	-1.231194146830628	PsychAD x Ruzicka	PsychAD	Ruzicka	51
Sst_25	neu	TLP003229	1.5609523292528795	0.7113798128751405	PsychAD x Ruzicka	PsychAD	Ruzicka	51
Sst_25	neu	TLP003243	0.9407342836912154	1.0782602979443068	PsychAD x Ruzicka	PsychAD	Ruzicka	51
Sst_25	neu	TLP003257	-1.0272374916503928	-1.3646635694234988	PsychAD x Ruzicka	PsychAD	Ruzicka	51
Sst_25	neu	TLP003273	1.0167273194654687	-0.31398975533392814	PsychAD x Ruzicka	PsychAD	Ruzicka	51
Sst_25	neu	TLP003287	-1.0400007489000673	-1.0230538953994675	PsychAD x Ruzicka	PsychAD	Ruzicka	51
Sst_25	neu	TLP003294	0.6361735101092751	1.5989950330804863	PsychAD x Ruzicka	PsychAD	Ruzicka	51
Sst_25	neu	TLP003413	1.1632987310800802	1.4929055293966416	PsychAD x Ruzicka	PsychAD	Ruzicka	51
Sst_25	neu	TLP003466	-2.4462322694462806	-0.8839976564361782	PsychAD x Ruzicka	PsychAD	Ruzicka	51
Sst_25	neu	TLP003484	0.17269085450068733	0.6339644465232501	PsychAD x Ruzicka	PsychAD	Ruzicka	51
Sst_25	neu	TLP003492	0.5841659040819449	1.1071106007238818	PsychAD x Ruzicka	PsychAD	Ruzicka	51
Sst_25	neu	TLP003511	1.3008500027138936	0.2567234544191832	PsychAD x Ruzicka	PsychAD	Ruzicka	51
Sst_25	neu	TLP003518	1.2006879282563032	-1.2087080668785406	PsychAD x Ruzicka	PsychAD	Ruzicka	51
Sst_25	neu	TLP003565	-0.012870846278357106	-1.9655005917462063	PsychAD x Ruzicka	PsychAD	Ruzicka	51
Sst_25	neu	TLP003566	-0.10409751069796513	-2.0117493194732523	PsychAD x Ruzicka	PsychAD	Ruzicka	51
Sst_25	neu	TLP003603	1.9290047844423164	0.9584941719670512	PsychAD x Ruzicka	PsychAD	Ruzicka	51
Sst_25	neu	TLP003631	-1.4023237481137505	-1.6983621512100093	PsychAD x Ruzicka	PsychAD	Ruzicka	51
Sst_25	neu	TLP003649	-1.113549192139721	-1.5937930226479038	PsychAD x Ruzicka	PsychAD	Ruzicka	51
Sst_25	neu	TLP003650	-0.969743841581586	-0.8610514532905622	PsychAD x Ruzicka	PsychAD	Ruzicka	51
Sst_25	neu	TLP003696	0.4954832925944892	2.2055117311892225	PsychAD x Ruzicka	PsychAD	Ruzicka	51
Sst_25	neu	TLP003698	0.06503882598713329	-0.9565617182430994	PsychAD x Ruzicka	PsychAD	Ruzicka	51
Sst_25	neu	TLP003699	-0.09582123042188595	-1.6134702203086455	PsychAD x Ruzicka	PsychAD	Ruzicka	51
Sst_25	neu	TLP003701	0.3192982131383042	-1.3465083089592733	PsychAD x Ruzicka	PsychAD	Ruzicka	51
Sst_25	neu	TLP003711	1.3227183350524374	1.0651912064925009	PsychAD x Ruzicka	PsychAD	Ruzicka	51
Sst_25	neu	TLP003737	-0.3270360463800239	1.287017470702219	PsychAD x Ruzicka	PsychAD	Ruzicka	51
Sst_25	neu	TLP003746	1.0533366652895468	-0.2789036620692791	PsychAD x Ruzicka	PsychAD	Ruzicka	51
Sst_25	neu	TLP003757	-0.8702700147352243	-1.2106922307429508	PsychAD x Ruzicka	PsychAD	Ruzicka	51
Sst_25	neu	TLP003772	-1.5879838039106566	-1.1915327699015803	PsychAD x Ruzicka	PsychAD	Ruzicka	51
Sst_25	neu	TLP003804	1.4686793600073278	1.0485325143505015	PsychAD x Ruzicka	PsychAD	Ruzicka	51
Sst_25	neu	TLP003806	-0.6877046191926466	-0.9646670079861748	PsychAD x Ruzicka	PsychAD	Ruzicka	51
Sst_25	neu	TLP003820	-0.8834585997843796	-1.9634854658568726	PsychAD x Ruzicka	PsychAD	Ruzicka	51
Sst_25	neu	TLP003828	-2.5749073357671337	-2.230100322510051	PsychAD x Ruzicka	PsychAD	Ruzicka	51
Sst_25	neu	TLP003836	-0.8076310401102749	-0.41654047144203954	PsychAD x Ruzicka	PsychAD	Ruzicka	51
Sst_25	neu	TLP003838	-1.0365928841440954	-0.5740634199080237	PsychAD x Ruzicka	PsychAD	Ruzicka	51
Sst_25	neu	TLP003855	0.7323977516133064	-0.4255733766869998	PsychAD x Ruzicka	PsychAD	Ruzicka	51
Sst_25	neu	TLP003871	1.1214531990881031	-0.3189437332495446	PsychAD x Ruzicka	PsychAD	Ruzicka	51
Sst_25	neu	TLP003877	-1.231897512457853	-0.48830619706229594	PsychAD x Ruzicka	PsychAD	Ruzicka	51
Sst_25	neu	TLP003922	-0.18936202872687602	-1.2452088589495567	PsychAD x Ruzicka	PsychAD	Ruzicka	51
Sst_25	neu	TLP003956	0.8429413330156121	0.9298255853106703	PsychAD x Ruzicka	PsychAD	Ruzicka	51
Sst_25	neu	TLP003959	-0.3007085783361161	0.10029126084029016	PsychAD x Ruzicka	PsychAD	Ruzicka	51
Sst_25	neu	TLP003968	2.3622477257674768	1.1919820939160806	PsychAD x Ruzicka	PsychAD	Ruzicka	51
Sst_25	neu	TLP003971	-1.4883367628511452	-0.8066352327535462	PsychAD x Ruzicka	PsychAD	Ruzicka	51
Sst_25	neu	TLP003975	-0.3339708366100558	-0.7271549633658321	PsychAD x Ruzicka	PsychAD	Ruzicka	51
Sst_25	neu	TLP004011	0.05012909451348779	0.5376147798018707	PsychAD x Ruzicka	PsychAD	Ruzicka	51
Sst_25	neu	TLP004017	1.6665202796513512	1.537207543986105	PsychAD x Ruzicka	PsychAD	Ruzicka	51
Sst_25	neu	TLP004018	1.842106418730109	0.522493117246384	PsychAD x Ruzicka	PsychAD	Ruzicka	51
Sst_3	neu	TLP003146	1.6504279655564087	0.29916756032173364	PsychAD x Ruzicka	PsychAD	Ruzicka	51
Sst_3	neu	TLP003157	0.49468286835636466	-1.0042163052552366	PsychAD x Ruzicka	PsychAD	Ruzicka	51
Sst_3	neu	TLP003170	1.8815256577422326	2.0948242993367203	PsychAD x Ruzicka	PsychAD	Ruzicka	51
Sst_3	neu	TLP003203	2.0936093307482744	2.2941657019454382	PsychAD x Ruzicka	PsychAD	Ruzicka	51
Sst_3	neu	TLP003213	2.5764053482227576	1.4104654543468422	PsychAD x Ruzicka	PsychAD	Ruzicka	51
Sst_3	neu	TLP003227	0.9941596581014984	-1.231194146830628	PsychAD x Ruzicka	PsychAD	Ruzicka	51
Sst_3	neu	TLP003229	1.6502974295887292	1.5323603649449709	PsychAD x Ruzicka	PsychAD	Ruzicka	51
Sst_3	neu	TLP003243	1.6164897215392915	1.8838854619309418	PsychAD x Ruzicka	PsychAD	Ruzicka	51
Sst_3	neu	TLP003257	1.6808127094518177	1.8542122554447014	PsychAD x Ruzicka	PsychAD	Ruzicka	51
Sst_3	neu	TLP003273	1.6878955933066386	1.420611300054178	PsychAD x Ruzicka	PsychAD	Ruzicka	51
Sst_3	neu	TLP003287	-1.0400007489000673	-1.0230538953994675	PsychAD x Ruzicka	PsychAD	Ruzicka	51
Sst_3	neu	TLP003294	2.195911753991103	0.8613960899497073	PsychAD x Ruzicka	PsychAD	Ruzicka	51
Sst_3	neu	TLP003413	2.0907627635523607	2.020972959597138	PsychAD x Ruzicka	PsychAD	Ruzicka	51
Sst_3	neu	TLP003466	2.019675849208304	1.5138976163621929	PsychAD x Ruzicka	PsychAD	Ruzicka	51
Sst_3	neu	TLP003484	1.3057893192399668	1.4549449985930805	PsychAD x Ruzicka	PsychAD	Ruzicka	51
Sst_3	neu	TLP003492	1.797188543927799	2.057302884273718	PsychAD x Ruzicka	PsychAD	Ruzicka	51
Sst_3	neu	TLP003511	1.8116756264798846	1.0039378562494043	PsychAD x Ruzicka	PsychAD	Ruzicka	51
Sst_3	neu	TLP003518	3.0214349343576106	1.49934213422367	PsychAD x Ruzicka	PsychAD	Ruzicka	51
Sst_3	neu	TLP003565	1.5511046920789866	-0.3560626793121058	PsychAD x Ruzicka	PsychAD	Ruzicka	51
Sst_3	neu	TLP003566	2.144093510230282	1.3555465105132223	PsychAD x Ruzicka	PsychAD	Ruzicka	51
Sst_3	neu	TLP003603	2.4261783190399795	1.1591648674292028	PsychAD x Ruzicka	PsychAD	Ruzicka	51
Sst_3	neu	TLP003631	2.311248318590557	-0.5997498625418993	PsychAD x Ruzicka	PsychAD	Ruzicka	51
Sst_3	neu	TLP003649	1.127160497136237	-1.5937930226479038	PsychAD x Ruzicka	PsychAD	Ruzicka	51
Sst_3	neu	TLP003650	0.128868447086524	0.2375608353775478	PsychAD x Ruzicka	PsychAD	Ruzicka	51
Sst_3	neu	TLP003696	2.230084347982596	0.47091067580111634	PsychAD x Ruzicka	PsychAD	Ruzicka	51
Sst_3	neu	TLP003698	2.577344449963248	2.3392751477612297	PsychAD x Ruzicka	PsychAD	Ruzicka	51
Sst_3	neu	TLP003699	2.017143003296593	-0.004032307874545005	PsychAD x Ruzicka	PsychAD	Ruzicka	51
Sst_3	neu	TLP003701	1.942434969930567	1.0513869638390974	PsychAD x Ruzicka	PsychAD	Ruzicka	51
Sst_3	neu	TLP003711	2.127569505192384	1.8999889041154732	PsychAD x Ruzicka	PsychAD	Ruzicka	51
Sst_3	neu	TLP003737	1.5396247310211484	2.1927260932458372	PsychAD x Ruzicka	PsychAD	Ruzicka	51
Sst_3	neu	TLP003746	1.5956609561149087	-0.2789036620692791	PsychAD x Ruzicka	PsychAD	Ruzicka	51
Sst_3	neu	TLP003757	1.5276252580631464	-1.2106922307429508	PsychAD x Ruzicka	PsychAD	Ruzicka	51
Sst_3	neu	TLP003772	0.809911468887714	-0.09292048123347119	PsychAD x Ruzicka	PsychAD	Ruzicka	51
Sst_3	neu	TLP003804	2.4069489986002583	1.5950762207185711	PsychAD x Ruzicka	PsychAD	Ruzicka	51
Sst_3	neu	TLP003806	2.494968157011593	-0.9646670079861748	PsychAD x Ruzicka	PsychAD	Ruzicka	51
Sst_3	neu	TLP003820	1.15342332747666	-0.017575316801559104	PsychAD x Ruzicka	PsychAD	Ruzicka	51
Sst_3	neu	TLP003828	1.3953845777849878	0.33484903495148544	PsychAD x Ruzicka	PsychAD	Ruzicka	51
Sst_3	neu	TLP003836	-0.8076310401102749	-0.41654047144203954	PsychAD x Ruzicka	PsychAD	Ruzicka	51
Sst_3	neu	TLP003838	0.572845028290005	-0.5740634199080237	PsychAD x Ruzicka	PsychAD	Ruzicka	51
Sst_3	neu	TLP003855	2.017595995861828	1.4202533138113314	PsychAD x Ruzicka	PsychAD	Ruzicka	51
Sst_3	neu	TLP003871	2.108839852645988	0.7796685554185654	PsychAD x Ruzicka	PsychAD	Ruzicka	51
Sst_3	neu	TLP003877	1.986978312410348	0.022519426703694556	PsychAD x Ruzicka	PsychAD	Ruzicka	51
Sst_3	neu	TLP003922	2.1460128870901602	-1.2452088589495567	PsychAD x Ruzicka	PsychAD	Ruzicka	51
Sst_3	neu	TLP003956	2.52580671400453	1.6489482522738759	PsychAD x Ruzicka	PsychAD	Ruzicka	51
Sst_3	neu	TLP003959	2.2420176423407105	1.2703625134905447	PsychAD x Ruzicka	PsychAD	Ruzicka	51
Sst_3	neu	TLP003968	2.438475091155361	1.5872948305602277	PsychAD x Ruzicka	PsychAD	Ruzicka	51
Sst_3	neu	TLP003971	1.9016873182128844	0.92796582263456	PsychAD x Ruzicka	PsychAD	Ruzicka	51
Sst_3	neu	TLP003975	2.0014040792069805	0.8822829490682684	PsychAD x Ruzicka	PsychAD	Ruzicka	51
Sst_3	neu	TLP004011	2.290838783789446	2.255266276876204	PsychAD x Ruzicka	PsychAD	Ruzicka	51
Sst_3	neu	TLP004017	1.0959754211837387	1.0576344637242183	PsychAD x Ruzicka	PsychAD	Ruzicka	51
Sst_3	neu	TLP004018	2.1250603499859437	-0.09654609115983881	PsychAD x Ruzicka	PsychAD	Ruzicka	51
Sst_23	neu	TLP003146	0.1410735116792905	0.29916756032173364	PsychAD x Ruzicka	PsychAD	Ruzicka	51
Sst_23	neu	TLP003157	-1.114755044077735	-1.0042163052552366	PsychAD x Ruzicka	PsychAD	Ruzicka	51
Sst_23	neu	TLP003170	0.7993071788497996	1.3171197307487121	PsychAD x Ruzicka	PsychAD	Ruzicka	51
Sst_23	neu	TLP003203	1.4928354703193443	0.9948827178151776	PsychAD x Ruzicka	PsychAD	Ruzicka	51
Sst_23	neu	TLP003213	0.24483271835545928	-0.11559084914820694	PsychAD x Ruzicka	PsychAD	Ruzicka	51
Sst_23	neu	TLP003227	0.6576874214802846	-0.132581858162518	PsychAD x Ruzicka	PsychAD	Ruzicka	51
Sst_23	neu	TLP003229	1.5794713770201172	0.7113798128751405	PsychAD x Ruzicka	PsychAD	Ruzicka	51
Sst_23	neu	TLP003243	1.0699460151712215	0.9781768393873236	PsychAD x Ruzicka	PsychAD	Ruzicka	51
Sst_23	neu	TLP003257	0.49881881184465726	0.8325610079127204	PsychAD x Ruzicka	PsychAD	Ruzicka	51
Sst_23	neu	TLP003273	1.10010892840452	-0.31398975533392814	PsychAD x Ruzicka	PsychAD	Ruzicka	51
Sst_23	neu	TLP003287	-1.0400007489000673	-1.0230538953994675	PsychAD x Ruzicka	PsychAD	Ruzicka	51
Sst_23	neu	TLP003294	1.2172033925485142	1.6823766420195376	PsychAD x Ruzicka	PsychAD	Ruzicka	51
Sst_23	neu	TLP003413	1.2285392529484813	2.2892369461918176	PsychAD x Ruzicka	PsychAD	Ruzicka	51
Sst_23	neu	TLP003466	0.1187170880152566	-0.8839976564361782	PsychAD x Ruzicka	PsychAD	Ruzicka	51
Sst_23	neu	TLP003484	-0.37385285186738226	0.4332937510610986	PsychAD x Ruzicka	PsychAD	Ruzicka	51
Sst_23	neu	TLP003492	0.1321807803388877	-0.06296065192637279	PsychAD x Ruzicka	PsychAD	Ruzicka	51
Sst_23	neu	TLP003511	0.43862649211001425	0.0054090261382775395	PsychAD x Ruzicka	PsychAD	Ruzicka	51
Sst_23	neu	TLP003518	2.3748077694325582	0.2576290019148866	PsychAD x Ruzicka	PsychAD	Ruzicka	51
Sst_23	neu	TLP003565	-1.1114831349464662	-1.9655005917462063	PsychAD x Ruzicka	PsychAD	Ruzicka	51
Sst_23	neu	TLP003566	0.9545094433564456	0.1854752578629668	PsychAD x Ruzicka	PsychAD	Ruzicka	51
Sst_23	neu	TLP003603	1.285454545021743	1.8057920323542551	PsychAD x Ruzicka	PsychAD	Ruzicka	51
Sst_23	neu	TLP003631	-1.4023237481137505	-1.6983621512100093	PsychAD x Ruzicka	PsychAD	Ruzicka	51
Sst_23	neu	TLP003649	-0.5257625272376023	-0.4951807339797938	PsychAD x Ruzicka	PsychAD	Ruzicka	51
Sst_23	neu	TLP003650	0.128868447086524	0.2375608353775478	PsychAD x Ruzicka	PsychAD	Ruzicka	51
Sst_23	neu	TLP003696	0.6961539880566407	1.2181250776313375	PsychAD x Ruzicka	PsychAD	Ruzicka	51
Sst_23	neu	TLP003698	0.9123366863743367	0.989348430812214	PsychAD x Ruzicka	PsychAD	Ruzicka	51
Sst_23	neu	TLP003699	0.550805934503166	-0.5148579316405355	PsychAD x Ruzicka	PsychAD	Ruzicka	51
Sst_23	neu	TLP003701	0.8838280158761567	0.8507162683769458	PsychAD x Ruzicka	PsychAD	Ruzicka	51
Sst_23	neu	TLP003711	0.926303062464191	0.6377471916655608	PsychAD x Ruzicka	PsychAD	Ruzicka	51
Sst_23	neu	TLP003737	0.46142131398424624	0.907527848997316	PsychAD x Ruzicka	PsychAD	Ruzicka	51
Sst_23	neu	TLP003746	0.399410197882883	-0.2789036620692791	PsychAD x Ruzicka	PsychAD	Ruzicka	51
Sst_23	neu	TLP003757	-0.8702700147352243	-1.2106922307429508	PsychAD x Ruzicka	PsychAD	Ruzicka	51
Sst_23	neu	TLP003772	-1.5879838039106566	-1.1915327699015803	PsychAD x Ruzicka	PsychAD	Ruzicka	51
Sst_23	neu	TLP003804	1.5401383239894733	0.5965473906074443	PsychAD x Ruzicka	PsychAD	Ruzicka	51
Sst_23	neu	TLP003806	-1.275491284094766	1.2325575693500443	PsychAD x Ruzicka	PsychAD	Ruzicka	51
Sst_23	neu	TLP003820	-0.3726329760183891	-1.9634854658568726	PsychAD x Ruzicka	PsychAD	Ruzicka	51
Sst_23	neu	TLP003828	-1.4762950470990246	-1.1314880338419417	PsychAD x Ruzicka	PsychAD	Ruzicka	51
Sst_23	neu	TLP003836	-0.8076310401102749	-0.41654047144203954	PsychAD x Ruzicka	PsychAD	Ruzicka	51
Sst_23	neu	TLP003838	-1.0365928841440954	-0.5740634199080237	PsychAD x Ruzicka	PsychAD	Ruzicka	51
Sst_23	neu	TLP003855	0.8754985952539798	1.0407636921064274	PsychAD x Ruzicka	PsychAD	Ruzicka	51
Sst_23	neu	TLP003871	0.9285495329636113	-0.8297693570155351	PsychAD x Ruzicka	PsychAD	Ruzicka	51
Sst_23	neu	TLP003877	-1.231897512457853	-1.586918485730406	PsychAD x Ruzicka	PsychAD	Ruzicka	51
Sst_23	neu	TLP003922	0.17836275139844116	-1.2452088589495567	PsychAD x Ruzicka	PsychAD	Ruzicka	51
Sst_23	neu	TLP003956	1.4093368079364135	1.0299090438676526	PsychAD x Ruzicka	PsychAD	Ruzicka	51
Sst_23	neu	TLP003959	1.0492181386128996	0.9475891212274936	PsychAD x Ruzicka	PsychAD	Ruzicka	51
Sst_23	neu	TLP003968	1.1144230389126912	0.09336980524797145	PsychAD x Ruzicka	PsychAD	Ruzicka	51
Sst_23	neu	TLP003971	-0.6410389024639418	-0.8066352327535462	PsychAD x Ruzicka	PsychAD	Ruzicka	51
Sst_23	neu	TLP003975	-1.4325831252781658	-0.7271549633658321	PsychAD x Ruzicka	PsychAD	Ruzicka	51
Sst_23	neu	TLP004011	1.0056405395409245	0.9895999035449279	PsychAD x Ruzicka	PsychAD	Ruzicka	51
Sst_23	neu	TLP004017	0.9289213365205722	1.7885219722670112	PsychAD x Ruzicka	PsychAD	Ruzicka	51
Sst_23	neu	TLP004018	1.427162566667401	-0.09654609115983881	PsychAD x Ruzicka	PsychAD	Ruzicka	51
Sst_2	neu	TLP003146	0.4638469039423416	0.29916756032173364	PsychAD x Ruzicka	PsychAD	Ruzicka	51
Sst_2	neu	TLP003157	-1.114755044077735	-1.0042163052552366	PsychAD x Ruzicka	PsychAD	Ruzicka	51
Sst_2	neu	TLP003170	0.3046109370136927	-0.417481324639394	PsychAD x Ruzicka	PsychAD	Ruzicka	51
Sst_2	neu	TLP003203	1.2245714837246648	0.9948827178151776	PsychAD x Ruzicka	PsychAD	Ruzicka	51
Sst_2	neu	TLP003213	1.4189525595317143	1.6422670684041671	PsychAD x Ruzicka	PsychAD	Ruzicka	51
Sst_2	neu	TLP003227	-0.951750490953815	-1.231194146830628	PsychAD x Ruzicka	PsychAD	Ruzicka	51
Sst_2	neu	TLP003229	0.49904140743519765	0.2593946891320833	PsychAD x Ruzicka	PsychAD	Ruzicka	51
Sst_2	neu	TLP003243	0.5178774328711819	-0.8676498511110067	PsychAD x Ruzicka	PsychAD	Ruzicka	51
Sst_2	neu	TLP003257	0.8598321573819874	1.2002857880380375	PsychAD x Ruzicka	PsychAD	Ruzicka	51
Sst_2	neu	TLP003273	0.07845768087253813	-0.31398975533392814	PsychAD x Ruzicka	PsychAD	Ruzicka	51
Sst_2	neu	TLP003287	-1.0400007489000673	-1.0230538953994675	PsychAD x Ruzicka	PsychAD	Ruzicka	51
Sst_2	neu	TLP003294	0.4355028146471236	0.8613960899497073	PsychAD x Ruzicka	PsychAD	Ruzicka	51
Sst_2	neu	TLP003413	0.7855362255212519	0.7553065862658626	PsychAD x Ruzicka	PsychAD	Ruzicka	51
Sst_2	neu	TLP003466	1.0502752920202	1.0619124926191352	PsychAD x Ruzicka	PsychAD	Ruzicka	51
Sst_2	neu	TLP003484	0.2727743130576705	-0.15449291384102004	PsychAD x Ruzicka	PsychAD	Ruzicka	51
Sst_2	neu	TLP003492	1.0194839753397904	-0.06296065192637279	PsychAD x Ruzicka	PsychAD	Ruzicka	51
Sst_2	neu	TLP003511	0.43862649211001425	-0.8418888342489268	PsychAD x Ruzicka	PsychAD	Ruzicka	51
Sst_2	neu	TLP003518	1.0755247853022976	0.2576290019148866	PsychAD x Ruzicka	PsychAD	Ruzicka	51
Sst_2	neu	TLP003565	-0.012870846278357106	-0.01959044269089283	PsychAD x Ruzicka	PsychAD	Ruzicka	51
Sst_2	neu	TLP003566	0.4299849752322933	0.1854752578629668	PsychAD x Ruzicka	PsychAD	Ruzicka	51
Sst_2	neu	TLP003603	0.7959063197030369	-1.238730405369168	PsychAD x Ruzicka	PsychAD	Ruzicka	51
Sst_2	neu	TLP003631	0.7949008292224686	-1.6983621512100093	PsychAD x Ruzicka	PsychAD	Ruzicka	51
Sst_2	neu	TLP003649	-0.7770769555185089	-1.5937930226479038	PsychAD x Ruzicka	PsychAD	Ruzicka	51
Sst_2	neu	TLP003650	-0.969743841581586	-0.8610514532905622	PsychAD x Ruzicka	PsychAD	Ruzicka	51
Sst_2	neu	TLP003696	0.8632080727198064	-0.11687598910100316	PsychAD x Ruzicka	PsychAD	Ruzicka	51
Sst_2	neu	TLP003698	1.4231623101403272	0.6528761941910011	PsychAD x Ruzicka	PsychAD	Ruzicka	51
Sst_2	neu	TLP003699	0.8021203627840725	-1.6134702203086455	PsychAD x Ruzicka	PsychAD	Ruzicka	51
Sst_2	neu	TLP003701	0.8838280158761567	0.2629296034748272	PsychAD x Ruzicka	PsychAD	Ruzicka	51
Sst_2	neu	TLP003711	0.7493723543051125	-0.12439286038133535	PsychAD x Ruzicka	PsychAD	Ruzicka	51
Sst_2	neu	TLP003737	0.7715762422880852	0.7404737643341495	PsychAD x Ruzicka	PsychAD	Ruzicka	51
Sst_2	neu	TLP003746	0.399410197882883	0.81970862659883	PsychAD x Ruzicka	PsychAD	Ruzicka	51
Sst_2	neu	TLP003757	-0.8702700147352243	-0.11207994207484173	PsychAD x Ruzicka	PsychAD	Ruzicka	51
Sst_2	neu	TLP003772	0.02145410852344387	-1.1915327699015803	PsychAD x Ruzicka	PsychAD	Ruzicka	51
Sst_2	neu	TLP003804	0.8808926951052092	0.5965473906074443	PsychAD x Ruzicka	PsychAD	Ruzicka	51
Sst_2	neu	TLP003806	-0.17687899542665608	0.9812431410691387	PsychAD x Ruzicka	PsychAD	Ruzicka	51
Sst_2	neu	TLP003820	-0.8834585997843796	-1.9634854658568726	PsychAD x Ruzicka	PsychAD	Ruzicka	51
Sst_2	neu	TLP003828	-0.17701206296876393	-2.230100322510051	PsychAD x Ruzicka	PsychAD	Ruzicka	51
Sst_2	neu	TLP003836	-0.8076310401102749	-0.41654047144203954	PsychAD x Ruzicka	PsychAD	Ruzicka	51
Sst_2	neu	TLP003838	0.062019404524013666	-0.5740634199080237	PsychAD x Ruzicka	PsychAD	Ruzicka	51
Sst_2	neu	TLP003855	1.0006617382079854	0.6730389119811102	PsychAD x Ruzicka	PsychAD	Ruzicka	51
Sst_2	neu	TLP003871	1.4728510859259911	0.6365677117778921	PsychAD x Ruzicka	PsychAD	Ruzicka	51
Sst_2	neu	TLP003877	-1.231897512457853	-1.586918485730406	PsychAD x Ruzicka	PsychAD	Ruzicka	51
Sst_2	neu	TLP003922	0.6579358316603274	-1.2452088589495567	PsychAD x Ruzicka	PsychAD	Ruzicka	51
Sst_2	neu	TLP003956	0.5064690963943992	-0.06870324480045742	PsychAD x Ruzicka	PsychAD	Ruzicka	51
Sst_2	neu	TLP003959	1.1873684770937167	-2.09693331649593	PsychAD x Ruzicka	PsychAD	Ruzicka	51
Sst_2	neu	TLP003968	0.8826214248553672	0.9913113984539299	PsychAD x Ruzicka	PsychAD	Ruzicka	51
Sst_2	neu	TLP003971	-0.021999694057718067	-0.8066352327535462	PsychAD x Ruzicka	PsychAD	Ruzicka	51
Sst_2	neu	TLP003975	0.17685478715593472	1.2187551856894814	PsychAD x Ruzicka	PsychAD	Ruzicka	51
Sst_2	neu	TLP004011	0.38660133113470074	-0.3096830805853328	PsychAD x Ruzicka	PsychAD	Ruzicka	51
Sst_2	neu	TLP004017	0.7282506410584206	-0.40870260506920886	PsychAD x Ruzicka	PsychAD	Ruzicka	51
Sst_2	neu	TLP004018	1.0073087211071368	0.15476833712106686	PsychAD x Ruzicka	PsychAD	Ruzicka	51
OPC_2	glia	TLP003146	1.4236952019330342	1.7910925415945775	PsychAD x Ruzicka	PsychAD	Ruzicka	51
OPC_2	glia	TLP003157	3.4378864868419874	1.301073458708999	PsychAD x Ruzicka	PsychAD	Ruzicka	51
OPC_2	glia	TLP003170	2.272809810943335	1.3634759971065527	PsychAD x Ruzicka	PsychAD	Ruzicka	51
OPC_2	glia	TLP003203	2.3799114770749865	1.9228437799743308	PsychAD x Ruzicka	PsychAD	Ruzicka	51
OPC_2	glia	TLP003213	1.4985089589005876	-1.7512544251663913	PsychAD x Ruzicka	PsychAD	Ruzicka	51
OPC_2	glia	TLP003227	2.7004632427316535	1.9776319446203625	PsychAD x Ruzicka	PsychAD	Ruzicka	51
OPC_2	glia	TLP003229	1.064212027000822	0.7145992774413683	PsychAD x Ruzicka	PsychAD	Ruzicka	51
OPC_2	glia	TLP003243	1.8433223446895717	2.0503239938380196	PsychAD x Ruzicka	PsychAD	Ruzicka	51
OPC_2	glia	TLP003257	1.9009887490759634	1.769009288119939	PsychAD x Ruzicka	PsychAD	Ruzicka	51
OPC_2	glia	TLP003273	1.9315808110816168	1.3831637732497453	PsychAD x Ruzicka	PsychAD	Ruzicka	51
OPC_2	glia	TLP003287	2.342169112254396	0.3371919260204499	PsychAD x Ruzicka	PsychAD	Ruzicka	51
OPC_2	glia	TLP003294	2.706929079995926	2.729065367952299	PsychAD x Ruzicka	PsychAD	Ruzicka	51
OPC_2	glia	TLP003413	2.307380103387092	2.575404252735182	PsychAD x Ruzicka	PsychAD	Ruzicka	51
OPC_2	glia	TLP003466	2.114885545633897	2.4641608344942876	PsychAD x Ruzicka	PsychAD	Ruzicka	51
OPC_2	glia	TLP003484	2.442542002610357	2.4980068197616005	PsychAD x Ruzicka	PsychAD	Ruzicka	51
OPC_2	glia	TLP003492	1.8057857699064956	1.920773829912241	PsychAD x Ruzicka	PsychAD	Ruzicka	51
OPC_2	glia	TLP003511	1.9746989111797406	1.8547623897456185	PsychAD x Ruzicka	PsychAD	Ruzicka	51
OPC_2	glia	TLP003518	2.1366364497421917	1.4763301520829661	PsychAD x Ruzicka	PsychAD	Ruzicka	51
OPC_2	glia	TLP003565	1.945400211319107	3.401942453403872	PsychAD x Ruzicka	PsychAD	Ruzicka	51
OPC_2	glia	TLP003566	2.593130195711453	2.5454835708981087	PsychAD x Ruzicka	PsychAD	Ruzicka	51
OPC_2	glia	TLP003603	1.0422423075218799	0.4010254472743644	PsychAD x Ruzicka	PsychAD	Ruzicka	51
OPC_2	glia	TLP003631	1.215334020921281	2.788905384115939	PsychAD x Ruzicka	PsychAD	Ruzicka	51
OPC_2	glia	TLP003649	1.4613624702880452	1.725380529162651	PsychAD x Ruzicka	PsychAD	Ruzicka	51
OPC_2	glia	TLP003650	1.3981158272648289	1.1837639077457927	PsychAD x Ruzicka	PsychAD	Ruzicka	51
OPC_2	glia	TLP003696	1.7958578414097572	3.2649698911566194	PsychAD x Ruzicka	PsychAD	Ruzicka	51
OPC_2	glia	TLP003698	2.196898297490531	2.3876133663508576	PsychAD x Ruzicka	PsychAD	Ruzicka	51
OPC_2	glia	TLP003699	1.6313958160766218	2.1140865460599283	PsychAD x Ruzicka	PsychAD	Ruzicka	51
OPC_2	glia	TLP003701	1.9316697582466134	1.2733564389492718	PsychAD x Ruzicka	PsychAD	Ruzicka	51
OPC_2	glia	TLP003711	1.1342954387365989	0.9290099217190959	PsychAD x Ruzicka	PsychAD	Ruzicka	51
OPC_2	glia	TLP003737	1.1929317275408233	1.6691501295385187	PsychAD x Ruzicka	PsychAD	Ruzicka	51
OPC_2	glia	TLP003746	-0.9016161464731267	-0.42834101303952243	PsychAD x Ruzicka	PsychAD	Ruzicka	51
OPC_2	glia	TLP003757	2.158778953870416	2.5206385024668663	PsychAD x Ruzicka	PsychAD	Ruzicka	51
OPC_2	glia	TLP003772	2.446289786594187	2.01853480697014	PsychAD x Ruzicka	PsychAD	Ruzicka	51
OPC_2	glia	TLP003804	1.813982780466545	1.3998048675022945	PsychAD x Ruzicka	PsychAD	Ruzicka	51
OPC_2	glia	TLP003806	0.47935986078549675	2.853835651941214	PsychAD x Ruzicka	PsychAD	Ruzicka	51
OPC_2	glia	TLP003820	2.9348528944127956	2.4791474758794365	PsychAD x Ruzicka	PsychAD	Ruzicka	51
OPC_2	glia	TLP003828	1.4393371874317435	1.7817989849006448	PsychAD x Ruzicka	PsychAD	Ruzicka	51
OPC_2	glia	TLP003836	2.1066913311353974	0.946043923150722	PsychAD x Ruzicka	PsychAD	Ruzicka	51
OPC_2	glia	TLP003838	3.2038825764762713	2.404835071291498	PsychAD x Ruzicka	PsychAD	Ruzicka	51
OPC_2	glia	TLP003855	1.6853304151337714	1.886030953373163	PsychAD x Ruzicka	PsychAD	Ruzicka	51
OPC_2	glia	TLP003871	1.6493287032818515	1.941655065526763	PsychAD x Ruzicka	PsychAD	Ruzicka	51
OPC_2	glia	TLP003877	1.1607478514665668	1.4660355817163104	PsychAD x Ruzicka	PsychAD	Ruzicka	51
OPC_2	glia	TLP003922	1.7591807328295177	1.8403219926460261	PsychAD x Ruzicka	PsychAD	Ruzicka	51
OPC_2	glia	TLP003956	2.3006535864184046	1.9048905586912164	PsychAD x Ruzicka	PsychAD	Ruzicka	51
OPC_2	glia	TLP003959	2.122049694385995	1.6133826911822249	PsychAD x Ruzicka	PsychAD	Ruzicka	51
OPC_2	glia	TLP003968	2.4976076042879125	2.9092872519411435	PsychAD x Ruzicka	PsychAD	Ruzicka	51
OPC_2	glia	TLP003971	2.306479217980298	2.190334597254386	PsychAD x Ruzicka	PsychAD	Ruzicka	51
OPC_2	glia	TLP003975	1.968020083521761	2.2310941857418576	PsychAD x Ruzicka	PsychAD	Ruzicka	51
OPC_2	glia	TLP004011	1.6920600918783837	1.4959694918085162	PsychAD x Ruzicka	PsychAD	Ruzicka	51
OPC_2	glia	TLP004017	0.07812896901759192	0.5218927903539274	PsychAD x Ruzicka	PsychAD	Ruzicka	51
OPC_2	glia	TLP004018	1.8752925305236223	2.2107431569403366	PsychAD x Ruzicka	PsychAD	Ruzicka	51
Micro-PVM_2	glia	TLP003146	1.5589966805738622	0.1219353944588546	PsychAD x Ruzicka	PsychAD	Ruzicka	51
Micro-PVM_2	glia	TLP003157	-0.9761231936849448	-1.8344207572201507	PsychAD x Ruzicka	PsychAD	Ruzicka	51
Micro-PVM_2	glia	TLP003170	1.3574497445621327	1.3086677606115575	PsychAD x Ruzicka	PsychAD	Ruzicka	51
Micro-PVM_2	glia	TLP003203	1.972309159348017	0.23644482640410214	PsychAD x Ruzicka	PsychAD	Ruzicka	51
Micro-PVM_2	glia	TLP003213	2.643968220865486	-1.7512544251663913	PsychAD x Ruzicka	PsychAD	Ruzicka	51
Micro-PVM_2	glia	TLP003227	1.736072716063087	-1.1578622713087867	PsychAD x Ruzicka	PsychAD	Ruzicka	51
Micro-PVM_2	glia	TLP003229	2.1470604424358672	1.069144295122276	PsychAD x Ruzicka	PsychAD	Ruzicka	51
Micro-PVM_2	glia	TLP003243	2.102455039034634	-1.7998236078720398	PsychAD x Ruzicka	PsychAD	Ruzicka	51
Micro-PVM_2	glia	TLP003257	2.216069795715859	-0.6288859846784316	PsychAD x Ruzicka	PsychAD	Ruzicka	51
Micro-PVM_2	glia	TLP003273	1.6088074188185657	-0.36080503214196114	PsychAD x Ruzicka	PsychAD	Ruzicka	51
Micro-PVM_2	glia	TLP003287	2.922436944742488	-0.25059473888166917	PsychAD x Ruzicka	PsychAD	Ruzicka	51
Micro-PVM_2	glia	TLP003294	1.7312299225152294	-1.414069358439233	PsychAD x Ruzicka	PsychAD	Ruzicka	51
Micro-PVM_2	glia	TLP003413	1.924320712254194	-0.24199848529439194	PsychAD x Ruzicka	PsychAD	Ruzicka	51
Micro-PVM_2	glia	TLP003466	2.59142579318214	0.2991971193762897	PsychAD x Ruzicka	PsychAD	Ruzicka	51
Micro-PVM_2	glia	TLP003484	1.2187665709882411	-0.8553998980642068	PsychAD x Ruzicka	PsychAD	Ruzicka	51
Micro-PVM_2	glia	TLP003492	0.7772020855988693	-1.3750630360920884	PsychAD x Ruzicka	PsychAD	Ruzicka	51
Micro-PVM_2	glia	TLP003511	2.3077941922912233	-1.5125334402408557	PsychAD x Ruzicka	PsychAD	Ruzicka	51
Micro-PVM_2	glia	TLP003518	1.3176090232932434	-2.0790179094064474	PsychAD x Ruzicka	PsychAD	Ruzicka	51
Micro-PVM_2	glia	TLP003565	2.0664109742320123	0.024842623320776802	PsychAD x Ruzicka	PsychAD	Ruzicka	51
Micro-PVM_2	glia	TLP003566	2.0694544639641648	0.21599102498413902	PsychAD x Ruzicka	PsychAD	Ruzicka	51
Micro-PVM_2	glia	TLP003603	2.302973445666425	-1.0653116215190623	PsychAD x Ruzicka	PsychAD	Ruzicka	51
Micro-PVM_2	glia	TLP003631	1.8970150643935821	-0.2970737672858297	PsychAD x Ruzicka	PsychAD	Ruzicka	51
Micro-PVM_2	glia	TLP003649	1.7963570561047448	-0.1687939454934737	PsychAD x Ruzicka	PsychAD	Ruzicka	51
Micro-PVM_2	glia	TLP003650	2.040371400528385	-1.649449436310424	PsychAD x Ruzicka	PsychAD	Ruzicka	51
Micro-PVM_2	glia	TLP003696	3.426312289205516	-0.8238036260160255	PsychAD x Ruzicka	PsychAD	Ruzicka	51
Micro-PVM_2	glia	TLP003698	1.453929493154491	-2.0550378901394586	PsychAD x Ruzicka	PsychAD	Ruzicka	51
Micro-PVM_2	glia	TLP003699	1.6518046877078292	-1.5994855206443797	PsychAD x Ruzicka	PsychAD	Ruzicka	51
Micro-PVM_2	glia	TLP003701	1.7052981663151678	-0.3360814734848283	PsychAD x Ruzicka	PsychAD	Ruzicka	51
Micro-PVM_2	glia	TLP003711	1.143796697860739	-1.7335779053063565	PsychAD x Ruzicka	PsychAD	Ruzicka	51
Micro-PVM_2	glia	TLP003737	0.6855904278574436	-1.941767783105706	PsychAD x Ruzicka	PsychAD	Ruzicka	51
Micro-PVM_2	glia	TLP003746	3.7712126879887795	-0.42834101303952243	PsychAD x Ruzicka	PsychAD	Ruzicka	51
Micro-PVM_2	glia	TLP003757	1.461438895050435	-1.1598727019765533	PsychAD x Ruzicka	PsychAD	Ruzicka	51
Micro-PVM_2	glia	TLP003772	2.3270419784479888	-0.8146785370860758	PsychAD x Ruzicka	PsychAD	Ruzicka	51
Micro-PVM_2	glia	TLP003804	1.672292374295234	-0.5072654482367551	PsychAD x Ruzicka	PsychAD	Ruzicka	51
Micro-PVM_2	glia	TLP003806	1.9406400287899501	-2.1634441848737103	PsychAD x Ruzicka	PsychAD	Ruzicka	51
Micro-PVM_2	glia	TLP003820	0.6680350252773808	-2.19368135858247	PsychAD x Ruzicka	PsychAD	Ruzicka	51
Micro-PVM_2	glia	TLP003828	2.7471784858137323	-0.6571979635832781	PsychAD x Ruzicka	PsychAD	Ruzicka	51
Micro-PVM_2	glia	TLP003836	2.596239556454103	-1.251180654185497	PsychAD x Ruzicka	PsychAD	Ruzicka	51
Micro-PVM_2	glia	TLP003838	2.230735819636561	0.6871835742171646	PsychAD x Ruzicka	PsychAD	Ruzicka	51
Micro-PVM_2	glia	TLP003855	1.5175740832507345	0.24087495833698291	PsychAD x Ruzicka	PsychAD	Ruzicka	51
Micro-PVM_2	glia	TLP003871	1.853532971325314	-0.5657244401132964	PsychAD x Ruzicka	PsychAD	Ruzicka	51
Micro-PVM_2	glia	TLP003877	1.210140606796143	-0.2046459559585081	PsychAD x Ruzicka	PsychAD	Ruzicka	51
Micro-PVM_2	glia	TLP003922	2.802479383513575	0.6591886802899132	PsychAD x Ruzicka	PsychAD	Ruzicka	51
Micro-PVM_2	glia	TLP003956	1.9215650476427721	0.9587468636673799	PsychAD x Ruzicka	PsychAD	Ruzicka	51
Micro-PVM_2	glia	TLP003959	1.7973077975502716	-0.057298846492594535	PsychAD x Ruzicka	PsychAD	Ruzicka	51
Micro-PVM_2	glia	TLP003968	1.1125961169809107	-0.7016306607030804	PsychAD x Ruzicka	PsychAD	Ruzicka	51
Micro-PVM_2	glia	TLP003971	1.0810002084333985	-1.0754248135126652	PsychAD x Ruzicka	PsychAD	Ruzicka	51
Micro-PVM_2	glia	TLP003975	1.7129141815045927	-0.10428073007517913	PsychAD x Ruzicka	PsychAD	Ruzicka	51
Micro-PVM_2	glia	TLP004011	1.0251808381390486	0.30938843019444917	PsychAD x Ruzicka	PsychAD	Ruzicka	51
Micro-PVM_2	glia	TLP004017	3.020116966564892	-0.10937898648793043	PsychAD x Ruzicka	PsychAD	Ruzicka	51
Micro-PVM_2	glia	TLP004018	1.7251473372364443	-0.8526477650874691	PsychAD x Ruzicka	PsychAD	Ruzicka	51
