model	locus	trait	CHROM	POS	P	BETA	I2
mega (pooled)	GRN/FAM171A2	Sst_19	17	44352876	5.1736852007306175e-11	-0.135624	NA
mega (pooled)	GRN/FAM171A2	Sst_25	17	44360386	3.2297581291020493e-10	-0.124305	NA
mega (pooled)	GRN/FAM171A2	Sst_11	17	44352876	4.998158221303544e-10	-0.126981	NA
mega (pooled)	GRN/FAM171A2	Sst_23	17	44352876	3.618595176908907e-08	-0.113162	NA
mega (pooled)	GRN/FAM171A2	Sst_20	17	44352876	3.7620104709087883e-08	-0.112561	NA
mega (pooled)	TMEM106B	Lamp5_5	7	12230939	3.2998940791083715e-33	0.233949	NA
mega (pooled)	TMEM106B	Lamp5_6	7	12237259	1.440456010246377e-28	0.216148	NA
mega (pooled)	TMEM106B	Sst_25	7	12230053	9.386420366721356e-25	0.193871	NA
mega (pooled)	TMEM106B	Pvalb_14	7	12237259	4.576147348863324e-21	0.182134	NA
mega (pooled)	TMEM106B	L2_3_IT_12	7	12243650	1.1050959823315345e-18	-0.1704	NA
mega (pooled)	TMEM106B	Sst_23	7	12230053	3.1732186638361444e-17	0.157647	NA
mega (pooled)	TMEM106B	Vip_15	7	12230053	4.9249292960502616e-17	0.163066	NA
mega (pooled)	TMEM106B	L5_IT_10_SEAAD	7	12229791	5.1345217750296626e-17	-0.163498	NA
mega (pooled)	TMEM106B	Sst_11	7	12211934	4.201457743989054e-16	0.150871	NA
mega (pooled)	TMEM106B	Pvalb_5	7	12230053	8.94334531932557e-16	0.156181	NA
mega (pooled)	TMEM106B	Sst_19	7	12212493	3.2862454665820465e-15	-0.148778	NA
mega (pooled)	TMEM106B	L5_6_NP_6	7	12230053	5.487821792914581e-14	-0.1477	NA
mega (pooled)	TMEM106B	Sst_20	7	12229042	1.3822926539061348e-13	0.137391	NA
mega (pooled)	TMEM106B	Lamp5_3	7	12216922	5.202355186873047e-12	0.132455	NA
mega (pooled)	TMEM106B	L2_3_IT_8	7	12216922	9.032334235672458e-12	-0.132717	NA
mega (pooled)	TMEM106B	Sst_3	7	12230053	1.678804018122559e-11	0.127925	NA
mega (pooled)	TMEM106B	Sst_Chodl_3_SEAAD	7	12230053	1.7852539390862004e-11	-0.131493	NA
mega (pooled)	TMEM106B	L5_IT_6	7	12229042	2.4310841956013022e-11	-0.130483	NA
mega (pooled)	TMEM106B	Pvalb_16_SEAAD	7	12230053	2.0168332843134636e-10	-0.124038	NA
mega (pooled)	TMEM106B	Lamp5_Lhx6_2_SEAAD	7	12230053	3.305445492899203e-10	-0.122827	NA
mega (pooled)	TMEM106B	L2_3_IT_7	7	12230053	6.522438607626429e-10	-0.120704	NA
mega (pooled)	TMEM106B	Sst_12	7	12212164	1.6942987873268654e-09	0.117152	NA
mega (pooled)	TMEM106B	L2_3_IT_10	7	12230053	4.791042242073667e-09	0.114912	NA
mega (pooled)	chr11:68.4 Mb	Sst_25	11	68386720	4.734673110719132e-08	0.139735	NA
mega (pooled)	chr17:74.4 Mb	Sst_25	17	74387190	2.3903417665928826e-08	0.210679	NA
mega (pooled)	chr19:15.1 Mb	L5_IT_6	19	15125068	3.734822788101367e-08	-0.414433	NA
mega (pooled)	chr19:3.4 Mb	Sst_19	19	3439289	4.701538534495007e-08	-0.170951	NA
mega (pooled)	chr3:61.6 Mb	Pvalb_5	3	61592932	1.3050886116981286e-08	-0.159272	NA
meta (ancestry IVW)	NA	L2_3_IT_12	7	12194222.0	7.510253241617817e-13	-0.1399002785113006	0.0
meta (ancestry IVW)	NA	L2_3_IT_12	7	12194293.0	2.466776899459969e-09	-0.12820300040577837	0.0
meta (ancestry IVW)	NA	L2_3_IT_12	7	12198922.0	1.5076191566852805e-10	-0.13492470645225782	0.0
meta (ancestry IVW)	NA	L2_3_IT_12	7	12199648.0	4.693017827934837e-11	-0.13813842035068943	0.0
meta (ancestry IVW)	NA	L2_3_IT_12	7	12201319.0	8.62391515504862e-10	-0.13238472683665725	0.0
meta (ancestry IVW)	NA	L2_3_IT_12	7	12201488.0	7.989136815376302e-10	-0.13222594161569248	0.0
meta (ancestry IVW)	NA	L2_3_IT_12	7	12202043.0	1.252136823057888e-10	-0.13639770433226656	0.0
meta (ancestry IVW)	NA	L2_3_IT_12	7	12203113.0	1.1562974020445134e-09	-0.13119557333102755	0.0
meta (ancestry IVW)	NA	L2_3_IT_12	7	12203664.0	2.4972212041688337e-09	-0.12854528776227728	0.0
meta (ancestry IVW)	NA	L2_3_IT_12	7	12205599.0	6.522268955454143e-11	-0.1366129609022531	0.0
meta (ancestry IVW)	NA	L2_3_IT_12	7	12207683.0	8.836373032367692e-11	-0.13029715533532207	0.4835945986997575
meta (ancestry IVW)	NA	L2_3_IT_12	7	12207704.0	2.7236641515863393e-11	-0.1366802448943712	0.0
meta (ancestry IVW)	NA	L2_3_IT_12	7	12210752.0	5.381065061106504e-15	-0.14966203569428063	0.0
meta (ancestry IVW)	NA	L2_3_IT_12	7	12210776.0	1.2154321990683708e-14	-0.14824469690418846	0.0
meta (ancestry IVW)	NA	L2_3_IT_12	7	12211934.0	3.3034938304975115e-16	-0.1559062859694978	0.0
meta (ancestry IVW)	NA	L2_3_IT_12	7	12212045.0	2.233435026947764e-16	-0.1567719945660436	0.0
meta (ancestry IVW)	NA	L2_3_IT_12	7	12212100.0	7.805811378411462e-10	-0.12030619835226884	0.0
meta (ancestry IVW)	NA	L2_3_IT_12	7	12212164.0	2.778847999780079e-16	-0.1562339890230077	0.0
meta (ancestry IVW)	NA	L2_3_IT_12	7	12212200.0	7.606351159615494e-10	-0.11954630030598447	0.0
meta (ancestry IVW)	NA	L2_3_IT_12	7	12212493.0	1.1644506463481146e-12	0.13735390295858727	0.0
meta (ancestry IVW)	NA	L2_3_IT_12	7	12212914.0	5.418436036008601e-16	-0.1548616231477515	0.0
meta (ancestry IVW)	NA	L2_3_IT_12	7	12213033.0	8.370161009528973e-16	-0.15411345366547755	0.0
meta (ancestry IVW)	NA	L2_3_IT_12	7	12213115.0	6.253396951331712e-16	-0.15451394844476643	0.0
meta (ancestry IVW)	NA	L2_3_IT_12	7	12213267.0	8.847429866520464e-16	-0.15373767927810508	0.0
meta (ancestry IVW)	NA	L2_3_IT_12	7	12213276.0	8.579621206495612e-16	-0.1539632931224375	0.0
meta (ancestry IVW)	NA	L2_3_IT_12	7	12213424.0	5.211619018212892e-16	-0.1549148473997247	0.0
meta (ancestry IVW)	NA	L2_3_IT_12	7	12213462.0	2.757590363057156e-16	-0.15636414858270223	0.0
meta (ancestry IVW)	NA	L2_3_IT_12	7	12213552.0	4.706357076210703e-10	-0.12105172115370161	0.0
meta (ancestry IVW)	NA	L2_3_IT_12	7	12213736.0	7.136092861111147e-16	-0.15426360625253935	0.0
meta (ancestry IVW)	NA	L2_3_IT_12	7	12213746.0	7.010026316206359e-16	-0.15426703662247243	0.0
meta (ancestry IVW)	NA	L2_3_IT_12	7	12213917.0	6.347264377850514e-16	-0.1544715866417797	0.0
meta (ancestry IVW)	NA	L2_3_IT_12	7	12213937.0	6.347264377850514e-16	-0.1544715866417797	0.0
meta (ancestry IVW)	NA	L2_3_IT_12	7	12214241.0	2.2600544773119304e-10	-0.14320691399963859	0.0
meta (ancestry IVW)	NA	L2_3_IT_12	7	12214254.0	4.974407574382963e-16	-0.1550213032463218	0.0
meta (ancestry IVW)	NA	L2_3_IT_12	7	12214267.0	1.628285263137353e-11	-0.13671527486574353	0.0
meta (ancestry IVW)	NA	L2_3_IT_12	7	12215313.0	8.548392126563205e-12	-0.13975455984004273	0.0
meta (ancestry IVW)	NA	L2_3_IT_12	7	12215808.0	5.620755429960727e-16	-0.15486861408488398	0.0
meta (ancestry IVW)	NA	L2_3_IT_12	7	12215885.0	6.1651073138847126e-15	-0.1501187574950134	0.0
meta (ancestry IVW)	NA	L2_3_IT_12	7	12216038.0	6.947533722048464e-16	-0.15458777550389202	0.0
meta (ancestry IVW)	NA	L2_3_IT_12	7	12216042.0	1.0051318786840629e-09	-0.11886818494113552	0.0
meta (ancestry IVW)	NA	L2_3_IT_12	7	12216152.0	1.0664824380533343e-11	-0.13909758819427914	0.0
meta (ancestry IVW)	NA	L2_3_IT_12	7	12216380.0	7.541545086504636e-10	-0.12036141630556979	0.0
meta (ancestry IVW)	NA	L2_3_IT_12	7	12216914.0	8.830758961703832e-12	-0.13893060757748418	0.0
meta (ancestry IVW)	NA	L2_3_IT_12	7	12216922.0	1.4954760552605687e-16	-0.15810666211452126	0.0
meta (ancestry IVW)	NA	L2_3_IT_12	7	12217026.0	5.046568289960142e-11	-0.1328216116872206	0.0
meta (ancestry IVW)	NA	L2_3_IT_12	7	12217543.0	4.560413459232268e-10	-0.12189305016157176	0.0
meta (ancestry IVW)	NA	L2_3_IT_12	7	12217901.0	5.36775378550674e-16	-0.15509561242299502	0.0
meta (ancestry IVW)	NA	L2_3_IT_12	7	12217923.0	4.515843784707543e-16	-0.15548366945387168	0.0
meta (ancestry IVW)	NA	L2_3_IT_12	7	12218102.0	3.251146313580533e-10	-0.1223619184574748	0.0
meta (ancestry IVW)	NA	L2_3_IT_12	7	12218312.0	6.002630687121092e-10	-0.12045591215485686	0.0
meta (ancestry IVW)	NA	L2_3_IT_12	7	12219039.0	1.0005563706711708e-15	-0.15410997220958336	0.0
meta (ancestry IVW)	NA	L2_3_IT_12	7	12219129.0	1.1943999199591726e-15	-0.15371675270188864	0.0
meta (ancestry IVW)	NA	L2_3_IT_12	7	12220920.0	2.0897154461122278e-11	-0.1360199899059178	0.0
meta (ancestry IVW)	NA	L2_3_IT_12	7	12222203.0	5.45188135269477e-16	-0.15575358607672488	0.0
meta (ancestry IVW)	NA	L2_3_IT_12	7	12222285.0	7.590177094873782e-13	-0.14413181941121553	0.0
meta (ancestry IVW)	NA	L2_3_IT_12	7	12222616.0	5.909541626360968e-16	-0.15521477034037232	0.0
meta (ancestry IVW)	NA	L2_3_IT_12	7	12222945.0	8.810407231576439e-16	-0.15436192472183013	0.0
meta (ancestry IVW)	NA	L2_3_IT_12	7	12223028.0	6.03359050186193e-10	-0.12029242363504469	0.0
meta (ancestry IVW)	NA	L2_3_IT_12	7	12223091.0	7.878072292545966e-16	-0.15460934136045015	0.0
meta (ancestry IVW)	NA	L2_3_IT_12	7	12223175.0	7.846833080276221e-16	-0.15461444912500755	0.0
meta (ancestry IVW)	NA	L2_3_IT_12	7	12223342.0	1.3385921983978861e-15	-0.15336717418600673	0.0
meta (ancestry IVW)	NA	L2_3_IT_12	7	12223557.0	5.909541626360968e-16	-0.15521477034037232	0.0
meta (ancestry IVW)	NA	L2_3_IT_12	7	12223608.0	4.23933198626373e-10	-0.12208940349073107	0.0
meta (ancestry IVW)	NA	L2_3_IT_12	7	12223722.0	5.161825871964333e-12	-0.13868172276446164	0.0
meta (ancestry IVW)	NA	L2_3_IT_12	7	12223744.0	1.3063992200875345e-09	-0.11858506989398376	0.0
meta (ancestry IVW)	NA	L2_3_IT_12	7	12223752.0	1.5645132993974959e-15	-0.15315009776340555	0.0
meta (ancestry IVW)	NA	L2_3_IT_12	7	12223811.0	1.0598581944596805e-15	-0.1538613126448588	0.0
meta (ancestry IVW)	NA	L2_3_IT_12	7	12223912.0	1.1518903114270287e-15	-0.15381352467782478	0.0
meta (ancestry IVW)	NA	L2_3_IT_12	7	12223920.0	1.2789469220758293e-15	-0.1535285369093151	0.0
meta (ancestry IVW)	NA	L2_3_IT_12	7	12223961.0	6.023757060042983e-16	-0.155196249661365	0.0
meta (ancestry IVW)	NA	L2_3_IT_12	7	12224173.0	1.5201508813514681e-15	-0.1531780876535566	0.0
meta (ancestry IVW)	NA	L2_3_IT_12	7	12224174.0	1.5201508813514681e-15	-0.1531780876535566	0.0
meta (ancestry IVW)	NA	L2_3_IT_12	7	12224525.0	3.4786401348007447e-10	-0.12207701775156977	0.0
meta (ancestry IVW)	NA	L2_3_IT_12	7	12224594.0	3.997840249096608e-10	-0.12164455235466136	0.0
meta (ancestry IVW)	NA	L2_3_IT_12	7	12224635.0	5.909541626360968e-16	-0.15521477034037232	0.0
meta (ancestry IVW)	NA	L2_3_IT_12	7	12224671.0	5.909541626360968e-16	-0.15521477034037232	0.0
meta (ancestry IVW)	NA	L2_3_IT_12	7	12224841.0	8.972862269646556e-16	-0.1542354494630147	0.0
meta (ancestry IVW)	NA	L2_3_IT_12	7	12225040.0	4.531592860898322e-16	-0.1559299552565652	0.0
meta (ancestry IVW)	NA	L2_3_IT_12	7	12225083.0	2.6469908631914027e-10	-0.14289065287094435	0.07473958535830655
meta (ancestry IVW)	NA	L2_3_IT_12	7	12225111.0	1.126776080623658e-16	-0.1592425103856563	0.0
meta (ancestry IVW)	NA	L2_3_IT_12	7	12225245.0	3.026448739533285e-15	-0.1519414345658752	0.0
meta (ancestry IVW)	NA	L2_3_IT_12	7	12225433.0	5.922748629288037e-15	-0.15038955050993583	0.0
meta (ancestry IVW)	NA	L2_3_IT_12	7	12225566.0	7.372669904082297e-16	-0.15487949632156264	0.0
meta (ancestry IVW)	NA	L2_3_IT_12	7	12225648.0	2.9072891786063604e-10	-0.14246890889460023	0.0
meta (ancestry IVW)	NA	L2_3_IT_12	7	12225804.0	2.4296223452398194e-10	-0.14305759821761202	0.10227355516965195
meta (ancestry IVW)	NA	L2_3_IT_12	7	12226113.0	8.402763464965102e-12	-0.1398744538487463	0.0
meta (ancestry IVW)	NA	L2_3_IT_12	7	12226141.0	4.4734514080433355e-10	-0.12148394482438378	0.0
meta (ancestry IVW)	NA	L2_3_IT_12	7	12226222.0	9.171652209239915e-16	-0.15433013266949983	0.0
meta (ancestry IVW)	NA	L2_3_IT_12	7	12226279.0	1.5828672151016976e-10	-0.14475552803243255	0.23300903900137268
meta (ancestry IVW)	NA	L2_3_IT_12	7	12226326.0	6.916656663806747e-16	-0.15494878916102542	0.0
meta (ancestry IVW)	NA	L2_3_IT_12	7	12226362.0	7.174060665773853e-17	-0.16016273998628097	0.0
meta (ancestry IVW)	NA	L2_3_IT_12	7	12226694.0	6.8064042737646185e-12	-0.14027797414203766	0.0
meta (ancestry IVW)	NA	L2_3_IT_12	7	12226925.0	6.11176966583067e-16	-0.1552398540507268	0.0
meta (ancestry IVW)	NA	L2_3_IT_12	7	12227080.0	6.051297764714761e-15	-0.1502052351495365	0.0
meta (ancestry IVW)	NA	L2_3_IT_12	7	12227188.0	5.884101894071329e-16	-0.1552626327191123	0.0
meta (ancestry IVW)	NA	L2_3_IT_12	7	12227241.0	1.4518568246650872e-16	-0.158627030801564	0.0
meta (ancestry IVW)	NA	L2_3_IT_12	7	12227595.0	4.2192815796721783e-16	-0.1561070587380522	0.0
meta (ancestry IVW)	NA	L2_3_IT_12	7	12227630.0	2.1521782167173016e-12	-0.13981439766172268	0.0
meta (ancestry IVW)	NA	L2_3_IT_12	7	12227869.0	7.992822712077982e-17	-0.1600602381112295	0.0
meta (ancestry IVW)	NA	L2_3_IT_12	7	12227926.0	1.3072866487510066e-16	-0.15906238266123332	0.0
meta (ancestry IVW)	NA	L2_3_IT_12	7	12227933.0	1.3072866487510066e-16	-0.15906238266123332	0.0
meta (ancestry IVW)	NA	L2_3_IT_12	7	12227988.0	6.496457798443454e-17	-0.16049085180425823	0.0
meta (ancestry IVW)	NA	L2_3_IT_12	7	12228108.0	8.155266010604232e-17	-0.15997204514054003	0.0
meta (ancestry IVW)	NA	L2_3_IT_12	7	12228211.0	7.519203376908834e-17	-0.16018246715360052	0.0
meta (ancestry IVW)	NA	L2_3_IT_12	7	12228456.0	8.7863760033994e-17	-0.1600867283639198	0.0
meta (ancestry IVW)	NA	L2_3_IT_12	7	12228491.0	7.519203376908834e-17	-0.16018246715360052	0.0
meta (ancestry IVW)	NA	L2_3_IT_12	7	12228617.0	1.2615164226971066e-16	-0.1590562003460717	0.0
meta (ancestry IVW)	NA	L2_3_IT_12	7	12228842.0	6.163224534373504e-17	-0.1605693891068188	0.0
meta (ancestry IVW)	NA	L2_3_IT_12	7	12228925.0	5.778919657946037e-17	-0.1607723108460439	0.0
meta (ancestry IVW)	NA	L2_3_IT_12	7	12229042.0	3.9982379374273337e-16	-0.15554207227884062	0.0
meta (ancestry IVW)	NA	L2_3_IT_12	7	12229069.0	4.257402959876779e-10	-0.12166328203701239	0.0
meta (ancestry IVW)	NA	L2_3_IT_12	7	12229091.0	7.301486644433802e-17	-0.16030551583004468	0.0
meta (ancestry IVW)	NA	L2_3_IT_12	7	12229132.0	3.7651827734544427e-16	-0.15638747635261274	0.0
meta (ancestry IVW)	NA	L2_3_IT_12	7	12229166.0	7.301486644433802e-17	-0.16030551583004468	0.0
meta (ancestry IVW)	NA	L2_3_IT_12	7	12229172.0	7.301486644433802e-17	-0.16030551583004468	0.0
meta (ancestry IVW)	NA	L2_3_IT_12	7	12229185.0	8.251048285526077e-17	-0.1600920561441998	0.0
meta (ancestry IVW)	NA	L2_3_IT_12	7	12229634.0	1.6181591192618069e-16	-0.1586591938334567	0.0
meta (ancestry IVW)	NA	L2_3_IT_12	7	12229791.0	5.0416520110722957e-17	-0.16111935104953456	0.0
meta (ancestry IVW)	NA	L2_3_IT_12	7	12229949.0	7.853709166140608e-17	-0.16014472020335857	0.0
meta (ancestry IVW)	NA	L2_3_IT_12	7	12229967.0	8.585741029997396e-16	-0.15505346204066292	0.0
meta (ancestry IVW)	NA	L2_3_IT_12	7	12230053.0	1.2063519289656082e-16	-0.158581914800972	0.0
meta (ancestry IVW)	NA	L2_3_IT_12	7	12230136.0	6.690092627541405e-17	-0.16046399068186532	0.0
meta (ancestry IVW)	NA	L2_3_IT_12	7	12230178.0	8.097794507388072e-17	-0.16001895123303886	0.0
meta (ancestry IVW)	NA	L2_3_IT_12	7	12230191.0	6.690092627541405e-17	-0.16046399068186532	0.0
meta (ancestry IVW)	NA	L2_3_IT_12	7	12230893.0	7.15349509438873e-17	-0.16035246567256056	0.0
meta (ancestry IVW)	NA	L2_3_IT_12	7	12230939.0	6.874180268967254e-17	-0.1604654462132711	0.0
meta (ancestry IVW)	NA	L2_3_IT_12	7	12230999.0	6.89316197102427e-17	-0.16042202837148253	0.0
meta (ancestry IVW)	NA	L2_3_IT_12	7	12231144.0	9.223396201761605e-17	-0.15980526956030894	0.0
meta (ancestry IVW)	NA	L2_3_IT_12	7	12231189.0	8.987838957765122e-17	-0.15979944093390525	0.0
meta (ancestry IVW)	NA	L2_3_IT_12	7	12231341.0	3.2958202911772453e-13	-0.14638797161424022	0.0
meta (ancestry IVW)	NA	L2_3_IT_12	7	12231626.0	1.7128427817326156e-15	-0.1532203805595888	0.0
meta (ancestry IVW)	NA	L2_3_IT_12	7	12231826.0	1.815895905530624e-09	-0.11641661197456908	0.0
meta (ancestry IVW)	NA	L2_3_IT_12	7	12232371.0	6.759172307268419e-17	-0.16048445378045556	0.0
meta (ancestry IVW)	NA	L2_3_IT_12	7	12232490.0	7.76654524726669e-17	-0.16010508224193987	0.0
meta (ancestry IVW)	NA	L2_3_IT_12	7	12232942.0	8.314682816216982e-17	-0.159893852150913	0.0
meta (ancestry IVW)	NA	L2_3_IT_12	7	12233526.0	5.6506665055159e-13	-0.14453894919956684	0.0
meta (ancestry IVW)	NA	L2_3_IT_12	7	12233787.0	1.3806970266395512e-16	-0.1587538858824591	0.0
meta (ancestry IVW)	NA	L2_3_IT_12	7	12233870.0	6.867132645452102e-17	-0.16043440628154468	0.0
meta (ancestry IVW)	NA	L2_3_IT_12	7	12234787.0	2.0634723490965301e-16	-0.15793800445196915	0.0
meta (ancestry IVW)	NA	L2_3_IT_12	7	12235882.0	1.2473909905952977e-15	-0.15416559213772338	0.0
meta (ancestry IVW)	NA	L2_3_IT_12	7	12235998.0	2.8786337090069067e-15	-0.15204741243165684	0.0
meta (ancestry IVW)	NA	L2_3_IT_12	7	12236049.0	1.1000519833325841e-15	-0.15434940048328863	0.0
meta (ancestry IVW)	NA	L2_3_IT_12	7	12236192.0	1.0985293221260707e-15	-0.15446149725490488	0.0
meta (ancestry IVW)	NA	L2_3_IT_12	7	12236385.0	7.836787771748171e-16	-0.1552539825613257	0.0
meta (ancestry IVW)	NA	L2_3_IT_12	7	12236408.0	5.981907624732222e-11	-0.14398680356093074	0.0
meta (ancestry IVW)	NA	L2_3_IT_12	7	12236419.0	1.2981431261439077e-15	-0.15407271384321056	0.0
meta (ancestry IVW)	NA	L2_3_IT_12	7	12236896.0	5.959748752460186e-11	-0.14404053655566765	0.0
meta (ancestry IVW)	NA	L2_3_IT_12	7	12237259.0	1.8607351099698055e-16	-0.15859466905935293	0.0
meta (ancestry IVW)	NA	L2_3_IT_12	7	12237394.0	2.564618915852194e-12	-0.1405636508001855	0.0
meta (ancestry IVW)	NA	L2_3_IT_12	7	12238147.0	7.69745045960764e-17	-0.16018795619828974	0.0
meta (ancestry IVW)	NA	L2_3_IT_12	7	12238811.0	1.2810960737833611e-12	-0.14301418285617543	0.0
meta (ancestry IVW)	NA	L2_3_IT_12	7	12239572.0	7.637493916354672e-10	-0.11988815676511211	0.0
meta (ancestry IVW)	NA	L2_3_IT_12	7	12239933.0	8.954959410750659e-13	-0.143893197650815	0.0
meta (ancestry IVW)	NA	L2_3_IT_12	7	12240135.0	2.682016642668598e-16	-0.15782261974405315	0.0
meta (ancestry IVW)	NA	L2_3_IT_12	7	12240207.0	9.872528135026791e-10	-0.13660149112066705	0.0
meta (ancestry IVW)	NA	L2_3_IT_12	7	12241104.0	1.90141348461332e-16	-0.15862472736229188	0.0
meta (ancestry IVW)	NA	L2_3_IT_12	7	12241212.0	1.435416151332807e-12	-0.14222042796054934	0.0
meta (ancestry IVW)	NA	L2_3_IT_12	7	12242825.0	3.8878732757070446e-16	-0.15676610110133238	0.0
meta (ancestry IVW)	NA	L2_3_IT_12	7	12243601.0	2.1360469264845786e-16	-0.15849651313367463	0.0
meta (ancestry IVW)	NA	L2_3_IT_12	7	12243624.0	3.640500525031475e-12	-0.1397778402628819	0.0
meta (ancestry IVW)	NA	L2_3_IT_12	7	12243650.0	1.7597900072584574e-16	-0.15884872523203028	0.0
meta (ancestry IVW)	NA	L2_3_IT_12	7	12243703.0	1.7597900072584574e-16	-0.15884872523203028	0.0
meta (ancestry IVW)	NA	L2_3_IT_12	7	12244161.0	1.7597900072584574e-16	-0.15884872523203028	0.0
meta (ancestry IVW)	NA	L2_3_IT_12	7	12244247.0	2.5425630566288696e-16	-0.15783958919228416	0.0
meta (ancestry IVW)	NA	L2_3_IT_12	7	12244382.0	1.7514095687103526e-16	-0.15883394072747398	0.0
meta (ancestry IVW)	NA	L2_3_IT_12	7	12244752.0	8.234493266369431e-16	-0.15601494617945558	0.2685955776943142
meta (ancestry IVW)	NA	L2_3_IT_12	7	12244804.0	6.902683579799888e-15	-0.14938442710775698	0.0
meta (ancestry IVW)	NA	L2_3_IT_12	7	12245514.0	7.237076557209878e-15	-0.14937619947091743	0.0
meta (ancestry IVW)	NA	L2_3_IT_12	7	12246424.0	8.052042721022035e-12	-0.1370911415585561	0.0
meta (ancestry IVW)	NA	L2_3_IT_12	7	12246599.0	1.6684196210145526e-09	-0.11686285737627149	0.2485815064949457
meta (ancestry IVW)	NA	L2_3_IT_7	7	12213462.0	2.3313375453671537e-09	-0.11453994090339442	0.0
meta (ancestry IVW)	NA	L2_3_IT_7	7	12216922.0	2.3653500500747965e-09	-0.11474438186031116	0.0
meta (ancestry IVW)	NA	L2_3_IT_7	7	12230053.0	2.42983963982314e-09	-0.11465273987757485	0.0
meta (ancestry IVW)	NA	L2_3_IT_8	7	12210752.0	9.975473447027123e-11	-0.125682463278744	0.0
meta (ancestry IVW)	NA	L2_3_IT_8	7	12210776.0	1.5465999344511271e-10	-0.12491105242927389	0.0
meta (ancestry IVW)	NA	L2_3_IT_8	7	12211934.0	1.7050751503739996e-12	-0.13683908226687216	0.0
meta (ancestry IVW)	NA	L2_3_IT_8	7	12212045.0	2.1225167736990895e-12	-0.13621437740138967	0.0
meta (ancestry IVW)	NA	L2_3_IT_8	7	12212164.0	1.6783433535618983e-12	-0.13681733982398964	0.0
meta (ancestry IVW)	NA	L2_3_IT_8	7	12212493.0	1.9426575569687796e-09	0.1177306003872652	0.0
meta (ancestry IVW)	NA	L2_3_IT_8	7	12212914.0	5.668818085251154e-12	-0.13366425405081364	0.09113270216886568
meta (ancestry IVW)	NA	L2_3_IT_8	7	12213033.0	7.806611586546892e-12	-0.13303359842822848	0.0
meta (ancestry IVW)	NA	L2_3_IT_8	7	12213115.0	4.600693287666146e-12	-0.13422724022824176	0.0775793397938511
meta (ancestry IVW)	NA	L2_3_IT_8	7	12213267.0	5.460303438097366e-12	-0.1337859994794815	0.0
meta (ancestry IVW)	NA	L2_3_IT_8	7	12213276.0	5.123362038434883e-12	-0.13409456144137202	0.05293854943030317
meta (ancestry IVW)	NA	L2_3_IT_8	7	12213424.0	3.913621347161307e-12	-0.13465184196484586	0.21383698246176866
meta (ancestry IVW)	NA	L2_3_IT_8	7	12213462.0	2.8076159399548133e-12	-0.1355398399735775	0.045089422670807185
meta (ancestry IVW)	NA	L2_3_IT_8	7	12213736.0	6.350795159858011e-12	-0.13338749424498067	0.09777470603971236
meta (ancestry IVW)	NA	L2_3_IT_8	7	12213746.0	6.4414717470841445e-12	-0.1333158561186039	0.09940372926483892
meta (ancestry IVW)	NA	L2_3_IT_8	7	12213917.0	6.773858646112143e-12	-0.13315295431711752	0.10319202630266759
meta (ancestry IVW)	NA	L2_3_IT_8	7	12213937.0	6.773858646112143e-12	-0.13315295431711752	0.10319202630266759
meta (ancestry IVW)	NA	L2_3_IT_8	7	12214254.0	5.560643192975099e-12	-0.13368446868117065	0.0905868818437162
meta (ancestry IVW)	NA	L2_3_IT_8	7	12215808.0	4.112036901443676e-12	-0.13463026420014867	0.00073467598920436
meta (ancestry IVW)	NA	L2_3_IT_8	7	12215885.0	1.7171099066332744e-10	-0.12484449780827302	0.0
meta (ancestry IVW)	NA	L2_3_IT_8	7	12216038.0	4.323193606119717e-12	-0.13467617855750713	0.0
meta (ancestry IVW)	NA	L2_3_IT_8	7	12216914.0	9.503719896954851e-10	-0.1265103308360279	0.18264010814622508
meta (ancestry IVW)	NA	L2_3_IT_8	7	12216922.0	1.1111033899198982e-12	-0.13833823001070794	0.0
meta (ancestry IVW)	NA	L2_3_IT_8	7	12217901.0	2.881257156287228e-12	-0.1357189634022584	0.08099312041646278
meta (ancestry IVW)	NA	L2_3_IT_8	7	12217923.0	2.241998434202514e-12	-0.13638967532781754	0.20326343794194957
meta (ancestry IVW)	NA	L2_3_IT_8	7	12219039.0	1.0311528098835833e-11	-0.13264251119387757	0.016448154451065698
meta (ancestry IVW)	NA	L2_3_IT_8	7	12219129.0	1.0963181392092055e-11	-0.1324938568494415	0.0
meta (ancestry IVW)	NA	L2_3_IT_8	7	12220920.0	2.7173313771727357e-09	-0.12266921047378833	0.2079726786963912
meta (ancestry IVW)	NA	L2_3_IT_8	7	12222203.0	1.0311669687543722e-11	-0.13284415516794945	0.0
meta (ancestry IVW)	NA	L2_3_IT_8	7	12222616.0	1.2682460436701657e-11	-0.13193990437371766	0.0021208122434066435
meta (ancestry IVW)	NA	L2_3_IT_8	7	12222945.0	1.4546909444074636e-11	-0.13162270404456933	0.009312007345604632
meta (ancestry IVW)	NA	L2_3_IT_8	7	12223091.0	1.761959902861448e-11	-0.1310669121226059	0.0
meta (ancestry IVW)	NA	L2_3_IT_8	7	12223175.0	1.7674068599052796e-11	-0.1310550207651926	0.021880527682339838
meta (ancestry IVW)	NA	L2_3_IT_8	7	12223342.0	1.5871548481602587e-11	-0.1313687758541869	0.014949149317328818
meta (ancestry IVW)	NA	L2_3_IT_8	7	12223557.0	1.2682460436701657e-11	-0.13193990437371766	0.0021208122434066435
meta (ancestry IVW)	NA	L2_3_IT_8	7	12223752.0	3.6739513770221896e-11	-0.1291125951509788	0.0
meta (ancestry IVW)	NA	L2_3_IT_8	7	12223811.0	1.6865502185201503e-11	-0.13114892820693141	0.019748734841146517
meta (ancestry IVW)	NA	L2_3_IT_8	7	12223912.0	1.3327689808754248e-11	-0.13194039253691717	0.00231393387246791
meta (ancestry IVW)	NA	L2_3_IT_8	7	12223920.0	1.468876148204033e-11	-0.13163333651055492	0.009130641136876585
meta (ancestry IVW)	NA	L2_3_IT_8	7	12223961.0	1.2287176550040637e-11	-0.13205066600617119	0.0
meta (ancestry IVW)	NA	L2_3_IT_8	7	12224173.0	1.986609660504892e-11	-0.13082652982561768	0.027067590125701854
meta (ancestry IVW)	NA	L2_3_IT_8	7	12224174.0	1.986609660504892e-11	-0.13082652982561768	0.027067590125701854
meta (ancestry IVW)	NA	L2_3_IT_8	7	12224635.0	1.2682460436701657e-11	-0.13193990437371766	0.0021208122434066435
meta (ancestry IVW)	NA	L2_3_IT_8	7	12224671.0	1.2682460436701657e-11	-0.13193990437371766	0.0021208122434066435
meta (ancestry IVW)	NA	L2_3_IT_8	7	12224841.0	1.2947541075612244e-11	-0.1318844169047716	0.0
meta (ancestry IVW)	NA	L2_3_IT_8	7	12225040.0	9.84657761580684e-12	-0.1327447607016047	0.0
meta (ancestry IVW)	NA	L2_3_IT_8	7	12225111.0	3.4954791658161605e-12	-0.13570830437430909	0.0
meta (ancestry IVW)	NA	L2_3_IT_8	7	12225245.0	1.4141623802230917e-10	-0.12552280365909893	0.0
meta (ancestry IVW)	NA	L2_3_IT_8	7	12225433.0	2.208649148975964e-10	-0.12424567903745007	0.0
meta (ancestry IVW)	NA	L2_3_IT_8	7	12225566.0	1.7487275461188492e-11	-0.13119625768053822	0.025308674316833375
meta (ancestry IVW)	NA	L2_3_IT_8	7	12226222.0	1.8353347939586483e-11	-0.13102884652713753	0.0
meta (ancestry IVW)	NA	L2_3_IT_8	7	12226326.0	1.4326661816489307e-11	-0.13169414201465707	0.013914929197875797
meta (ancestry IVW)	NA	L2_3_IT_8	7	12226362.0	3.3494367903337104e-12	-0.13572670828215325	0.0
meta (ancestry IVW)	NA	L2_3_IT_8	7	12226925.0	1.4307755919286107e-11	-0.13170199542997577	0.0
meta (ancestry IVW)	NA	L2_3_IT_8	7	12227080.0	2.160198245767721e-10	-0.12420413825659068	0.0
meta (ancestry IVW)	NA	L2_3_IT_8	7	12227188.0	1.1780579904075581e-11	-0.13219155163331217	0.002442609789275594
meta (ancestry IVW)	NA	L2_3_IT_8	7	12227241.0	4.60038453514936e-12	-0.13492135886957343	0.0
meta (ancestry IVW)	NA	L2_3_IT_8	7	12227595.0	2.6370172569909174e-11	-0.1299641495393919	0.0
meta (ancestry IVW)	NA	L2_3_IT_8	7	12227630.0	1.5709654247960965e-10	-0.12927263120922936	0.5527207988963493
meta (ancestry IVW)	NA	L2_3_IT_8	7	12227869.0	7.997707124975414e-12	-0.13344487277147052	0.0
meta (ancestry IVW)	NA	L2_3_IT_8	7	12227926.0	1.1592109194749521e-11	-0.13250638589505537	0.0
meta (ancestry IVW)	NA	L2_3_IT_8	7	12227933.0	1.1592109194749521e-11	-0.13250638589505537	0.0
meta (ancestry IVW)	NA	L2_3_IT_8	7	12227988.0	7.827738759886085e-12	-0.1334726575108048	0.0
meta (ancestry IVW)	NA	L2_3_IT_8	7	12228108.0	8.824577326611052e-12	-0.1331348575412848	0.0
meta (ancestry IVW)	NA	L2_3_IT_8	7	12228211.0	8.086688208601055e-12	-0.13340054175016341	0.0
meta (ancestry IVW)	NA	L2_3_IT_8	7	12228456.0	1.1137272142160619e-11	-0.13271432549081938	0.0
meta (ancestry IVW)	NA	L2_3_IT_8	7	12228491.0	8.086688208601055e-12	-0.13340054175016341	0.0
meta (ancestry IVW)	NA	L2_3_IT_8	7	12228617.0	6.368904584611342e-12	-0.1341080932215663	0.0
meta (ancestry IVW)	NA	L2_3_IT_8	7	12228842.0	4.2238324642782424e-12	-0.13514650316367213	0.0
meta (ancestry IVW)	NA	L2_3_IT_8	7	12228925.0	7.497021193860361e-12	-0.13360393685193767	0.0
meta (ancestry IVW)	NA	L2_3_IT_8	7	12229042.0	8.432508622831481e-12	-0.13251900249606172	0.0
meta (ancestry IVW)	NA	L2_3_IT_8	7	12229091.0	8.127418510655091e-12	-0.13342991145181732	0.0
meta (ancestry IVW)	NA	L2_3_IT_8	7	12229132.0	2.5286432420159903e-11	-0.13009454905045437	0.030919422749737354
meta (ancestry IVW)	NA	L2_3_IT_8	7	12229166.0	8.127418510655091e-12	-0.13342991145181732	0.0
meta (ancestry IVW)	NA	L2_3_IT_8	7	12229172.0	8.127418510655091e-12	-0.13342991145181732	0.0
meta (ancestry IVW)	NA	L2_3_IT_8	7	12229185.0	7.927373521026619e-12	-0.13355317671722505	0.0
meta (ancestry IVW)	NA	L2_3_IT_8	7	12229634.0	7.752791288027365e-12	-0.1337047351379761	0.0
meta (ancestry IVW)	NA	L2_3_IT_8	7	12229791.0	6.974530884921235e-12	-0.13383681897938218	0.0
meta (ancestry IVW)	NA	L2_3_IT_8	7	12229949.0	9.682534903584765e-12	-0.1329437006953615	0.0
meta (ancestry IVW)	NA	L2_3_IT_8	7	12229967.0	8.494755247165166e-11	-0.12712725848620254	0.0
meta (ancestry IVW)	NA	L2_3_IT_8	7	12230053.0	4.958784019797788e-12	-0.13427197845333425	0.0
meta (ancestry IVW)	NA	L2_3_IT_8	7	12230136.0	7.7451839510083e-12	-0.13353185079697746	0.0
meta (ancestry IVW)	NA	L2_3_IT_8	7	12230178.0	7.0253752868772455e-12	-0.13379605421059537	0.0
meta (ancestry IVW)	NA	L2_3_IT_8	7	12230191.0	7.7451839510083e-12	-0.13353185079697746	0.0
meta (ancestry IVW)	NA	L2_3_IT_8	7	12230893.0	7.726144491449109e-12	-0.13357287489814168	0.0
meta (ancestry IVW)	NA	L2_3_IT_8	7	12230939.0	6.272664540135778e-12	-0.13417359615445823	0.0
meta (ancestry IVW)	NA	L2_3_IT_8	7	12230999.0	6.5387848221911544e-12	-0.13402506677654188	0.0
meta (ancestry IVW)	NA	L2_3_IT_8	7	12231144.0	8.410133678279927e-12	-0.1333597760980793	0.0
meta (ancestry IVW)	NA	L2_3_IT_8	7	12231189.0	7.928932922042462e-12	-0.133469268328661	0.0
meta (ancestry IVW)	NA	L2_3_IT_8	7	12231626.0	9.258065934364706e-11	-0.1266787226284815	0.1734537028614014
meta (ancestry IVW)	NA	L2_3_IT_8	7	12232371.0	7.10826507001773e-12	-0.13380721461206604	0.0
meta (ancestry IVW)	NA	L2_3_IT_8	7	12232490.0	6.635510725895945e-12	-0.13394793808939687	0.0
meta (ancestry IVW)	NA	L2_3_IT_8	7	12232942.0	5.480692785520374e-12	-0.13443132416822293	0.0
meta (ancestry IVW)	NA	L2_3_IT_8	7	12233526.0	6.73625321898495e-10	-0.12557308854429222	0.4079763006594431
meta (ancestry IVW)	NA	L2_3_IT_8	7	12233787.0	8.137655916818932e-12	-0.1333469198826574	0.0
meta (ancestry IVW)	NA	L2_3_IT_8	7	12233870.0	5.229827082183229e-12	-0.13465186301740456	0.0
meta (ancestry IVW)	NA	L2_3_IT_8	7	12234787.0	2.139887225122192e-11	-0.13070290180522184	0.0
meta (ancestry IVW)	NA	L2_3_IT_8	7	12235882.0	8.480276750288361e-11	-0.12709547069043758	0.2058020008809784
meta (ancestry IVW)	NA	L2_3_IT_8	7	12235998.0	6.234693221692767e-11	-0.1278682935415441	0.08123533887714639
meta (ancestry IVW)	NA	L2_3_IT_8	7	12236049.0	5.812269835088911e-11	-0.12811051278712493	0.18762420905872562
meta (ancestry IVW)	NA	L2_3_IT_8	7	12236192.0	6.309284300752948e-11	-0.12796080637871854	0.19723330049727547
meta (ancestry IVW)	NA	L2_3_IT_8	7	12236385.0	6.934091529763753e-11	-0.12767911312878735	0.20000851742169695
meta (ancestry IVW)	NA	L2_3_IT_8	7	12236419.0	8.740272652160766e-11	-0.127007819163893	0.2066760483983591
meta (ancestry IVW)	NA	L2_3_IT_8	7	12237259.0	1.2674546342689989e-11	-0.13256660305435375	0.10111260119216454
meta (ancestry IVW)	NA	L2_3_IT_8	7	12238147.0	4.451602279697923e-12	-0.13510586861011728	0.0
meta (ancestry IVW)	NA	L2_3_IT_8	7	12240135.0	1.6635497631732273e-11	-0.13187046574929498	0.030312047484322348
meta (ancestry IVW)	NA	L2_3_IT_8	7	12241104.0	1.49363483479045e-11	-0.132181927724532	0.17355882178209386
meta (ancestry IVW)	NA	L2_3_IT_8	7	12242825.0	1.4775982311878543e-10	-0.12533769044145598	0.0
meta (ancestry IVW)	NA	L2_3_IT_8	7	12243601.0	1.4843198777445146e-11	-0.13230963833169684	0.04176589328200021
meta (ancestry IVW)	NA	L2_3_IT_8	7	12243650.0	1.188327197850523e-11	-0.13286150392620347	0.17948031943070228
meta (ancestry IVW)	NA	L2_3_IT_8	7	12243703.0	1.188327197850523e-11	-0.13286150392620347	0.17948031943070228
meta (ancestry IVW)	NA	L2_3_IT_8	7	12244161.0	1.188327197850523e-11	-0.13286150392620347	0.17948031943070228
meta (ancestry IVW)	NA	L2_3_IT_8	7	12244247.0	1.4192596485311886e-11	-0.13222747801539922	0.19336614518528894
meta (ancestry IVW)	NA	L2_3_IT_8	7	12244382.0	1.131679549844344e-11	-0.13297774984275787	0.17844318140497906
meta (ancestry IVW)	NA	L2_3_IT_8	7	12244752.0	5.153444916182542e-11	-0.12920369262828263	0.6803622464354935
meta (ancestry IVW)	NA	L2_3_IT_8	7	12244804.0	1.8840024025690015e-10	-0.12410696643864298	0.5781230010383533
meta (ancestry IVW)	NA	L2_3_IT_8	7	12245514.0	1.7163066963613826e-10	-0.1244772412913624	0.6107720308914354
meta (ancestry IVW)	NA	L5_6_NP_6	7	12210752.0	6.599572694596699e-11	-0.1260417671608372	0.0
meta (ancestry IVW)	NA	L5_6_NP_6	7	12210776.0	1.1943464616277237e-10	-0.12481050110917148	0.3283641196521891
meta (ancestry IVW)	NA	L5_6_NP_6	7	12211934.0	1.1715180895083131e-11	-0.13068721846629533	0.534839030491638
meta (ancestry IVW)	NA	L5_6_NP_6	7	12212045.0	1.262634653899327e-11	-0.1304485966436348	0.528172990586666
meta (ancestry IVW)	NA	L5_6_NP_6	7	12212164.0	1.1752411761411223e-11	-0.13061895636781817	0.5289789793880505
meta (ancestry IVW)	NA	L5_6_NP_6	7	12212493.0	3.805496318571452e-10	0.12200588840945308	0.38130685473427667
meta (ancestry IVW)	NA	L5_6_NP_6	7	12212914.0	3.8922223241970345e-12	-0.1338195687508167	0.5555223830330264
meta (ancestry IVW)	NA	L5_6_NP_6	7	12213033.0	5.30719386162186e-12	-0.1332125320120668	0.5151540225119482
meta (ancestry IVW)	NA	L5_6_NP_6	7	12213115.0	3.8048220712800306e-12	-0.13386903784440413	0.5556382720610396
meta (ancestry IVW)	NA	L5_6_NP_6	7	12213267.0	3.455086676350675e-12	-0.13415798595933884	0.4907631694471184
meta (ancestry IVW)	NA	L5_6_NP_6	7	12213276.0	4.739380187337725e-12	-0.13343135262923517	0.5854991724165007
meta (ancestry IVW)	NA	L5_6_NP_6	7	12213424.0	3.2455832459180954e-12	-0.13427776735531619	0.5640592880668975
meta (ancestry IVW)	NA	L5_6_NP_6	7	12213462.0	2.3776006895983293e-12	-0.1351039626041846	0.5586377739389344
meta (ancestry IVW)	NA	L5_6_NP_6	7	12213736.0	4.387383556905233e-12	-0.13353005294211942	0.5548466817868198
meta (ancestry IVW)	NA	L5_6_NP_6	7	12213746.0	4.798023297715395e-12	-0.13325306550149152	0.5542037491752111
meta (ancestry IVW)	NA	L5_6_NP_6	7	12213917.0	3.721441634836841e-12	-0.13392290100852872	0.5557653050799155
meta (ancestry IVW)	NA	L5_6_NP_6	7	12213937.0	3.721441634836841e-12	-0.13392290100852872	0.5557653050799155
meta (ancestry IVW)	NA	L5_6_NP_6	7	12214254.0	3.884311445598782e-12	-0.13379149048960579	0.5554535499053991
meta (ancestry IVW)	NA	L5_6_NP_6	7	12215808.0	4.090711173054614e-12	-0.13377403323614315	0.3939256293288619
meta (ancestry IVW)	NA	L5_6_NP_6	7	12215885.0	2.2601995101292964e-11	-0.1298503899672628	0.14591452740555855
meta (ancestry IVW)	NA	L5_6_NP_6	7	12216038.0	4.022716931943173e-12	-0.134001488370134	0.3946135140028709
meta (ancestry IVW)	NA	L5_6_NP_6	7	12216922.0	2.7652379151029912e-12	-0.1349938031124516	0.3976911570028071
meta (ancestry IVW)	NA	L5_6_NP_6	7	12217901.0	4.2273550693228e-12	-0.13378743982806632	0.41033949812347525
meta (ancestry IVW)	NA	L5_6_NP_6	7	12217923.0	4.119533356412177e-12	-0.1338423152463113	0.4222959634184051
meta (ancestry IVW)	NA	L5_6_NP_6	7	12219039.0	5.684656381941562e-12	-0.13339735844891848	0.4650904253258068
meta (ancestry IVW)	NA	L5_6_NP_6	7	12219129.0	6.9635247626500886e-12	-0.1328589710313788	0.49700832534571443
meta (ancestry IVW)	NA	L5_6_NP_6	7	12222203.0	6.324487914734962e-12	-0.1333036463462837	0.4557904111093213
meta (ancestry IVW)	NA	L5_6_NP_6	7	12222285.0	7.108795986845835e-11	-0.13218913115962688	0.11546903770115705
meta (ancestry IVW)	NA	L5_6_NP_6	7	12222616.0	5.464099833605874e-12	-0.13339020282345604	0.4871042990286331
meta (ancestry IVW)	NA	L5_6_NP_6	7	12222945.0	4.8115444071817804e-12	-0.13381045281582468	0.48826506364031136
meta (ancestry IVW)	NA	L5_6_NP_6	7	12223091.0	7.024099457843609e-12	-0.13275874849125327	0.47648218599426573
meta (ancestry IVW)	NA	L5_6_NP_6	7	12223175.0	5.893449498885524e-12	-0.1332359594197701	0.4866909010280803
meta (ancestry IVW)	NA	L5_6_NP_6	7	12223342.0	4.716928887261004e-12	-0.13385751162516166	0.4883953519663398
meta (ancestry IVW)	NA	L5_6_NP_6	7	12223557.0	5.464099833605874e-12	-0.13339020282345604	0.4871042990286331
meta (ancestry IVW)	NA	L5_6_NP_6	7	12223752.0	1.3064991787729618e-11	-0.13116352836568723	0.2618914518987628
meta (ancestry IVW)	NA	L5_6_NP_6	7	12223811.0	7.075280848013651e-12	-0.13269162826829056	0.48524141664187365
meta (ancestry IVW)	NA	L5_6_NP_6	7	12223912.0	7.441854883160425e-12	-0.13267814437894265	0.4852153573095476
meta (ancestry IVW)	NA	L5_6_NP_6	7	12223920.0	9.893729271867019e-12	-0.13185467184494049	0.4831083105809482
meta (ancestry IVW)	NA	L5_6_NP_6	7	12223961.0	5.920299319935169e-12	-0.133191193628988	0.48656782983046404
meta (ancestry IVW)	NA	L5_6_NP_6	7	12224173.0	1.1341419284196359e-11	-0.13152341633968437	0.48229337905067365
meta (ancestry IVW)	NA	L5_6_NP_6	7	12224174.0	1.1341419284196359e-11	-0.13152341633968437	0.48229337905067365
meta (ancestry IVW)	NA	L5_6_NP_6	7	12224635.0	5.464099833605874e-12	-0.13339020282345604	0.4871042990286331
meta (ancestry IVW)	NA	L5_6_NP_6	7	12224671.0	5.464099833605874e-12	-0.13339020282345604	0.4871042990286331
meta (ancestry IVW)	NA	L5_6_NP_6	7	12224841.0	8.65936005126006e-12	-0.13211259583354232	0.4806794789661212
meta (ancestry IVW)	NA	L5_6_NP_6	7	12225040.0	4.745293932176698e-12	-0.13386555489512475	0.49970644642197776
meta (ancestry IVW)	NA	L5_6_NP_6	7	12225111.0	2.2157409492347228e-12	-0.13602918209750978	0.49475939356306736
meta (ancestry IVW)	NA	L5_6_NP_6	7	12225245.0	2.11480636977164e-11	-0.13012933849978262	0.18577210584593748
meta (ancestry IVW)	NA	L5_6_NP_6	7	12225433.0	3.072425414753866e-11	-0.1291297568770515	0.2767927447279562
meta (ancestry IVW)	NA	L5_6_NP_6	7	12225566.0	6.811175972881642e-12	-0.1329429967937157	0.4972304806368935
meta (ancestry IVW)	NA	L5_6_NP_6	7	12226222.0	7.577239997164059e-12	-0.13262155639440557	0.4878280730297047
meta (ancestry IVW)	NA	L5_6_NP_6	7	12226326.0	7.009732469628599e-12	-0.13279555864256914	0.49683920892307337
meta (ancestry IVW)	NA	L5_6_NP_6	7	12226362.0	1.8670435587058487e-12	-0.13639681028506265	0.4160835156302603
meta (ancestry IVW)	NA	L5_6_NP_6	7	12226925.0	9.403963103821774e-12	-0.13197983201129956	0.5025290851384095
meta (ancestry IVW)	NA	L5_6_NP_6	7	12227080.0	3.349851732847021e-11	-0.1287649221038545	0.2848480944595304
meta (ancestry IVW)	NA	L5_6_NP_6	7	12227188.0	6.797303359277108e-12	-0.1328261225395844	0.4969148390647314
meta (ancestry IVW)	NA	L5_6_NP_6	7	12227241.0	2.604022599527256e-12	-0.1355615156651929	0.4933676887692104
meta (ancestry IVW)	NA	L5_6_NP_6	7	12227595.0	8.226120223793264e-12	-0.1323538433928886	0.46876190567625503
meta (ancestry IVW)	NA	L5_6_NP_6	7	12227869.0	3.5486464059920598e-12	-0.13477528476353773	0.4642598129497426
meta (ancestry IVW)	NA	L5_6_NP_6	7	12227926.0	4.062540660725484e-12	-0.13451428575777447	0.4545770804947897
meta (ancestry IVW)	NA	L5_6_NP_6	7	12227933.0	4.062540660725484e-12	-0.13451428575777447	0.4545770804947897
meta (ancestry IVW)	NA	L5_6_NP_6	7	12227988.0	3.138386467415379e-12	-0.1350778522467891	0.46529310063514484
meta (ancestry IVW)	NA	L5_6_NP_6	7	12228108.0	3.714593703991196e-12	-0.13461569586464492	0.46371416808209015
meta (ancestry IVW)	NA	L5_6_NP_6	7	12228211.0	3.055444178944589e-12	-0.13516998619270287	0.46561364265478644
meta (ancestry IVW)	NA	L5_6_NP_6	7	12228456.0	5.005668011254656e-12	-0.1340320857802074	0.46178888341419116
meta (ancestry IVW)	NA	L5_6_NP_6	7	12228491.0	3.055444178944589e-12	-0.13516998619270287	0.46561364265478644
meta (ancestry IVW)	NA	L5_6_NP_6	7	12228617.0	2.5056282025983583e-12	-0.13576034927211952	0.4492055527486859
meta (ancestry IVW)	NA	L5_6_NP_6	7	12228842.0	1.5176214381992206e-12	-0.1370059300227899	0.4218478653960967
meta (ancestry IVW)	NA	L5_6_NP_6	7	12228925.0	2.0452486557624843e-12	-0.13625544317333696	0.46013054321086894
meta (ancestry IVW)	NA	L5_6_NP_6	7	12229042.0	2.1462792591752853e-11	-0.1290598221966084	0.5521055496419919
meta (ancestry IVW)	NA	L5_6_NP_6	7	12229091.0	2.211232872465353e-12	-0.13609710357957844	0.45967101955739276
meta (ancestry IVW)	NA	L5_6_NP_6	7	12229132.0	5.407371827844467e-12	-0.13352873686182293	0.4647121120836041
meta (ancestry IVW)	NA	L5_6_NP_6	7	12229166.0	2.211232872465353e-12	-0.13609710357957844	0.45967101955739276
meta (ancestry IVW)	NA	L5_6_NP_6	7	12229172.0	2.211232872465353e-12	-0.13609710357957844	0.45967101955739276
meta (ancestry IVW)	NA	L5_6_NP_6	7	12229185.0	2.2417438856984753e-12	-0.13611423422892305	0.4597253920102506
meta (ancestry IVW)	NA	L5_6_NP_6	7	12229634.0	4.125954161247928e-12	-0.1345407302541746	0.45533352261357096
meta (ancestry IVW)	NA	L5_6_NP_6	7	12229791.0	1.8431443886529006e-12	-0.1365685110580229	0.46106167599331593
meta (ancestry IVW)	NA	L5_6_NP_6	7	12229949.0	2.011590800809541e-12	-0.1363577258031735	0.4604369531893711
meta (ancestry IVW)	NA	L5_6_NP_6	7	12229967.0	1.2033187839236595e-11	-0.1318171403373517	0.285265673041559
meta (ancestry IVW)	NA	L5_6_NP_6	7	12230053.0	6.972361836856517e-13	-0.13867071416546792	0.1540504245415953
meta (ancestry IVW)	NA	L5_6_NP_6	7	12230136.0	1.9913238215107904e-12	-0.13634697577618718	0.4604020144587628
meta (ancestry IVW)	NA	L5_6_NP_6	7	12230178.0	2.4681127781913655e-12	-0.13575681224359198	0.4851386417680706
meta (ancestry IVW)	NA	L5_6_NP_6	7	12230191.0	1.9913238215107904e-12	-0.13634697577618718	0.4604020144587628
meta (ancestry IVW)	NA	L5_6_NP_6	7	12230893.0	2.270999946942487e-12	-0.13602557903568702	0.4859378773528473
meta (ancestry IVW)	NA	L5_6_NP_6	7	12230939.0	1.6970335499094877e-12	-0.13683241947712985	0.4341105259536735
meta (ancestry IVW)	NA	L5_6_NP_6	7	12230999.0	1.949054141649553e-12	-0.1364263030118537	0.46063874969776764
meta (ancestry IVW)	NA	L5_6_NP_6	7	12231144.0	2.1102857323498344e-12	-0.1362542444975375	0.45077626127134857
meta (ancestry IVW)	NA	L5_6_NP_6	7	12231189.0	2.071096978222096e-12	-0.1362446171323116	0.47326995755799034
meta (ancestry IVW)	NA	L5_6_NP_6	7	12231626.0	1.835700686546293e-11	-0.13046863833333397	0.5410813116937844
meta (ancestry IVW)	NA	L5_6_NP_6	7	12232371.0	2.077324083009122e-12	-0.13626924232710474	0.4601757264034599
meta (ancestry IVW)	NA	L5_6_NP_6	7	12232490.0	2.230242968009653e-12	-0.1360241796346292	0.45402386718781446
meta (ancestry IVW)	NA	L5_6_NP_6	7	12232942.0	1.9316559923145054e-12	-0.13636505651275496	0.4604501765209614
meta (ancestry IVW)	NA	L5_6_NP_6	7	12233787.0	3.934155029718054e-12	-0.134446907333412	0.48140310664870495
meta (ancestry IVW)	NA	L5_6_NP_6	7	12233870.0	2.0826629375166704e-12	-0.13625182980783068	0.48148280499769824
meta (ancestry IVW)	NA	L5_6_NP_6	7	12234787.0	3.3355157480135866e-12	-0.1349924025979196	0.4723675132205185
meta (ancestry IVW)	NA	L5_6_NP_6	7	12235882.0	1.2631868263436947e-11	-0.13169492790999995	0.5694258203407678
meta (ancestry IVW)	NA	L5_6_NP_6	7	12235998.0	1.0069469330802277e-11	-0.1322049024186877	0.5242238678766536
meta (ancestry IVW)	NA	L5_6_NP_6	7	12236049.0	7.390501199527179e-12	-0.13309688040649556	0.560683911175342
meta (ancestry IVW)	NA	L5_6_NP_6	7	12236192.0	7.123573086645801e-12	-0.13329238799507362	0.5721308350660603
meta (ancestry IVW)	NA	L5_6_NP_6	7	12236385.0	9.828937666424754e-12	-0.13239020845607244	0.5705713646828424
meta (ancestry IVW)	NA	L5_6_NP_6	7	12236419.0	1.0027125689937034e-11	-0.13234428660980804	0.5704946056417919
meta (ancestry IVW)	NA	L5_6_NP_6	7	12237259.0	4.115314557786288e-12	-0.13478278964730295	0.54387873974247
meta (ancestry IVW)	NA	L5_6_NP_6	7	12238147.0	1.9804771130459768e-12	-0.13639732164206966	0.4605539766297807
meta (ancestry IVW)	NA	L5_6_NP_6	7	12240135.0	6.196819115801093e-12	-0.1337262107379651	0.555896201811765
meta (ancestry IVW)	NA	L5_6_NP_6	7	12241104.0	9.038135304090765e-12	-0.13267595505126348	0.5591344779497508
meta (ancestry IVW)	NA	L5_6_NP_6	7	12242825.0	2.105189407507669e-11	-0.130108317204024	0.4462822037613961
meta (ancestry IVW)	NA	L5_6_NP_6	7	12243601.0	7.688673951160586e-12	-0.1332514262677916	0.5767125422128214
meta (ancestry IVW)	NA	L5_6_NP_6	7	12243650.0	5.409385899616799e-12	-0.1341428826223339	0.584284111349781
meta (ancestry IVW)	NA	L5_6_NP_6	7	12243703.0	5.409385899616799e-12	-0.1341428826223339	0.584284111349781
meta (ancestry IVW)	NA	L5_6_NP_6	7	12244161.0	5.409385899616799e-12	-0.1341428826223339	0.584284111349781
meta (ancestry IVW)	NA	L5_6_NP_6	7	12244247.0	4.295983585453312e-12	-0.13464472088535914	0.5935388113340675
meta (ancestry IVW)	NA	L5_6_NP_6	7	12244382.0	6.046409961054465e-12	-0.13381298836730784	0.5834447056078405
meta (ancestry IVW)	NA	L5_6_NP_6	7	12244752.0	1.7787226326505552e-10	-0.12471644776829084	0.8240191755845383
meta (ancestry IVW)	NA	L5_6_NP_6	7	12244804.0	1.0905020125157223e-10	-0.1249032094726648	0.8053921875113721
meta (ancestry IVW)	NA	L5_6_NP_6	7	12245514.0	5.365019349813578e-11	-0.12705688941709328	0.8049739886542124
meta (ancestry IVW)	NA	L5_IT_10_SEAAD	7	12194222.0	1.1197965848018774e-09	-0.11866466114128568	0.6621919827548629
meta (ancestry IVW)	NA	L5_IT_10_SEAAD	7	12198922.0	1.0208331795143178e-11	-0.14315277066665674	0.14736779976461437
meta (ancestry IVW)	NA	L5_IT_10_SEAAD	7	12199648.0	4.044545978072812e-12	-0.14542479111209944	0.20877506705649262
meta (ancestry IVW)	NA	L5_IT_10_SEAAD	7	12201319.0	2.3722984427051985e-09	-0.12867491983491974	0.22075940604010882
meta (ancestry IVW)	NA	L5_IT_10_SEAAD	7	12201488.0	2.5217327718652516e-09	-0.1280406704826781	0.2355085279699404
meta (ancestry IVW)	NA	L5_IT_10_SEAAD	7	12202043.0	3.9284655661512464e-10	-0.132385649269093	0.08797640213908156
meta (ancestry IVW)	NA	L5_IT_10_SEAAD	7	12205599.0	3.2234147786151115e-12	-0.1455374294292152	0.09197965896442548
meta (ancestry IVW)	NA	L5_IT_10_SEAAD	7	12207704.0	1.4060137812243614e-09	-0.12417207751549066	0.16442008588456292
meta (ancestry IVW)	NA	L5_IT_10_SEAAD	7	12210752.0	1.9852262862451747e-14	-0.1461898464897404	0.0
meta (ancestry IVW)	NA	L5_IT_10_SEAAD	7	12210776.0	7.655147024611957e-14	-0.14340871394793805	0.0
meta (ancestry IVW)	NA	L5_IT_10_SEAAD	7	12211934.0	2.242715144146474e-15	-0.15114582580874658	0.0
meta (ancestry IVW)	NA	L5_IT_10_SEAAD	7	12212045.0	2.2643886309641114e-15	-0.1510880464304452	0.0
meta (ancestry IVW)	NA	L5_IT_10_SEAAD	7	12212164.0	1.878185429025791e-15	-0.15149592005501009	0.0
meta (ancestry IVW)	NA	L5_IT_10_SEAAD	7	12212493.0	2.947588709209151e-13	0.14071096947010828	0.0
meta (ancestry IVW)	NA	L5_IT_10_SEAAD	7	12212914.0	2.8540057101976313e-15	-0.1506859056344915	0.0
meta (ancestry IVW)	NA	L5_IT_10_SEAAD	7	12213033.0	6.808630611172814e-15	-0.14887284723398375	0.0
meta (ancestry IVW)	NA	L5_IT_10_SEAAD	7	12213115.0	2.4766858259056845e-15	-0.1510087886542125	0.0
meta (ancestry IVW)	NA	L5_IT_10_SEAAD	7	12213267.0	3.071436200304025e-15	-0.15052816057290186	0.0
meta (ancestry IVW)	NA	L5_IT_10_SEAAD	7	12213276.0	2.111299462566561e-15	-0.1515710967766945	0.0
meta (ancestry IVW)	NA	L5_IT_10_SEAAD	7	12213424.0	1.852121338570327e-15	-0.1516719666596878	0.0
meta (ancestry IVW)	NA	L5_IT_10_SEAAD	7	12213462.0	1.1964768515142907e-15	-0.1526823481074314	0.0
meta (ancestry IVW)	NA	L5_IT_10_SEAAD	7	12213736.0	3.724409777346978e-15	-0.15009284258835082	0.0
meta (ancestry IVW)	NA	L5_IT_10_SEAAD	7	12213746.0	4.075010749991518e-15	-0.1498412775251415	0.0
meta (ancestry IVW)	NA	L5_IT_10_SEAAD	7	12213917.0	3.3484053287366396e-15	-0.15028396777372965	0.0
meta (ancestry IVW)	NA	L5_IT_10_SEAAD	7	12213937.0	3.3484053287366396e-15	-0.15028396777372965	0.0
meta (ancestry IVW)	NA	L5_IT_10_SEAAD	7	12214254.0	3.188724541304572e-15	-0.15038412501001297	0.0
meta (ancestry IVW)	NA	L5_IT_10_SEAAD	7	12215808.0	2.5119137554841677e-15	-0.1510881088368489	0.0
meta (ancestry IVW)	NA	L5_IT_10_SEAAD	7	12215885.0	2.3527878445000276e-14	-0.14661639732301898	0.0
meta (ancestry IVW)	NA	L5_IT_10_SEAAD	7	12216038.0	2.1889628940539024e-15	-0.1516213262907893	0.0
meta (ancestry IVW)	NA	L5_IT_10_SEAAD	7	12216922.0	1.6723380008833913e-15	-0.15222845553597947	0.0
meta (ancestry IVW)	NA	L5_IT_10_SEAAD	7	12217901.0	2.8871898823641395e-15	-0.15087584477604957	0.0
meta (ancestry IVW)	NA	L5_IT_10_SEAAD	7	12217923.0	2.120503918298296e-15	-0.1515921333629393	0.0
meta (ancestry IVW)	NA	L5_IT_10_SEAAD	7	12219039.0	6.934226210955351e-15	-0.14924799810814912	0.0
meta (ancestry IVW)	NA	L5_IT_10_SEAAD	7	12219129.0	6.9230932289415156e-15	-0.14927732779152747	0.0
meta (ancestry IVW)	NA	L5_IT_10_SEAAD	7	12222203.0	1.4447859743148885e-14	-0.1476804577755888	0.0
meta (ancestry IVW)	NA	L5_IT_10_SEAAD	7	12222285.0	7.894624771204104e-14	-0.14998003597162657	0.0
meta (ancestry IVW)	NA	L5_IT_10_SEAAD	7	12222616.0	6.696089096210974e-15	-0.14920196809061262	0.0
meta (ancestry IVW)	NA	L5_IT_10_SEAAD	7	12222945.0	5.274453286750298e-15	-0.14985806034479873	0.0
meta (ancestry IVW)	NA	L5_IT_10_SEAAD	7	12223091.0	8.184175207003837e-15	-0.14878404892953787	0.0
meta (ancestry IVW)	NA	L5_IT_10_SEAAD	7	12223175.0	6.5979498796938856e-15	-0.1492984879252161	0.0
meta (ancestry IVW)	NA	L5_IT_10_SEAAD	7	12223342.0	6.427596025427087e-15	-0.14937248591493915	0.0
meta (ancestry IVW)	NA	L5_IT_10_SEAAD	7	12223557.0	6.696089096210974e-15	-0.14920196809061262	0.0
meta (ancestry IVW)	NA	L5_IT_10_SEAAD	7	12223752.0	8.052895049991227e-15	-0.1489771209897132	0.0
meta (ancestry IVW)	NA	L5_IT_10_SEAAD	7	12223811.0	7.78296981931439e-15	-0.14885438529593983	0.0
meta (ancestry IVW)	NA	L5_IT_10_SEAAD	7	12223912.0	1.0399715987042462e-14	-0.1482909465690533	0.0
meta (ancestry IVW)	NA	L5_IT_10_SEAAD	7	12223920.0	1.3324183774163661e-14	-0.14764908964655796	0.0
meta (ancestry IVW)	NA	L5_IT_10_SEAAD	7	12223961.0	6.632338867112686e-15	-0.1492498840014197	0.0
meta (ancestry IVW)	NA	L5_IT_10_SEAAD	7	12224173.0	1.7252808699733682e-14	-0.14707100247564928	0.0
meta (ancestry IVW)	NA	L5_IT_10_SEAAD	7	12224174.0	1.7252808699733682e-14	-0.14707100247564928	0.0
meta (ancestry IVW)	NA	L5_IT_10_SEAAD	7	12224635.0	6.696089096210974e-15	-0.14920196809061262	0.0
meta (ancestry IVW)	NA	L5_IT_10_SEAAD	7	12224671.0	6.696089096210974e-15	-0.14920196809061262	0.0
meta (ancestry IVW)	NA	L5_IT_10_SEAAD	7	12224841.0	1.207537081667205e-14	-0.14776545190696924	0.0
meta (ancestry IVW)	NA	L5_IT_10_SEAAD	7	12225040.0	6.356056125519129e-15	-0.14942668599488051	0.0
meta (ancestry IVW)	NA	L5_IT_10_SEAAD	7	12225111.0	2.8354235471554587e-15	-0.1514655174344705	0.0
meta (ancestry IVW)	NA	L5_IT_10_SEAAD	7	12225245.0	2.6925210156431496e-14	-0.1463853055597844	0.0
meta (ancestry IVW)	NA	L5_IT_10_SEAAD	7	12225433.0	4.6063530154141405e-14	-0.1451174340659308	0.0
meta (ancestry IVW)	NA	L5_IT_10_SEAAD	7	12225566.0	1.0022449049408217e-14	-0.14840322730888778	0.0
meta (ancestry IVW)	NA	L5_IT_10_SEAAD	7	12226222.0	1.1854165178646835e-14	-0.1479626216198828	0.0
meta (ancestry IVW)	NA	L5_IT_10_SEAAD	7	12226326.0	1.031379712729804e-14	-0.14825711774311467	0.0
meta (ancestry IVW)	NA	L5_IT_10_SEAAD	7	12226362.0	3.1152783753410552e-15	-0.15113485524324688	0.0
meta (ancestry IVW)	NA	L5_IT_10_SEAAD	7	12226925.0	1.2783401221145338e-14	-0.14773403720066594	0.0
meta (ancestry IVW)	NA	L5_IT_10_SEAAD	7	12227080.0	4.9631546914445016e-14	-0.14479997016040888	0.0
meta (ancestry IVW)	NA	L5_IT_10_SEAAD	7	12227188.0	8.937015716173723e-15	-0.1485453853213745	0.0
meta (ancestry IVW)	NA	L5_IT_10_SEAAD	7	12227241.0	3.454744381480974e-15	-0.15095934655456378	0.0
meta (ancestry IVW)	NA	L5_IT_10_SEAAD	7	12227595.0	1.177771192147217e-14	-0.147936151312148	0.0
meta (ancestry IVW)	NA	L5_IT_10_SEAAD	7	12227630.0	2.789991822457252e-10	-0.12537534326128497	0.0
meta (ancestry IVW)	NA	L5_IT_10_SEAAD	7	12227869.0	3.899885415558958e-15	-0.1507335539166996	0.0
meta (ancestry IVW)	NA	L5_IT_10_SEAAD	7	12227926.0	6.467408651829632e-15	-0.14963306790423775	0.0
meta (ancestry IVW)	NA	L5_IT_10_SEAAD	7	12227933.0	6.467408651829632e-15	-0.14963306790423775	0.0
meta (ancestry IVW)	NA	L5_IT_10_SEAAD	7	12227988.0	3.49047156196885e-15	-0.15096280372469525	0.0
meta (ancestry IVW)	NA	L5_IT_10_SEAAD	7	12228108.0	4.630126253132468e-15	-0.15028133662069149	0.0
meta (ancestry IVW)	NA	L5_IT_10_SEAAD	7	12228211.0	4.124941498023466e-15	-0.15058330270841633	0.0
meta (ancestry IVW)	NA	L5_IT_10_SEAAD	7	12228456.0	5.239965883220813e-15	-0.15024631824859444	0.0
meta (ancestry IVW)	NA	L5_IT_10_SEAAD	7	12228491.0	4.124941498023466e-15	-0.15058330270841633	0.0
meta (ancestry IVW)	NA	L5_IT_10_SEAAD	7	12228617.0	3.277582677468661e-15	-0.15119011689521025	0.0
meta (ancestry IVW)	NA	L5_IT_10_SEAAD	7	12228842.0	2.1517800206711053e-15	-0.15207615184818227	0.0
meta (ancestry IVW)	NA	L5_IT_10_SEAAD	7	12228925.0	2.1109467602599363e-15	-0.1521803547896268	0.0
meta (ancestry IVW)	NA	L5_IT_10_SEAAD	7	12229042.0	4.0608751958236614e-15	-0.14980854937018084	0.0
meta (ancestry IVW)	NA	L5_IT_10_SEAAD	7	12229091.0	2.9986956523226215e-15	-0.15140135547060027	0.0
meta (ancestry IVW)	NA	L5_IT_10_SEAAD	7	12229132.0	7.194904466542719e-15	-0.1491517035266564	0.0
meta (ancestry IVW)	NA	L5_IT_10_SEAAD	7	12229166.0	2.9986956523226215e-15	-0.15140135547060027	0.0
meta (ancestry IVW)	NA	L5_IT_10_SEAAD	7	12229172.0	2.9986956523226215e-15	-0.15140135547060027	0.0
meta (ancestry IVW)	NA	L5_IT_10_SEAAD	7	12229185.0	2.6320460907419834e-15	-0.15177398009790402	0.0
meta (ancestry IVW)	NA	L5_IT_10_SEAAD	7	12229634.0	5.816648150473153e-15	-0.14996750340328183	0.0
meta (ancestry IVW)	NA	L5_IT_10_SEAAD	7	12229791.0	1.5890992173073898e-15	-0.15289125299671158	0.0
meta (ancestry IVW)	NA	L5_IT_10_SEAAD	7	12229949.0	2.756248987600654e-15	-0.15160822047724629	0.0
meta (ancestry IVW)	NA	L5_IT_10_SEAAD	7	12229967.0	1.6714078782034583e-14	-0.147672719404024	0.0
meta (ancestry IVW)	NA	L5_IT_10_SEAAD	7	12230053.0	1.347885581669908e-15	-0.1527291376973574	0.0
meta (ancestry IVW)	NA	L5_IT_10_SEAAD	7	12230136.0	2.496901052579143e-15	-0.15180191876048155	0.0
meta (ancestry IVW)	NA	L5_IT_10_SEAAD	7	12230178.0	4.014776591422757e-15	-0.15065460332078684	0.0
meta (ancestry IVW)	NA	L5_IT_10_SEAAD	7	12230191.0	2.496901052579143e-15	-0.15180191876048155	0.0
meta (ancestry IVW)	NA	L5_IT_10_SEAAD	7	12230893.0	3.466377366027566e-15	-0.15105523505239937	0.0
meta (ancestry IVW)	NA	L5_IT_10_SEAAD	7	12230939.0	2.171027047996161e-15	-0.15219541604535597	0.0
meta (ancestry IVW)	NA	L5_IT_10_SEAAD	7	12230999.0	2.401089923846787e-15	-0.15191937549853796	0.0
meta (ancestry IVW)	NA	L5_IT_10_SEAAD	7	12231144.0	2.7676276341280405e-15	-0.15162654856958158	0.0
meta (ancestry IVW)	NA	L5_IT_10_SEAAD	7	12231189.0	2.5561280642022955e-15	-0.15175050180427008	0.0
meta (ancestry IVW)	NA	L5_IT_10_SEAAD	7	12231341.0	2.587408761033389e-09	-0.1195134680562539	0.32112402870061474
meta (ancestry IVW)	NA	L5_IT_10_SEAAD	7	12231626.0	3.9516285653092174e-14	-0.14535231590483727	0.0
meta (ancestry IVW)	NA	L5_IT_10_SEAAD	7	12232371.0	2.5355433255453257e-15	-0.15180594711125775	0.0
meta (ancestry IVW)	NA	L5_IT_10_SEAAD	7	12232490.0	2.406757829302156e-15	-0.15187174227914912	0.0
meta (ancestry IVW)	NA	L5_IT_10_SEAAD	7	12232942.0	2.4590893031429004e-15	-0.15176722050713998	0.0
meta (ancestry IVW)	NA	L5_IT_10_SEAAD	7	12233526.0	7.380352874154987e-10	-0.12322549961089023	0.1581201445595691
meta (ancestry IVW)	NA	L5_IT_10_SEAAD	7	12233787.0	6.8243964055889226e-15	-0.14933036986736337	0.0
meta (ancestry IVW)	NA	L5_IT_10_SEAAD	7	12233870.0	3.5175994530280464e-15	-0.1510107848981128	0.0
meta (ancestry IVW)	NA	L5_IT_10_SEAAD	7	12234787.0	4.359862423414134e-15	-0.1505166389574064	0.0
meta (ancestry IVW)	NA	L5_IT_10_SEAAD	7	12235882.0	2.0561517989658864e-14	-0.14716666625570582	0.0
meta (ancestry IVW)	NA	L5_IT_10_SEAAD	7	12235998.0	2.3430460161647457e-14	-0.1467031480193215	0.0
meta (ancestry IVW)	NA	L5_IT_10_SEAAD	7	12236049.0	1.1387792346604718e-14	-0.1485132542153066	0.0
meta (ancestry IVW)	NA	L5_IT_10_SEAAD	7	12236192.0	8.409833054644888e-15	-0.1493589315559099	0.0
meta (ancestry IVW)	NA	L5_IT_10_SEAAD	7	12236385.0	1.3869283784906005e-14	-0.14812818752219048	0.0
meta (ancestry IVW)	NA	L5_IT_10_SEAAD	7	12236408.0	2.8366903067175095e-09	-0.13039880138200077	0.5345135201654333
meta (ancestry IVW)	NA	L5_IT_10_SEAAD	7	12236419.0	1.7529190027463144e-14	-0.14756283447287022	0.0
meta (ancestry IVW)	NA	L5_IT_10_SEAAD	7	12237259.0	6.676780012035657e-15	-0.14989489548433557	0.0
meta (ancestry IVW)	NA	L5_IT_10_SEAAD	7	12238147.0	2.686635823871782e-15	-0.1516665140563558	0.0
meta (ancestry IVW)	NA	L5_IT_10_SEAAD	7	12239933.0	2.155846079198264e-09	-0.1203162595873085	0.0
meta (ancestry IVW)	NA	L5_IT_10_SEAAD	7	12240135.0	8.438128960019975e-15	-0.1494056886631117	0.0
meta (ancestry IVW)	NA	L5_IT_10_SEAAD	7	12241104.0	1.0884596908669022e-14	-0.14878448307460607	0.0
meta (ancestry IVW)	NA	L5_IT_10_SEAAD	7	12241212.0	2.7080989900708067e-09	-0.11925854884291999	0.27346904139292616
meta (ancestry IVW)	NA	L5_IT_10_SEAAD	7	12242825.0	2.4076646914082853e-14	-0.14662168181054008	0.0
meta (ancestry IVW)	NA	L5_IT_10_SEAAD	7	12243601.0	7.466250085355597e-15	-0.14984262174952862	0.0
meta (ancestry IVW)	NA	L5_IT_10_SEAAD	7	12243650.0	5.331791878540073e-15	-0.1505673023339481	0.0
meta (ancestry IVW)	NA	L5_IT_10_SEAAD	7	12243703.0	5.331791878540073e-15	-0.1505673023339481	0.0
meta (ancestry IVW)	NA	L5_IT_10_SEAAD	7	12244161.0	5.331791878540073e-15	-0.1505673023339481	0.0
meta (ancestry IVW)	NA	L5_IT_10_SEAAD	7	12244247.0	5.2062213656529025e-15	-0.15047506577352218	0.0
meta (ancestry IVW)	NA	L5_IT_10_SEAAD	7	12244382.0	6.00365361916962e-15	-0.15025530399667186	0.0
meta (ancestry IVW)	NA	L5_IT_10_SEAAD	7	12244752.0	8.902750733144078e-14	-0.14426512386270143	0.6675100416650754
meta (ancestry IVW)	NA	L5_IT_10_SEAAD	7	12244804.0	8.206418318508511e-14	-0.14302350230429325	0.5625933386123295
meta (ancestry IVW)	NA	L5_IT_10_SEAAD	7	12245514.0	6.356552138470252e-14	-0.14376951685157574	0.5265187747074106
meta (ancestry IVW)	NA	L5_IT_6	7	12211934.0	1.7171639659026623e-10	-0.12446458692160735	0.0
meta (ancestry IVW)	NA	L5_IT_6	7	12212045.0	1.7539620284011795e-10	-0.12437297532790627	0.0
meta (ancestry IVW)	NA	L5_IT_6	7	12212164.0	1.525455341200923e-10	-0.1247604679574694	0.0
meta (ancestry IVW)	NA	L5_IT_6	7	12212914.0	5.332391047457435e-10	-0.12112533359196824	0.0
meta (ancestry IVW)	NA	L5_IT_6	7	12213033.0	6.388786899104129e-10	-0.12078431239369372	0.0
meta (ancestry IVW)	NA	L5_IT_6	7	12213115.0	4.64374112739514e-10	-0.12153695048899966	0.0
meta (ancestry IVW)	NA	L5_IT_6	7	12213267.0	4.89763088686832e-10	-0.12139998988894547	0.0
meta (ancestry IVW)	NA	L5_IT_6	7	12213276.0	6.601127473485225e-10	-0.12060442154912304	0.0
meta (ancestry IVW)	NA	L5_IT_6	7	12213424.0	3.906802608136796e-10	-0.12204462806583681	0.0
meta (ancestry IVW)	NA	L5_IT_6	7	12213462.0	2.679335778596649e-10	-0.12317099021450598	0.0
meta (ancestry IVW)	NA	L5_IT_6	7	12213736.0	7.271419335385923e-10	-0.12020446623738665	0.0
meta (ancestry IVW)	NA	L5_IT_6	7	12213746.0	7.003523869648507e-10	-0.12029071002674811	0.0
meta (ancestry IVW)	NA	L5_IT_6	7	12213917.0	5.61966298604404e-10	-0.12094696188886354	0.0
meta (ancestry IVW)	NA	L5_IT_6	7	12213937.0	5.61966298604404e-10	-0.12094696188886354	0.0
meta (ancestry IVW)	NA	L5_IT_6	7	12214254.0	5.497629430064019e-10	-0.12100139548773108	0.0
meta (ancestry IVW)	NA	L5_IT_6	7	12215808.0	7.184169329312008e-10	-0.12028448133783157	0.0
meta (ancestry IVW)	NA	L5_IT_6	7	12216038.0	7.130296155287077e-10	-0.12047253279018477	0.0
meta (ancestry IVW)	NA	L5_IT_6	7	12216922.0	2.573573574761667e-10	-0.12356157018834386	0.0
meta (ancestry IVW)	NA	L5_IT_6	7	12217901.0	4.6263894674495417e-10	-0.12173175254900091	0.0
meta (ancestry IVW)	NA	L5_IT_6	7	12217923.0	3.915591795949633e-10	-0.12222842335997108	0.0
meta (ancestry IVW)	NA	L5_IT_6	7	12219039.0	1.1253494095318818e-09	-0.11935543145470212	0.0
meta (ancestry IVW)	NA	L5_IT_6	7	12219129.0	1.1491410183987186e-09	-0.11930932804813114	0.0
meta (ancestry IVW)	NA	L5_IT_6	7	12222203.0	8.978396364935216e-10	-0.12023813860085777	0.0
meta (ancestry IVW)	NA	L5_IT_6	7	12222616.0	1.1082981394009812e-09	-0.11930018484336631	0.0
meta (ancestry IVW)	NA	L5_IT_6	7	12222945.0	1.3120635647471005e-09	-0.11883336102815961	0.0
meta (ancestry IVW)	NA	L5_IT_6	7	12223091.0	1.295823393209875e-09	-0.11886309402900845	0.0
meta (ancestry IVW)	NA	L5_IT_6	7	12223175.0	1.260331123079012e-09	-0.11894536161234258	0.0
meta (ancestry IVW)	NA	L5_IT_6	7	12223342.0	1.3944256149864095e-09	-0.11863538382179659	0.0
meta (ancestry IVW)	NA	L5_IT_6	7	12223557.0	1.1082981394009812e-09	-0.11930018484336631	0.0
meta (ancestry IVW)	NA	L5_IT_6	7	12223752.0	2.1875835907248522e-09	-0.11732540341738479	0.0
meta (ancestry IVW)	NA	L5_IT_6	7	12223811.0	1.541298162795705e-09	-0.11827575604634426	0.0
meta (ancestry IVW)	NA	L5_IT_6	7	12223912.0	1.354209698098265e-09	-0.11879768949584311	0.0
meta (ancestry IVW)	NA	L5_IT_6	7	12223920.0	1.383020932632186e-09	-0.11870224062343795	0.0
meta (ancestry IVW)	NA	L5_IT_6	7	12223961.0	1.0479841874208223e-09	-0.11949536165666191	0.0
meta (ancestry IVW)	NA	L5_IT_6	7	12224173.0	1.5965181019780804e-09	-0.11829437693124083	0.0
meta (ancestry IVW)	NA	L5_IT_6	7	12224174.0	1.5965181019780804e-09	-0.11829437693124083	0.0
meta (ancestry IVW)	NA	L5_IT_6	7	12224635.0	1.1082981394009812e-09	-0.11930018484336631	0.0
meta (ancestry IVW)	NA	L5_IT_6	7	12224671.0	1.1082981394009812e-09	-0.11930018484336631	0.0
meta (ancestry IVW)	NA	L5_IT_6	7	12224841.0	1.5289298191909113e-09	-0.11828592292540131	0.0
meta (ancestry IVW)	NA	L5_IT_6	7	12225040.0	8.104448775802666e-10	-0.12035458867601803	0.0
meta (ancestry IVW)	NA	L5_IT_6	7	12225111.0	6.116946816531136e-10	-0.12130539099733595	0.0
meta (ancestry IVW)	NA	L5_IT_6	7	12225245.0	2.654941796378408e-09	-0.11699466707664556	0.0
meta (ancestry IVW)	NA	L5_IT_6	7	12225566.0	1.1672178711134017e-09	-0.11928073728978557	0.0
meta (ancestry IVW)	NA	L5_IT_6	7	12226222.0	1.147407677962427e-09	-0.11930892762338305	0.0
meta (ancestry IVW)	NA	L5_IT_6	7	12226326.0	1.0330036481678867e-09	-0.11960237649884252	0.0
meta (ancestry IVW)	NA	L5_IT_6	7	12226362.0	8.46476229880109e-10	-0.12021427149793612	0.0
meta (ancestry IVW)	NA	L5_IT_6	7	12226925.0	1.2171431001650791e-09	-0.1190885329163374	0.0
meta (ancestry IVW)	NA	L5_IT_6	7	12227188.0	9.204088803364625e-10	-0.11991346741222923	0.0
meta (ancestry IVW)	NA	L5_IT_6	7	12227241.0	8.903661595024481e-10	-0.12011264162384118	0.0
meta (ancestry IVW)	NA	L5_IT_6	7	12227595.0	1.1571793096699462e-09	-0.11924905281055316	0.0
meta (ancestry IVW)	NA	L5_IT_6	7	12227869.0	7.707452508565448e-10	-0.12061420974709036	0.0
meta (ancestry IVW)	NA	L5_IT_6	7	12227926.0	1.0857352794589623e-09	-0.11963967765065348	0.0
meta (ancestry IVW)	NA	L5_IT_6	7	12227933.0	1.0857352794589623e-09	-0.11963967765065348	0.0
meta (ancestry IVW)	NA	L5_IT_6	7	12227988.0	8.066637405022735e-10	-0.12044290453918322	0.0
meta (ancestry IVW)	NA	L5_IT_6	7	12228108.0	8.800488947512416e-10	-0.12016981993543589	0.0
meta (ancestry IVW)	NA	L5_IT_6	7	12228211.0	8.796130805709999e-10	-0.12019059431354627	0.0
meta (ancestry IVW)	NA	L5_IT_6	7	12228456.0	8.988613175021314e-10	-0.12031556114240188	0.0
meta (ancestry IVW)	NA	L5_IT_6	7	12228491.0	8.796130805709999e-10	-0.12019059431354627	0.0
meta (ancestry IVW)	NA	L5_IT_6	7	12228617.0	6.711646304144349e-10	-0.1210743804890302	0.0
meta (ancestry IVW)	NA	L5_IT_6	7	12228842.0	4.971793651505271e-10	-0.12190729854952548	0.0
meta (ancestry IVW)	NA	L5_IT_6	7	12228925.0	6.905303336484069e-10	-0.12093864121593151	0.0
meta (ancestry IVW)	NA	L5_IT_6	7	12229042.0	1.599590032501813e-10	-0.1247389872979283	0.0
meta (ancestry IVW)	NA	L5_IT_6	7	12229091.0	7.917745874590468e-10	-0.12056074099684738	0.0
meta (ancestry IVW)	NA	L5_IT_6	7	12229132.0	9.92070463653436e-10	-0.11974390956326152	0.0
meta (ancestry IVW)	NA	L5_IT_6	7	12229166.0	7.917745874590468e-10	-0.12056074099684738	0.0
meta (ancestry IVW)	NA	L5_IT_6	7	12229172.0	7.917745874590468e-10	-0.12056074099684738	0.0
meta (ancestry IVW)	NA	L5_IT_6	7	12229185.0	7.746755451566179e-10	-0.12067711105322194	0.0
meta (ancestry IVW)	NA	L5_IT_6	7	12229634.0	9.724378926642142e-10	-0.1200481967224781	0.0
meta (ancestry IVW)	NA	L5_IT_6	7	12229791.0	6.779784168684575e-10	-0.12102432276269137	0.0
meta (ancestry IVW)	NA	L5_IT_6	7	12229949.0	7.588692435617798e-10	-0.12069683168787959	0.0
meta (ancestry IVW)	NA	L5_IT_6	7	12230053.0	4.478038722934244e-10	-0.12186987314835368	0.0
meta (ancestry IVW)	NA	L5_IT_6	7	12230136.0	7.531931278899349e-10	-0.12068650913610465	0.0
meta (ancestry IVW)	NA	L5_IT_6	7	12230178.0	8.247436505409317e-10	-0.12039612744790144	0.0
meta (ancestry IVW)	NA	L5_IT_6	7	12230191.0	7.531931278899349e-10	-0.12068650913610465	0.0
meta (ancestry IVW)	NA	L5_IT_6	7	12230893.0	7.524288698607177e-10	-0.12071980292317935	0.0
meta (ancestry IVW)	NA	L5_IT_6	7	12230939.0	5.003141597538502e-10	-0.1219994489953098	0.0
meta (ancestry IVW)	NA	L5_IT_6	7	12230999.0	6.652537666749831e-10	-0.121090705522815	0.0
meta (ancestry IVW)	NA	L5_IT_6	7	12231144.0	7.397487917863665e-10	-0.12079757443552316	0.0
meta (ancestry IVW)	NA	L5_IT_6	7	12231189.0	7.40928243404142e-10	-0.12074159938828524	0.0
meta (ancestry IVW)	NA	L5_IT_6	7	12231626.0	2.1439250960191298e-09	-0.11761870095636477	0.0
meta (ancestry IVW)	NA	L5_IT_6	7	12232371.0	6.9343647938317e-10	-0.12097555108259486	0.0
meta (ancestry IVW)	NA	L5_IT_6	7	12232490.0	7.068950872105389e-10	-0.12086854672680394	0.0
meta (ancestry IVW)	NA	L5_IT_6	7	12232942.0	7.01223707111795e-10	-0.12085139368859715	0.0
meta (ancestry IVW)	NA	L5_IT_6	7	12233787.0	1.131880277514853e-09	-0.11937112911052594	0.0
meta (ancestry IVW)	NA	L5_IT_6	7	12233870.0	9.496099155952527e-10	-0.11998694089465406	0.0
meta (ancestry IVW)	NA	L5_IT_6	7	12234787.0	4.98642027192523e-10	-0.12200177695822599	0.0
meta (ancestry IVW)	NA	L5_IT_6	7	12235882.0	1.3587771514492331e-09	-0.1192209667612114	0.0
meta (ancestry IVW)	NA	L5_IT_6	7	12236049.0	1.1821110671170168e-09	-0.11957297549862435	0.0
meta (ancestry IVW)	NA	L5_IT_6	7	12236192.0	1.2053852767305547e-09	-0.11959538253945566	0.0
meta (ancestry IVW)	NA	L5_IT_6	7	12236385.0	9.138623761483564e-10	-0.12046170614764062	0.0
meta (ancestry IVW)	NA	L5_IT_6	7	12236419.0	1.440099107947238e-09	-0.11903824794080654	0.0
meta (ancestry IVW)	NA	L5_IT_6	7	12237259.0	8.773699461960918e-10	-0.1205745996450057	0.0
meta (ancestry IVW)	NA	L5_IT_6	7	12238147.0	6.458295454044313e-10	-0.12119512434039953	0.0
meta (ancestry IVW)	NA	L5_IT_6	7	12240135.0	1.4647642051954984e-09	-0.1190217728444874	0.0
meta (ancestry IVW)	NA	L5_IT_6	7	12241104.0	1.22686584207901e-09	-0.11958494263591	0.0
meta (ancestry IVW)	NA	L5_IT_6	7	12243601.0	1.7791011772791191e-09	-0.11851362303683563	0.0
meta (ancestry IVW)	NA	L5_IT_6	7	12243650.0	1.4722189999759934e-09	-0.11904251314417401	0.0
meta (ancestry IVW)	NA	L5_IT_6	7	12243703.0	1.4722189999759934e-09	-0.11904251314417401	0.0
meta (ancestry IVW)	NA	L5_IT_6	7	12244161.0	1.4722189999759934e-09	-0.11904251314417401	0.0
meta (ancestry IVW)	NA	L5_IT_6	7	12244247.0	1.19790068824916e-09	-0.11957546431748793	0.0
meta (ancestry IVW)	NA	L5_IT_6	7	12244382.0	1.5246360154983492e-09	-0.11891187896241485	0.0
meta (ancestry IVW)	NA	Lamp5_3	7	12205599.0	1.3258586566072054e-09	0.12696254758758357	0.5367297902964843
meta (ancestry IVW)	NA	Lamp5_3	7	12210752.0	1.201184248174509e-09	0.1164891366031156	0.10277552136629109
meta (ancestry IVW)	NA	Lamp5_3	7	12210776.0	1.891254416813996e-09	0.1155344817507738	0.21181047086365282
meta (ancestry IVW)	NA	Lamp5_3	7	12211934.0	4.2793064966069614e-10	0.1193532851410547	0.1885029277678209
meta (ancestry IVW)	NA	Lamp5_3	7	12212045.0	3.2893517939083136e-10	0.1201098788608685	0.15468947809935038
meta (ancestry IVW)	NA	Lamp5_3	7	12212164.0	4.093864092210319e-10	0.11943139728347703	0.1391505307979074
meta (ancestry IVW)	NA	Lamp5_3	7	12212493.0	3.834301831055993e-10	-0.1210474929071892	0.0
meta (ancestry IVW)	NA	Lamp5_3	7	12212914.0	1.6150014851858207e-11	0.12887684999245416	0.0
meta (ancestry IVW)	NA	Lamp5_3	7	12213033.0	2.0228893060252942e-11	0.12847776350430268	0.0
meta (ancestry IVW)	NA	Lamp5_3	7	12213115.0	1.6466147522463332e-11	0.12881118722657098	0.0
meta (ancestry IVW)	NA	Lamp5_3	7	12213267.0	1.4969698826434503e-11	0.12910562916635912	0.0
meta (ancestry IVW)	NA	Lamp5_3	7	12213276.0	1.4392740369634605e-11	0.12934331532843407	0.0
meta (ancestry IVW)	NA	Lamp5_3	7	12213424.0	1.2995920168430659e-11	0.12944954894960992	0.0
meta (ancestry IVW)	NA	Lamp5_3	7	12213462.0	1.1088485171129342e-11	0.1298684587087954	0.0
meta (ancestry IVW)	NA	Lamp5_3	7	12213736.0	1.479125084490517e-11	0.12915779289197513	0.0
meta (ancestry IVW)	NA	Lamp5_3	7	12213746.0	1.674142605125225e-11	0.12878121413689517	0.0
meta (ancestry IVW)	NA	Lamp5_3	7	12213917.0	1.4861655497684883e-11	0.12908966150130097	0.0
meta (ancestry IVW)	NA	Lamp5_3	7	12213937.0	1.4861655497684883e-11	0.12908966150130097	0.0
meta (ancestry IVW)	NA	Lamp5_3	7	12214254.0	1.4265043808516713e-11	0.12918908436572724	0.0
meta (ancestry IVW)	NA	Lamp5_3	7	12215808.0	1.7433515715032342e-11	0.1287389357326959	0.0
meta (ancestry IVW)	NA	Lamp5_3	7	12215885.0	4.269246933515196e-11	0.12703360643034292	0.0
meta (ancestry IVW)	NA	Lamp5_3	7	12216038.0	2.2185449923155393e-11	0.12824251225358585	0.0
meta (ancestry IVW)	NA	Lamp5_3	7	12216922.0	5.8864976557236555e-12	0.1318854705414747	0.0
meta (ancestry IVW)	NA	Lamp5_3	7	12217901.0	1.8884850853120116e-11	0.1286188736789335	0.0
meta (ancestry IVW)	NA	Lamp5_3	7	12217923.0	1.7667031603426206e-11	0.12879462021887536	0.0
meta (ancestry IVW)	NA	Lamp5_3	7	12219039.0	1.6755033564640903e-11	0.12935938325221308	0.0
meta (ancestry IVW)	NA	Lamp5_3	7	12219129.0	2.0331287091947997e-11	0.1288386226193063	0.0
meta (ancestry IVW)	NA	Lamp5_3	7	12222203.0	1.395774072739148e-11	0.1300541835161228	0.0
meta (ancestry IVW)	NA	Lamp5_3	7	12222285.0	3.828869407918235e-11	0.1330353024352578	0.0
meta (ancestry IVW)	NA	Lamp5_3	7	12222616.0	1.5852610519007602e-11	0.12940241462869884	0.0
meta (ancestry IVW)	NA	Lamp5_3	7	12222945.0	1.5162669158369527e-11	0.12959595131128857	0.0
meta (ancestry IVW)	NA	Lamp5_3	7	12223091.0	1.84263905151628e-11	0.12903737702219226	0.0
meta (ancestry IVW)	NA	Lamp5_3	7	12223175.0	1.8405831905075414e-11	0.12903853679386548	0.0
meta (ancestry IVW)	NA	Lamp5_3	7	12223342.0	2.7048668075409197e-11	0.1279652734472397	0.0
meta (ancestry IVW)	NA	Lamp5_3	7	12223557.0	1.5852610519007602e-11	0.12940241462869884	0.0
meta (ancestry IVW)	NA	Lamp5_3	7	12223752.0	4.323306035547681e-11	0.12676554193914644	0.0
meta (ancestry IVW)	NA	Lamp5_3	7	12223811.0	2.341745786653484e-11	0.12832385046607425	0.0
meta (ancestry IVW)	NA	Lamp5_3	7	12223912.0	1.7049976368317368e-11	0.12933816782965027	0.0
meta (ancestry IVW)	NA	Lamp5_3	7	12223920.0	1.9207671784160187e-11	0.1289728966810936	0.0
meta (ancestry IVW)	NA	Lamp5_3	7	12223961.0	1.8782899265406136e-11	0.1289501472446358	0.0
meta (ancestry IVW)	NA	Lamp5_3	7	12224173.0	3.075142674191128e-11	0.12769642958833485	0.0
meta (ancestry IVW)	NA	Lamp5_3	7	12224174.0	3.075142674191128e-11	0.12769642958833485	0.0
meta (ancestry IVW)	NA	Lamp5_3	7	12224635.0	1.5852610519007602e-11	0.12940241462869884	0.0
meta (ancestry IVW)	NA	Lamp5_3	7	12224671.0	1.5852610519007602e-11	0.12940241462869884	0.0
meta (ancestry IVW)	NA	Lamp5_3	7	12224841.0	2.1179517047107374e-11	0.12859335606256256	0.0
meta (ancestry IVW)	NA	Lamp5_3	7	12225040.0	1.4464755732994367e-11	0.1297405811686264	0.0
meta (ancestry IVW)	NA	Lamp5_3	7	12225111.0	9.66341217969153e-12	0.13094534428427165	0.0
meta (ancestry IVW)	NA	Lamp5_3	7	12225245.0	4.063798736978226e-11	0.12726633825908334	0.0
meta (ancestry IVW)	NA	Lamp5_3	7	12225433.0	6.211033262036789e-11	0.12610666694767714	0.0
meta (ancestry IVW)	NA	Lamp5_3	7	12225566.0	2.7155153627570838e-11	0.12804588075617135	0.0
meta (ancestry IVW)	NA	Lamp5_3	7	12226222.0	2.5463887791130295e-11	0.1281963462180825	0.0
meta (ancestry IVW)	NA	Lamp5_3	7	12226326.0	2.192147701294664e-11	0.12858264120011795	0.0
meta (ancestry IVW)	NA	Lamp5_3	7	12226362.0	9.062179147669157e-12	0.13103304827211945	0.0
meta (ancestry IVW)	NA	Lamp5_3	7	12226925.0	2.904113204216078e-11	0.1277923935713332	0.0
meta (ancestry IVW)	NA	Lamp5_3	7	12227080.0	5.858366000884816e-11	0.12616561885821853	0.0
meta (ancestry IVW)	NA	Lamp5_3	7	12227188.0	2.0329420415288967e-11	0.12874096450337744	0.0
meta (ancestry IVW)	NA	Lamp5_3	7	12227241.0	1.0412951853197157e-11	0.13070952763278137	0.0
meta (ancestry IVW)	NA	Lamp5_3	7	12227595.0	1.8960965186659974e-11	0.1289945529545842	0.0
meta (ancestry IVW)	NA	Lamp5_3	7	12227869.0	1.0407054960795199e-11	0.13077008539385243	0.0
meta (ancestry IVW)	NA	Lamp5_3	7	12227926.0	1.2552758884758072e-11	0.13035135614493484	0.0
meta (ancestry IVW)	NA	Lamp5_3	7	12227933.0	1.2552758884758072e-11	0.13035135614493484	0.0
meta (ancestry IVW)	NA	Lamp5_3	7	12227988.0	8.91920064018445e-12	0.13116404009468238	0.0
meta (ancestry IVW)	NA	Lamp5_3	7	12228108.0	1.2117245259191769e-11	0.13031350373089412	0.0
meta (ancestry IVW)	NA	Lamp5_3	7	12228211.0	9.628352688394237e-12	0.1309717705695147	0.0
meta (ancestry IVW)	NA	Lamp5_3	7	12228456.0	1.2257055956162378e-11	0.1305134485638851	0.0
meta (ancestry IVW)	NA	Lamp5_3	7	12228491.0	9.628352688394237e-12	0.1309717705695147	0.0
meta (ancestry IVW)	NA	Lamp5_3	7	12228617.0	1.1512643358027546e-11	0.13051807249512476	0.0
meta (ancestry IVW)	NA	Lamp5_3	7	12228842.0	8.351434107655724e-12	0.13131122514466007	0.0
meta (ancestry IVW)	NA	Lamp5_3	7	12228925.0	6.381444891885455e-12	0.1320977418649037	0.0
meta (ancestry IVW)	NA	Lamp5_3	7	12229042.0	2.0769258634467992e-10	0.12155204098726809	0.3516406854918122
meta (ancestry IVW)	NA	Lamp5_3	7	12229091.0	6.746110465712933e-12	0.1319968832516939	0.0
meta (ancestry IVW)	NA	Lamp5_3	7	12229132.0	1.3636131937714423e-11	0.12992683992284515	0.0
meta (ancestry IVW)	NA	Lamp5_3	7	12229166.0	6.746110465712933e-12	0.1319968832516939	0.0
meta (ancestry IVW)	NA	Lamp5_3	7	12229172.0	6.746110465712933e-12	0.1319968832516939	0.0
meta (ancestry IVW)	NA	Lamp5_3	7	12229185.0	8.658422246758665e-12	0.1313630986282402	0.0
meta (ancestry IVW)	NA	Lamp5_3	7	12229634.0	1.4939900706352566e-11	0.12993640118404015	0.0
meta (ancestry IVW)	NA	Lamp5_3	7	12229791.0	5.7525046135299625e-12	0.1324134699008281	0.0
meta (ancestry IVW)	NA	Lamp5_3	7	12229949.0	7.097352561967221e-12	0.13186196473818418	0.0
meta (ancestry IVW)	NA	Lamp5_3	7	12229967.0	2.3449897019248734e-11	0.12892240739861158	0.0
meta (ancestry IVW)	NA	Lamp5_3	7	12230053.0	6.103373527302506e-12	0.13177821844454765	0.0
meta (ancestry IVW)	NA	Lamp5_3	7	12230136.0	6.8901606650560965e-12	0.131906470281772	0.0
meta (ancestry IVW)	NA	Lamp5_3	7	12230178.0	1.0256685049031276e-11	0.13079987971178925	0.0
meta (ancestry IVW)	NA	Lamp5_3	7	12230191.0	6.8901606650560965e-12	0.131906470281772	0.0
meta (ancestry IVW)	NA	Lamp5_3	7	12230893.0	7.742305118613239e-12	0.13161875396119735	0.0
meta (ancestry IVW)	NA	Lamp5_3	7	12230939.0	4.605740221692285e-12	0.13306059417495594	0.0
meta (ancestry IVW)	NA	Lamp5_3	7	12230999.0	7.231491134188983e-12	0.13179430914801307	0.0
meta (ancestry IVW)	NA	Lamp5_3	7	12231144.0	8.42767397889429e-12	0.13140902562253728	0.0
meta (ancestry IVW)	NA	Lamp5_3	7	12231189.0	9.423342775234189e-12	0.1310479827083498	0.0
meta (ancestry IVW)	NA	Lamp5_3	7	12231626.0	8.938919139586284e-11	0.12491315428972895	0.0
meta (ancestry IVW)	NA	Lamp5_3	7	12232371.0	8.678864116989373e-12	0.1313062585555894	0.0
meta (ancestry IVW)	NA	Lamp5_3	7	12232490.0	7.104828633411163e-12	0.13180542964542652	0.0
meta (ancestry IVW)	NA	Lamp5_3	7	12232942.0	1.0154053719108078e-11	0.13077437627341845	0.0
meta (ancestry IVW)	NA	Lamp5_3	7	12233787.0	1.9669089033704414e-11	0.1289468167793504	0.0
meta (ancestry IVW)	NA	Lamp5_3	7	12233870.0	1.1215284838921087e-11	0.13058580252979282	0.0
meta (ancestry IVW)	NA	Lamp5_3	7	12234787.0	1.023594701371969e-11	0.1308540206266054	0.0
meta (ancestry IVW)	NA	Lamp5_3	7	12235882.0	7.329090071721017e-11	0.12564293157059195	0.0
meta (ancestry IVW)	NA	Lamp5_3	7	12235998.0	5.0663824352224155e-11	0.12660152338278619	0.0
meta (ancestry IVW)	NA	Lamp5_3	7	12236049.0	4.326140910186482e-11	0.12706672625028526	0.0
meta (ancestry IVW)	NA	Lamp5_3	7	12236192.0	4.286996832946754e-11	0.1271828792716012	0.0
meta (ancestry IVW)	NA	Lamp5_3	7	12236385.0	5.473177039118804e-11	0.12647749756777382	0.0
meta (ancestry IVW)	NA	Lamp5_3	7	12236419.0	6.484321286355428e-11	0.12599855494451578	0.0
meta (ancestry IVW)	NA	Lamp5_3	7	12237259.0	4.1114232135595253e-11	0.1272901977939231	0.06826235106986663
meta (ancestry IVW)	NA	Lamp5_3	7	12238147.0	9.348837716676892e-12	0.1310998291415595	0.0
meta (ancestry IVW)	NA	Lamp5_3	7	12240135.0	6.221836449553942e-11	0.12616141570155356	0.10774790299688407
meta (ancestry IVW)	NA	Lamp5_3	7	12241104.0	9.462729166796509e-11	0.12495109960029464	0.11636287786229704
meta (ancestry IVW)	NA	Lamp5_3	7	12242825.0	1.5556933636816417e-10	0.12333988897190709	0.2268658116075094
meta (ancestry IVW)	NA	Lamp5_3	7	12243601.0	5.7384466935587097e-11	0.1265090065638379	0.2369044199399118
meta (ancestry IVW)	NA	Lamp5_3	7	12243650.0	4.540163778275618e-11	0.12710690434723937	0.26327208916240785
meta (ancestry IVW)	NA	Lamp5_3	7	12243703.0	4.540163778275618e-11	0.12710690434723937	0.26327208916240785
meta (ancestry IVW)	NA	Lamp5_3	7	12244161.0	4.540163778275618e-11	0.12710690434723937	0.26327208916240785
meta (ancestry IVW)	NA	Lamp5_3	7	12244247.0	3.659769966180861e-11	0.12759686722718894	0.2824517112676032
meta (ancestry IVW)	NA	Lamp5_3	7	12244382.0	4.42039995553459e-11	0.12716292440363383	0.26391119673627705
meta (ancestry IVW)	NA	Lamp5_3	7	12244752.0	8.36134477974716e-11	0.12594098672861728	0.660920519845113
meta (ancestry IVW)	NA	Lamp5_3	7	12244804.0	1.2530461895264653e-10	0.12351472227470944	0.5251945522645768
meta (ancestry IVW)	NA	Lamp5_3	7	12245514.0	6.817557846851086e-11	0.1253693610943679	0.5097033571843508
meta (ancestry IVW)	NA	Lamp5_5	7	12175936.0	4.359136284091218e-12	0.16113531578581014	0.4963229384467537
meta (ancestry IVW)	NA	Lamp5_5	7	12177586.0	6.639402997207008e-12	0.16003942845844554	0.30144729594712905
meta (ancestry IVW)	NA	Lamp5_5	7	12179838.0	1.6722604287077477e-09	0.14677367672029704	0.4213460702038959
meta (ancestry IVW)	NA	Lamp5_5	7	12180897.0	1.757794980208396e-09	0.14697730873755466	0.33511400706175165
meta (ancestry IVW)	NA	Lamp5_5	7	12181620.0	3.0385844615126164e-11	0.1555449055608884	0.44212315891580745
meta (ancestry IVW)	NA	Lamp5_5	7	12184365.0	2.3199156684027022e-11	0.15621894685215146	0.448166373683887
meta (ancestry IVW)	NA	Lamp5_5	7	12185082.0	8.908766521616677e-10	0.14395417456502432	0.6534058292603974
meta (ancestry IVW)	NA	Lamp5_5	7	12185770.0	2.72345933022045e-09	0.14656071816894073	0.16069007289679554
meta (ancestry IVW)	NA	Lamp5_5	7	12187397.0	2.8052425368055183e-11	0.15559654478259655	0.3386388738478986
meta (ancestry IVW)	NA	Lamp5_5	7	12188266.0	5.872757953129621e-11	0.15444088476720516	0.3001063445357282
meta (ancestry IVW)	NA	Lamp5_5	7	12188676.0	2.49317245796605e-11	0.15600041528261352	0.38537520999535635
meta (ancestry IVW)	NA	Lamp5_5	7	12189797.0	4.942461235069202e-11	0.15539455545668818	0.23008180151185698
meta (ancestry IVW)	NA	Lamp5_5	7	12193340.0	1.6752314407364211e-13	0.14398501016368642	0.0
meta (ancestry IVW)	NA	Lamp5_5	7	12194222.0	1.2912068934449007e-20	0.1838843366952706	0.7535125613355265
meta (ancestry IVW)	NA	Lamp5_5	7	12194293.0	1.4947408597500498e-15	0.17361634449834443	0.3723923276180653
meta (ancestry IVW)	NA	Lamp5_5	7	12194394.0	1.660581463810668e-12	0.13855461370997962	0.0
meta (ancestry IVW)	NA	Lamp5_5	7	12196292.0	1.4741581209535802e-13	0.14274661647491735	0.0
meta (ancestry IVW)	NA	Lamp5_5	7	12198302.0	1.1761084111216126e-12	0.17348137178473425	0.42026005794230065
meta (ancestry IVW)	NA	Lamp5_5	7	12198922.0	4.906076653813817e-19	0.19012072824241177	0.055869548571145664
meta (ancestry IVW)	NA	Lamp5_5	7	12199648.0	8.79459492198923e-19	0.18807190787475567	0.06512910294509135
meta (ancestry IVW)	NA	Lamp5_5	7	12200780.0	2.811676412731832e-10	0.16140753969256316	0.5771701498668393
meta (ancestry IVW)	NA	Lamp5_5	7	12201319.0	3.4550280327857e-16	0.17822962710086573	0.3112926449711067
meta (ancestry IVW)	NA	Lamp5_5	7	12201488.0	3.0799818055953195e-16	0.1779702949420532	0.29487655579055705
meta (ancestry IVW)	NA	Lamp5_5	7	12202043.0	4.705856368238185e-17	0.1801809062813916	0.3421811054748435
meta (ancestry IVW)	NA	Lamp5_5	7	12202114.0	3.0552628644893165e-14	0.14663686414358984	0.0
meta (ancestry IVW)	NA	Lamp5_5	7	12202197.0	7.732035519290575e-13	0.17470243393185728	0.38589599824278387
meta (ancestry IVW)	NA	Lamp5_5	7	12202737.0	5.763590605025806e-14	0.14604904699603552	0.0
meta (ancestry IVW)	NA	Lamp5_5	7	12203113.0	8.116713066051745e-16	0.17572069600847795	0.2747839419664262
meta (ancestry IVW)	NA	Lamp5_5	7	12203613.0	6.202467749800985e-14	0.14591976297893525	0.0
meta (ancestry IVW)	NA	Lamp5_5	7	12203664.0	3.712506875015649e-16	0.17783467920821847	0.4054509794373195
meta (ancestry IVW)	NA	Lamp5_5	7	12205599.0	4.624809610399108e-19	0.18889349708646977	0.1984027576081243
meta (ancestry IVW)	NA	Lamp5_5	7	12205994.0	1.084501451172654e-15	0.15785580949033726	0.0
meta (ancestry IVW)	NA	Lamp5_5	7	12207209.0	8.195092209584116e-13	0.17350605961059412	0.37459527350502103
meta (ancestry IVW)	NA	Lamp5_5	7	12207683.0	6.808259076942677e-20	0.18569736306385481	0.5503278742402771
meta (ancestry IVW)	NA	Lamp5_5	7	12207704.0	2.8521283613382016e-18	0.18106782993135534	0.5050044433090796
meta (ancestry IVW)	NA	Lamp5_5	7	12208081.0	4.110197815059456e-15	0.1524950845713426	0.628682890340676
meta (ancestry IVW)	NA	Lamp5_5	7	12210752.0	6.151821754420062e-26	0.20410907890777208	0.3102817328631033
meta (ancestry IVW)	NA	Lamp5_5	7	12210776.0	4.154995599110414e-25	0.20134622064068505	0.4485648089773959
meta (ancestry IVW)	NA	Lamp5_5	7	12211636.0	1.5795974617719866e-13	0.14377881248167584	0.658377224374665
meta (ancestry IVW)	NA	Lamp5_5	7	12211934.0	1.7280379319592943e-28	0.21410253686844252	0.04057366024155925
meta (ancestry IVW)	NA	Lamp5_5	7	12212045.0	2.2924819897216767e-28	0.21356614423773518	0.0
meta (ancestry IVW)	NA	Lamp5_5	7	12212100.0	4.046508372561329e-17	0.16656412293104642	0.0
meta (ancestry IVW)	NA	Lamp5_5	7	12212164.0	1.7029951852824746e-28	0.21403206387611723	0.004573966180177675
meta (ancestry IVW)	NA	Lamp5_5	7	12212200.0	1.2176172723033386e-16	0.16285466320121167	0.2533778103859472
meta (ancestry IVW)	NA	Lamp5_5	7	12212493.0	2.4170598771452496e-25	-0.20345452850859894	0.0
meta (ancestry IVW)	NA	Lamp5_5	7	12212914.0	1.2429269015294419e-30	0.22263814490731262	0.0
meta (ancestry IVW)	NA	Lamp5_5	7	12213033.0	2.308788015843982e-30	0.22197941597577345	0.0
meta (ancestry IVW)	NA	Lamp5_5	7	12213115.0	9.431771812120518e-31	0.22307747420606436	0.0
meta (ancestry IVW)	NA	Lamp5_5	7	12213267.0	7.964067642703533e-31	0.22340656362146133	0.0
meta (ancestry IVW)	NA	Lamp5_5	7	12213276.0	9.197343972486714e-31	0.22339149953841517	0.0
meta (ancestry IVW)	NA	Lamp5_5	7	12213424.0	5.861359392835607e-31	0.22383388404279106	0.0
meta (ancestry IVW)	NA	Lamp5_5	7	12213462.0	4.9127247769936635e-31	0.2240958551529132	0.0
meta (ancestry IVW)	NA	Lamp5_5	7	12213552.0	1.7736596569321716e-16	0.1620206746649133	0.0687665050465608
meta (ancestry IVW)	NA	Lamp5_5	7	12213736.0	1.974594112525178e-30	0.22192647510854877	0.0
meta (ancestry IVW)	NA	Lamp5_5	7	12213746.0	1.788270780275802e-30	0.22203748672485699	0.0
meta (ancestry IVW)	NA	Lamp5_5	7	12213917.0	1.393901440256783e-30	0.22241493179334004	0.0
meta (ancestry IVW)	NA	Lamp5_5	7	12213937.0	1.393901440256783e-30	0.22241493179334004	0.0
meta (ancestry IVW)	NA	Lamp5_5	7	12214241.0	3.577752068744044e-14	0.1731860416274391	0.24043985807178758
meta (ancestry IVW)	NA	Lamp5_5	7	12214254.0	9.693916560750118e-31	0.222996617401869	0.0
meta (ancestry IVW)	NA	Lamp5_5	7	12214267.0	2.8146026700197753e-17	0.17370371298588938	0.44809874325764004
meta (ancestry IVW)	NA	Lamp5_5	7	12214386.0	1.3012377290558762e-11	0.17002664470354573	0.12860081734422063
meta (ancestry IVW)	NA	Lamp5_5	7	12215313.0	8.288434716137103e-17	0.172531731894567	0.40397576665955054
meta (ancestry IVW)	NA	Lamp5_5	7	12215808.0	4.435236716097402e-31	0.22449001014990375	0.0
meta (ancestry IVW)	NA	Lamp5_5	7	12215885.0	1.309663948060923e-28	0.21615747278963746	0.0
meta (ancestry IVW)	NA	Lamp5_5	7	12216038.0	5.450465275352172e-31	0.22445741535778452	0.0
meta (ancestry IVW)	NA	Lamp5_5	7	12216042.0	1.0329473505965975e-16	0.16348706985497702	0.0
meta (ancestry IVW)	NA	Lamp5_5	7	12216152.0	1.419474652125538e-16	0.17119467744622813	0.32377241607703083
meta (ancestry IVW)	NA	Lamp5_5	7	12216380.0	5.681922210751012e-17	0.1657034861965945	0.0
meta (ancestry IVW)	NA	Lamp5_5	7	12216914.0	3.5522721638895113e-17	0.1736720013542782	0.4346832476928744
meta (ancestry IVW)	NA	Lamp5_5	7	12216922.0	3.810514432065098e-31	0.22500533271778145	0.0
meta (ancestry IVW)	NA	Lamp5_5	7	12217026.0	7.821835935193434e-16	0.16490484349713952	0.5218026074864636
meta (ancestry IVW)	NA	Lamp5_5	7	12217543.0	6.840951547085101e-17	0.1652453462119271	0.0
meta (ancestry IVW)	NA	Lamp5_5	7	12217901.0	4.381590999943838e-31	0.22467977884631948	0.0
meta (ancestry IVW)	NA	Lamp5_5	7	12217923.0	3.151645483495412e-31	0.22520329144200651	0.0
meta (ancestry IVW)	NA	Lamp5_5	7	12218102.0	8.631079414447967e-17	0.16395260894175515	0.0
meta (ancestry IVW)	NA	Lamp5_5	7	12218312.0	7.923197499579108e-17	0.16409995774878122	0.0
meta (ancestry IVW)	NA	Lamp5_5	7	12219039.0	5.163558419407804e-31	0.2250832375171219	0.0
meta (ancestry IVW)	NA	Lamp5_5	7	12219129.0	5.140155609398205e-31	0.225126477026639	0.0
meta (ancestry IVW)	NA	Lamp5_5	7	12220920.0	6.364077407094821e-17	0.17179058771433714	0.4375287776800222
meta (ancestry IVW)	NA	Lamp5_5	7	12220926.0	3.1148421237280866e-11	0.1671226589764988	0.25269037347012874
meta (ancestry IVW)	NA	Lamp5_5	7	12221087.0	2.6421158113831716e-14	0.16725643862848913	0.535759627613792
meta (ancestry IVW)	NA	Lamp5_5	7	12222203.0	3.461350717962527e-31	0.22606742403654143	0.0
meta (ancestry IVW)	NA	Lamp5_5	7	12222285.0	1.1801258183293042e-24	0.20863051735064167	0.0
meta (ancestry IVW)	NA	Lamp5_5	7	12222616.0	3.646713403940065e-31	0.22547355391872506	0.0
meta (ancestry IVW)	NA	Lamp5_5	7	12222945.0	4.0165553486923115e-31	0.22543330492127098	0.0
meta (ancestry IVW)	NA	Lamp5_5	7	12223028.0	1.10530302595664e-16	0.16312448723068956	0.0
meta (ancestry IVW)	NA	Lamp5_5	7	12223091.0	5.788897881077703e-31	0.2248050132816815	0.0
meta (ancestry IVW)	NA	Lamp5_5	7	12223175.0	3.749611864352036e-31	0.22552032148077372	0.0
meta (ancestry IVW)	NA	Lamp5_5	7	12223342.0	6.072997095738834e-31	0.2247330362233934	0.0
meta (ancestry IVW)	NA	Lamp5_5	7	12223376.0	1.6049335348131504e-10	-0.15605196369226326	0.0
meta (ancestry IVW)	NA	Lamp5_5	7	12223557.0	3.646713403940065e-31	0.22547355391872506	0.0
meta (ancestry IVW)	NA	Lamp5_5	7	12223608.0	5.722875974661132e-17	0.16562592307996304	0.0
meta (ancestry IVW)	NA	Lamp5_5	7	12223722.0	3.447369623321786e-14	0.15422765569748814	0.0
meta (ancestry IVW)	NA	Lamp5_5	7	12223744.0	2.476811230094476e-16	0.16214887224663696	0.0
meta (ancestry IVW)	NA	Lamp5_5	7	12223752.0	1.1263626401085305e-29	0.2200243413116041	0.0
meta (ancestry IVW)	NA	Lamp5_5	7	12223811.0	6.30044246472865e-31	0.2245884509660414	0.0
meta (ancestry IVW)	NA	Lamp5_5	7	12223912.0	8.717853235918192e-31	0.22426244915341872	0.0
meta (ancestry IVW)	NA	Lamp5_5	7	12223920.0	9.88275058659782e-31	0.22399752400779432	0.0
meta (ancestry IVW)	NA	Lamp5_5	7	12223961.0	4.0280906435020966e-31	0.22534584811332334	0.0
meta (ancestry IVW)	NA	Lamp5_5	7	12224173.0	1.252776976922874e-30	0.2236871989701123	0.0
meta (ancestry IVW)	NA	Lamp5_5	7	12224174.0	1.252776976922874e-30	0.2236871989701123	0.0
meta (ancestry IVW)	NA	Lamp5_5	7	12224525.0	5.3215302855159287e-17	0.1649756383095448	0.0
meta (ancestry IVW)	NA	Lamp5_5	7	12224594.0	4.261441662606537e-17	0.16547557229822168	0.0
meta (ancestry IVW)	NA	Lamp5_5	7	12224635.0	3.646713403940065e-31	0.22547355391872506	0.0
meta (ancestry IVW)	NA	Lamp5_5	7	12224671.0	3.646713403940065e-31	0.22547355391872506	0.0
meta (ancestry IVW)	NA	Lamp5_5	7	12224841.0	9.980442304066814e-31	0.22379185833866422	0.0
meta (ancestry IVW)	NA	Lamp5_5	7	12225040.0	3.4830807180169224e-31	0.22568672112969954	0.0
meta (ancestry IVW)	NA	Lamp5_5	7	12225083.0	3.2818940568500324e-14	0.17372515436427272	0.3965937255225733
meta (ancestry IVW)	NA	Lamp5_5	7	12225111.0	8.313281579285085e-32	0.2282025218940363	0.0
meta (ancestry IVW)	NA	Lamp5_5	7	12225245.0	1.0961228253931522e-28	0.21661114005884008	0.0
meta (ancestry IVW)	NA	Lamp5_5	7	12225433.0	2.357722948835061e-28	0.21537670853192736	0.0
meta (ancestry IVW)	NA	Lamp5_5	7	12225566.0	7.917364077217477e-31	0.22444467007927876	0.0
meta (ancestry IVW)	NA	Lamp5_5	7	12225648.0	3.598522233168133e-14	0.173333740997555	0.39052146886335215
meta (ancestry IVW)	NA	Lamp5_5	7	12225804.0	3.156293956754091e-14	0.1736767617228845	0.3882035471628416
meta (ancestry IVW)	NA	Lamp5_5	7	12226113.0	8.841062822429104e-17	0.17245912981966638	0.4942546883349851
meta (ancestry IVW)	NA	Lamp5_5	7	12226141.0	8.91264559449827e-17	0.1640041828513976	0.0
meta (ancestry IVW)	NA	Lamp5_5	7	12226222.0	6.4623052168142045e-31	0.22473332594349904	0.0
meta (ancestry IVW)	NA	Lamp5_5	7	12226279.0	2.2455284799597536e-14	0.17494214924798746	0.39089307431753456
meta (ancestry IVW)	NA	Lamp5_5	7	12226326.0	4.433303412627508e-31	0.22529510583383464	0.0
meta (ancestry IVW)	NA	Lamp5_5	7	12226362.0	6.43027250465048e-32	0.22847241312083325	0.0
meta (ancestry IVW)	NA	Lamp5_5	7	12226694.0	7.259909823083496e-17	0.1726763355942208	0.4397581848330071
meta (ancestry IVW)	NA	Lamp5_5	7	12226925.0	6.471221763963344e-31	0.22466511795291866	0.0
meta (ancestry IVW)	NA	Lamp5_5	7	12227080.0	1.5107052424472948e-28	0.21596275140643328	0.0
meta (ancestry IVW)	NA	Lamp5_5	7	12227188.0	3.668287985038284e-31	0.22551678939482286	0.0
meta (ancestry IVW)	NA	Lamp5_5	7	12227241.0	6.327076428743313e-32	0.22860006788913415	0.0
meta (ancestry IVW)	NA	Lamp5_5	7	12227595.0	7.607722559204004e-31	0.2243990148728558	0.0
meta (ancestry IVW)	NA	Lamp5_5	7	12227630.0	5.50885173705686e-22	0.1942302866902888	0.0
meta (ancestry IVW)	NA	Lamp5_5	7	12227869.0	9.96446183093847e-32	0.22795169051404962	0.0
meta (ancestry IVW)	NA	Lamp5_5	7	12227926.0	3.587053604709575e-31	0.22601227384133493	0.0
meta (ancestry IVW)	NA	Lamp5_5	7	12227933.0	3.587053604709575e-31	0.22601227384133493	0.0
meta (ancestry IVW)	NA	Lamp5_5	7	12227988.0	1.005570534700198e-31	0.22788054102021507	0.0
meta (ancestry IVW)	NA	Lamp5_5	7	12228108.0	1.9755824757275697e-31	0.22676206560825327	0.0
meta (ancestry IVW)	NA	Lamp5_5	7	12228211.0	1.2134218168075362e-31	0.2276036199550447	0.0
meta (ancestry IVW)	NA	Lamp5_5	7	12228456.0	2.2878940559746977e-31	0.226921411413624	0.0
meta (ancestry IVW)	NA	Lamp5_5	7	12228491.0	1.2134218168075362e-31	0.2276036199550447	0.0
meta (ancestry IVW)	NA	Lamp5_5	7	12228617.0	1.038742873633398e-31	0.2279405590028822	0.0
meta (ancestry IVW)	NA	Lamp5_5	7	12228842.0	1.365446509906344e-31	0.22731881685936056	0.0
meta (ancestry IVW)	NA	Lamp5_5	7	12228925.0	3.999538433154472e-32	0.22941999136241675	0.0
meta (ancestry IVW)	NA	Lamp5_5	7	12229042.0	1.231952834525617e-28	0.2148001001334212	0.45389215004669425
meta (ancestry IVW)	NA	Lamp5_5	7	12229069.0	4.068966445859889e-17	0.1658615349824144	0.0
meta (ancestry IVW)	NA	Lamp5_5	7	12229091.0	4.824048237054539e-32	0.22920243228229448	0.0
meta (ancestry IVW)	NA	Lamp5_5	7	12229132.0	3.068801664559161e-31	0.22593574777291353	0.0
meta (ancestry IVW)	NA	Lamp5_5	7	12229166.0	4.824048237054539e-32	0.22920243228229448	0.0
meta (ancestry IVW)	NA	Lamp5_5	7	12229172.0	4.824048237054539e-32	0.22920243228229448	0.0
meta (ancestry IVW)	NA	Lamp5_5	7	12229185.0	6.155382661027457e-32	0.22889522563575912	0.0
meta (ancestry IVW)	NA	Lamp5_5	7	12229634.0	2.2880885491908484e-31	0.2268815210915361	0.0
meta (ancestry IVW)	NA	Lamp5_5	7	12229791.0	3.0605851896182826e-32	0.2299114944208422	0.0
meta (ancestry IVW)	NA	Lamp5_5	7	12229949.0	7.116594477182385e-32	0.228571905177009	0.0
meta (ancestry IVW)	NA	Lamp5_5	7	12229967.0	1.9338156413524913e-29	0.21976936328189448	0.0
meta (ancestry IVW)	NA	Lamp5_5	7	12230053.0	6.949331273874485e-32	0.2277840918770409	0.0
meta (ancestry IVW)	NA	Lamp5_5	7	12230136.0	4.832224383841686e-32	0.22914323832190853	0.0
meta (ancestry IVW)	NA	Lamp5_5	7	12230178.0	8.438326983532537e-32	0.22821105349182083	0.0
meta (ancestry IVW)	NA	Lamp5_5	7	12230191.0	4.832224383841686e-32	0.22914323832190853	0.0
meta (ancestry IVW)	NA	Lamp5_5	7	12230893.0	5.225335226978844e-32	0.2290720679886399	0.0
meta (ancestry IVW)	NA	Lamp5_5	7	12230939.0	3.7521095474887255e-32	0.2296474386493603	0.0
meta (ancestry IVW)	NA	Lamp5_5	7	12230957.0	1.5154364580434358e-11	0.16976347352652074	0.0
meta (ancestry IVW)	NA	Lamp5_5	7	12230999.0	4.529416736807646e-32	0.2292857559166605	0.0
meta (ancestry IVW)	NA	Lamp5_5	7	12231144.0	6.641324659003838e-32	0.2287252198172661	0.0
meta (ancestry IVW)	NA	Lamp5_5	7	12231189.0	6.206565947445345e-32	0.2287417486972068	0.0
meta (ancestry IVW)	NA	Lamp5_5	7	12231341.0	3.842469203817186e-18	0.17675604633786238	0.27159160261397564
meta (ancestry IVW)	NA	Lamp5_5	7	12231626.0	2.435614994591522e-30	0.22303658722656508	0.0
meta (ancestry IVW)	NA	Lamp5_5	7	12231826.0	5.150915396424918e-16	0.1588816251985896	0.5821053301409331
meta (ancestry IVW)	NA	Lamp5_5	7	12232371.0	7.172836153042288e-32	0.2285572326186999	0.0
meta (ancestry IVW)	NA	Lamp5_5	7	12232400.0	3.082560196115824e-11	0.16716244146250453	0.25313707166358845
meta (ancestry IVW)	NA	Lamp5_5	7	12232490.0	3.3965197836771743e-32	0.22969115118956324	0.0
meta (ancestry IVW)	NA	Lamp5_5	7	12232942.0	7.04879097846698e-32	0.228414493714341	0.0
meta (ancestry IVW)	NA	Lamp5_5	7	12233236.0	4.310408199618712e-11	0.1495278290635163	0.0
meta (ancestry IVW)	NA	Lamp5_5	7	12233526.0	1.1198854797565926e-18	0.1791019659490123	0.3537301159504627
meta (ancestry IVW)	NA	Lamp5_5	7	12233787.0	2.8777030980251382e-31	0.2261167163013013	0.0
meta (ancestry IVW)	NA	Lamp5_5	7	12233870.0	1.7941495603265757e-31	0.22702455618319475	0.0
meta (ancestry IVW)	NA	Lamp5_5	7	12234787.0	4.445550898165405e-31	0.22554887114087072	0.0
meta (ancestry IVW)	NA	Lamp5_5	7	12235882.0	2.3407986693732033e-30	0.2233857468837907	0.0
meta (ancestry IVW)	NA	Lamp5_5	7	12235998.0	4.263331559832142e-30	0.2221950851705783	0.0
meta (ancestry IVW)	NA	Lamp5_5	7	12236049.0	7.161278043765333e-31	0.2252138643248934	0.0
meta (ancestry IVW)	NA	Lamp5_5	7	12236192.0	1.1057749598136407e-30	0.22464358155195585	0.0
meta (ancestry IVW)	NA	Lamp5_5	7	12236385.0	1.3178257219531511e-30	0.22434066843215647	0.0
meta (ancestry IVW)	NA	Lamp5_5	7	12236408.0	6.708736852817946e-15	0.173569941991293	0.38167009639297617
meta (ancestry IVW)	NA	Lamp5_5	7	12236419.0	1.733573566397854e-30	0.22389558300147436	0.0
meta (ancestry IVW)	NA	Lamp5_5	7	12236896.0	9.976776134156963e-15	0.1724990633588482	0.36240907620908097
meta (ancestry IVW)	NA	Lamp5_5	7	12237259.0	4.147318001235968e-31	0.2262559519046893	0.0
meta (ancestry IVW)	NA	Lamp5_5	7	12237394.0	2.6081808078476978e-17	0.17207747249017347	0.427304289015217
meta (ancestry IVW)	NA	Lamp5_5	7	12237455.0	4.3149389827175543e-11	0.16595597062191364	0.23948352031004233
meta (ancestry IVW)	NA	Lamp5_5	7	12237812.0	1.4963608067902186e-12	0.1627496425141023	0.6034045779329623
meta (ancestry IVW)	NA	Lamp5_5	7	12237816.0	1.5665263396465039e-12	0.15939627639613213	0.6798165397837512
meta (ancestry IVW)	NA	Lamp5_5	7	12238147.0	1.462618438553113e-31	0.22738110212680027	0.0
meta (ancestry IVW)	NA	Lamp5_5	7	12238811.0	4.265539769009265e-17	0.1715180650644168	0.08630658708926665
meta (ancestry IVW)	NA	Lamp5_5	7	12239572.0	8.50701807681993e-17	0.16417575600770254	0.0
meta (ancestry IVW)	NA	Lamp5_5	7	12239933.0	3.0034154692303505e-17	0.17221340431730833	0.10371037405958529
meta (ancestry IVW)	NA	Lamp5_5	7	12240135.0	1.4046395637571788e-30	0.22431391301966888	0.0
meta (ancestry IVW)	NA	Lamp5_5	7	12240207.0	4.134173852779535e-14	0.1709814409228409	0.44251675929858886
meta (ancestry IVW)	NA	Lamp5_5	7	12241104.0	3.0835135042063005e-30	0.22299129130462056	0.0
meta (ancestry IVW)	NA	Lamp5_5	7	12241212.0	3.413765745183688e-17	0.17147913011724053	0.5282617519934488
meta (ancestry IVW)	NA	Lamp5_5	7	12242825.0	1.8304928424293537e-29	0.21966784246369378	0.0
meta (ancestry IVW)	NA	Lamp5_5	7	12243601.0	1.9265118140444013e-30	0.22399216021949628	0.0
meta (ancestry IVW)	NA	Lamp5_5	7	12243624.0	9.384942420402916e-17	0.16926815778680887	0.4935420430207139
meta (ancestry IVW)	NA	Lamp5_5	7	12243650.0	1.186451111703519e-30	0.22467230653319878	0.030961016952171745
meta (ancestry IVW)	NA	Lamp5_5	7	12243703.0	1.186451111703519e-30	0.22467230653319878	0.030961016952171745
meta (ancestry IVW)	NA	Lamp5_5	7	12244161.0	1.186451111703519e-30	0.22467230653319878	0.030961016952171745
meta (ancestry IVW)	NA	Lamp5_5	7	12244247.0	1.4402736796025953e-30	0.2241211499153988	0.0559427168812686
meta (ancestry IVW)	NA	Lamp5_5	7	12244382.0	1.2528033822082844e-30	0.22454385681220657	0.0296981556443773
meta (ancestry IVW)	NA	Lamp5_5	7	12244752.0	9.321453235329555e-29	0.2182983087576591	0.718803676543937
meta (ancestry IVW)	NA	Lamp5_5	7	12244804.0	8.318618116865123e-29	0.2163062767931838	0.6293788362666541
meta (ancestry IVW)	NA	Lamp5_5	7	12244849.0	2.1819925623206372e-15	0.15579027221757963	0.728988825291459
meta (ancestry IVW)	NA	Lamp5_5	7	12245427.0	2.05983697918623e-13	0.16544716555300942	0.66184689179587
meta (ancestry IVW)	NA	Lamp5_5	7	12245514.0	5.267609634745097e-29	0.2172495466485398	0.6268649156787607
meta (ancestry IVW)	NA	Lamp5_5	7	12245703.0	4.306952047445561e-11	0.1623862164257786	0.4392102462279265
meta (ancestry IVW)	NA	Lamp5_5	7	12246424.0	4.900614152099025e-17	0.17031200790257553	0.4877335686617219
meta (ancestry IVW)	NA	Lamp5_5	7	12246599.0	5.526642736303876e-15	0.1533667725450549	0.736311084102326
meta (ancestry IVW)	NA	Lamp5_5	7	12246783.0	1.2010887895232426e-12	0.15803968982853836	0.0
meta (ancestry IVW)	NA	Lamp5_6	7	12175936.0	3.7356410716265337e-13	0.1685361147293277	0.4962436445046912
meta (ancestry IVW)	NA	Lamp5_6	7	12177586.0	4.302416162901308e-13	0.1683817647548959	0.3416935924355898
meta (ancestry IVW)	NA	Lamp5_6	7	12177735.0	1.808447485450394e-10	0.15649574304641678	0.31123706556546166
meta (ancestry IVW)	NA	Lamp5_6	7	12179838.0	7.066886067730571e-11	0.15825984857168732	0.3666370611886688
meta (ancestry IVW)	NA	Lamp5_6	7	12180897.0	1.1528882385304388e-10	0.15689478438254234	0.2669811746659383
meta (ancestry IVW)	NA	Lamp5_6	7	12181620.0	1.764181996459284e-12	0.164576553857807	0.4779201367634697
meta (ancestry IVW)	NA	Lamp5_6	7	12184365.0	1.260519894215618e-12	0.1653977792296499	0.4843428362513658
meta (ancestry IVW)	NA	Lamp5_6	7	12185082.0	6.240539383417983e-10	0.1445719709076597	0.5761618116377126
meta (ancestry IVW)	NA	Lamp5_6	7	12185770.0	2.7366501038257506e-10	0.15514337393625177	0.0775595961528242
meta (ancestry IVW)	NA	Lamp5_6	7	12187397.0	1.0252574545235456e-12	0.1660944214557408	0.4316253287855624
meta (ancestry IVW)	NA	Lamp5_6	7	12188266.0	1.7816038339158426e-12	0.16588594210811328	0.385928726998639
meta (ancestry IVW)	NA	Lamp5_6	7	12188676.0	1.0543698653402987e-12	0.1660054168988446	0.44908922866280626
meta (ancestry IVW)	NA	Lamp5_6	7	12189797.0	4.637262689631068e-12	0.16309361138447986	0.3029131391668154
meta (ancestry IVW)	NA	Lamp5_6	7	12193340.0	4.938866607037423e-11	0.12782063520705247	0.002577901150135786
meta (ancestry IVW)	NA	Lamp5_6	7	12194222.0	7.684320700162322e-16	0.1583813074988624	0.6904158804901397
meta (ancestry IVW)	NA	Lamp5_6	7	12194293.0	5.059305929236777e-15	0.1694170880509911	0.03083026114157921
meta (ancestry IVW)	NA	Lamp5_6	7	12194394.0	4.77816818964335e-10	0.121679341297173	0.0
meta (ancestry IVW)	NA	Lamp5_6	7	12196292.0	1.881910503247621e-11	0.12904183631087077	0.0
meta (ancestry IVW)	NA	Lamp5_6	7	12198302.0	2.8337731974597974e-15	0.19239372671098104	0.31565522235686244
meta (ancestry IVW)	NA	Lamp5_6	7	12198922.0	1.2168205475188448e-18	0.18706487835826366	0.22233335863857667
meta (ancestry IVW)	NA	Lamp5_6	7	12199648.0	5.862584112390915e-19	0.18813686059072074	0.23084749787697498
meta (ancestry IVW)	NA	Lamp5_6	7	12200780.0	8.045068871229202e-13	0.1828373525115265	0.301053318747277
meta (ancestry IVW)	NA	Lamp5_6	7	12201319.0	3.8053504948492517e-16	0.1770931025396855	0.14483142099116725
meta (ancestry IVW)	NA	Lamp5_6	7	12201488.0	1.0015583986908216e-15	0.17395713444673355	0.05658013444711756
meta (ancestry IVW)	NA	Lamp5_6	7	12202043.0	1.492182882701354e-16	0.17624627901736792	0.36740850679844195
meta (ancestry IVW)	NA	Lamp5_6	7	12202114.0	8.195050441058328e-12	0.13128314996794332	0.0
meta (ancestry IVW)	NA	Lamp5_6	7	12202197.0	1.5055326579220027e-15	0.19409820489304208	0.24179208461621285
meta (ancestry IVW)	NA	Lamp5_6	7	12202737.0	1.8920288728745815e-11	0.12988811762037786	0.0
meta (ancestry IVW)	NA	Lamp5_6	7	12203113.0	9.32662614882383e-16	0.17448517587656873	0.14988250125293698
meta (ancestry IVW)	NA	Lamp5_6	7	12203613.0	2.3021936060509352e-11	0.12938442071830955	0.0
meta (ancestry IVW)	NA	Lamp5_6	7	12203664.0	9.943689592837244e-16	0.17432892763681657	0.4344474061608987
meta (ancestry IVW)	NA	Lamp5_6	7	12205599.0	4.470683668425861e-19	0.18806229204393304	0.3873423502925735
meta (ancestry IVW)	NA	Lamp5_6	7	12205793.0	4.784442448446272e-10	0.12350832833656179	0.09991997435439626
meta (ancestry IVW)	NA	Lamp5_6	7	12205994.0	7.583477636483263e-13	0.14058411260189774	0.0
meta (ancestry IVW)	NA	Lamp5_6	7	12207209.0	1.338628504082977e-15	0.19333798713454486	0.23187553916321815
meta (ancestry IVW)	NA	Lamp5_6	7	12207683.0	2.6891224994493347e-16	0.1657148335931978	0.8165478377652882
meta (ancestry IVW)	NA	Lamp5_6	7	12207704.0	2.1237953903530063e-17	0.17558905551990972	0.7782612255246857
meta (ancestry IVW)	NA	Lamp5_6	7	12208081.0	1.8322406772433803e-12	0.13620880752479406	0.6481165403854011
meta (ancestry IVW)	NA	Lamp5_6	7	12210752.0	2.832835973221818e-22	0.187089743135055	0.0
meta (ancestry IVW)	NA	Lamp5_6	7	12210776.0	1.052509983573071e-20	0.18057119127470625	0.43524891602927074
meta (ancestry IVW)	NA	Lamp5_6	7	12211636.0	6.543658887106632e-12	0.1331746058991125	0.5420714165960485
meta (ancestry IVW)	NA	Lamp5_6	7	12211934.0	2.276186577020624e-25	0.20019814683131096	0.0
meta (ancestry IVW)	NA	Lamp5_6	7	12212045.0	3.3968975762658885e-25	0.1994170373847417	0.0
meta (ancestry IVW)	NA	Lamp5_6	7	12212100.0	1.5072381611309975e-15	0.15735592720482047	0.0
meta (ancestry IVW)	NA	Lamp5_6	7	12212164.0	2.5005335364553963e-25	0.19993338340203862	0.0
meta (ancestry IVW)	NA	Lamp5_6	7	12212200.0	4.564378766584951e-15	0.15350018257770096	0.32462121011366574
meta (ancestry IVW)	NA	Lamp5_6	7	12212493.0	1.2531266703640722e-22	-0.19043998418513375	0.0
meta (ancestry IVW)	NA	Lamp5_6	7	12212914.0	5.694340474959261e-26	0.20286977247778729	0.0
meta (ancestry IVW)	NA	Lamp5_6	7	12213033.0	9.229490205179667e-26	0.2023637307234365	0.0
meta (ancestry IVW)	NA	Lamp5_6	7	12213115.0	6.056134532181723e-26	0.20273938072025716	0.0
meta (ancestry IVW)	NA	Lamp5_6	7	12213267.0	5.501803320673781e-26	0.20295688234600767	0.0
meta (ancestry IVW)	NA	Lamp5_6	7	12213276.0	7.832756929118483e-26	0.20251956685325415	0.0
meta (ancestry IVW)	NA	Lamp5_6	7	12213424.0	5.677125911684717e-26	0.20282422800499095	0.0
meta (ancestry IVW)	NA	Lamp5_6	7	12213462.0	2.4326868617705208e-26	0.20432624906021835	0.0
meta (ancestry IVW)	NA	Lamp5_6	7	12213552.0	4.316049756436186e-15	0.15368303739164596	0.1944650513395194
meta (ancestry IVW)	NA	Lamp5_6	7	12213736.0	1.3052212483884707e-25	0.20141871651636714	0.0
meta (ancestry IVW)	NA	Lamp5_6	7	12213746.0	1.0698853441199455e-25	0.20173160116377348	0.0
meta (ancestry IVW)	NA	Lamp5_6	7	12213917.0	5.957171565122342e-26	0.20275941902642053	0.0
meta (ancestry IVW)	NA	Lamp5_6	7	12213937.0	5.957171565122342e-26	0.20275941902642053	0.0
meta (ancestry IVW)	NA	Lamp5_6	7	12214241.0	2.0829125714355573e-15	0.18053410964527472	0.6806656148246436
meta (ancestry IVW)	NA	Lamp5_6	7	12214254.0	5.955431348678342e-26	0.20273808366814075	0.0
meta (ancestry IVW)	NA	Lamp5_6	7	12214267.0	1.9923827740115255e-16	0.1681185263570194	0.7278910455137453
meta (ancestry IVW)	NA	Lamp5_6	7	12214386.0	1.9658971880458038e-14	0.19188307102247182	0.0
meta (ancestry IVW)	NA	Lamp5_6	7	12215313.0	5.099921341659012e-17	0.1729195932202462	0.6906137993709698
meta (ancestry IVW)	NA	Lamp5_6	7	12215808.0	2.258714707499739e-26	0.20466750737963302	0.0
meta (ancestry IVW)	NA	Lamp5_6	7	12215885.0	2.151164810758527e-25	0.2018893883233511	0.0
meta (ancestry IVW)	NA	Lamp5_6	7	12216038.0	2.3490518745139706e-26	0.2048766313352294	0.0
meta (ancestry IVW)	NA	Lamp5_6	7	12216042.0	4.5743117841785264e-15	0.15374191342864368	0.0
meta (ancestry IVW)	NA	Lamp5_6	7	12216152.0	1.0055344120969748e-16	0.17125139120981184	0.6452862610090735
meta (ancestry IVW)	NA	Lamp5_6	7	12216380.0	1.5768493976278825e-15	0.15718397877550758	0.0
meta (ancestry IVW)	NA	Lamp5_6	7	12216914.0	5.131162426637566e-17	0.17193884077587834	0.704188358990011
meta (ancestry IVW)	NA	Lamp5_6	7	12216922.0	9.407712834601628e-27	0.20647515639475514	0.0
meta (ancestry IVW)	NA	Lamp5_6	7	12217026.0	5.76011721740529e-16	0.16486492069830527	0.73034064626948
meta (ancestry IVW)	NA	Lamp5_6	7	12217543.0	1.2783909154960506e-15	0.15766653091257066	0.0
meta (ancestry IVW)	NA	Lamp5_6	7	12217901.0	1.4965574747223436e-26	0.20557056316422215	0.0
meta (ancestry IVW)	NA	Lamp5_6	7	12217923.0	1.6297348062504616e-26	0.20539627601427288	0.0
meta (ancestry IVW)	NA	Lamp5_6	7	12218102.0	2.3749437269681973e-15	0.15540627922469255	0.0
meta (ancestry IVW)	NA	Lamp5_6	7	12218312.0	1.862764351737294e-15	0.15594967146664393	0.0
meta (ancestry IVW)	NA	Lamp5_6	7	12219039.0	8.865489645016839e-27	0.20717198315938315	0.0
meta (ancestry IVW)	NA	Lamp5_6	7	12219129.0	8.395726618970498e-27	0.2073049762106563	0.0
meta (ancestry IVW)	NA	Lamp5_6	7	12220920.0	1.3946003967309182e-16	0.16905013093619956	0.6953555512289343
meta (ancestry IVW)	NA	Lamp5_6	7	12220926.0	4.8493853371778063e-14	0.1892870777589831	0.09022053756594557
meta (ancestry IVW)	NA	Lamp5_6	7	12221087.0	5.103368859813694e-13	0.15774254296920673	0.677025644242285
meta (ancestry IVW)	NA	Lamp5_6	7	12222203.0	3.9777652202529894e-27	0.20891392608502765	0.0
meta (ancestry IVW)	NA	Lamp5_6	7	12222285.0	8.093697000223526e-23	0.19912465976684432	0.046903149825633206
meta (ancestry IVW)	NA	Lamp5_6	7	12222616.0	6.2153301683219234e-27	0.20762392215327352	0.0
meta (ancestry IVW)	NA	Lamp5_6	7	12222945.0	8.777609667112265e-27	0.20711774833376376	0.0
meta (ancestry IVW)	NA	Lamp5_6	7	12223028.0	2.5903233481750165e-15	0.1549447914352317	0.0
meta (ancestry IVW)	NA	Lamp5_6	7	12223091.0	6.359107610980147e-27	0.2076767513129155	0.0
meta (ancestry IVW)	NA	Lamp5_6	7	12223175.0	1.042894295223746e-26	0.20678355692273057	0.0
meta (ancestry IVW)	NA	Lamp5_6	7	12223342.0	1.0724569116802865e-26	0.20674741290474838	0.0
meta (ancestry IVW)	NA	Lamp5_6	7	12223376.0	6.804897120403914e-10	-0.1500760549589965	0.11877373222582747
meta (ancestry IVW)	NA	Lamp5_6	7	12223557.0	6.2153301683219234e-27	0.20762392215327352	0.0
meta (ancestry IVW)	NA	Lamp5_6	7	12223608.0	1.0917045495887356e-15	0.15801535211343748	0.0
meta (ancestry IVW)	NA	Lamp5_6	7	12223722.0	6.0569510666168885e-15	0.157965582795986	0.0
meta (ancestry IVW)	NA	Lamp5_6	7	12223744.0	4.324534695140767e-15	0.15461872474136143	0.0
meta (ancestry IVW)	NA	Lamp5_6	7	12223752.0	4.711101281072738e-26	0.2042893897026171	0.0
meta (ancestry IVW)	NA	Lamp5_6	7	12223811.0	1.27033087932743e-26	0.2063687439518322	0.0
meta (ancestry IVW)	NA	Lamp5_6	7	12223912.0	1.129343158392641e-26	0.20677703826996524	0.0
meta (ancestry IVW)	NA	Lamp5_6	7	12223920.0	1.4089799809225127e-26	0.20632960332181285	0.0
meta (ancestry IVW)	NA	Lamp5_6	7	12223961.0	6.0177219322625964e-27	0.20771577186964213	0.0
meta (ancestry IVW)	NA	Lamp5_6	7	12224173.0	2.923988093381248e-26	0.20509188897679081	0.0
meta (ancestry IVW)	NA	Lamp5_6	7	12224174.0	2.923988093381248e-26	0.20509188897679081	0.0
meta (ancestry IVW)	NA	Lamp5_6	7	12224525.0	1.406418070851687e-15	0.15657103039056308	0.0
meta (ancestry IVW)	NA	Lamp5_6	7	12224594.0	1.533612942164243e-15	0.15634578304663257	0.0
meta (ancestry IVW)	NA	Lamp5_6	7	12224635.0	6.2153301683219234e-27	0.20762392215327352	0.0
meta (ancestry IVW)	NA	Lamp5_6	7	12224671.0	6.2153301683219234e-27	0.20762392215327352	0.0
meta (ancestry IVW)	NA	Lamp5_6	7	12224841.0	1.2628148165578316e-26	0.2063544552897132	0.0
meta (ancestry IVW)	NA	Lamp5_6	7	12225040.0	4.804152294918809e-27	0.20822172450887325	0.0
meta (ancestry IVW)	NA	Lamp5_6	7	12225083.0	2.623878956780933e-15	0.18018597163012426	0.7185486738159858
meta (ancestry IVW)	NA	Lamp5_6	7	12225111.0	8.598878176987111e-28	0.2113995429776297	0.0
meta (ancestry IVW)	NA	Lamp5_6	7	12225245.0	1.5256796331436078e-25	0.20266973100997462	0.0
meta (ancestry IVW)	NA	Lamp5_6	7	12225433.0	2.6020145563417476e-25	0.201783338579089	0.0
meta (ancestry IVW)	NA	Lamp5_6	7	12225566.0	1.0061806933797325e-26	0.2070157818964779	0.0
meta (ancestry IVW)	NA	Lamp5_6	7	12225648.0	4.215483002259583e-15	0.1787131892383249	0.7176274004766556
meta (ancestry IVW)	NA	Lamp5_6	7	12225804.0	1.865071563767224e-15	0.1809704566755097	0.6801066964453562
meta (ancestry IVW)	NA	Lamp5_6	7	12226113.0	9.508979732249244e-17	0.17148655921392517	0.6962235778730128
meta (ancestry IVW)	NA	Lamp5_6	7	12226141.0	1.6330242127610176e-15	0.15643928614213412	0.0
meta (ancestry IVW)	NA	Lamp5_6	7	12226222.0	8.43819490307725e-27	0.20728676942469687	0.0
meta (ancestry IVW)	NA	Lamp5_6	7	12226279.0	1.8585022745286273e-15	0.181258566065653	0.7248212965238563
meta (ancestry IVW)	NA	Lamp5_6	7	12226326.0	6.992113928417716e-27	0.20756111362860355	0.0
meta (ancestry IVW)	NA	Lamp5_6	7	12226362.0	5.953844880102279e-28	0.21189461046055805	0.0
meta (ancestry IVW)	NA	Lamp5_6	7	12226694.0	8.858029640795143e-17	0.17138993282291204	0.6777948135128834
meta (ancestry IVW)	NA	Lamp5_6	7	12226925.0	5.7505831497364964e-27	0.20791232279447897	0.0
meta (ancestry IVW)	NA	Lamp5_6	7	12227080.0	2.295856834206829e-25	0.2018352604539027	0.0
meta (ancestry IVW)	NA	Lamp5_6	7	12227188.0	6.340456278079331e-27	0.2076499048365377	0.0
meta (ancestry IVW)	NA	Lamp5_6	7	12227241.0	7.089789048949704e-28	0.21169127095947596	0.0
meta (ancestry IVW)	NA	Lamp5_6	7	12227595.0	5.431915788135356e-27	0.2080163175269948	0.0
meta (ancestry IVW)	NA	Lamp5_6	7	12227630.0	3.251616361082041e-20	0.18460459783924338	0.0
meta (ancestry IVW)	NA	Lamp5_6	7	12227869.0	5.60900483652657e-28	0.2121948335759009	0.0
meta (ancestry IVW)	NA	Lamp5_6	7	12227926.0	1.8882115933037803e-27	0.21022633598112267	0.0
meta (ancestry IVW)	NA	Lamp5_6	7	12227933.0	1.8882115933037803e-27	0.21022633598112267	0.0
meta (ancestry IVW)	NA	Lamp5_6	7	12227988.0	5.07517520487371e-28	0.21231722502628708	0.0
meta (ancestry IVW)	NA	Lamp5_6	7	12228108.0	8.655970861753816e-28	0.2113784638546132	0.0
meta (ancestry IVW)	NA	Lamp5_6	7	12228211.0	6.196671200519521e-28	0.21199807031478474	0.0
meta (ancestry IVW)	NA	Lamp5_6	7	12228456.0	1.0622853016092085e-27	0.21138990135002253	0.0
meta (ancestry IVW)	NA	Lamp5_6	7	12228491.0	6.196671200519521e-28	0.21199807031478474	0.0
meta (ancestry IVW)	NA	Lamp5_6	7	12228617.0	8.373552190825022e-28	0.21154409720572367	0.0
meta (ancestry IVW)	NA	Lamp5_6	7	12228842.0	4.640521936749504e-28	0.21241463104602107	0.0
meta (ancestry IVW)	NA	Lamp5_6	7	12228925.0	4.542605145713136e-28	0.21253244334739294	0.0
meta (ancestry IVW)	NA	Lamp5_6	7	12229042.0	7.650474012830623e-26	0.20228320631148486	0.39332215590500946
meta (ancestry IVW)	NA	Lamp5_6	7	12229069.0	1.0239976806489297e-15	0.15759934702729217	0.0
meta (ancestry IVW)	NA	Lamp5_6	7	12229091.0	5.921992842503758e-28	0.21215140523211853	0.0
meta (ancestry IVW)	NA	Lamp5_6	7	12229132.0	4.872521638911699e-27	0.20823071478653526	0.0
meta (ancestry IVW)	NA	Lamp5_6	7	12229166.0	5.921992842503758e-28	0.21215140523211853	0.0
meta (ancestry IVW)	NA	Lamp5_6	7	12229172.0	5.921992842503758e-28	0.21215140523211853	0.0
meta (ancestry IVW)	NA	Lamp5_6	7	12229185.0	5.314192256309352e-28	0.21242542696431246	0.0
meta (ancestry IVW)	NA	Lamp5_6	7	12229634.0	1.764842821876428e-27	0.21045552805199116	0.0
meta (ancestry IVW)	NA	Lamp5_6	7	12229791.0	3.4904545199020557e-28	0.21304265055356342	0.0
meta (ancestry IVW)	NA	Lamp5_6	7	12229949.0	6.168102474018757e-28	0.21208643315945439	0.0
meta (ancestry IVW)	NA	Lamp5_6	7	12229967.0	2.06474780938179e-26	0.20646929519840979	0.0
meta (ancestry IVW)	NA	Lamp5_6	7	12230053.0	7.614099894767079e-28	0.21090821900706333	0.0
meta (ancestry IVW)	NA	Lamp5_6	7	12230136.0	5.544913321224698e-28	0.21221406527895542	0.0
meta (ancestry IVW)	NA	Lamp5_6	7	12230178.0	9.014849429276845e-28	0.2113478636189502	0.0
meta (ancestry IVW)	NA	Lamp5_6	7	12230191.0	5.544913321224698e-28	0.21221406527895542	0.0
meta (ancestry IVW)	NA	Lamp5_6	7	12230893.0	4.9565538585052075e-28	0.2124641152768912	0.0
meta (ancestry IVW)	NA	Lamp5_6	7	12230939.0	2.9730502637966498e-28	0.21338707732130677	0.0
meta (ancestry IVW)	NA	Lamp5_6	7	12230957.0	2.969639853111796e-14	0.19087158487137135	0.0
meta (ancestry IVW)	NA	Lamp5_6	7	12230999.0	4.731967391173933e-28	0.21252486519444536	0.0
meta (ancestry IVW)	NA	Lamp5_6	7	12231144.0	5.731110269520233e-28	0.2122529437974093	0.0
meta (ancestry IVW)	NA	Lamp5_6	7	12231189.0	5.406577500727605e-28	0.21226409345309658	0.0
meta (ancestry IVW)	NA	Lamp5_6	7	12231341.0	2.530163617236922e-18	0.17671430097848484	0.29040124963713854
meta (ancestry IVW)	NA	Lamp5_6	7	12231626.0	5.572378718949111e-27	0.20854967442375258	0.0
meta (ancestry IVW)	NA	Lamp5_6	7	12231826.0	7.238369948958869e-15	0.15179022260894254	0.6158766298103096
meta (ancestry IVW)	NA	Lamp5_6	7	12232371.0	5.267694296617739e-28	0.21236117103470634	0.0
meta (ancestry IVW)	NA	Lamp5_6	7	12232400.0	5.109939394757453e-14	0.1891167810489907	0.08786290449640942
meta (ancestry IVW)	NA	Lamp5_6	7	12232490.0	5.209555420446041e-28	0.2122977362597673	0.0
meta (ancestry IVW)	NA	Lamp5_6	7	12232942.0	7.273216551621649e-28	0.21163932172423375	0.0
meta (ancestry IVW)	NA	Lamp5_6	7	12233526.0	2.3361888184634997e-18	0.17642321630017135	0.31566095010400724
meta (ancestry IVW)	NA	Lamp5_6	7	12233787.0	2.0629019178619324e-27	0.20982764068596788	0.0
meta (ancestry IVW)	NA	Lamp5_6	7	12233870.0	1.0817002277582585e-27	0.21108211992141596	0.0
meta (ancestry IVW)	NA	Lamp5_6	7	12234787.0	2.099643381298361e-27	0.20993908709842146	0.0
meta (ancestry IVW)	NA	Lamp5_6	7	12235882.0	1.067245486773773e-26	0.2076507322611783	0.0
meta (ancestry IVW)	NA	Lamp5_6	7	12235998.0	4.770955797553555e-26	0.20474298289103116	0.0
meta (ancestry IVW)	NA	Lamp5_6	7	12236049.0	3.9156982998403295e-27	0.20929366532050414	0.0
meta (ancestry IVW)	NA	Lamp5_6	7	12236192.0	4.006111055534567e-27	0.2093997610857682	0.0
meta (ancestry IVW)	NA	Lamp5_6	7	12236385.0	5.828419216157593e-27	0.2087224336538323	0.0
meta (ancestry IVW)	NA	Lamp5_6	7	12236408.0	1.3728127149979197e-16	0.18301536528348544	0.42226262464703546
meta (ancestry IVW)	NA	Lamp5_6	7	12236419.0	7.470688716529593e-27	0.20829325770534143	0.0
meta (ancestry IVW)	NA	Lamp5_6	7	12236896.0	1.7844895457461047e-16	0.18237658291906766	0.3926758875433512
meta (ancestry IVW)	NA	Lamp5_6	7	12237259.0	6.992844938357771e-28	0.21245973398555956	0.0
meta (ancestry IVW)	NA	Lamp5_6	7	12237394.0	1.0191330101437787e-17	0.17329550719151063	0.23246864467238867
meta (ancestry IVW)	NA	Lamp5_6	7	12237455.0	6.633074045197764e-14	0.1883101451692316	0.07661840039908197
meta (ancestry IVW)	NA	Lamp5_6	7	12237812.0	3.75210783593491e-12	0.15892121630620304	0.0
meta (ancestry IVW)	NA	Lamp5_6	7	12237816.0	2.7575644242197016e-11	0.14926663984869737	0.05506319999099613
meta (ancestry IVW)	NA	Lamp5_6	7	12238147.0	9.713245660838475e-28	0.21128607731818905	0.0
meta (ancestry IVW)	NA	Lamp5_6	7	12238811.0	2.114866086529046e-17	0.17223929598130533	0.24232912724290245
meta (ancestry IVW)	NA	Lamp5_6	7	12239572.0	3.2335069240314967e-15	0.1548275893520574	0.0
meta (ancestry IVW)	NA	Lamp5_6	7	12239933.0	1.6531191942471253e-17	0.172665592021964	0.18396689243829897
meta (ancestry IVW)	NA	Lamp5_6	7	12240135.0	1.393849148510871e-27	0.21135798257773752	0.0
meta (ancestry IVW)	NA	Lamp5_6	7	12240207.0	7.353154934344785e-15	0.17507785741259668	0.7503238669985597
meta (ancestry IVW)	NA	Lamp5_6	7	12241104.0	1.8263710732506296e-27	0.21088285251689307	0.0
meta (ancestry IVW)	NA	Lamp5_6	7	12241212.0	8.766564760987066e-18	0.1736930648097872	0.36654310284297265
meta (ancestry IVW)	NA	Lamp5_6	7	12242825.0	4.9814120079127725e-27	0.20880977446088453	0.0
meta (ancestry IVW)	NA	Lamp5_6	7	12243601.0	1.336916390883388e-27	0.2116245541582048	0.0
meta (ancestry IVW)	NA	Lamp5_6	7	12243624.0	2.3764351511260876e-17	0.17157063541547352	0.4060031785861747
meta (ancestry IVW)	NA	Lamp5_6	7	12243650.0	1.3613901185989637e-27	0.21146156634083993	0.0
meta (ancestry IVW)	NA	Lamp5_6	7	12243703.0	1.3613901185989637e-27	0.21146156634083993	0.0
meta (ancestry IVW)	NA	Lamp5_6	7	12244161.0	1.3613901185989637e-27	0.21146156634083993	0.0
meta (ancestry IVW)	NA	Lamp5_6	7	12244247.0	9.340008613837986e-28	0.21191656602400763	0.0
meta (ancestry IVW)	NA	Lamp5_6	7	12244382.0	1.3395592455783866e-27	0.2114558250264972	0.0
meta (ancestry IVW)	NA	Lamp5_6	7	12244752.0	4.883537302850635e-27	0.2101644071420388	0.5260597983941996
meta (ancestry IVW)	NA	Lamp5_6	7	12244804.0	3.305576662031302e-26	0.2046323599512371	0.309210645491386
meta (ancestry IVW)	NA	Lamp5_6	7	12244849.0	1.3161419628641238e-14	0.15069357946834458	0.5314982280216127
meta (ancestry IVW)	NA	Lamp5_6	7	12245427.0	1.50926016555104e-14	0.17213353617646313	0.7827987910403666
meta (ancestry IVW)	NA	Lamp5_6	7	12245514.0	4.169943870216606e-26	0.2043596067396117	0.25410139889351585
meta (ancestry IVW)	NA	Lamp5_6	7	12245703.0	1.3244764119549248e-13	0.18176366322651466	0.48605047674276236
meta (ancestry IVW)	NA	Lamp5_6	7	12246424.0	2.957576263224068e-17	0.17051926472165374	0.418586550656829
meta (ancestry IVW)	NA	Lamp5_6	7	12246599.0	3.5655946240067945e-15	0.1537731427744677	0.6261830375269375
meta (ancestry IVW)	NA	Lamp5_Lhx6_2_SEAAD	7	12230053.0	2.352583173317957e-09	-0.11616371278168762	0.0
meta (ancestry IVW)	NA	Pvalb_14	7	12194222.0	1.6636649445012556e-11	0.13072430538530053	0.7694887894098221
meta (ancestry IVW)	NA	Pvalb_14	7	12194293.0	9.579823550592189e-11	0.13845672541347162	0.0
meta (ancestry IVW)	NA	Pvalb_14	7	12198922.0	4.565299005136428e-13	0.15177299814277262	0.0
meta (ancestry IVW)	NA	Pvalb_14	7	12199648.0	4.441305974896421e-13	0.15132176827218918	0.0
meta (ancestry IVW)	NA	Pvalb_14	7	12201319.0	3.718558309564877e-11	0.14210483685248704	0.0
meta (ancestry IVW)	NA	Pvalb_14	7	12201488.0	2.2623000492111752e-11	0.14320034298065892	0.0
meta (ancestry IVW)	NA	Pvalb_14	7	12202043.0	2.3453587862595535e-12	0.14786631767618308	0.0
meta (ancestry IVW)	NA	Pvalb_14	7	12202114.0	2.293156017036174e-09	0.11341053706463046	0.0
meta (ancestry IVW)	NA	Pvalb_14	7	12203113.0	9.437013103687745e-11	0.13892810558459517	0.0
meta (ancestry IVW)	NA	Pvalb_14	7	12203664.0	7.760668707960698e-11	0.1395816606961319	0.0
meta (ancestry IVW)	NA	Pvalb_14	7	12205599.0	2.6475659841788054e-13	0.15221825751474302	0.0
meta (ancestry IVW)	NA	Pvalb_14	7	12205994.0	4.4296772053646033e-10	0.1208996734178458	0.0
meta (ancestry IVW)	NA	Pvalb_14	7	12207683.0	1.298966364834116e-11	0.13537226163217378	0.5091446750808081
meta (ancestry IVW)	NA	Pvalb_14	7	12207704.0	2.262566022985011e-11	0.13672512455878563	0.0
meta (ancestry IVW)	NA	Pvalb_14	7	12208081.0	7.674873494516452e-10	0.11748925983251635	0.5920597635839997
meta (ancestry IVW)	NA	Pvalb_14	7	12210752.0	2.408266658822481e-16	0.15615387684738716	0.0
meta (ancestry IVW)	NA	Pvalb_14	7	12210776.0	7.432449349016008e-15	0.14870448553236754	0.5649320645718315
meta (ancestry IVW)	NA	Pvalb_14	7	12211636.0	2.836584182890518e-09	0.11384402838678723	0.32532343100315264
meta (ancestry IVW)	NA	Pvalb_14	7	12211934.0	5.0527906272786e-19	0.16933629702336878	0.0
meta (ancestry IVW)	NA	Pvalb_14	7	12212045.0	6.606807754736773e-19	0.1687306161667625	0.0
meta (ancestry IVW)	NA	Pvalb_14	7	12212100.0	1.4498458656954337e-11	0.13165903482897887	0.0
meta (ancestry IVW)	NA	Pvalb_14	7	12212164.0	5.427820101599455e-19	0.16910739137163233	0.0
meta (ancestry IVW)	NA	Pvalb_14	7	12212200.0	7.270940149430177e-11	0.12607838648415312	0.2986668629484054
meta (ancestry IVW)	NA	Pvalb_14	7	12212493.0	2.1977127542824868e-16	-0.15781125809018456	0.0
meta (ancestry IVW)	NA	Pvalb_14	7	12212914.0	1.3434359375374156e-19	0.17223199618357002	0.14101149198518795
meta (ancestry IVW)	NA	Pvalb_14	7	12213033.0	2.1702647274001027e-19	0.17155289623964562	0.0
meta (ancestry IVW)	NA	Pvalb_14	7	12213115.0	1.0793165391249329e-19	0.17266936404057004	0.13716562281944902
meta (ancestry IVW)	NA	Pvalb_14	7	12213267.0	1.2601658423783728e-19	0.17238682198640035	0.03470137188919185
meta (ancestry IVW)	NA	Pvalb_14	7	12213276.0	1.494147869165978e-19	0.1722050797021741	0.18636809099802618
meta (ancestry IVW)	NA	Pvalb_14	7	12213424.0	8.355285359296719e-20	0.17317279248573128	0.1806576117826568
meta (ancestry IVW)	NA	Pvalb_14	7	12213462.0	6.349601947883422e-20	0.17371408848698883	0.12824193671770773
meta (ancestry IVW)	NA	Pvalb_14	7	12213552.0	1.184838846213914e-10	0.1246879755059701	0.0
meta (ancestry IVW)	NA	Pvalb_14	7	12213736.0	2.9647188890050542e-19	0.17062936867707096	0.1556168886221148
meta (ancestry IVW)	NA	Pvalb_14	7	12213746.0	2.336096350861453e-19	0.1710860304187083	0.15136910755566246
meta (ancestry IVW)	NA	Pvalb_14	7	12213917.0	1.5899473420358306e-19	0.17185744402439065	0.14434569937086594
meta (ancestry IVW)	NA	Pvalb_14	7	12213937.0	1.5899473420358306e-19	0.17185744402439065	0.14434569937086594
meta (ancestry IVW)	NA	Pvalb_14	7	12214241.0	8.734280895441927e-10	0.13776428131734317	0.0
meta (ancestry IVW)	NA	Pvalb_14	7	12214254.0	1.404118415728118e-19	0.1720968149620556	0.14220190584838624
meta (ancestry IVW)	NA	Pvalb_14	7	12214267.0	1.2355379291553603e-10	0.1299862773173813	0.2062398582620241
meta (ancestry IVW)	NA	Pvalb_14	7	12215313.0	1.6036240573310455e-10	0.13029487830321967	0.0
meta (ancestry IVW)	NA	Pvalb_14	7	12215808.0	3.802663973577838e-20	0.1749396035701658	0.12931838688272695
meta (ancestry IVW)	NA	Pvalb_14	7	12215885.0	8.1927342678202615e-19	0.1696745315965361	0.0
meta (ancestry IVW)	NA	Pvalb_14	7	12216038.0	6.262732518339086e-20	0.1741535824406791	0.14148701317141024
meta (ancestry IVW)	NA	Pvalb_14	7	12216042.0	8.568872412062549e-11	0.1258070619853273	0.0
meta (ancestry IVW)	NA	Pvalb_14	7	12216152.0	3.1204950934435567e-10	0.1282002046189733	0.0
meta (ancestry IVW)	NA	Pvalb_14	7	12216380.0	2.0133003603651144e-11	0.1306762224115198	0.0
meta (ancestry IVW)	NA	Pvalb_14	7	12216914.0	6.483560349653386e-11	0.13235502174774855	0.15299472665468927
meta (ancestry IVW)	NA	Pvalb_14	7	12216922.0	2.3468419639176336e-20	0.17612838784621765	0.1112543051522236
meta (ancestry IVW)	NA	Pvalb_14	7	12217026.0	2.9063813496164855e-10	0.1268503196175167	0.24914564325647198
meta (ancestry IVW)	NA	Pvalb_14	7	12217543.0	1.6139656230087736e-11	0.13127961634883964	0.0
meta (ancestry IVW)	NA	Pvalb_14	7	12217901.0	3.348605902917452e-20	0.1753435988519831	0.15566594135510248
meta (ancestry IVW)	NA	Pvalb_14	7	12217923.0	2.3603890555391978e-20	0.1760404716318252	0.19338019600744608
meta (ancestry IVW)	NA	Pvalb_14	7	12218102.0	3.036452510103535e-11	0.12885167834451058	0.0
meta (ancestry IVW)	NA	Pvalb_14	7	12218312.0	3.2223939001151964e-11	0.12864197030397603	0.0
meta (ancestry IVW)	NA	Pvalb_14	7	12219039.0	3.819090209857504e-20	0.17564804709948725	0.21690038901193195
meta (ancestry IVW)	NA	Pvalb_14	7	12219129.0	3.496733200536697e-20	0.17585900052991266	0.2211921220708881
meta (ancestry IVW)	NA	Pvalb_14	7	12220920.0	1.0137219673189122e-10	0.13063811157780642	0.23035899523645864
meta (ancestry IVW)	NA	Pvalb_14	7	12222203.0	4.547398374850322e-20	0.17555121797119358	0.045131790909189
meta (ancestry IVW)	NA	Pvalb_14	7	12222285.0	9.847915169843787e-18	0.17158296369646467	0.0
meta (ancestry IVW)	NA	Pvalb_14	7	12222616.0	4.1624089277735923e-20	0.17531483563402475	0.22576165754782132
meta (ancestry IVW)	NA	Pvalb_14	7	12222945.0	6.430097478015793e-20	0.17451178920781432	0.23522031963287618
meta (ancestry IVW)	NA	Pvalb_14	7	12223028.0	5.962697378123208e-11	0.12670355396362365	0.0
meta (ancestry IVW)	NA	Pvalb_14	7	12223091.0	4.086851532901013e-20	0.17542938451690226	0.1814236170651338
meta (ancestry IVW)	NA	Pvalb_14	7	12223175.0	3.677515282600999e-20	0.1756412353693007	0.22197593549596592
meta (ancestry IVW)	NA	Pvalb_14	7	12223342.0	5.621720077291817e-20	0.17477988001741163	0.23207081871529983
meta (ancestry IVW)	NA	Pvalb_14	7	12223557.0	4.1624089277735923e-20	0.17531483563402475	0.22576165754782132
meta (ancestry IVW)	NA	Pvalb_14	7	12223608.0	2.0092011209272872e-11	0.1306296836339874	0.0
meta (ancestry IVW)	NA	Pvalb_14	7	12223722.0	2.8825682947648353e-09	0.11875826211606887	0.0
meta (ancestry IVW)	NA	Pvalb_14	7	12223744.0	6.210157325988074e-11	0.1273606036027177	0.0
meta (ancestry IVW)	NA	Pvalb_14	7	12223752.0	1.2728713099176822e-19	0.1732694473681815	0.0022152406299453388
meta (ancestry IVW)	NA	Pvalb_14	7	12223811.0	7.891098645206984e-20	0.1740154874872423	0.24100993896985276
meta (ancestry IVW)	NA	Pvalb_14	7	12223912.0	5.167939462705353e-20	0.1750564094517342	0.22887857565966385
meta (ancestry IVW)	NA	Pvalb_14	7	12223920.0	6.367400433807984e-20	0.17458307492551728	0.23440895394840736
meta (ancestry IVW)	NA	Pvalb_14	7	12223961.0	4.0183309411874253e-20	0.17541654386342945	0.22458489269942336
meta (ancestry IVW)	NA	Pvalb_14	7	12224173.0	9.761120987116196e-20	0.17376459510411782	0.24405259855196104
meta (ancestry IVW)	NA	Pvalb_14	7	12224174.0	9.761120987116196e-20	0.17376459510411782	0.24405259855196104
meta (ancestry IVW)	NA	Pvalb_14	7	12224525.0	2.8395676230581764e-11	0.1289481002033843	0.0
meta (ancestry IVW)	NA	Pvalb_14	7	12224594.0	2.342181590983837e-11	0.12948179502703186	0.0
meta (ancestry IVW)	NA	Pvalb_14	7	12224635.0	4.1624089277735923e-20	0.17531483563402475	0.22576165754782132
meta (ancestry IVW)	NA	Pvalb_14	7	12224671.0	4.1624089277735923e-20	0.17531483563402475	0.22576165754782132
meta (ancestry IVW)	NA	Pvalb_14	7	12224841.0	8.676244756094622e-20	0.17380088269480284	0.07468086775875946
meta (ancestry IVW)	NA	Pvalb_14	7	12225040.0	3.5463321839706305e-20	0.1757631129518647	0.22226074336409923
meta (ancestry IVW)	NA	Pvalb_14	7	12225083.0	5.659848258177495e-10	0.13954495377117213	0.0
meta (ancestry IVW)	NA	Pvalb_14	7	12225111.0	1.2104809313219796e-20	0.1780714448693169	0.19847494262145637
meta (ancestry IVW)	NA	Pvalb_14	7	12225245.0	1.0176692792107239e-18	0.16933758824058245	0.0
meta (ancestry IVW)	NA	Pvalb_14	7	12225433.0	1.888211516842453e-18	0.16808790720652575	0.0
meta (ancestry IVW)	NA	Pvalb_14	7	12225566.0	7.654413383190921e-20	0.17427325768348254	0.23943029578220337
meta (ancestry IVW)	NA	Pvalb_14	7	12225648.0	8.700622064910081e-10	0.13792260485153676	0.0
meta (ancestry IVW)	NA	Pvalb_14	7	12225804.0	5.822616470489853e-10	0.13930676449382476	0.0
meta (ancestry IVW)	NA	Pvalb_14	7	12226113.0	2.2149260309927383e-10	0.12934917084863307	0.0
meta (ancestry IVW)	NA	Pvalb_14	7	12226141.0	2.7163675562748207e-11	0.12926699542339495	0.0
meta (ancestry IVW)	NA	Pvalb_14	7	12226222.0	6.084178147040063e-20	0.17470923273349512	0.19213762759953534
meta (ancestry IVW)	NA	Pvalb_14	7	12226279.0	5.258362036535033e-10	0.13987960422333287	0.0
meta (ancestry IVW)	NA	Pvalb_14	7	12226326.0	5.2832107566928173e-20	0.1749504312203912	0.23159400131410202
meta (ancestry IVW)	NA	Pvalb_14	7	12226362.0	1.0742917016401166e-20	0.1781868557595611	0.17933843918337233
meta (ancestry IVW)	NA	Pvalb_14	7	12226694.0	1.788751265711901e-10	0.12981639807500395	0.0
meta (ancestry IVW)	NA	Pvalb_14	7	12226925.0	5.413881891683595e-20	0.1749037398383767	0.2367558744818833
meta (ancestry IVW)	NA	Pvalb_14	7	12227080.0	1.6136017040348698e-18	0.16827892228102692	0.01972221933755783
meta (ancestry IVW)	NA	Pvalb_14	7	12227188.0	4.5974911654122297e-20	0.17516473172970398	0.22909757068039352
meta (ancestry IVW)	NA	Pvalb_14	7	12227241.0	1.0923814340642763e-20	0.17824024254756005	0.19660311491106772
meta (ancestry IVW)	NA	Pvalb_14	7	12227595.0	7.659426552665727e-20	0.17418867373913455	0.24235969287005113
meta (ancestry IVW)	NA	Pvalb_14	7	12227630.0	7.274037246658016e-14	0.14816290983650693	0.4981036150737084
meta (ancestry IVW)	NA	Pvalb_14	7	12227869.0	1.6091192304211766e-20	0.1775331768731088	0.208357234493614
meta (ancestry IVW)	NA	Pvalb_14	7	12227926.0	2.7663014074661403e-20	0.17656543666326197	0.17632952778404556
meta (ancestry IVW)	NA	Pvalb_14	7	12227933.0	2.7663014074661403e-20	0.17656543666326197	0.17632952778404556
meta (ancestry IVW)	NA	Pvalb_14	7	12227988.0	1.3294467508659705e-20	0.17787812713050835	0.20471511641070203
meta (ancestry IVW)	NA	Pvalb_14	7	12228108.0	2.5929568652654248e-20	0.17651281002046676	0.2191501613287284
meta (ancestry IVW)	NA	Pvalb_14	7	12228211.0	1.8439577866819516e-20	0.1772373945474418	0.21147197684334748
meta (ancestry IVW)	NA	Pvalb_14	7	12228456.0	3.9593713667230195e-20	0.1759540036394173	0.22524015422337412
meta (ancestry IVW)	NA	Pvalb_14	7	12228491.0	1.8439577866819516e-20	0.1772373945474418	0.21147197684334748
meta (ancestry IVW)	NA	Pvalb_14	7	12228617.0	1.0706767351155466e-20	0.17840072934326678	0.14681601686270962
meta (ancestry IVW)	NA	Pvalb_14	7	12228842.0	3.2057435497048665e-20	0.17603205525889015	0.225521762429114
meta (ancestry IVW)	NA	Pvalb_14	7	12228925.0	7.862547065754097e-21	0.17895781443732067	0.1855236221808921
meta (ancestry IVW)	NA	Pvalb_14	7	12229042.0	4.106964449901288e-18	0.16494048769779246	0.3507838308258489
meta (ancestry IVW)	NA	Pvalb_14	7	12229069.0	2.9948442144866993e-11	0.12901677557412908	0.0
meta (ancestry IVW)	NA	Pvalb_14	7	12229091.0	1.1487763536388058e-20	0.17825965978214925	0.19343502929063275
meta (ancestry IVW)	NA	Pvalb_14	7	12229132.0	4.5803092791128373e-20	0.17526638661124005	0.22612279054691664
meta (ancestry IVW)	NA	Pvalb_14	7	12229166.0	1.1487763536388058e-20	0.17825965978214925	0.19343502929063275
meta (ancestry IVW)	NA	Pvalb_14	7	12229172.0	1.1487763536388058e-20	0.17825965978214925	0.19343502929063275
meta (ancestry IVW)	NA	Pvalb_14	7	12229185.0	1.1885926565507433e-20	0.1782623712296566	0.19343341543747095
meta (ancestry IVW)	NA	Pvalb_14	7	12229634.0	2.0735192936111923e-20	0.17724816350265327	0.20502533918449753
meta (ancestry IVW)	NA	Pvalb_14	7	12229791.0	8.068568745535183e-21	0.17894779685945608	0.18565282636177433
meta (ancestry IVW)	NA	Pvalb_14	7	12229949.0	1.3138550558984185e-20	0.17799314999180765	0.19646074248483458
meta (ancestry IVW)	NA	Pvalb_14	7	12229967.0	4.343892408951794e-19	0.17127814142478465	0.01581677242534781
meta (ancestry IVW)	NA	Pvalb_14	7	12230053.0	6.919980359019266e-20	0.1739080339590143	0.37586552186934313
meta (ancestry IVW)	NA	Pvalb_14	7	12230136.0	1.0925305151664338e-20	0.17831804453978795	0.19275615685194755
meta (ancestry IVW)	NA	Pvalb_14	7	12230178.0	1.1429492085003908e-20	0.1782146552498516	0.1916511553034076
meta (ancestry IVW)	NA	Pvalb_14	7	12230191.0	1.0925305151664338e-20	0.17831804453978795	0.19275615685194755
meta (ancestry IVW)	NA	Pvalb_14	7	12230893.0	1.0420134743549691e-20	0.17845912268787537	0.18883872566610757
meta (ancestry IVW)	NA	Pvalb_14	7	12230939.0	9.25276974662867e-21	0.17872589143935905	0.18382939474908566
meta (ancestry IVW)	NA	Pvalb_14	7	12230999.0	1.0846877342433106e-20	0.17836047575114103	0.1922869782841346
meta (ancestry IVW)	NA	Pvalb_14	7	12231144.0	1.25189966714539e-20	0.1781207639428072	0.15019982307910856
meta (ancestry IVW)	NA	Pvalb_14	7	12231189.0	1.0557991817413638e-20	0.1783916896298253	0.1913896297620717
meta (ancestry IVW)	NA	Pvalb_14	7	12231341.0	7.20384146239866e-12	0.137019814418219	0.0
meta (ancestry IVW)	NA	Pvalb_14	7	12231626.0	7.913101773853499e-20	0.17460849008324197	0.28097449976296596
meta (ancestry IVW)	NA	Pvalb_14	7	12231826.0	3.5366459105541036e-10	0.12093455167756124	0.5989358377311425
meta (ancestry IVW)	NA	Pvalb_14	7	12232371.0	1.584318614702276e-20	0.177610378493445	0.200813810421572
meta (ancestry IVW)	NA	Pvalb_14	7	12232490.0	9.638042037740883e-21	0.17855024387062715	0.19748269780339825
meta (ancestry IVW)	NA	Pvalb_14	7	12232942.0	1.122330150787179e-20	0.17817933813381864	0.19429364172669283
meta (ancestry IVW)	NA	Pvalb_14	7	12233526.0	6.506566139415483e-12	0.13695511951115985	0.4945876842931604
meta (ancestry IVW)	NA	Pvalb_14	7	12233787.0	3.229152918344047e-20	0.17604504023573458	0.21699292513271898
meta (ancestry IVW)	NA	Pvalb_14	7	12233870.0	1.596272911356189e-20	0.1775825979678109	0.20525170552223646
meta (ancestry IVW)	NA	Pvalb_14	7	12234787.0	3.803558136100186e-20	0.17582651056640358	0.22837860410044264
meta (ancestry IVW)	NA	Pvalb_14	7	12235882.0	1.0670647737689306e-19	0.17420445571572346	0.37845170036672005
meta (ancestry IVW)	NA	Pvalb_14	7	12235998.0	3.926369370287607e-19	0.17129868070349408	0.37657906197472674
meta (ancestry IVW)	NA	Pvalb_14	7	12236049.0	3.6601331376943894e-20	0.17629461530697038	0.35836504993370427
meta (ancestry IVW)	NA	Pvalb_14	7	12236192.0	3.274063552509881e-20	0.17664832740245692	0.35502726434045256
meta (ancestry IVW)	NA	Pvalb_14	7	12236385.0	5.894482602527852e-20	0.17542754293598817	0.3667555690275181
meta (ancestry IVW)	NA	Pvalb_14	7	12236408.0	8.353881137348948e-11	0.14197984162332913	0.0
meta (ancestry IVW)	NA	Pvalb_14	7	12236419.0	8.527516037001525e-20	0.1746738291800316	0.37397477637618315
meta (ancestry IVW)	NA	Pvalb_14	7	12236896.0	1.2517403767261674e-10	0.1406849289665365	0.0
meta (ancestry IVW)	NA	Pvalb_14	7	12237259.0	1.4080423918380997e-20	0.17835423646957382	0.24235014379118994
meta (ancestry IVW)	NA	Pvalb_14	7	12237394.0	7.211236900705112e-11	0.1301249074865191	0.0
meta (ancestry IVW)	NA	Pvalb_14	7	12238147.0	2.221507992257704e-20	0.17691944913650093	0.20870405401841075
meta (ancestry IVW)	NA	Pvalb_14	7	12238811.0	1.4461405870282534e-10	0.12851100133735668	0.0
meta (ancestry IVW)	NA	Pvalb_14	7	12239572.0	5.4419758143308395e-11	0.12731489416865727	0.0
meta (ancestry IVW)	NA	Pvalb_14	7	12239933.0	1.2038825142094013e-10	0.1289587900672546	0.0
meta (ancestry IVW)	NA	Pvalb_14	7	12240135.0	1.6924392567762875e-20	0.17807561589514845	0.34376924552590754
meta (ancestry IVW)	NA	Pvalb_14	7	12240207.0	3.3781289285946427e-10	0.13967041060608085	0.0
meta (ancestry IVW)	NA	Pvalb_14	7	12241104.0	4.055476718518553e-20	0.17628609524493702	0.38833940278966395
meta (ancestry IVW)	NA	Pvalb_14	7	12241212.0	5.2169173299679225e-11	0.13112660770745538	0.010872082467668511
meta (ancestry IVW)	NA	Pvalb_14	7	12242825.0	2.2778843820373e-19	0.1724559484349264	0.0
meta (ancestry IVW)	NA	Pvalb_14	7	12243601.0	1.7862401563733868e-20	0.17812441475254212	0.3910411986430982
meta (ancestry IVW)	NA	Pvalb_14	7	12243624.0	4.099698991893627e-11	0.131999138044623	0.0
meta (ancestry IVW)	NA	Pvalb_14	7	12243650.0	1.7089697982309457e-20	0.17810680759898675	0.41609613258413897
meta (ancestry IVW)	NA	Pvalb_14	7	12243703.0	1.7089697982309457e-20	0.17810680759898675	0.41609613258413897
meta (ancestry IVW)	NA	Pvalb_14	7	12244161.0	1.7089697982309457e-20	0.17810680759898675	0.41609613258413897
meta (ancestry IVW)	NA	Pvalb_14	7	12244247.0	1.6366045926635617e-20	0.17801942548719363	0.4015743880842699
meta (ancestry IVW)	NA	Pvalb_14	7	12244382.0	1.5665355280927734e-20	0.1782560217629982	0.41508395811071613
meta (ancestry IVW)	NA	Pvalb_14	7	12244752.0	6.341794454349324e-19	0.17133439548855578	0.6836187374216344
meta (ancestry IVW)	NA	Pvalb_14	7	12244804.0	8.002656025438209e-19	0.16913550731900298	0.6023464533167223
meta (ancestry IVW)	NA	Pvalb_14	7	12244849.0	4.215902137104241e-10	0.1207193490543451	0.6097303386775885
meta (ancestry IVW)	NA	Pvalb_14	7	12245427.0	1.981945330751169e-09	0.1326861363358734	0.0
meta (ancestry IVW)	NA	Pvalb_14	7	12245514.0	8.437714614385206e-19	0.16914671012743918	0.6024352756371155
meta (ancestry IVW)	NA	Pvalb_14	7	12246424.0	2.0044701063384308e-10	0.12681350621047988	0.08499602050866764
meta (ancestry IVW)	NA	Pvalb_14	7	12246599.0	1.0864966796943386e-09	0.11770766353141163	0.5982870543801976
meta (ancestry IVW)	NA	Pvalb_16_SEAAD	7	12230053.0	1.3325343353568897e-09	-0.11768006268488038	0.0
meta (ancestry IVW)	NA	Pvalb_16_SEAAD	7	12230939.0	2.520512962319079e-09	-0.11612537725905743	0.0
meta (ancestry IVW)	NA	Pvalb_16_SEAAD	7	12232371.0	2.707139457090409e-09	-0.1158829286826119	0.0
meta (ancestry IVW)	NA	Pvalb_5	7	12194222.0	1.5092651933173526e-09	0.11897380037425384	0.8020598664328864
meta (ancestry IVW)	NA	Pvalb_5	7	12198922.0	5.785734473552967e-10	0.13172759914336846	0.0
meta (ancestry IVW)	NA	Pvalb_5	7	12199648.0	1.940116161521943e-10	0.1348660903098181	0.0
meta (ancestry IVW)	NA	Pvalb_5	7	12202043.0	2.5652600495323465e-10	0.13524474228969346	0.17406620308013424
meta (ancestry IVW)	NA	Pvalb_5	7	12205599.0	1.7490631275550204e-10	0.13467925883529636	0.0
meta (ancestry IVW)	NA	Pvalb_5	7	12207704.0	1.7083456105252383e-09	0.12473230183136629	0.0
meta (ancestry IVW)	NA	Pvalb_5	7	12210752.0	4.10793007205534e-13	0.14003479995440268	0.0
meta (ancestry IVW)	NA	Pvalb_5	7	12210776.0	1.2230951075365455e-12	0.13767303085859905	0.0
meta (ancestry IVW)	NA	Pvalb_5	7	12211934.0	9.29475334110995e-15	0.1493251207067343	0.0
meta (ancestry IVW)	NA	Pvalb_5	7	12212045.0	1.1057714698246369e-14	0.14886657513322715	0.0
meta (ancestry IVW)	NA	Pvalb_5	7	12212164.0	8.709184714035271e-15	0.14941697737355641	0.0
meta (ancestry IVW)	NA	Pvalb_5	7	12212493.0	9.075380906802864e-12	-0.1329303958876828	0.0
meta (ancestry IVW)	NA	Pvalb_5	7	12212914.0	1.1163014943287194e-14	0.14898074727549987	0.0
meta (ancestry IVW)	NA	Pvalb_5	7	12213033.0	1.377543352829897e-14	0.14871733321099204	0.0
meta (ancestry IVW)	NA	Pvalb_5	7	12213115.0	9.748761014343135e-15	0.14929925109976752	0.0
meta (ancestry IVW)	NA	Pvalb_5	7	12213267.0	1.6184954255369915e-14	0.14808080592141215	0.0
meta (ancestry IVW)	NA	Pvalb_5	7	12213276.0	1.7314859465761524e-14	0.1480645484760827	0.0
meta (ancestry IVW)	NA	Pvalb_5	7	12213424.0	9.342477781900033e-15	0.14937733475806186	0.0
meta (ancestry IVW)	NA	Pvalb_5	7	12213462.0	6.20350527423433e-15	0.15036003492887676	0.0
meta (ancestry IVW)	NA	Pvalb_5	7	12213736.0	1.7939810037955793e-14	0.14785219735355126	0.0
meta (ancestry IVW)	NA	Pvalb_5	7	12213746.0	1.796653740001361e-14	0.147812182038502	0.0
meta (ancestry IVW)	NA	Pvalb_5	7	12213917.0	1.5650739534134646e-14	0.14812745826760515	0.0
meta (ancestry IVW)	NA	Pvalb_5	7	12213937.0	1.5650739534134646e-14	0.14812745826760515	0.0
meta (ancestry IVW)	NA	Pvalb_5	7	12214254.0	1.2328813049017095e-14	0.14869942660221883	0.0
meta (ancestry IVW)	NA	Pvalb_5	7	12214267.0	2.3867712330278317e-09	0.12224029219261294	0.21052488453205315
meta (ancestry IVW)	NA	Pvalb_5	7	12215808.0	6.458503302127468e-15	0.1504196182452812	0.0
meta (ancestry IVW)	NA	Pvalb_5	7	12215885.0	1.3231736908155751e-13	0.14373152491826605	0.0
meta (ancestry IVW)	NA	Pvalb_5	7	12216038.0	9.159705009259362e-15	0.14977058780666344	0.0
meta (ancestry IVW)	NA	Pvalb_5	7	12216914.0	1.87528213545284e-09	0.1234211062314214	0.13629405264725317
meta (ancestry IVW)	NA	Pvalb_5	7	12216922.0	3.936832431938047e-15	0.15179779499175947	0.0
meta (ancestry IVW)	NA	Pvalb_5	7	12217901.0	5.3742160726452525e-15	0.1509779699104101	0.0
meta (ancestry IVW)	NA	Pvalb_5	7	12217923.0	4.390703445837533e-15	0.15145015177307092	0.0
meta (ancestry IVW)	NA	Pvalb_5	7	12219039.0	9.349472807603344e-15	0.1500762093417959	0.0
meta (ancestry IVW)	NA	Pvalb_5	7	12219129.0	9.677856725674143e-15	0.1500151537968664	0.0
meta (ancestry IVW)	NA	Pvalb_5	7	12222203.0	6.415806088597571e-15	0.1512202105587383	0.0
meta (ancestry IVW)	NA	Pvalb_5	7	12222285.0	2.839905118012763e-13	0.14809387713455335	0.0
meta (ancestry IVW)	NA	Pvalb_5	7	12222616.0	9.927711824536244e-15	0.14980276845466933	0.0
meta (ancestry IVW)	NA	Pvalb_5	7	12222945.0	1.0496522762028758e-14	0.1497453846165979	0.0
meta (ancestry IVW)	NA	Pvalb_5	7	12223091.0	1.2048881439658213e-14	0.14939526166414338	0.0
meta (ancestry IVW)	NA	Pvalb_5	7	12223175.0	8.348308212267818e-15	0.15029000522939553	0.0
meta (ancestry IVW)	NA	Pvalb_5	7	12223342.0	1.1678127973402027e-14	0.14947389144453385	0.0
meta (ancestry IVW)	NA	Pvalb_5	7	12223557.0	9.927711824536244e-15	0.14980276845466933	0.0
meta (ancestry IVW)	NA	Pvalb_5	7	12223752.0	6.18562312887216e-14	0.14544119058190222	0.0
meta (ancestry IVW)	NA	Pvalb_5	7	12223811.0	1.3655030841546777e-14	0.14903259144588316	0.0
meta (ancestry IVW)	NA	Pvalb_5	7	12223912.0	1.279124804231662e-14	0.14933744976728827	0.0
meta (ancestry IVW)	NA	Pvalb_5	7	12223920.0	1.513192306987528e-14	0.1488849893620961	0.0
meta (ancestry IVW)	NA	Pvalb_5	7	12223961.0	9.942796628432588e-15	0.14982377494489946	0.0
meta (ancestry IVW)	NA	Pvalb_5	7	12224173.0	2.1588134668211797e-14	0.14805802391896783	0.0
meta (ancestry IVW)	NA	Pvalb_5	7	12224174.0	2.1588134668211797e-14	0.14805802391896783	0.0
meta (ancestry IVW)	NA	Pvalb_5	7	12224635.0	9.927711824536244e-15	0.14980276845466933	0.0
meta (ancestry IVW)	NA	Pvalb_5	7	12224671.0	9.927711824536244e-15	0.14980276845466933	0.0
meta (ancestry IVW)	NA	Pvalb_5	7	12224841.0	1.8042656945733213e-14	0.1483190256730206	0.0
meta (ancestry IVW)	NA	Pvalb_5	7	12225040.0	7.727470155029616e-15	0.15051052935653708	0.0
meta (ancestry IVW)	NA	Pvalb_5	7	12225111.0	3.027985659539477e-15	0.15289027986733628	0.0
meta (ancestry IVW)	NA	Pvalb_5	7	12225245.0	9.886230234218461e-14	0.1445737467544331	0.0
meta (ancestry IVW)	NA	Pvalb_5	7	12225433.0	1.3560659752503592e-13	0.14383324560941374	0.0
meta (ancestry IVW)	NA	Pvalb_5	7	12225566.0	1.354307587622309e-14	0.14921138000158787	0.0
meta (ancestry IVW)	NA	Pvalb_5	7	12226222.0	1.242538252434798e-14	0.14939485813946948	0.0
meta (ancestry IVW)	NA	Pvalb_5	7	12226326.0	1.0659187507122758e-14	0.14972592195211373	0.0
meta (ancestry IVW)	NA	Pvalb_5	7	12226362.0	2.9394145521112704e-15	0.1528596647804829	0.0
meta (ancestry IVW)	NA	Pvalb_5	7	12226925.0	1.1562891461528805e-14	0.14952387381733215	0.0
meta (ancestry IVW)	NA	Pvalb_5	7	12227080.0	1.3165444192144568e-13	0.14377833698307677	0.0
meta (ancestry IVW)	NA	Pvalb_5	7	12227188.0	1.0998924777350737e-14	0.14958718330336657	0.0
meta (ancestry IVW)	NA	Pvalb_5	7	12227241.0	3.361862931799113e-15	0.1526032520361388	0.0
meta (ancestry IVW)	NA	Pvalb_5	7	12227595.0	1.6442153560255948e-14	0.14865448169279774	0.0
meta (ancestry IVW)	NA	Pvalb_5	7	12227630.0	6.916856859503162e-11	0.13099770099781663	0.41258405985038876
meta (ancestry IVW)	NA	Pvalb_5	7	12227869.0	4.8535918155012885e-15	0.1517742238858099	0.0
meta (ancestry IVW)	NA	Pvalb_5	7	12227926.0	8.934644216289334e-15	0.15040322067411444	0.0
meta (ancestry IVW)	NA	Pvalb_5	7	12227933.0	8.934644216289334e-15	0.15040322067411444	0.0
meta (ancestry IVW)	NA	Pvalb_5	7	12227988.0	4.85765985341165e-15	0.15173510710627952	0.0
meta (ancestry IVW)	NA	Pvalb_5	7	12228108.0	7.15362484332283e-15	0.15078707530923274	0.0
meta (ancestry IVW)	NA	Pvalb_5	7	12228211.0	5.201912057160756e-15	0.15158987438681867	0.0
meta (ancestry IVW)	NA	Pvalb_5	7	12228456.0	1.0272593435667349e-14	0.1501618121286416	0.0
meta (ancestry IVW)	NA	Pvalb_5	7	12228491.0	5.201912057160756e-15	0.15158987438681867	0.0
meta (ancestry IVW)	NA	Pvalb_5	7	12228617.0	3.597911470384644e-15	0.15254594896000329	0.0
meta (ancestry IVW)	NA	Pvalb_5	7	12228842.0	2.9149790931994116e-15	0.15293418409974685	0.0
meta (ancestry IVW)	NA	Pvalb_5	7	12228925.0	3.3969115704045783e-15	0.15262312877833004	0.0
meta (ancestry IVW)	NA	Pvalb_5	7	12229042.0	1.7242807453096673e-15	0.15347953454732396	0.0
meta (ancestry IVW)	NA	Pvalb_5	7	12229091.0	3.72336890894832e-15	0.15245963451687694	0.0
meta (ancestry IVW)	NA	Pvalb_5	7	12229132.0	1.1581124059308698e-14	0.14954051360351464	0.0
meta (ancestry IVW)	NA	Pvalb_5	7	12229166.0	3.72336890894832e-15	0.15245963451687694	0.0
meta (ancestry IVW)	NA	Pvalb_5	7	12229172.0	3.72336890894832e-15	0.15245963451687694	0.0
meta (ancestry IVW)	NA	Pvalb_5	7	12229185.0	3.52135150111112e-15	0.15265630194573784	0.0
meta (ancestry IVW)	NA	Pvalb_5	7	12229634.0	5.951327134318359e-15	0.15148019138383276	0.0
meta (ancestry IVW)	NA	Pvalb_5	7	12229791.0	2.8962743866007877e-15	0.1530451968736476	0.0
meta (ancestry IVW)	NA	Pvalb_5	7	12229949.0	4.737078050739457e-15	0.15187921052457015	0.0
meta (ancestry IVW)	NA	Pvalb_5	7	12229967.0	4.521326223396286e-14	0.14667327192141733	0.0
meta (ancestry IVW)	NA	Pvalb_5	7	12230053.0	1.034827491164005e-15	0.154982017528106	0.0
meta (ancestry IVW)	NA	Pvalb_5	7	12230136.0	3.6391319170084076e-15	0.15247792874279373	0.0
meta (ancestry IVW)	NA	Pvalb_5	7	12230178.0	4.021501590586379e-15	0.1522245568502335	0.0
meta (ancestry IVW)	NA	Pvalb_5	7	12230191.0	3.6391319170084076e-15	0.15247792874279373	0.0
meta (ancestry IVW)	NA	Pvalb_5	7	12230893.0	3.545406834958195e-15	0.15257910696590712	0.0
meta (ancestry IVW)	NA	Pvalb_5	7	12230939.0	2.8298660006166367e-15	0.15314666426402104	0.0
meta (ancestry IVW)	NA	Pvalb_5	7	12230999.0	3.055850101047814e-15	0.152925251035418	0.0
meta (ancestry IVW)	NA	Pvalb_5	7	12231144.0	3.5720575093351334e-15	0.15259557026223086	0.0
meta (ancestry IVW)	NA	Pvalb_5	7	12231189.0	4.380163852458131e-15	0.15203331833424508	0.0
meta (ancestry IVW)	NA	Pvalb_5	7	12231341.0	2.8716096415745145e-09	0.12049639881328097	0.1871042424020435
meta (ancestry IVW)	NA	Pvalb_5	7	12231626.0	5.39586815615079e-14	0.14606807699579819	0.0
meta (ancestry IVW)	NA	Pvalb_5	7	12232371.0	4.701915033168478e-15	0.15189622134297245	0.0
meta (ancestry IVW)	NA	Pvalb_5	7	12232490.0	2.962301403889848e-15	0.15295719277483194	0.0
meta (ancestry IVW)	NA	Pvalb_5	7	12232942.0	3.46549708545039e-15	0.15252421570097366	0.0
meta (ancestry IVW)	NA	Pvalb_5	7	12233526.0	2.5708687797385257e-10	0.12791849160796298	0.23299097765246435
meta (ancestry IVW)	NA	Pvalb_5	7	12233787.0	6.3875463319248e-15	0.15105268618345463	0.0
meta (ancestry IVW)	NA	Pvalb_5	7	12233870.0	4.612705145840814e-15	0.151929697391558	0.0
meta (ancestry IVW)	NA	Pvalb_5	7	12234787.0	6.156056858264251e-15	0.15124955173734853	0.0
meta (ancestry IVW)	NA	Pvalb_5	7	12235882.0	4.5273060622784787e-14	0.1467054790125017	0.0
meta (ancestry IVW)	NA	Pvalb_5	7	12235998.0	5.765189183307102e-14	0.1459682523701683	0.0
meta (ancestry IVW)	NA	Pvalb_5	7	12236049.0	2.70524210288937e-14	0.1478970497601652	0.0
meta (ancestry IVW)	NA	Pvalb_5	7	12236192.0	2.7042184107841936e-14	0.1480012770149133	0.0
meta (ancestry IVW)	NA	Pvalb_5	7	12236385.0	3.3384587263149514e-14	0.14746596834540632	0.0
meta (ancestry IVW)	NA	Pvalb_5	7	12236419.0	3.914252040348138e-14	0.1470754186100444	0.0
meta (ancestry IVW)	NA	Pvalb_5	7	12237259.0	1.022952714630129e-14	0.15039525793274366	0.10173481967132907
meta (ancestry IVW)	NA	Pvalb_5	7	12238147.0	4.055744684907897e-15	0.15225481155977322	0.0
meta (ancestry IVW)	NA	Pvalb_5	7	12239933.0	2.443329651662525e-09	0.12122536067716627	0.0
meta (ancestry IVW)	NA	Pvalb_5	7	12240135.0	2.1982719470006203e-14	0.14856550156331885	0.16444491811913162
meta (ancestry IVW)	NA	Pvalb_5	7	12241104.0	3.611690884382359e-14	0.14731696042178663	0.19149793389355133
meta (ancestry IVW)	NA	Pvalb_5	7	12242825.0	1.5152141857639694e-13	0.14345246512389387	0.22258358086532026
meta (ancestry IVW)	NA	Pvalb_5	7	12243601.0	1.8594666733951657e-14	0.14912778323338616	0.24847586245315645
meta (ancestry IVW)	NA	Pvalb_5	7	12243650.0	1.662861263502318e-14	0.14931182737167484	0.2777304274485571
meta (ancestry IVW)	NA	Pvalb_5	7	12243703.0	1.662861263502318e-14	0.14931182737167484	0.2777304274485571
meta (ancestry IVW)	NA	Pvalb_5	7	12244161.0	1.662861263502318e-14	0.14931182737167484	0.2777304274485571
meta (ancestry IVW)	NA	Pvalb_5	7	12244247.0	1.6347390864658533e-14	0.14920449533490424	0.2814436251027197
meta (ancestry IVW)	NA	Pvalb_5	7	12244382.0	1.7651884673583772e-14	0.14913855044575075	0.27688672504236184
meta (ancestry IVW)	NA	Pvalb_5	7	12244752.0	5.412015649685991e-13	0.1410795181243451	0.7439045014670153
meta (ancestry IVW)	NA	Pvalb_5	7	12244804.0	4.1618428626211487e-13	0.14034370450075784	0.6943335119517074
meta (ancestry IVW)	NA	Pvalb_5	7	12245514.0	3.258261174452191e-13	0.14108317667602732	0.678225191869768
meta (ancestry IVW)	NA	Sst_11	7	12175936.0	7.316308981931953e-10	0.13796051676837376	0.39420766419032643
meta (ancestry IVW)	NA	Sst_11	7	12177586.0	1.1483614868461532e-09	0.1365644781600144	0.34824201594256815
meta (ancestry IVW)	NA	Sst_11	7	12184365.0	2.153780792896346e-09	0.1346651672709997	0.373224587278697
meta (ancestry IVW)	NA	Sst_11	7	12187397.0	1.6364948911308757e-09	0.1356967632188653	0.23286123843214293
meta (ancestry IVW)	NA	Sst_11	7	12188266.0	1.5766905717300897e-09	0.1371872905217965	0.0
meta (ancestry IVW)	NA	Sst_11	7	12188676.0	1.7055323148386763e-09	0.13554439955069264	0.3159383659142029
meta (ancestry IVW)	NA	Sst_11	7	12189797.0	1.7224682780383643e-09	0.13717138821204503	0.0
meta (ancestry IVW)	NA	Sst_11	7	12194293.0	1.2263113289195545e-10	0.1340139709245162	0.7290932068539978
meta (ancestry IVW)	NA	Sst_11	7	12198302.0	9.106592091214349e-12	0.1606039554259899	0.0
meta (ancestry IVW)	NA	Sst_11	7	12198922.0	7.933964556529607e-13	0.14631022801314597	0.5038961689369297
meta (ancestry IVW)	NA	Sst_11	7	12199648.0	2.7814983464620986e-13	0.14870376729518073	0.532366403229462
meta (ancestry IVW)	NA	Sst_11	7	12200780.0	8.50339276756435e-10	0.15144379788862067	0.3624860977230703
meta (ancestry IVW)	NA	Sst_11	7	12201319.0	2.7101276702555186e-11	0.13937815088568367	0.6336027314543435
meta (ancestry IVW)	NA	Sst_11	7	12201488.0	2.8922602652870113e-11	0.13869195657315306	0.6121435424403923
meta (ancestry IVW)	NA	Sst_11	7	12202043.0	1.0784142786362365e-11	0.13943046079363888	0.5001254924421322
meta (ancestry IVW)	NA	Sst_11	7	12202197.0	8.754196688629727e-12	0.16056748382548505	0.0
meta (ancestry IVW)	NA	Sst_11	7	12203113.0	8.368476142389434e-11	0.13569117182145624	0.6359268553155791
meta (ancestry IVW)	NA	Sst_11	7	12203664.0	6.762635228796904e-11	0.13636484279423516	0.6648139019750787
meta (ancestry IVW)	NA	Sst_11	7	12205599.0	5.767501115402313e-13	0.14614579724338234	0.5677084623687284
meta (ancestry IVW)	NA	Sst_11	7	12207209.0	1.1564951325683748e-11	0.1587124348604885	0.0
meta (ancestry IVW)	NA	Sst_11	7	12207683.0	1.9709804790930578e-11	0.13071105049949297	0.5771192694671058
meta (ancestry IVW)	NA	Sst_11	7	12207704.0	2.9715821145653465e-11	0.1325539721457356	0.1316351644073226
meta (ancestry IVW)	NA	Sst_11	7	12210752.0	5.991211444447414e-13	0.13347372765307322	0.6275607802573061
meta (ancestry IVW)	NA	Sst_11	7	12210776.0	3.074271871663856e-13	0.13575611899761178	0.582561131370585
meta (ancestry IVW)	NA	Sst_11	7	12211934.0	9.791004454215757e-15	0.1432031553813665	0.6889177156654237
meta (ancestry IVW)	NA	Sst_11	7	12212045.0	1.0620584385554894e-14	0.14297512228218198	0.6915081416980459
meta (ancestry IVW)	NA	Sst_11	7	12212100.0	3.3407703223104017e-10	0.11950773031697735	0.35492153186045017
meta (ancestry IVW)	NA	Sst_11	7	12212164.0	1.2649927508889986e-14	0.14253067012812304	0.6887393389101417
meta (ancestry IVW)	NA	Sst_11	7	12212200.0	1.0285196519489994e-09	0.1152013178866672	0.6204078598485079
meta (ancestry IVW)	NA	Sst_11	7	12212493.0	7.088009099648138e-14	-0.1400638930549655	0.0064688318107115565
meta (ancestry IVW)	NA	Sst_11	7	12212914.0	1.1682316811594763e-14	0.14290770761211724	0.682213670367871
meta (ancestry IVW)	NA	Sst_11	7	12213033.0	6.195309877479504e-15	0.14469320520496481	0.6346993752762121
meta (ancestry IVW)	NA	Sst_11	7	12213115.0	1.2113461688853427e-14	0.14280913537905945	0.6816511354872452
meta (ancestry IVW)	NA	Sst_11	7	12213267.0	5.924173304161566e-15	0.144521197175014	0.6736486655370715
meta (ancestry IVW)	NA	Sst_11	7	12213276.0	7.786517213524462e-15	0.1440240004313994	0.7133170900288146
meta (ancestry IVW)	NA	Sst_11	7	12213424.0	6.845580567523203e-15	0.14412918429536614	0.6887855253510177
meta (ancestry IVW)	NA	Sst_11	7	12213462.0	8.178846978119235e-15	0.14369256860347882	0.6865342048859323
meta (ancestry IVW)	NA	Sst_11	7	12213552.0	5.722231675627298e-10	0.11698782059055648	0.5837484765431397
meta (ancestry IVW)	NA	Sst_11	7	12213736.0	1.3299888269346893e-14	0.14264092317419344	0.6807444016324693
meta (ancestry IVW)	NA	Sst_11	7	12213746.0	1.2015105190242784e-14	0.1428462946366893	0.6818730341633855
meta (ancestry IVW)	NA	Sst_11	7	12213917.0	1.312144939431989e-14	0.14261325404621591	0.6805438448100284
meta (ancestry IVW)	NA	Sst_11	7	12213937.0	1.312144939431989e-14	0.14261325404621591	0.6805438448100284
meta (ancestry IVW)	NA	Sst_11	7	12214241.0	2.2751347529696073e-10	0.13876068521770527	0.7945363147124839
meta (ancestry IVW)	NA	Sst_11	7	12214254.0	1.070095143869969e-14	0.14307926900662865	0.6831467799743449
meta (ancestry IVW)	NA	Sst_11	7	12214267.0	2.2418073290856007e-10	0.12481277184891797	0.6120786741451837
meta (ancestry IVW)	NA	Sst_11	7	12214386.0	2.2714095954527453e-11	0.16210691077441575	0.0
meta (ancestry IVW)	NA	Sst_11	7	12215313.0	1.0045870046484008e-09	0.12126057183145292	0.7011201801909555
meta (ancestry IVW)	NA	Sst_11	7	12215808.0	9.675418382514915e-15	0.14344218654743485	0.6879248437247324
meta (ancestry IVW)	NA	Sst_11	7	12215885.0	4.735874279464521e-14	0.14069755108986565	0.7133064930783699
meta (ancestry IVW)	NA	Sst_11	7	12216038.0	1.1413209368908658e-14	0.14324609942004973	0.6869712779135455
meta (ancestry IVW)	NA	Sst_11	7	12216042.0	4.09924783596477e-10	0.11815465898385692	0.5493998177639656
meta (ancestry IVW)	NA	Sst_11	7	12216152.0	1.6130558366719553e-09	0.11974649263161805	0.7354783070765489
meta (ancestry IVW)	NA	Sst_11	7	12216380.0	1.460419925922428e-10	0.12188809402535596	0.2813555519674519
meta (ancestry IVW)	NA	Sst_11	7	12216914.0	3.833817364582765e-10	0.12355812123138504	0.6851094832883436
meta (ancestry IVW)	NA	Sst_11	7	12216922.0	7.961599974800016e-15	0.14406587813659852	0.6915319229193562
meta (ancestry IVW)	NA	Sst_11	7	12217026.0	1.3866604696336722e-09	0.11872545502662495	0.6841381955391452
meta (ancestry IVW)	NA	Sst_11	7	12217543.0	1.366195296444546e-10	0.12205351877067777	0.37762366450978596
meta (ancestry IVW)	NA	Sst_11	7	12217901.0	5.640382186638742e-15	0.14483723619605537	0.6573538930738153
meta (ancestry IVW)	NA	Sst_11	7	12217923.0	4.971069988655158e-15	0.14511888901890294	0.6583976265935944
meta (ancestry IVW)	NA	Sst_11	7	12218102.0	2.2318450876982563e-10	0.1199974507472321	0.4367305699212248
meta (ancestry IVW)	NA	Sst_11	7	12218312.0	2.753119590228017e-10	0.11934978080944379	0.5015703341382068
meta (ancestry IVW)	NA	Sst_11	7	12219039.0	8.506112773780356e-15	0.1443909752120515	0.6861223344603449
meta (ancestry IVW)	NA	Sst_11	7	12219129.0	1.0897255584500912e-14	0.14383161826649882	0.6947651053459288
meta (ancestry IVW)	NA	Sst_11	7	12220920.0	3.3299358047949735e-10	0.12365844447750364	0.6219086642887247
meta (ancestry IVW)	NA	Sst_11	7	12220926.0	5.754534250136559e-11	0.15905752650332655	0.0
meta (ancestry IVW)	NA	Sst_11	7	12221087.0	8.578553494627225e-10	0.12872577836803512	0.07144177362076061
meta (ancestry IVW)	NA	Sst_11	7	12222203.0	7.358234595218847e-15	0.14496481206365672	0.6665101477093366
meta (ancestry IVW)	NA	Sst_11	7	12222285.0	8.974027786604586e-14	0.14525611707240918	0.7937513308000136
meta (ancestry IVW)	NA	Sst_11	7	12222616.0	1.2845203873928455e-14	0.14327813695247682	0.7248549963185793
meta (ancestry IVW)	NA	Sst_11	7	12222945.0	1.6255739744282683e-14	0.14279319598405257	0.7227255432982115
meta (ancestry IVW)	NA	Sst_11	7	12223028.0	4.205187481805677e-10	0.11793376295732923	0.5400642387412281
meta (ancestry IVW)	NA	Sst_11	7	12223091.0	1.4821613891951918e-14	0.14299992920862187	0.7245576471233522
meta (ancestry IVW)	NA	Sst_11	7	12223175.0	1.2025547710712414e-14	0.14349228209032192	0.7258464867140048
meta (ancestry IVW)	NA	Sst_11	7	12223342.0	2.6595990378388213e-14	0.14160745268870534	0.7173066762663521
meta (ancestry IVW)	NA	Sst_11	7	12223557.0	1.2845203873928455e-14	0.14327813695247682	0.7248549963185793
meta (ancestry IVW)	NA	Sst_11	7	12223608.0	1.41134584858146e-10	0.12193282113473591	0.3460615671617764
meta (ancestry IVW)	NA	Sst_11	7	12223744.0	3.9851834172014326e-10	0.11887224407099972	0.3227077739412054
meta (ancestry IVW)	NA	Sst_11	7	12223752.0	3.956204388486591e-14	0.1408133517687132	0.6921081037403127
meta (ancestry IVW)	NA	Sst_11	7	12223811.0	1.9774629826759494e-14	0.14226595207526677	0.7202957116925804
meta (ancestry IVW)	NA	Sst_11	7	12223912.0	1.6053402790634234e-14	0.14289854046817416	0.7232487292296519
meta (ancestry IVW)	NA	Sst_11	7	12223920.0	1.8556297751763973e-14	0.14251830117444106	0.7215082253504151
meta (ancestry IVW)	NA	Sst_11	7	12223961.0	1.6432079664769816e-14	0.1427160564999297	0.7223442347457585
meta (ancestry IVW)	NA	Sst_11	7	12224173.0	2.3187492490509287e-14	0.14203880129298968	0.7193574177796421
meta (ancestry IVW)	NA	Sst_11	7	12224174.0	2.3187492490509287e-14	0.14203880129298968	0.7193574177796421
meta (ancestry IVW)	NA	Sst_11	7	12224525.0	3.2226467456503677e-10	0.1188213428108228	0.5450037075091919
meta (ancestry IVW)	NA	Sst_11	7	12224594.0	3.4062830242169193e-10	0.11864262527060498	0.5116869655529115
meta (ancestry IVW)	NA	Sst_11	7	12224635.0	1.2845203873928455e-14	0.14327813695247682	0.7248549963185793
meta (ancestry IVW)	NA	Sst_11	7	12224671.0	1.2845203873928455e-14	0.14327813695247682	0.7248549963185793
meta (ancestry IVW)	NA	Sst_11	7	12224841.0	1.726279411302865e-14	0.14257892650317117	0.7346357636128935
meta (ancestry IVW)	NA	Sst_11	7	12225040.0	7.807920326662338e-15	0.14456506558368068	0.6984942189685626
meta (ancestry IVW)	NA	Sst_11	7	12225083.0	3.25073044870084e-10	0.13780043593119065	0.7926789055740646
meta (ancestry IVW)	NA	Sst_11	7	12225111.0	4.014808948902608e-15	0.14621929914529092	0.7007032879856898
meta (ancestry IVW)	NA	Sst_11	7	12225245.0	2.901012825648881e-14	0.14200575977513372	0.6803941217402272
meta (ancestry IVW)	NA	Sst_11	7	12225433.0	4.312855519788495e-14	0.14111310187858775	0.7013454544921977
meta (ancestry IVW)	NA	Sst_11	7	12225566.0	1.0735027577831843e-14	0.14389147442445524	0.6950914628908419
meta (ancestry IVW)	NA	Sst_11	7	12225648.0	2.9929907977327835e-10	0.13799183131630535	0.7849349598925058
meta (ancestry IVW)	NA	Sst_11	7	12225804.0	3.4424945023365444e-10	0.13746004984769525	0.7949218342922385
meta (ancestry IVW)	NA	Sst_11	7	12226113.0	8.338760843158198e-10	0.12190805467318404	0.689441445378007
meta (ancestry IVW)	NA	Sst_11	7	12226141.0	1.725163479487937e-10	0.12083596970475843	0.48284013255108094
meta (ancestry IVW)	NA	Sst_11	7	12226222.0	1.2065783423397065e-14	0.14358216258076084	0.694530221654354
meta (ancestry IVW)	NA	Sst_11	7	12226279.0	2.80962823218991e-10	0.13836926158946955	0.7914102189610855
meta (ancestry IVW)	NA	Sst_11	7	12226326.0	1.0236913426887998e-14	0.14393099482047592	0.6952451813762199
meta (ancestry IVW)	NA	Sst_11	7	12226362.0	3.0671999733271698e-15	0.14673342232372172	0.6533083092408118
meta (ancestry IVW)	NA	Sst_11	7	12226694.0	8.062520389575304e-10	0.1218218215532986	0.6762945475579056
meta (ancestry IVW)	NA	Sst_11	7	12226925.0	1.6374842860197474e-14	0.1428216062564873	0.7177532053408485
meta (ancestry IVW)	NA	Sst_11	7	12227080.0	4.30694822473501e-14	0.1409941340719327	0.6976980459195454
meta (ancestry IVW)	NA	Sst_11	7	12227188.0	1.0185335852256414e-14	0.14388428726452587	0.6949633522803571
meta (ancestry IVW)	NA	Sst_11	7	12227241.0	4.711300865763922e-15	0.14581360847542363	0.6986152083804856
meta (ancestry IVW)	NA	Sst_11	7	12227595.0	8.612158616119145e-15	0.14434723536298835	0.6831023585381888
meta (ancestry IVW)	NA	Sst_11	7	12227630.0	3.0060036994476085e-10	0.12138298721035604	0.3868313569827503
meta (ancestry IVW)	NA	Sst_11	7	12227869.0	5.0214507242177595e-15	0.14573170834071023	0.6838688812360254
meta (ancestry IVW)	NA	Sst_11	7	12227926.0	5.18293528746374e-15	0.14577056810581573	0.6852170933109001
meta (ancestry IVW)	NA	Sst_11	7	12227933.0	5.18293528746374e-15	0.14577056810581573	0.6852170933109001
meta (ancestry IVW)	NA	Sst_11	7	12227988.0	3.881471331857987e-15	0.14629820851065833	0.686898210306426
meta (ancestry IVW)	NA	Sst_11	7	12228108.0	5.069916881170823e-15	0.1456711583713986	0.6835136615186272
meta (ancestry IVW)	NA	Sst_11	7	12228211.0	3.9133402042321936e-15	0.14629936564143595	0.6869184523785211
meta (ancestry IVW)	NA	Sst_11	7	12228456.0	3.2643858063342633e-15	0.1469543535104366	0.6905646628332577
meta (ancestry IVW)	NA	Sst_11	7	12228491.0	3.9133402042321936e-15	0.14629936564143595	0.6869184523785211
meta (ancestry IVW)	NA	Sst_11	7	12228617.0	4.224008300945348e-15	0.14616543488512063	0.6546869710987042
meta (ancestry IVW)	NA	Sst_11	7	12228842.0	4.146718018581944e-15	0.14609772123946838	0.6834076049904325
meta (ancestry IVW)	NA	Sst_11	7	12228925.0	2.673708472048169e-15	0.14717477272088564	0.6593940068141775
meta (ancestry IVW)	NA	Sst_11	7	12229042.0	1.43501658710556e-14	0.14235727057659642	0.7817779270157744
meta (ancestry IVW)	NA	Sst_11	7	12229069.0	2.658202721540821e-10	0.11960379954613107	0.4096696292404938
meta (ancestry IVW)	NA	Sst_11	7	12229091.0	3.0814024500137675e-15	0.1469022507572775	0.6577512816959716
meta (ancestry IVW)	NA	Sst_11	7	12229132.0	5.961525793748113e-15	0.14522292046343385	0.6549401057318452
meta (ancestry IVW)	NA	Sst_11	7	12229166.0	3.0814024500137675e-15	0.1469022507572775	0.6577512816959716
meta (ancestry IVW)	NA	Sst_11	7	12229172.0	3.0814024500137675e-15	0.1469022507572775	0.6577512816959716
meta (ancestry IVW)	NA	Sst_11	7	12229185.0	3.4390625121614815e-15	0.14670467872914808	0.6565670349265674
meta (ancestry IVW)	NA	Sst_11	7	12229634.0	2.5649864197584864e-15	0.1474841254428345	0.6614607402167441
meta (ancestry IVW)	NA	Sst_11	7	12229791.0	2.3017790945579652e-15	0.14755628912757762	0.6617648244849132
meta (ancestry IVW)	NA	Sst_11	7	12229949.0	3.4679825321288432e-15	0.14663171564077856	0.656069904730924
meta (ancestry IVW)	NA	Sst_11	7	12229967.0	1.874613606834652e-14	0.1431639325423357	0.702972000385005
meta (ancestry IVW)	NA	Sst_11	7	12230053.0	2.177150686971956e-15	0.14709347421091912	0.6760470242428736
meta (ancestry IVW)	NA	Sst_11	7	12230136.0	2.6956487286739494e-15	0.14717672866582124	0.6594222450865858
meta (ancestry IVW)	NA	Sst_11	7	12230178.0	2.9185249389971233e-15	0.1469846400603463	0.6603589085785787
meta (ancestry IVW)	NA	Sst_11	7	12230191.0	2.6956487286739494e-15	0.14717672866582124	0.6594222450865858
meta (ancestry IVW)	NA	Sst_11	7	12230893.0	3.137626613919607e-15	0.14686267518286422	0.6596453496995064
meta (ancestry IVW)	NA	Sst_11	7	12230939.0	2.256865610259746e-15	0.14764878052039632	0.6666826645548115
meta (ancestry IVW)	NA	Sst_11	7	12230957.0	5.828002027295469e-11	0.15899083085774257	0.0
meta (ancestry IVW)	NA	Sst_11	7	12230999.0	3.0673612451698796e-15	0.14689990045345136	0.6577266112266781
meta (ancestry IVW)	NA	Sst_11	7	12231144.0	3.625981052514114e-15	0.1465520706621911	0.6571756385053971
meta (ancestry IVW)	NA	Sst_11	7	12231189.0	3.82933645588598e-15	0.1463617464402053	0.6801037372281745
meta (ancestry IVW)	NA	Sst_11	7	12231341.0	4.3283520019618237e-10	0.12140129857639166	0.6098055941278248
meta (ancestry IVW)	NA	Sst_11	7	12231626.0	6.099074561885367e-15	0.14559162493817726	0.6225010396618519
meta (ancestry IVW)	NA	Sst_11	7	12231826.0	1.5522541770297974e-09	0.1134762359819727	0.6939803269944235
meta (ancestry IVW)	NA	Sst_11	7	12232371.0	3.367373210835881e-15	0.14669914878560433	0.6564899636674157
meta (ancestry IVW)	NA	Sst_11	7	12232400.0	7.412765485072782e-11	0.15813781693526957	0.0
meta (ancestry IVW)	NA	Sst_11	7	12232490.0	2.7191285103931094e-15	0.14714068546145675	0.6288774890613013
meta (ancestry IVW)	NA	Sst_11	7	12232942.0	3.4969674855864654e-15	0.14650370572411694	0.6551842146947817
meta (ancestry IVW)	NA	Sst_11	7	12233526.0	1.0800683450486862e-10	0.12524268716905052	0.5810122298981105
meta (ancestry IVW)	NA	Sst_11	7	12233787.0	5.666606291450926e-15	0.14539389891558466	0.6503904823907573
meta (ancestry IVW)	NA	Sst_11	7	12233870.0	4.181738956319881e-15	0.14618576985957138	0.6246129430565521
meta (ancestry IVW)	NA	Sst_11	7	12234787.0	9.466084209839362e-15	0.1442800668279453	0.6534136182838556
meta (ancestry IVW)	NA	Sst_11	7	12235882.0	5.489780489987123e-15	0.14602310804454002	0.5760334073317804
meta (ancestry IVW)	NA	Sst_11	7	12235998.0	1.1614583089272024e-14	0.1440774330664084	0.6579216873876822
meta (ancestry IVW)	NA	Sst_11	7	12236049.0	3.0468018615472274e-15	0.14729365608899145	0.5818876319645655
meta (ancestry IVW)	NA	Sst_11	7	12236192.0	3.997669403315824e-15	0.14676262001245718	0.5817155871735643
meta (ancestry IVW)	NA	Sst_11	7	12236385.0	4.070267476032829e-15	0.14671536092862125	0.5813507391000781
meta (ancestry IVW)	NA	Sst_11	7	12236408.0	8.462658356526671e-11	0.13792658190019894	0.7232076445472256
meta (ancestry IVW)	NA	Sst_11	7	12236419.0	4.529163656424835e-15	0.14647625244485044	0.5795288524042124
meta (ancestry IVW)	NA	Sst_11	7	12236896.0	1.300432931316115e-10	0.13658884203341062	0.7316845172739126
meta (ancestry IVW)	NA	Sst_11	7	12237259.0	2.0423605359469792e-15	0.14830702634715215	0.6320986450151731
meta (ancestry IVW)	NA	Sst_11	7	12237394.0	4.3006968976656013e-10	0.12127311284924175	0.5608022165151325
meta (ancestry IVW)	NA	Sst_11	7	12237455.0	1.2266372969151947e-10	0.15633285084664367	0.0
meta (ancestry IVW)	NA	Sst_11	7	12238147.0	3.970222932357164e-15	0.1463141046959433	0.6540768644693716
meta (ancestry IVW)	NA	Sst_11	7	12238811.0	6.465098978068791e-10	0.12052206670764738	0.5852914017410431
meta (ancestry IVW)	NA	Sst_11	7	12239572.0	3.309093183602575e-10	0.11897106237523353	0.4454312033032524
meta (ancestry IVW)	NA	Sst_11	7	12239933.0	7.321992228649436e-10	0.12002782060775571	0.6133822994545746
meta (ancestry IVW)	NA	Sst_11	7	12240135.0	3.562474697747359e-15	0.14710811519204273	0.6614787012820238
meta (ancestry IVW)	NA	Sst_11	7	12240207.0	2.2980970561891234e-10	0.13728066334865086	0.759437003761956
meta (ancestry IVW)	NA	Sst_11	7	12241104.0	5.319721331961922e-15	0.1461717002641233	0.6565001812128246
meta (ancestry IVW)	NA	Sst_11	7	12241212.0	4.0617391361449183e-10	0.1214839414805723	0.587433083928181
meta (ancestry IVW)	NA	Sst_11	7	12242825.0	2.2831964689320643e-14	0.1425013823772075	0.7459211407450805
meta (ancestry IVW)	NA	Sst_11	7	12243601.0	4.036918628690286e-15	0.14693804761410045	0.6857013817529559
meta (ancestry IVW)	NA	Sst_11	7	12243624.0	2.4646802643537174e-10	0.12312996613609478	0.4712617731857846
meta (ancestry IVW)	NA	Sst_11	7	12243650.0	3.1717909737342147e-15	0.14741443047938066	0.6887257412576988
meta (ancestry IVW)	NA	Sst_11	7	12243703.0	3.1717909737342147e-15	0.14741443047938066	0.6887257412576988
meta (ancestry IVW)	NA	Sst_11	7	12244161.0	3.1717909737342147e-15	0.14741443047938066	0.6887257412576988
meta (ancestry IVW)	NA	Sst_11	7	12244247.0	5.122813414869324e-15	0.1461476795005617	0.6816666683058531
meta (ancestry IVW)	NA	Sst_11	7	12244382.0	3.964010322350019e-15	0.14686958639622158	0.6861178494874302
meta (ancestry IVW)	NA	Sst_11	7	12244752.0	6.540131506921645e-15	0.14629210353330466	0.7986420745080507
meta (ancestry IVW)	NA	Sst_11	7	12244804.0	2.5752080317248366e-14	0.14159466186946493	0.7943156014711048
meta (ancestry IVW)	NA	Sst_11	7	12244849.0	9.887704904838574e-10	0.11515203944293077	0.7040574544460871
meta (ancestry IVW)	NA	Sst_11	7	12245427.0	1.3529750615040168e-10	0.13811625873101677	0.7647273253811295
meta (ancestry IVW)	NA	Sst_11	7	12245514.0	3.797837840667635e-14	0.14076598004160928	0.7815270220380369
meta (ancestry IVW)	NA	Sst_11	7	12245703.0	9.313328093887434e-11	0.15340756289935822	0.0
meta (ancestry IVW)	NA	Sst_11	7	12246424.0	3.0763436704194684e-10	0.1220657796550638	0.5948996950745077
meta (ancestry IVW)	NA	Sst_11	7	12246599.0	1.5647625710664732e-09	0.1136373275484001	0.6947214873414714
meta (ancestry IVW)	NA	Sst_11	17	44352876.0	1.2316333848908847e-10	-0.13168313038714094	0.0
meta (ancestry IVW)	NA	Sst_12	7	12210752.0	1.989312887712526e-09	0.11637661465267637	0.0
meta (ancestry IVW)	NA	Sst_12	7	12211934.0	6.129734292758675e-10	0.11978076513817654	0.0
meta (ancestry IVW)	NA	Sst_12	7	12212045.0	5.100034785005581e-10	0.12031198316802924	0.0
meta (ancestry IVW)	NA	Sst_12	7	12212164.0	5.203141752140584e-10	0.12022392467788015	0.0
meta (ancestry IVW)	NA	Sst_12	7	12213424.0	2.330426027412452e-09	0.11569581081551879	0.0
meta (ancestry IVW)	NA	Sst_12	7	12213462.0	2.2617388447560204e-09	0.11577530939879432	0.0
meta (ancestry IVW)	NA	Sst_12	7	12216922.0	2.165627863177559e-09	0.11616443197331505	0.0
meta (ancestry IVW)	NA	Sst_12	7	12217901.0	2.7276353117619442e-09	0.11539583755331555	0.0
meta (ancestry IVW)	NA	Sst_12	7	12217923.0	1.7077029400516343e-09	0.11686302650840465	0.0
meta (ancestry IVW)	NA	Sst_12	7	12219039.0	2.6764031827770303e-09	0.11584163178295465	0.0
meta (ancestry IVW)	NA	Sst_12	7	12219129.0	2.7194224792953836e-09	0.1158112522743256	0.0
meta (ancestry IVW)	NA	Sst_12	7	12225111.0	1.0495820040271057e-09	0.1188411393558307	0.0
meta (ancestry IVW)	NA	Sst_12	7	12226362.0	1.6597149092055391e-09	0.11732179935147673	0.05164755851563306
meta (ancestry IVW)	NA	Sst_12	7	12227241.0	1.2282085745108918e-09	0.11832511825042086	0.0
meta (ancestry IVW)	NA	Sst_12	7	12227869.0	1.422883128591406e-09	0.11791669672974307	0.0
meta (ancestry IVW)	NA	Sst_12	7	12227926.0	1.5273655205511978e-09	0.11778747153691618	0.0
meta (ancestry IVW)	NA	Sst_12	7	12227933.0	1.5273655205511978e-09	0.11778747153691618	0.0
meta (ancestry IVW)	NA	Sst_12	7	12227988.0	1.3469103090034513e-09	0.11806025609229406	0.0
meta (ancestry IVW)	NA	Sst_12	7	12228108.0	1.409463835336141e-09	0.11791581191403322	0.0
meta (ancestry IVW)	NA	Sst_12	7	12228211.0	1.445064285354014e-09	0.11785636497325018	0.0
meta (ancestry IVW)	NA	Sst_12	7	12228456.0	1.804289076979513e-09	0.1173443984375596	0.0
meta (ancestry IVW)	NA	Sst_12	7	12228491.0	1.445064285354014e-09	0.11785636497325018	0.0
meta (ancestry IVW)	NA	Sst_12	7	12228617.0	1.0593089473640262e-09	0.1188666611330359	0.0
meta (ancestry IVW)	NA	Sst_12	7	12228842.0	9.928563934401413e-10	0.11897699973791086	0.0
meta (ancestry IVW)	NA	Sst_12	7	12228925.0	1.1041658595812858e-09	0.11869187117051935	0.0
meta (ancestry IVW)	NA	Sst_12	7	12229042.0	2.984562014242637e-10	0.12201483317137383	0.07026684953495363
meta (ancestry IVW)	NA	Sst_12	7	12229091.0	1.2398026798144292e-09	0.11837587027280208	0.0
meta (ancestry IVW)	NA	Sst_12	7	12229166.0	1.2398026798144292e-09	0.11837587027280208	0.0
meta (ancestry IVW)	NA	Sst_12	7	12229172.0	1.2398026798144292e-09	0.11837587027280208	0.0
meta (ancestry IVW)	NA	Sst_12	7	12229185.0	1.3346650213061317e-09	0.11819238543810172	0.0
meta (ancestry IVW)	NA	Sst_12	7	12229634.0	1.1722471189828315e-09	0.11867739163066533	0.0
meta (ancestry IVW)	NA	Sst_12	7	12229791.0	1.025373296674177e-09	0.11895016382199565	0.0
meta (ancestry IVW)	NA	Sst_12	7	12229949.0	1.4279255003443148e-09	0.11793728196554934	0.0
meta (ancestry IVW)	NA	Sst_12	7	12230053.0	3.288672829327001e-10	0.12197995666619518	0.0
meta (ancestry IVW)	NA	Sst_12	7	12230136.0	1.1850524078166315e-09	0.11848803260381148	0.0
meta (ancestry IVW)	NA	Sst_12	7	12230178.0	1.138700466611417e-09	0.11860535858019931	0.0
meta (ancestry IVW)	NA	Sst_12	7	12230191.0	1.1850524078166315e-09	0.11848803260381148	0.0
meta (ancestry IVW)	NA	Sst_12	7	12230893.0	1.20897222823026e-09	0.1184557503470656	0.0
meta (ancestry IVW)	NA	Sst_12	7	12230939.0	9.66399589922458e-10	0.11917083857490088	0.0
meta (ancestry IVW)	NA	Sst_12	7	12230999.0	1.0759370219744843e-09	0.11880778251127905	0.0
meta (ancestry IVW)	NA	Sst_12	7	12231144.0	1.289740421781758e-09	0.11827668768685953	0.0
meta (ancestry IVW)	NA	Sst_12	7	12231189.0	1.1901474403670823e-09	0.11847735652294507	0.0
meta (ancestry IVW)	NA	Sst_12	7	12232371.0	1.0312344414764002e-09	0.11895314124708119	0.0
meta (ancestry IVW)	NA	Sst_12	7	12232490.0	9.68403544819582e-10	0.11910323339095706	0.0
meta (ancestry IVW)	NA	Sst_12	7	12232942.0	1.0254472334699003e-09	0.11888336241403512	0.0
meta (ancestry IVW)	NA	Sst_12	7	12233787.0	1.5985590507064085e-09	0.11750873067411416	0.0
meta (ancestry IVW)	NA	Sst_12	7	12233870.0	9.603916031666833e-10	0.11916645447276346	0.0
meta (ancestry IVW)	NA	Sst_12	7	12234787.0	2.211950655489079e-09	0.116561453793826	0.0
meta (ancestry IVW)	NA	Sst_12	7	12237259.0	1.4975185452215746e-09	0.11812609944061912	0.20532616689206926
meta (ancestry IVW)	NA	Sst_12	7	12238147.0	9.464863514822677e-10	0.11921889070097949	0.0
meta (ancestry IVW)	NA	Sst_12	7	12240135.0	1.5533793911641112e-09	0.11807923105257447	0.20102815498255092
meta (ancestry IVW)	NA	Sst_12	7	12241104.0	1.532900400446297e-09	0.11812353783405956	0.17020908492888626
meta (ancestry IVW)	NA	Sst_12	7	12242825.0	1.2471272294142578e-09	0.11860798914851062	0.27289856213399294
meta (ancestry IVW)	NA	Sst_12	7	12243601.0	1.479686842738965e-09	0.11833754483646931	0.21995051822296938
meta (ancestry IVW)	NA	Sst_12	7	12243650.0	1.199518339918631e-09	0.11892519880735397	0.20358820782798373
meta (ancestry IVW)	NA	Sst_12	7	12243703.0	1.199518339918631e-09	0.11892519880735397	0.20358820782798373
meta (ancestry IVW)	NA	Sst_12	7	12244161.0	1.199518339918631e-09	0.11892519880735397	0.20358820782798373
meta (ancestry IVW)	NA	Sst_12	7	12244247.0	8.889976993722192e-10	0.11974253370399784	0.21761654515208992
meta (ancestry IVW)	NA	Sst_12	7	12244382.0	1.237137078465799e-09	0.11880880876958318	0.20094280024585806
meta (ancestry IVW)	NA	Sst_19	7	12173293.0	2.645460146828518e-09	0.1331763620076749	0.7698360852335693
meta (ancestry IVW)	NA	Sst_19	7	12175936.0	1.387891018450607e-12	0.15716767739183632	0.607098642482824
meta (ancestry IVW)	NA	Sst_19	7	12177586.0	2.2462407438357745e-12	0.15592721132918902	0.5241806078035242
meta (ancestry IVW)	NA	Sst_19	7	12177735.0	5.816250806531031e-10	0.14541358094079615	0.5041960202928673
meta (ancestry IVW)	NA	Sst_19	7	12179838.0	7.409538537209585e-10	0.1428872874104554	0.6665137510276121
meta (ancestry IVW)	NA	Sst_19	7	12180897.0	9.024105068269719e-10	0.14254762410459768	0.6382087012063792
meta (ancestry IVW)	NA	Sst_19	7	12181620.0	6.427307632711241e-12	0.15328944492544147	0.6002930257766435
meta (ancestry IVW)	NA	Sst_19	7	12184365.0	3.657983178949955e-12	0.15482564824780068	0.610102924338725
meta (ancestry IVW)	NA	Sst_19	7	12185770.0	6.711156304839857e-10	0.14508673406665937	0.4820284760510854
meta (ancestry IVW)	NA	Sst_19	7	12187397.0	2.9436923718553684e-12	0.15553929442281308	0.5662263510023567
meta (ancestry IVW)	NA	Sst_19	7	12188266.0	2.4134730265320774e-12	0.15772448097708436	0.29927660555760005
meta (ancestry IVW)	NA	Sst_19	7	12188676.0	2.82434789906486e-12	0.15567305194951067	0.6046013240977923
meta (ancestry IVW)	NA	Sst_19	7	12189797.0	3.1536034788721942e-12	0.15724011627032403	0.38100261398117885
meta (ancestry IVW)	NA	Sst_19	7	12194293.0	2.29696778119625e-10	0.13097277613780023	0.44488655128882526
meta (ancestry IVW)	NA	Sst_19	7	12198302.0	6.7991842445606e-14	0.17470537454714802	0.21720086086173285
meta (ancestry IVW)	NA	Sst_19	7	12198922.0	7.991316421986394e-13	0.14510915753616066	0.20069450213013368
meta (ancestry IVW)	NA	Sst_19	7	12199648.0	8.611380994122081e-13	0.14440320289644484	0.31843188218021523
meta (ancestry IVW)	NA	Sst_19	7	12200780.0	1.9569248186633213e-11	0.16399201058113244	0.5254929580065631
meta (ancestry IVW)	NA	Sst_19	7	12201319.0	1.1094585360582856e-10	0.13388435721433536	0.43398350119093976
meta (ancestry IVW)	NA	Sst_19	7	12201488.0	9.005616339042846e-11	0.13408227074926807	0.3744848078863842
meta (ancestry IVW)	NA	Sst_19	7	12202043.0	1.7861099744071122e-11	0.13686238729994513	0.3493691247410895
meta (ancestry IVW)	NA	Sst_19	7	12202197.0	5.247956794508957e-14	0.1753080252380237	0.10083640158224848
meta (ancestry IVW)	NA	Sst_19	7	12203113.0	1.7928952002306222e-10	0.13219227086376717	0.4221134215472513
meta (ancestry IVW)	NA	Sst_19	7	12203664.0	3.609448810712799e-11	0.1371810352976325	0.553933800301361
meta (ancestry IVW)	NA	Sst_19	7	12205599.0	7.737507124045001e-13	0.14413887420218033	0.4881642133111902
meta (ancestry IVW)	NA	Sst_19	7	12207209.0	7.888140915069708e-14	0.17307179751974927	0.0656611379022988
meta (ancestry IVW)	NA	Sst_19	7	12207683.0	5.761431382134449e-13	0.13926067693458663	0.702568742237532
meta (ancestry IVW)	NA	Sst_19	7	12207704.0	7.055827814296653e-13	0.14189314363746877	0.6266752268879276
meta (ancestry IVW)	NA	Sst_19	7	12210752.0	1.21592564621097e-12	0.13062271500196587	0.5337123863350014
meta (ancestry IVW)	NA	Sst_19	7	12210776.0	9.024320581559241e-13	0.131940915677342	0.42798485868866887
meta (ancestry IVW)	NA	Sst_19	7	12211934.0	1.6282056459359452e-12	0.12961745451504342	0.5502030875996267
meta (ancestry IVW)	NA	Sst_19	7	12212045.0	1.2613105704255373e-12	0.1302346809132611	0.5460967638517649
meta (ancestry IVW)	NA	Sst_19	7	12212164.0	1.8806557406671443e-12	0.12918870067076013	0.5353155340849197
meta (ancestry IVW)	NA	Sst_19	7	12212493.0	6.967344646037953e-13	-0.13327033576261713	0.0
meta (ancestry IVW)	NA	Sst_19	7	12212914.0	4.1987985637478633e-13	0.13313830910555632	0.4214643091636286
meta (ancestry IVW)	NA	Sst_19	7	12213033.0	1.113969026013364e-12	0.13094403204261212	0.5929148462511125
meta (ancestry IVW)	NA	Sst_19	7	12213115.0	4.347714414837911e-13	0.1330393344039094	0.4202154428708524
meta (ancestry IVW)	NA	Sst_19	7	12213267.0	4.3598916307065376e-13	0.1330603122896783	0.3938653007710888
meta (ancestry IVW)	NA	Sst_19	7	12213276.0	3.5339222881178795e-13	0.13371637799134642	0.4513415947570596
meta (ancestry IVW)	NA	Sst_19	7	12213424.0	2.990796670307943e-13	0.13394524073391462	0.43629354972544504
meta (ancestry IVW)	NA	Sst_19	7	12213462.0	3.193336177498623e-13	0.13376740840154805	0.4291892436137567
meta (ancestry IVW)	NA	Sst_19	7	12213736.0	4.411036929183716e-13	0.1330522666889184	0.4204344584088784
meta (ancestry IVW)	NA	Sst_19	7	12213746.0	4.784183878810494e-13	0.1328177854204175	0.41746216387045487
meta (ancestry IVW)	NA	Sst_19	7	12213917.0	4.2829711632595757e-13	0.13307055631023826	0.42059795988992893
meta (ancestry IVW)	NA	Sst_19	7	12213937.0	4.2829711632595757e-13	0.13307055631023826	0.42059795988992893
meta (ancestry IVW)	NA	Sst_19	7	12214241.0	1.4435279992450174e-10	0.13921008053298653	0.819155961990769
meta (ancestry IVW)	NA	Sst_19	7	12214254.0	4.0478399187481583e-13	0.13319669717684604	0.4221529371706635
meta (ancestry IVW)	NA	Sst_19	7	12214267.0	1.9388390899796994e-11	0.13096214630969968	0.6905598732898452
meta (ancestry IVW)	NA	Sst_19	7	12214386.0	5.071574893500336e-13	0.1733864810399083	0.0
meta (ancestry IVW)	NA	Sst_19	7	12215313.0	1.1584448167649147e-10	0.12691331865558533	0.7945590881517328
meta (ancestry IVW)	NA	Sst_19	7	12215808.0	7.717539044830759e-13	0.13170381115709343	0.43266939813421995
meta (ancestry IVW)	NA	Sst_19	7	12215885.0	5.408542537513767e-12	0.127592961775192	0.6002078579952805
meta (ancestry IVW)	NA	Sst_19	7	12216038.0	1.4357410159701179e-12	0.13030787842848346	0.41506892552759556
meta (ancestry IVW)	NA	Sst_19	7	12216152.0	1.8555872782787531e-10	0.12548590965510545	0.7984368883070072
meta (ancestry IVW)	NA	Sst_19	7	12216914.0	2.989788728576963e-11	0.13012520052320198	0.7337099138473901
meta (ancestry IVW)	NA	Sst_19	7	12216922.0	4.158195168701429e-13	0.1334048061178518	0.45377245980918973
meta (ancestry IVW)	NA	Sst_19	7	12217026.0	8.627919428778828e-10	0.11923938805424004	0.7406741140027987
meta (ancestry IVW)	NA	Sst_19	7	12217901.0	8.823081038970178e-13	0.13147676549035894	0.47627428466159477
meta (ancestry IVW)	NA	Sst_19	7	12217923.0	7.118645799187566e-13	0.13200282932155594	0.48414475257825834
meta (ancestry IVW)	NA	Sst_19	7	12219039.0	2.425642885949233e-12	0.12933761058487442	0.6193034423694254
meta (ancestry IVW)	NA	Sst_19	7	12219129.0	2.9162369860094964e-12	0.12888372064458564	0.6079513839167235
meta (ancestry IVW)	NA	Sst_19	7	12220920.0	6.710476188643295e-11	0.12742928416014201	0.741332954301606
meta (ancestry IVW)	NA	Sst_19	7	12220926.0	2.2574703561738352e-12	0.16874485236089276	0.0
meta (ancestry IVW)	NA	Sst_19	7	12221087.0	9.251841099183516e-10	0.12753549989329743	0.15839923374523673
meta (ancestry IVW)	NA	Sst_19	7	12222203.0	4.3540957469848844e-12	0.12802019480902904	0.6837584893110163
meta (ancestry IVW)	NA	Sst_19	7	12222285.0	5.029098691799635e-11	0.1269646713913582	0.6670743694010683
meta (ancestry IVW)	NA	Sst_19	7	12222616.0	1.3447231869881694e-12	0.13073241976332214	0.5904045162202584
meta (ancestry IVW)	NA	Sst_19	7	12222945.0	1.2300598490416176e-12	0.1310280144601529	0.5926272290053047
meta (ancestry IVW)	NA	Sst_19	7	12223091.0	1.647462901658621e-12	0.1302720908386346	0.5858953489574416
meta (ancestry IVW)	NA	Sst_19	7	12223175.0	1.5761341587749693e-12	0.13037897078967597	0.5878431236803494
meta (ancestry IVW)	NA	Sst_19	7	12223342.0	2.841927550828438e-12	0.12886984628298176	0.5765309423594801
meta (ancestry IVW)	NA	Sst_19	7	12223557.0	1.3447231869881694e-12	0.13073241976332214	0.5904045162202584
meta (ancestry IVW)	NA	Sst_19	7	12223752.0	4.3168466770615496e-12	0.12792110030989862	0.5254655412928321
meta (ancestry IVW)	NA	Sst_19	7	12223811.0	1.918690278106234e-12	0.129836281878963	0.583776804980096
meta (ancestry IVW)	NA	Sst_19	7	12223912.0	1.5908971209580932e-12	0.13044017851140347	0.5883670954199072
meta (ancestry IVW)	NA	Sst_19	7	12223920.0	2.2217037355350174e-12	0.12955001897198495	0.5817094532765661
meta (ancestry IVW)	NA	Sst_19	7	12223961.0	1.6905366440195864e-12	0.1301682314896835	0.586255188795178
meta (ancestry IVW)	NA	Sst_19	7	12224173.0	2.2635153027373545e-12	0.1295509186560232	0.5817577632542534
meta (ancestry IVW)	NA	Sst_19	7	12224174.0	2.2635153027373545e-12	0.1295509186560232	0.5817577632542534
meta (ancestry IVW)	NA	Sst_19	7	12224635.0	1.3447231869881694e-12	0.13073241976332214	0.5904045162202584
meta (ancestry IVW)	NA	Sst_19	7	12224671.0	1.3447231869881694e-12	0.13073241976332214	0.5904045162202584
meta (ancestry IVW)	NA	Sst_19	7	12224841.0	1.984797560613568e-12	0.1297339913764993	0.5975994882959631
meta (ancestry IVW)	NA	Sst_19	7	12225040.0	1.5244383349303791e-12	0.13050564648039664	0.6187089512724477
meta (ancestry IVW)	NA	Sst_19	7	12225083.0	2.8917621251995243e-10	0.13713173440358423	0.8330385067323894
meta (ancestry IVW)	NA	Sst_19	7	12225111.0	6.85341464961682e-13	0.13262276889411664	0.6217290712862196
meta (ancestry IVW)	NA	Sst_19	7	12225245.0	5.447820162285261e-12	0.12767308894187362	0.6281816093654046
meta (ancestry IVW)	NA	Sst_19	7	12225433.0	7.276841842599579e-12	0.12697275244393721	0.6417530801930503
meta (ancestry IVW)	NA	Sst_19	7	12225566.0	2.2439479340278366e-12	0.129583061835298	0.6126616200781696
meta (ancestry IVW)	NA	Sst_19	7	12225648.0	2.2684649582120387e-10	0.13785035283136818	0.8253320514556753
meta (ancestry IVW)	NA	Sst_19	7	12225804.0	4.85747907191829e-10	0.13522783574568153	0.8485020224411917
meta (ancestry IVW)	NA	Sst_19	7	12226113.0	2.3883431053032416e-10	0.12479567300815143	0.8149530821407804
meta (ancestry IVW)	NA	Sst_19	7	12226222.0	2.2532148263781845e-12	0.12954675352874728	0.6113069036529731
meta (ancestry IVW)	NA	Sst_19	7	12226279.0	2.4772561588483364e-10	0.13772451132306235	0.8308435171846249
meta (ancestry IVW)	NA	Sst_19	7	12226326.0	1.885332278901315e-12	0.12996616137922265	0.6151570948731001
meta (ancestry IVW)	NA	Sst_19	7	12226362.0	5.735793707602157e-13	0.13297298119078038	0.5311223769493432
meta (ancestry IVW)	NA	Sst_19	7	12226694.0	2.0018209506750944e-10	0.1251288860522348	0.8012783783846983
meta (ancestry IVW)	NA	Sst_19	7	12226925.0	3.1362867867986186e-12	0.12865391141331942	0.6426846309279197
meta (ancestry IVW)	NA	Sst_19	7	12227080.0	8.795084444531647e-12	0.12635628241944177	0.6357801435830075
meta (ancestry IVW)	NA	Sst_19	7	12227188.0	2.003489565537451e-12	0.12975700224901107	0.6137279972981305
meta (ancestry IVW)	NA	Sst_19	7	12227241.0	1.0226787855161884e-12	0.13158033327187257	0.6147937085295534
meta (ancestry IVW)	NA	Sst_19	7	12227595.0	2.2940864842420982e-12	0.1294645488124533	0.6050526087432442
meta (ancestry IVW)	NA	Sst_19	7	12227630.0	4.244637165758403e-10	0.11941668583079733	0.5762652377930888
meta (ancestry IVW)	NA	Sst_19	7	12227869.0	1.2725616112455662e-12	0.13108056628476702	0.6049036730039924
meta (ancestry IVW)	NA	Sst_19	7	12227926.0	1.4228742811284542e-12	0.13090010281549827	0.6038154228235348
meta (ancestry IVW)	NA	Sst_19	7	12227933.0	1.4228742811284542e-12	0.13090010281549827	0.6038154228235348
meta (ancestry IVW)	NA	Sst_19	7	12227988.0	1.0368638031936485e-12	0.1315710039646496	0.6083535177250585
meta (ancestry IVW)	NA	Sst_19	7	12228108.0	1.2854491423069471e-12	0.1310213509031715	0.6044532950355382
meta (ancestry IVW)	NA	Sst_19	7	12228211.0	9.655287267266578e-13	0.13177051976590062	0.6097734461424824
meta (ancestry IVW)	NA	Sst_19	7	12228456.0	1.3239090167113885e-12	0.13117409725190624	0.6057341117254638
meta (ancestry IVW)	NA	Sst_19	7	12228491.0	9.655287267266578e-13	0.13177051976590062	0.6097734461424824
meta (ancestry IVW)	NA	Sst_19	7	12228617.0	9.980453912355373e-13	0.13173244287684516	0.566430842194675
meta (ancestry IVW)	NA	Sst_19	7	12228842.0	1.2703204286637156e-12	0.13101334016617178	0.6372182780570297
meta (ancestry IVW)	NA	Sst_19	7	12228925.0	5.185530341210488e-13	0.13333396933973415	0.5798894407539816
meta (ancestry IVW)	NA	Sst_19	7	12229042.0	3.190609246025931e-12	0.12795089289600076	0.6788243486688139
meta (ancestry IVW)	NA	Sst_19	7	12229091.0	4.690397170589211e-13	0.1336374483956071	0.5822544293633268
meta (ancestry IVW)	NA	Sst_19	7	12229132.0	1.1597928885887437e-12	0.13122528816666149	0.5765617166577302
meta (ancestry IVW)	NA	Sst_19	7	12229166.0	4.690397170589211e-13	0.1336374483956071	0.5822544293633268
meta (ancestry IVW)	NA	Sst_19	7	12229172.0	4.690397170589211e-13	0.1336374483956071	0.5822544293633268
meta (ancestry IVW)	NA	Sst_19	7	12229185.0	7.617337813468468e-13	0.13246840740826027	0.5732825801327812
meta (ancestry IVW)	NA	Sst_19	7	12229634.0	8.929697652672176e-13	0.13215333228551082	0.5708930991749308
meta (ancestry IVW)	NA	Sst_19	7	12229791.0	3.880239258953898e-13	0.13409134945805073	0.5856824579144523
meta (ancestry IVW)	NA	Sst_19	7	12229949.0	5.482737068112237e-13	0.1332496318820295	0.5792895239572642
meta (ancestry IVW)	NA	Sst_19	7	12229967.0	2.4918153510810115e-12	0.12981242446155897	0.6474992222176749
meta (ancestry IVW)	NA	Sst_19	7	12230053.0	2.8717923439550923e-13	0.13432662610071056	0.5057314790421199
meta (ancestry IVW)	NA	Sst_19	7	12230136.0	4.824110598027819e-13	0.13353438931703035	0.5814400790630622
meta (ancestry IVW)	NA	Sst_19	7	12230178.0	5.707938790375223e-13	0.1331040812284013	0.577101792968488
meta (ancestry IVW)	NA	Sst_19	7	12230191.0	4.824110598027819e-13	0.13353438931703035	0.5814400790630622
meta (ancestry IVW)	NA	Sst_19	7	12230893.0	5.727496780519299e-13	0.13313721743828474	0.5773933570078784
meta (ancestry IVW)	NA	Sst_19	7	12230939.0	5.088963973213564e-13	0.1334538729774143	0.5556501109854453
meta (ancestry IVW)	NA	Sst_19	7	12230957.0	1.7968666485937442e-12	0.1694936929756355	0.0
meta (ancestry IVW)	NA	Sst_19	7	12230999.0	5.75511437362256e-13	0.13311168893214176	0.5782145723358417
meta (ancestry IVW)	NA	Sst_19	7	12231144.0	6.904210729908195e-13	0.13269339038097594	0.5742867984276746
meta (ancestry IVW)	NA	Sst_19	7	12231189.0	8.128271748699023e-13	0.1322217566612542	0.6091714538311518
meta (ancestry IVW)	NA	Sst_19	7	12231341.0	5.577008237286898e-11	0.12654883742799133	0.7332044091762626
meta (ancestry IVW)	NA	Sst_19	7	12231626.0	5.0704070866442965e-12	0.12777346316414237	0.6720207932365694
meta (ancestry IVW)	NA	Sst_19	7	12232371.0	7.91635003672579e-13	0.1323217928317545	0.5720948186568073
meta (ancestry IVW)	NA	Sst_19	7	12232400.0	3.452846694564815e-12	0.16731197972413245	0.0
meta (ancestry IVW)	NA	Sst_19	7	12232490.0	5.045038971355459e-13	0.13340680937721103	0.5470386880806367
meta (ancestry IVW)	NA	Sst_19	7	12232942.0	1.0416665356538593e-12	0.13152836973142298	0.5657558443266735
meta (ancestry IVW)	NA	Sst_19	7	12233526.0	4.897305660353938e-12	0.13302207046975015	0.5849972286035047
meta (ancestry IVW)	NA	Sst_19	7	12233787.0	1.6109644814130961e-12	0.13043084757188428	0.5558776944849517
meta (ancestry IVW)	NA	Sst_19	7	12233870.0	1.0124576631710616e-12	0.1316892074109015	0.5309397002778121
meta (ancestry IVW)	NA	Sst_19	7	12234787.0	9.975310812516662e-13	0.13174464242508427	0.5575636012027253
meta (ancestry IVW)	NA	Sst_19	7	12235882.0	3.4169384217275795e-12	0.1289740386546862	0.6478818128103042
meta (ancestry IVW)	NA	Sst_19	7	12235998.0	1.4573865671738957e-12	0.13103511629903145	0.5640474303178694
meta (ancestry IVW)	NA	Sst_19	7	12236049.0	2.8824705973399833e-12	0.12932310640996383	0.6674853879772615
meta (ancestry IVW)	NA	Sst_19	7	12236192.0	3.098314947393324e-12	0.12922534965407162	0.6491878652764603
meta (ancestry IVW)	NA	Sst_19	7	12236385.0	2.021129676684257e-12	0.13032947848464574	0.6548830925890043
meta (ancestry IVW)	NA	Sst_19	7	12236408.0	9.808291385011292e-11	0.1365225626504525	0.7940924608751118
meta (ancestry IVW)	NA	Sst_19	7	12236419.0	2.944645260928084e-12	0.1293633982554566	0.6499080150517059
meta (ancestry IVW)	NA	Sst_19	7	12236896.0	2.5870548276126227e-10	0.13343741163705317	0.7939783384764699
meta (ancestry IVW)	NA	Sst_19	7	12237259.0	1.681520597550875e-12	0.13078434779920486	0.678798447650203
meta (ancestry IVW)	NA	Sst_19	7	12237394.0	5.210180057887932e-11	0.1265908245312832	0.7465896339790485
meta (ancestry IVW)	NA	Sst_19	7	12237455.0	9.728317548694531e-12	0.16381006605659842	0.0
meta (ancestry IVW)	NA	Sst_19	7	12238147.0	8.805467820216947e-13	0.1320510310795746	0.5699700999845013
meta (ancestry IVW)	NA	Sst_19	7	12238811.0	5.0487382573238005e-11	0.1271903983218556	0.6926568694617223
meta (ancestry IVW)	NA	Sst_19	7	12239933.0	2.6123903461673514e-11	0.1289519707307817	0.6884939566490944
meta (ancestry IVW)	NA	Sst_19	7	12240135.0	2.2908579171648037e-12	0.1300664997409025	0.6958964925191484
meta (ancestry IVW)	NA	Sst_19	7	12240207.0	1.4763254919145954e-10	0.13762366379564603	0.781548601156134
meta (ancestry IVW)	NA	Sst_19	7	12241104.0	3.1395693620480114e-12	0.1292481935395528	0.6935399860270087
meta (ancestry IVW)	NA	Sst_19	7	12241212.0	3.9465328728978704e-11	0.12742677438752414	0.7594909400241853
meta (ancestry IVW)	NA	Sst_19	7	12242825.0	1.3016037491179092e-11	0.1253046060853595	0.7764828787439879
meta (ancestry IVW)	NA	Sst_19	7	12243601.0	2.3324563768577352e-12	0.13013544928932336	0.7071511190234009
meta (ancestry IVW)	NA	Sst_19	7	12243624.0	4.8216065786031084e-11	0.12700676210986525	0.7343238905554321
meta (ancestry IVW)	NA	Sst_19	7	12243650.0	1.4265241794045708e-12	0.13132337673872263	0.7134153016179623
meta (ancestry IVW)	NA	Sst_19	7	12243703.0	1.4265241794045708e-12	0.13132337673872263	0.7134153016179623
meta (ancestry IVW)	NA	Sst_19	7	12244161.0	1.4265241794045708e-12	0.13132337673872263	0.7134153016179623
meta (ancestry IVW)	NA	Sst_19	7	12244247.0	1.1134077237729823e-12	0.13182848601915162	0.7156270733725815
meta (ancestry IVW)	NA	Sst_19	7	12244382.0	1.540500659552812e-12	0.13110477746459823	0.7125350225770113
meta (ancestry IVW)	NA	Sst_19	7	12244752.0	1.8268052725966587e-12	0.1312523254686631	0.8182174993976783
meta (ancestry IVW)	NA	Sst_19	7	12244804.0	9.682397374408945e-12	0.1255904407445554	0.8035116180325228
meta (ancestry IVW)	NA	Sst_19	7	12245427.0	1.0764508416715725e-09	0.13022774360107559	0.8722343139236031
meta (ancestry IVW)	NA	Sst_19	7	12245514.0	6.1013510145531885e-12	0.12690329000376152	0.7975425147174472
meta (ancestry IVW)	NA	Sst_19	7	12245703.0	7.2180427551168324e-12	0.1608637450207935	0.30942405751034774
meta (ancestry IVW)	NA	Sst_19	7	12246424.0	2.9843955462735736e-11	0.1279645035259989	0.7848250152152146
meta (ancestry IVW)	NA	Sst_19	17	44352876.0	9.827064160711847e-11	-0.13162108636310707	0.0
meta (ancestry IVW)	NA	Sst_20	7	12175936.0	2.2258872078545196e-09	0.13391020571773254	0.0
meta (ancestry IVW)	NA	Sst_20	7	12194293.0	1.1073660577649195e-10	0.1342843985946215	0.4305219038926994
meta (ancestry IVW)	NA	Sst_20	7	12198302.0	2.5753785516160874e-09	0.14018980670411169	0.0
meta (ancestry IVW)	NA	Sst_20	7	12198922.0	1.5993739895049358e-11	0.1375947186060333	0.13882485315463225
meta (ancestry IVW)	NA	Sst_20	7	12199648.0	9.434761873230102e-12	0.13867261756539506	0.15939027260893682
meta (ancestry IVW)	NA	Sst_20	7	12201319.0	5.712075040073122e-11	0.13701471120675368	0.4696892368373302
meta (ancestry IVW)	NA	Sst_20	7	12201488.0	3.7496947099045516e-11	0.1378392398678646	0.4221236725278663
meta (ancestry IVW)	NA	Sst_20	7	12202043.0	2.434181091842723e-11	0.13695539921522099	0.33652665996844244
meta (ancestry IVW)	NA	Sst_20	7	12202197.0	2.1448265491203853e-09	0.1407443580775221	0.0
meta (ancestry IVW)	NA	Sst_20	7	12203113.0	8.346796695376435e-11	0.13564632267279636	0.46094700254046417
meta (ancestry IVW)	NA	Sst_20	7	12203664.0	6.977513698801014e-11	0.13622129475770947	0.3511927653427263
meta (ancestry IVW)	NA	Sst_20	7	12205599.0	5.26214908918345e-12	0.13985433519199567	0.0
meta (ancestry IVW)	NA	Sst_20	7	12210752.0	1.4556260756293356e-11	0.1251213709183257	0.0
meta (ancestry IVW)	NA	Sst_20	7	12210776.0	1.1846523366039807e-11	0.12623694091050594	0.0
meta (ancestry IVW)	NA	Sst_20	7	12211934.0	3.751729416693162e-13	0.13431790802936625	0.0
meta (ancestry IVW)	NA	Sst_20	7	12212045.0	3.822844859498531e-13	0.13423650877166665	0.0
meta (ancestry IVW)	NA	Sst_20	7	12212100.0	2.332060839430225e-09	0.11358342436604876	0.0
meta (ancestry IVW)	NA	Sst_20	7	12212164.0	4.3062792848571413e-13	0.13390853273515851	0.0
meta (ancestry IVW)	NA	Sst_20	7	12212493.0	6.812291188067328e-12	-0.12833078174591053	0.0
meta (ancestry IVW)	NA	Sst_20	7	12212914.0	3.9451268214798456e-13	0.13430403205724417	0.0
meta (ancestry IVW)	NA	Sst_20	7	12213033.0	3.303899532898333e-13	0.13502411686638444	0.0
meta (ancestry IVW)	NA	Sst_20	7	12213115.0	3.8672827291877256e-13	0.13434111570646876	0.0
meta (ancestry IVW)	NA	Sst_20	7	12213267.0	3.1903025256057706e-13	0.13485407081400605	0.0
meta (ancestry IVW)	NA	Sst_20	7	12213276.0	2.6531216509440513e-13	0.13544633390512328	0.07512788336125144
meta (ancestry IVW)	NA	Sst_20	7	12213424.0	2.3530625071547497e-13	0.13556049422038657	0.05886291650821524
meta (ancestry IVW)	NA	Sst_20	7	12213462.0	3.1132582352983157e-13	0.13484481533634862	0.0
meta (ancestry IVW)	NA	Sst_20	7	12213736.0	5.54091385866378e-13	0.13348749638750312	0.0
meta (ancestry IVW)	NA	Sst_20	7	12213746.0	5.220959666802152e-13	0.13360470521711582	0.0
meta (ancestry IVW)	NA	Sst_20	7	12213917.0	4.846250943809133e-13	0.13376905945194575	0.0
meta (ancestry IVW)	NA	Sst_20	7	12213937.0	4.846250943809133e-13	0.13376905945194575	0.0
meta (ancestry IVW)	NA	Sst_20	7	12214254.0	3.9877955137469015e-13	0.13424380404890332	0.0
meta (ancestry IVW)	NA	Sst_20	7	12215808.0	4.3332378816717254e-13	0.1341511972649746	0.0
meta (ancestry IVW)	NA	Sst_20	7	12215885.0	2.889040543101432e-12	0.1302757438243483	0.2517868394529587
meta (ancestry IVW)	NA	Sst_20	7	12216038.0	5.120353916060034e-13	0.1339125003795078	0.0
meta (ancestry IVW)	NA	Sst_20	7	12216380.0	2.370270031126062e-09	0.11349260455494152	0.0
meta (ancestry IVW)	NA	Sst_20	7	12216922.0	3.397505051995312e-13	0.13491539063158275	0.0
meta (ancestry IVW)	NA	Sst_20	7	12217543.0	1.983695958849216e-09	0.1140177812195421	0.0
meta (ancestry IVW)	NA	Sst_20	7	12217901.0	2.9842503024442013e-13	0.135206517555579	0.0
meta (ancestry IVW)	NA	Sst_20	7	12217923.0	2.2610697577676314e-13	0.135885419256028	0.0
meta (ancestry IVW)	NA	Sst_20	7	12218102.0	1.945514279288552e-09	0.11348506012436899	0.0
meta (ancestry IVW)	NA	Sst_20	7	12218312.0	2.886021278876463e-09	0.1122355996997416	0.0
meta (ancestry IVW)	NA	Sst_20	7	12219039.0	5.777242714629291e-13	0.1340288678177499	0.0306855054692345
meta (ancestry IVW)	NA	Sst_20	7	12219129.0	7.395977528945529e-13	0.13342597058412395	0.1005662480942451
meta (ancestry IVW)	NA	Sst_20	7	12222203.0	5.487911093297121e-13	0.13437251077507723	0.00711607914406784
meta (ancestry IVW)	NA	Sst_20	7	12222285.0	1.1585304284943061e-12	0.13848845508910945	0.385495545737604
meta (ancestry IVW)	NA	Sst_20	7	12222616.0	5.8282276435466e-13	0.13387814779188997	0.16766722499646794
meta (ancestry IVW)	NA	Sst_20	7	12222945.0	7.755716279742103e-13	0.13322292677655093	0.16223505038319203
meta (ancestry IVW)	NA	Sst_20	7	12223091.0	6.67389113164279e-13	0.13359203505690476	0.11068423743206633
meta (ancestry IVW)	NA	Sst_20	7	12223175.0	5.01086754321597e-13	0.13431450336747056	0.171390895675516
meta (ancestry IVW)	NA	Sst_20	7	12223342.0	9.219154341006629e-13	0.1327748317001459	0.1585912906887722
meta (ancestry IVW)	NA	Sst_20	7	12223557.0	5.8282276435466e-13	0.13387814779188997	0.16766722499646794
meta (ancestry IVW)	NA	Sst_20	7	12223608.0	1.8959522623546755e-09	0.11413239034516276	0.0
meta (ancestry IVW)	NA	Sst_20	7	12223752.0	1.4181527870216505e-12	0.13182392804892115	0.0
meta (ancestry IVW)	NA	Sst_20	7	12223811.0	1.0133931441061432e-12	0.13248499497601815	0.1562628397377987
meta (ancestry IVW)	NA	Sst_20	7	12223912.0	9.340468701920344e-13	0.13281899467321892	0.1589656394954167
meta (ancestry IVW)	NA	Sst_20	7	12223920.0	1.0205229219367228e-12	0.13256030602021948	0.15688369000775487
meta (ancestry IVW)	NA	Sst_20	7	12223961.0	6.886878227853936e-13	0.13347693617579354	0.16431851071097534
meta (ancestry IVW)	NA	Sst_20	7	12224173.0	1.0485263942153536e-12	0.1325413699602694	0.15674455006775986
meta (ancestry IVW)	NA	Sst_20	7	12224174.0	1.0485263942153536e-12	0.1325413699602694	0.15674455006775986
meta (ancestry IVW)	NA	Sst_20	7	12224525.0	2.928224755451331e-09	0.11212569576068938	0.0
meta (ancestry IVW)	NA	Sst_20	7	12224594.0	2.7004345492605383e-09	0.11236114178780594	0.0
meta (ancestry IVW)	NA	Sst_20	7	12224635.0	5.8282276435466e-13	0.13387814779188997	0.16766722499646794
meta (ancestry IVW)	NA	Sst_20	7	12224671.0	5.8282276435466e-13	0.13387814779188997	0.16766722499646794
meta (ancestry IVW)	NA	Sst_20	7	12224841.0	8.402909824898253e-13	0.13295397527314584	0.16364558404727325
meta (ancestry IVW)	NA	Sst_20	7	12225040.0	4.3425665783757674e-13	0.13472374960709424	0.11132814620227113
meta (ancestry IVW)	NA	Sst_20	7	12225111.0	1.0890807708048021e-13	0.1382584442482462	0.09677979498448881
meta (ancestry IVW)	NA	Sst_20	7	12225245.0	1.95727107339902e-12	0.13140429023128847	0.2304522528852319
meta (ancestry IVW)	NA	Sst_20	7	12225433.0	3.17321566210055e-12	0.13020317172033227	0.29219931924217446
meta (ancestry IVW)	NA	Sst_20	7	12225566.0	6.585954285527526e-13	0.1337436988566498	0.1031432655931223
meta (ancestry IVW)	NA	Sst_20	7	12226141.0	2.194380814229619e-09	0.1131983111258294	0.0
meta (ancestry IVW)	NA	Sst_20	7	12226222.0	6.467089396188143e-13	0.13375884157478987	0.03942998814324089
meta (ancestry IVW)	NA	Sst_20	7	12226326.0	5.392655046027732e-13	0.13418245773470394	0.10675087680726739
meta (ancestry IVW)	NA	Sst_20	7	12226362.0	8.606234447942394e-14	0.1387296315156532	0.0
meta (ancestry IVW)	NA	Sst_20	7	12226925.0	6.919643263910828e-13	0.1335561919106305	0.2162738977077429
meta (ancestry IVW)	NA	Sst_20	7	12227080.0	3.5881429498959095e-12	0.1297680637525372	0.3137015138463465
meta (ancestry IVW)	NA	Sst_20	7	12227188.0	5.636897533960392e-13	0.13401547694702814	0.10535069394735463
meta (ancestry IVW)	NA	Sst_20	7	12227241.0	1.529953489850715e-13	0.13738907420943744	0.0882666186946393
meta (ancestry IVW)	NA	Sst_20	7	12227595.0	4.1582994560321625e-13	0.1348461308324781	0.07862307782406011
meta (ancestry IVW)	NA	Sst_20	7	12227869.0	1.1102072466505451e-13	0.13824487645790756	0.05779589762838316
meta (ancestry IVW)	NA	Sst_20	7	12227926.0	1.6320691594681128e-13	0.1373984911854035	0.0
meta (ancestry IVW)	NA	Sst_20	7	12227933.0	1.6320691594681128e-13	0.1373984911854035	0.0
meta (ancestry IVW)	NA	Sst_20	7	12227988.0	8.958443656424883e-14	0.13873861258392475	0.06214814458242988
meta (ancestry IVW)	NA	Sst_20	7	12228108.0	1.2591730360822735e-13	0.13789880485529418	0.054801279393769546
meta (ancestry IVW)	NA	Sst_20	7	12228211.0	9.228466402726197e-14	0.13868551791923203	0.06167837791303105
meta (ancestry IVW)	NA	Sst_20	7	12228456.0	1.0920892660177573e-13	0.1384909965480779	0.06000054942486574
meta (ancestry IVW)	NA	Sst_20	7	12228491.0	9.228466402726197e-14	0.13868551791923203	0.06167837791303105
meta (ancestry IVW)	NA	Sst_20	7	12228617.0	1.0204963946759042e-13	0.1384783588326923	0.0
meta (ancestry IVW)	NA	Sst_20	7	12228842.0	1.6010180135140324e-13	0.13726394158620414	0.0
meta (ancestry IVW)	NA	Sst_20	7	12228925.0	5.615108560256591e-14	0.13988936599411605	0.0
meta (ancestry IVW)	NA	Sst_20	7	12229042.0	1.7377299584340494e-13	0.1362804492798048	0.0
meta (ancestry IVW)	NA	Sst_20	7	12229069.0	1.2911810769821975e-09	0.11484873510650304	0.0
meta (ancestry IVW)	NA	Sst_20	7	12229091.0	5.299719371772326e-14	0.14008397446155332	0.0
meta (ancestry IVW)	NA	Sst_20	7	12229132.0	2.6397987769046965e-13	0.13599492494742366	0.0
meta (ancestry IVW)	NA	Sst_20	7	12229166.0	5.299719371772326e-14	0.14008397446155332	0.0
meta (ancestry IVW)	NA	Sst_20	7	12229172.0	5.299719371772326e-14	0.14008397446155332	0.0
meta (ancestry IVW)	NA	Sst_20	7	12229185.0	6.909294347395005e-14	0.13949264545982232	0.0
meta (ancestry IVW)	NA	Sst_20	7	12229634.0	1.1695407259672016e-13	0.1382921836069962	0.0
meta (ancestry IVW)	NA	Sst_20	7	12229791.0	4.745221563518128e-14	0.14033095611138274	0.0
meta (ancestry IVW)	NA	Sst_20	7	12229949.0	7.149971343928229e-14	0.1393579314593961	0.0
meta (ancestry IVW)	NA	Sst_20	7	12229967.0	5.145611390177985e-13	0.13493907829571786	0.32691366364837005
meta (ancestry IVW)	NA	Sst_20	7	12230053.0	7.63767568415305e-14	0.1386118780534685	0.0
meta (ancestry IVW)	NA	Sst_20	7	12230136.0	5.783957319671451e-14	0.13983716882694588	0.0
meta (ancestry IVW)	NA	Sst_20	7	12230178.0	8.343196027852492e-14	0.138934155394312	0.0
meta (ancestry IVW)	NA	Sst_20	7	12230191.0	5.783957319671451e-14	0.13983716882694588	0.0
meta (ancestry IVW)	NA	Sst_20	7	12230893.0	6.842415971684234e-14	0.13946340672009164	0.0
meta (ancestry IVW)	NA	Sst_20	7	12230939.0	3.660320483251062e-14	0.1410047077018037	0.0
meta (ancestry IVW)	NA	Sst_20	7	12230999.0	6.220004109402717e-14	0.13968155068534033	0.0
meta (ancestry IVW)	NA	Sst_20	7	12231144.0	7.508549940990602e-14	0.13926015012164927	0.0
meta (ancestry IVW)	NA	Sst_20	7	12231189.0	7.207690118360821e-14	0.13930122509856238	0.0
meta (ancestry IVW)	NA	Sst_20	7	12231626.0	6.161204500985524e-13	0.1342500835782981	0.09854940492032097
meta (ancestry IVW)	NA	Sst_20	7	12232371.0	9.298211056070372e-14	0.13871305087560565	0.0
meta (ancestry IVW)	NA	Sst_20	7	12232490.0	5.05447991003513e-14	0.14014989657689028	0.0
meta (ancestry IVW)	NA	Sst_20	7	12232942.0	1.0014052268243415e-13	0.13842883361491945	0.0
meta (ancestry IVW)	NA	Sst_20	7	12233787.0	2.0529558572826682e-13	0.1366706951556723	0.0
meta (ancestry IVW)	NA	Sst_20	7	12233870.0	1.2894116347262412e-13	0.1379003927643412	0.0
meta (ancestry IVW)	NA	Sst_20	7	12234787.0	3.6498849774544365e-13	0.13531934271769086	0.0
meta (ancestry IVW)	NA	Sst_20	7	12235882.0	6.513494880495664e-13	0.13427512188172683	0.017419959299503046
meta (ancestry IVW)	NA	Sst_20	7	12235998.0	1.1200857106361047e-12	0.13272924521405435	0.007845491176491309
meta (ancestry IVW)	NA	Sst_20	7	12236049.0	3.4984350013279475e-13	0.13575126955138844	0.0
meta (ancestry IVW)	NA	Sst_20	7	12236192.0	4.0652614475473503e-13	0.13546798359356768	0.023602138401670598
meta (ancestry IVW)	NA	Sst_20	7	12236385.0	3.671327306968851e-13	0.13572072203685717	0.02502072929940938
meta (ancestry IVW)	NA	Sst_20	7	12236419.0	5.817045360262422e-13	0.13456479022925322	0.018842252171419535
meta (ancestry IVW)	NA	Sst_20	7	12237259.0	1.2682940583471925e-13	0.13836603263422984	0.08302818223883862
meta (ancestry IVW)	NA	Sst_20	7	12238147.0	1.207775642841524e-13	0.13806816535945812	0.0
meta (ancestry IVW)	NA	Sst_20	7	12240135.0	2.2477806829970969e-13	0.1370296619671883	0.1773149886350946
meta (ancestry IVW)	NA	Sst_20	7	12241104.0	3.0545564191099135e-13	0.13626559708115044	0.2247920008030626
meta (ancestry IVW)	NA	Sst_20	7	12242825.0	2.3881807525891844e-12	0.13080934976212683	0.22115978076541054
meta (ancestry IVW)	NA	Sst_20	7	12243601.0	1.9488135095712852e-13	0.1375004329640108	0.2583565496863148
meta (ancestry IVW)	NA	Sst_20	7	12243650.0	1.8647509774577145e-13	0.13752974865821097	0.30205665669786425
meta (ancestry IVW)	NA	Sst_20	7	12243703.0	1.8647509774577145e-13	0.13752974865821097	0.30205665669786425
meta (ancestry IVW)	NA	Sst_20	7	12244161.0	1.8647509774577145e-13	0.13752974865821097	0.30205665669786425
meta (ancestry IVW)	NA	Sst_20	7	12244247.0	3.509065165756185e-13	0.1358101509164225	0.24849381315130592
meta (ancestry IVW)	NA	Sst_20	7	12244382.0	2.3839830075969355e-13	0.13689306770667709	0.2989720697230985
meta (ancestry IVW)	NA	Sst_20	7	12244752.0	1.0619429885372454e-12	0.1336442819627753	0.6081188911503245
meta (ancestry IVW)	NA	Sst_20	7	12244804.0	1.2446276134090573e-12	0.13192119579256426	0.5345333680621568
meta (ancestry IVW)	NA	Sst_20	7	12245514.0	1.968980357339201e-12	0.13083686657316218	0.48994192366136774
meta (ancestry IVW)	NA	Sst_23	7	12175936.0	8.991522792272624e-12	0.1526790000799863	0.0
meta (ancestry IVW)	NA	Sst_23	7	12177586.0	8.340262223819078e-12	0.15317131159682434	0.0
meta (ancestry IVW)	NA	Sst_23	7	12181620.0	7.23056385782073e-11	0.14669747294047156	0.0
meta (ancestry IVW)	NA	Sst_23	7	12184365.0	3.994477840611636e-11	0.14845072738028461	0.0
meta (ancestry IVW)	NA	Sst_23	7	12187397.0	3.878142795757275e-11	0.14857918428661865	0.0
meta (ancestry IVW)	NA	Sst_23	7	12188266.0	7.647821134013753e-11	0.14773687248441214	0.0
meta (ancestry IVW)	NA	Sst_23	7	12188676.0	3.471403157929431e-11	0.14895006162870875	0.0
meta (ancestry IVW)	NA	Sst_23	7	12189797.0	9.807956226915908e-11	0.14722036714893227	0.0
meta (ancestry IVW)	NA	Sst_23	7	12194222.0	2.3194490040627833e-10	0.12004928300922293	0.8662860541356676
meta (ancestry IVW)	NA	Sst_23	7	12194293.0	9.065867050341082e-12	0.1422979782384502	0.35354767236320905
meta (ancestry IVW)	NA	Sst_23	7	12198302.0	1.1626160377343782e-12	0.16718805838244413	0.0
meta (ancestry IVW)	NA	Sst_23	7	12198922.0	1.8418831390644748e-14	0.1567442412658828	0.0
meta (ancestry IVW)	NA	Sst_23	7	12199648.0	1.468085344363682e-14	0.156794892166633	0.028145011164331452
meta (ancestry IVW)	NA	Sst_23	7	12200780.0	5.446854801550364e-10	0.1529606730185876	0.03619436576826171
meta (ancestry IVW)	NA	Sst_23	7	12201319.0	4.816256005210825e-12	0.1448287581094013	0.24564333742818675
meta (ancestry IVW)	NA	Sst_23	7	12201488.0	3.0687211772967467e-12	0.14567454872467944	0.23305807802459008
meta (ancestry IVW)	NA	Sst_23	7	12202043.0	5.129285472263708e-13	0.14851522678051934	0.40414800428298714
meta (ancestry IVW)	NA	Sst_23	7	12202197.0	9.956248524683931e-13	0.1675111963535528	0.0
meta (ancestry IVW)	NA	Sst_23	7	12203113.0	8.436949927319261e-12	0.14296276398446048	0.21314991691440308
meta (ancestry IVW)	NA	Sst_23	7	12203664.0	3.3092682790460016e-12	0.145747549363239	0.0
meta (ancestry IVW)	NA	Sst_23	7	12205599.0	5.940028114374956e-15	0.15853094625700892	0.0
meta (ancestry IVW)	NA	Sst_23	7	12205793.0	1.576136277482318e-09	0.11542226561750668	0.0
meta (ancestry IVW)	NA	Sst_23	7	12205994.0	1.4376821831780202e-10	0.1212500273385324	0.44804374694666016
meta (ancestry IVW)	NA	Sst_23	7	12207209.0	1.1691727074318287e-12	0.1660376551669437	0.0
meta (ancestry IVW)	NA	Sst_23	7	12207683.0	2.1050989424059377e-12	0.1371209139497872	0.6410140911657422
meta (ancestry IVW)	NA	Sst_23	7	12207704.0	1.5297578903563976e-12	0.1410903280597519	0.4560173834692452
meta (ancestry IVW)	NA	Sst_23	7	12208081.0	3.2663474567944035e-10	0.117108079550683	0.709557502087865
meta (ancestry IVW)	NA	Sst_23	7	12210752.0	2.0861741683672817e-15	0.1473949656970474	0.08240624283139963
meta (ancestry IVW)	NA	Sst_23	7	12210776.0	3.571102745820456e-15	0.14675967697806813	0.4358119081506174
meta (ancestry IVW)	NA	Sst_23	7	12211636.0	7.620381082523896e-10	0.11501754326653531	0.6688189421598743
meta (ancestry IVW)	NA	Sst_23	7	12211934.0	4.796222337209195e-17	0.15553485457364472	0.4046748623733327
meta (ancestry IVW)	NA	Sst_23	7	12212045.0	4.778315260899797e-17	0.15550565119278906	0.39627630348997667
meta (ancestry IVW)	NA	Sst_23	7	12212100.0	3.074584217803937e-11	0.1263833587286238	0.14052812988074756
meta (ancestry IVW)	NA	Sst_23	7	12212164.0	5.145204610601042e-17	0.15530898976491953	0.39491390046083785
meta (ancestry IVW)	NA	Sst_23	7	12212200.0	6.444251002328079e-11	0.12335383280745041	0.48417686753224193
meta (ancestry IVW)	NA	Sst_23	7	12212493.0	3.6849016445284845e-15	-0.14744313405612003	0.0
meta (ancestry IVW)	NA	Sst_23	7	12212914.0	3.5336615415335985e-17	0.15632121880924033	0.38276182369468353
meta (ancestry IVW)	NA	Sst_23	7	12213033.0	4.4605533295887187e-17	0.15610988198838105	0.3510733131839417
meta (ancestry IVW)	NA	Sst_23	7	12213115.0	3.130239982404072e-17	0.1565698423501406	0.3834137565610022
meta (ancestry IVW)	NA	Sst_23	7	12213267.0	2.1089477067251972e-17	0.1574566502175104	0.3355651982137187
meta (ancestry IVW)	NA	Sst_23	7	12213276.0	2.0374586070652373e-17	0.1576894662551637	0.43194864692155
meta (ancestry IVW)	NA	Sst_23	7	12213424.0	1.890763157502099e-17	0.15763322833143467	0.4278867812302092
meta (ancestry IVW)	NA	Sst_23	7	12213462.0	2.1210853170829917e-17	0.15736603652506292	0.3856092574834557
meta (ancestry IVW)	NA	Sst_23	7	12213552.0	5.298949020977771e-11	0.12394289975741565	0.3931529560708332
meta (ancestry IVW)	NA	Sst_23	7	12213736.0	4.571662460199199e-17	0.15580453055280888	0.3814593856927662
meta (ancestry IVW)	NA	Sst_23	7	12213746.0	4.4754019039432096e-17	0.15581277063918028	0.3814782984434709
meta (ancestry IVW)	NA	Sst_23	7	12213917.0	3.998222727072702e-17	0.15603072343579388	0.38201920263198486
meta (ancestry IVW)	NA	Sst_23	7	12213937.0	3.998222727072702e-17	0.15603072343579388	0.38201920263198486
meta (ancestry IVW)	NA	Sst_23	7	12214241.0	3.1409054191121814e-11	0.14557904956500864	0.5493702142275669
meta (ancestry IVW)	NA	Sst_23	7	12214254.0	3.2594096908328546e-17	0.1564576273579417	0.38311627410126115
meta (ancestry IVW)	NA	Sst_23	7	12214267.0	3.139820756801244e-11	0.13084877402785877	0.678917439567103
meta (ancestry IVW)	NA	Sst_23	7	12214386.0	7.583576813023382e-11	0.1575381695768191	0.0
meta (ancestry IVW)	NA	Sst_23	7	12215313.0	2.8497897163641357e-10	0.12538825208495774	0.6219012429808702
meta (ancestry IVW)	NA	Sst_23	7	12215808.0	2.82467589890376e-17	0.15690903155920669	0.21155022673084917
meta (ancestry IVW)	NA	Sst_23	7	12215885.0	5.641005601141815e-16	0.15130478223120392	0.3778053546050339
meta (ancestry IVW)	NA	Sst_23	7	12216038.0	3.386933704902792e-17	0.15672821327572714	0.21098906329890466
meta (ancestry IVW)	NA	Sst_23	7	12216042.0	4.6011433025199273e-11	0.12450889118612006	0.17359447781262288
meta (ancestry IVW)	NA	Sst_23	7	12216152.0	3.806328932495529e-10	0.12448349688896956	0.5841042538991723
meta (ancestry IVW)	NA	Sst_23	7	12216380.0	2.5005978123739196e-11	0.1269132188344898	0.21265966879926781
meta (ancestry IVW)	NA	Sst_23	7	12216914.0	6.950392736817158e-11	0.12891688741155471	0.6872193243504677
meta (ancestry IVW)	NA	Sst_23	7	12216922.0	2.523325642564852e-17	0.15733507677543532	0.21295283451306762
meta (ancestry IVW)	NA	Sst_23	7	12217026.0	3.0719912874254395e-10	0.12358485293460254	0.6749313610189794
meta (ancestry IVW)	NA	Sst_23	7	12217543.0	2.825203283118664e-11	0.1265477093488319	0.23300504647677542
meta (ancestry IVW)	NA	Sst_23	7	12217901.0	2.3052753443922215e-17	0.15747791573668582	0.2187946987526932
meta (ancestry IVW)	NA	Sst_23	7	12217923.0	1.6296535869482742e-17	0.1582092161769158	0.28216819516052405
meta (ancestry IVW)	NA	Sst_23	7	12218102.0	2.413247452198244e-11	0.12636240133961907	0.0
meta (ancestry IVW)	NA	Sst_23	7	12218312.0	3.607121329218849e-11	0.12520508935596503	0.18932739027334047
meta (ancestry IVW)	NA	Sst_23	7	12219039.0	4.984220665593446e-17	0.15632012197808534	0.4026949858788413
meta (ancestry IVW)	NA	Sst_23	7	12219129.0	5.924359319164984e-17	0.15596787595235181	0.43384044276673556
meta (ancestry IVW)	NA	Sst_23	7	12220920.0	6.410298113263776e-11	0.12880726680998478	0.6903283670211283
meta (ancestry IVW)	NA	Sst_23	7	12220926.0	2.4848568086087967e-10	0.15343581853163382	0.0
meta (ancestry IVW)	NA	Sst_23	7	12221087.0	1.6747656586531375e-09	0.12681606848184607	0.16919105147804284
meta (ancestry IVW)	NA	Sst_23	7	12222203.0	6.483920541950523e-17	0.15598300501985604	0.34795151656663137
meta (ancestry IVW)	NA	Sst_23	7	12222285.0	4.503015245378539e-16	0.15854805477228506	0.21511389212300147
meta (ancestry IVW)	NA	Sst_23	7	12222616.0	5.727137068115069e-17	0.15587466168731653	0.44363955551077394
meta (ancestry IVW)	NA	Sst_23	7	12222945.0	6.736718398911883e-17	0.15560020825978552	0.4428590975951404
meta (ancestry IVW)	NA	Sst_23	7	12223028.0	4.521385361370441e-11	0.12440492324072598	0.19460124939946777
meta (ancestry IVW)	NA	Sst_23	7	12223091.0	7.28759973839983e-17	0.15541518449404534	0.40674526321715937
meta (ancestry IVW)	NA	Sst_23	7	12223175.0	6.10283152453017e-17	0.15579826420437082	0.4434232814665868
meta (ancestry IVW)	NA	Sst_23	7	12223342.0	9.29154988002502e-17	0.15488285107079086	0.44087448163827914
meta (ancestry IVW)	NA	Sst_23	7	12223557.0	5.727137068115069e-17	0.15587466168731653	0.44363955551077394
meta (ancestry IVW)	NA	Sst_23	7	12223608.0	2.5180299897165067e-11	0.12684197784222054	0.13384751786694737
meta (ancestry IVW)	NA	Sst_23	7	12223744.0	6.110108334246406e-11	0.12432358021998993	0.04346705317324655
meta (ancestry IVW)	NA	Sst_23	7	12223752.0	1.8587951258097365e-16	0.15350604394838205	0.21870348757416624
meta (ancestry IVW)	NA	Sst_23	7	12223811.0	8.886647590047768e-17	0.15492512201638514	0.4409856744272108
meta (ancestry IVW)	NA	Sst_23	7	12223912.0	7.611196258980301e-17	0.15541405520388166	0.4423392702526629
meta (ancestry IVW)	NA	Sst_23	7	12223920.0	9.250598632679315e-17	0.15494574020170518	0.44104721054720664
meta (ancestry IVW)	NA	Sst_23	7	12223961.0	6.658168515548253e-17	0.1555696227393508	0.44276922375308414
meta (ancestry IVW)	NA	Sst_23	7	12224173.0	1.1617910222181124e-16	0.15450015212305618	0.4398627047070418
meta (ancestry IVW)	NA	Sst_23	7	12224174.0	1.1617910222181124e-16	0.15450015212305618	0.4398627047070418
meta (ancestry IVW)	NA	Sst_23	7	12224525.0	2.803972515069732e-11	0.12585469449279252	0.22178183514613725
meta (ancestry IVW)	NA	Sst_23	7	12224594.0	3.180127466237848e-11	0.12549062798269076	0.14188927785539976
meta (ancestry IVW)	NA	Sst_23	7	12224635.0	5.727137068115069e-17	0.15587466168731653	0.44363955551077394
meta (ancestry IVW)	NA	Sst_23	7	12224671.0	5.727137068115069e-17	0.15587466168731653	0.44363955551077394
meta (ancestry IVW)	NA	Sst_23	7	12224841.0	8.183057217905071e-17	0.15508884172972015	0.43682165836899606
meta (ancestry IVW)	NA	Sst_23	7	12225040.0	4.4357518513553406e-17	0.15654320646811118	0.43545756603183305
meta (ancestry IVW)	NA	Sst_23	7	12225083.0	4.971171026932223e-11	0.14433629074462956	0.5338084373231904
meta (ancestry IVW)	NA	Sst_23	7	12225111.0	1.4121529783589912e-17	0.15913127412800998	0.451451367829675
meta (ancestry IVW)	NA	Sst_23	7	12225245.0	4.592329388488488e-16	0.15188645574651158	0.39247984044448575
meta (ancestry IVW)	NA	Sst_23	7	12225433.0	8.370410443325899e-16	0.15059314081229697	0.4373319083174158
meta (ancestry IVW)	NA	Sst_23	7	12225566.0	7.691373026216499e-17	0.15541966041213806	0.43235869996795234
meta (ancestry IVW)	NA	Sst_23	7	12225648.0	4.4671081133740555e-11	0.14458512583275418	0.5163679793315382
meta (ancestry IVW)	NA	Sst_23	7	12225804.0	6.690230390479312e-11	0.14321313892376758	0.5711713089445776
meta (ancestry IVW)	NA	Sst_23	7	12226113.0	2.967543692373964e-10	0.12532541782207876	0.642078994438983
meta (ancestry IVW)	NA	Sst_23	7	12226141.0	3.424191950916366e-11	0.12548753965410006	0.19493697200095306
meta (ancestry IVW)	NA	Sst_23	7	12226222.0	7.973620950660247e-17	0.1553082597190571	0.3949034281997586
meta (ancestry IVW)	NA	Sst_23	7	12226279.0	3.7424882861207365e-11	0.14533844547927485	0.5537991485091431
meta (ancestry IVW)	NA	Sst_23	7	12226326.0	6.284234090436854e-17	0.15578583580881042	0.4333386226719536
meta (ancestry IVW)	NA	Sst_23	7	12226362.0	1.196422604373793e-17	0.15937321075132746	0.3773021537694777
meta (ancestry IVW)	NA	Sst_23	7	12226694.0	2.658728418004731e-10	0.12546404939500544	0.6118934114453671
meta (ancestry IVW)	NA	Sst_23	7	12226925.0	7.039570462817782e-17	0.15553843899457323	0.4656542565721319
meta (ancestry IVW)	NA	Sst_23	7	12227080.0	8.08353942130863e-16	0.15053834717961626	0.4583651059556254
meta (ancestry IVW)	NA	Sst_23	7	12227188.0	5.85258666258242e-17	0.15587828453066277	0.43358790291450194
meta (ancestry IVW)	NA	Sst_23	7	12227241.0	1.6282626187316063e-17	0.15878897971583253	0.4503036405776686
meta (ancestry IVW)	NA	Sst_23	7	12227595.0	7.576409753080555e-17	0.1553783543956317	0.42173271989324135
meta (ancestry IVW)	NA	Sst_23	7	12227630.0	4.487042968294002e-12	0.13366819879125863	0.5952727909736062
meta (ancestry IVW)	NA	Sst_23	7	12227869.0	1.869713175001387e-17	0.1585598774497575	0.438684763688391
meta (ancestry IVW)	NA	Sst_23	7	12227926.0	2.861734899225466e-17	0.15776150622427523	0.4012097390832061
meta (ancestry IVW)	NA	Sst_23	7	12227933.0	2.861734899225466e-17	0.15776150622427523	0.4012097390832061
meta (ancestry IVW)	NA	Sst_23	7	12227988.0	1.6227358188955266e-17	0.15882759131787208	0.4395361570834487
meta (ancestry IVW)	NA	Sst_23	7	12228108.0	2.361444025686537e-17	0.15801277909562453	0.43697804008301966
meta (ancestry IVW)	NA	Sst_23	7	12228211.0	1.8166798993523908e-17	0.1586056085595869	0.43882857565976385
meta (ancestry IVW)	NA	Sst_23	7	12228456.0	1.899873361577039e-17	0.1587614416734912	0.4393435928066961
meta (ancestry IVW)	NA	Sst_23	7	12228491.0	1.8166798993523908e-17	0.1586056085595869	0.43882857565976385
meta (ancestry IVW)	NA	Sst_23	7	12228617.0	1.421041445253098e-17	0.15919153019564963	0.3662283425667359
meta (ancestry IVW)	NA	Sst_23	7	12228842.0	2.199052962654282e-17	0.15812355750269408	0.4686395376354621
meta (ancestry IVW)	NA	Sst_23	7	12228925.0	1.0134349620215687e-17	0.15985613773859397	0.4070163697912382
meta (ancestry IVW)	NA	Sst_23	7	12229042.0	5.0167583815427687e-17	0.1555098224223611	0.5790070335628571
meta (ancestry IVW)	NA	Sst_23	7	12229069.0	2.5689783412726738e-11	0.1263125006569014	0.013933092680625345
meta (ancestry IVW)	NA	Sst_23	7	12229091.0	1.1771962566045157e-17	0.15959648009091468	0.40616691842510916
meta (ancestry IVW)	NA	Sst_23	7	12229132.0	4.781266793195174e-17	0.15640478965822593	0.3885431355919475
meta (ancestry IVW)	NA	Sst_23	7	12229166.0	1.1771962566045157e-17	0.15959648009091468	0.40616691842510916
meta (ancestry IVW)	NA	Sst_23	7	12229172.0	1.1771962566045157e-17	0.15959648009091468	0.40616691842510916
meta (ancestry IVW)	NA	Sst_23	7	12229185.0	1.6114034492696493e-17	0.15898262496458818	0.4042096328880637
meta (ancestry IVW)	NA	Sst_23	7	12229634.0	2.2400078260693184e-17	0.1583746570510101	0.402353314231179
meta (ancestry IVW)	NA	Sst_23	7	12229791.0	7.468293763280489e-18	0.16054801104755453	0.4093622789357105
meta (ancestry IVW)	NA	Sst_23	7	12229949.0	1.4123438976776266e-17	0.15920903076847542	0.40492001534850475
meta (ancestry IVW)	NA	Sst_23	7	12229967.0	1.9181790495246466e-16	0.15396750997773262	0.48743113295984575
meta (ancestry IVW)	NA	Sst_23	7	12230053.0	6.339943527775142e-18	0.16029709658365723	0.32039205761949197
meta (ancestry IVW)	NA	Sst_23	7	12230136.0	1.1352777765080543e-17	0.15963503246392657	0.40629016301899484
meta (ancestry IVW)	NA	Sst_23	7	12230178.0	1.1314697696518275e-17	0.1596327078675174	0.40844992758956056
meta (ancestry IVW)	NA	Sst_23	7	12230191.0	1.1352777765080543e-17	0.15963503246392657	0.40629016301899484
meta (ancestry IVW)	NA	Sst_23	7	12230893.0	1.2442668359617042e-17	0.1594787620875628	0.4079522708314975
meta (ancestry IVW)	NA	Sst_23	7	12230939.0	1.0450031468214224e-17	0.15987729378710736	0.3858090945947726
meta (ancestry IVW)	NA	Sst_23	7	12230957.0	1.9601057127540405e-10	0.15430717832006163	0.0
meta (ancestry IVW)	NA	Sst_23	7	12230999.0	1.2227271622273649e-17	0.1595006348650539	0.4058544902947388
meta (ancestry IVW)	NA	Sst_23	7	12231144.0	1.5592440614809183e-17	0.15902436728069863	0.36551922862527153
meta (ancestry IVW)	NA	Sst_23	7	12231189.0	1.4486767364490976e-17	0.15911386635792021	0.42327873849777997
meta (ancestry IVW)	NA	Sst_23	7	12231341.0	1.0767399577266644e-10	0.12589548635058803	0.5423746441810208
meta (ancestry IVW)	NA	Sst_23	7	12231626.0	2.1540627447908932e-16	0.15349454919214306	0.5247454212947027
meta (ancestry IVW)	NA	Sst_23	7	12231826.0	4.393279446151408e-10	0.11735443381277348	0.7136931764421584
meta (ancestry IVW)	NA	Sst_23	7	12232371.0	1.5983250771959024e-17	0.1589407342076175	0.40407516406173793
meta (ancestry IVW)	NA	Sst_23	7	12232400.0	2.766788388800778e-10	0.1530347212475001	0.0
meta (ancestry IVW)	NA	Sst_23	7	12232490.0	9.653031963261312e-18	0.15996493685488572	0.3886082508130217
meta (ancestry IVW)	NA	Sst_23	7	12232942.0	1.2820557600297386e-17	0.159298877667361	0.40519889312456064
meta (ancestry IVW)	NA	Sst_23	7	12233526.0	7.212810108045676e-12	0.13329137282435988	0.6230974895277837
meta (ancestry IVW)	NA	Sst_23	7	12233787.0	2.6020250370959203e-17	0.15778649890169474	0.40277482498393685
meta (ancestry IVW)	NA	Sst_23	7	12233870.0	1.8146791096612525e-17	0.15865494979327183	0.3868107237227317
meta (ancestry IVW)	NA	Sst_23	7	12234787.0	5.812988459265155e-17	0.15613650564792755	0.36455875795040993
meta (ancestry IVW)	NA	Sst_23	7	12235882.0	1.9296808971015175e-16	0.15393975576528177	0.5257573444571029
meta (ancestry IVW)	NA	Sst_23	7	12235998.0	2.1385801761234688e-16	0.15354927481105635	0.4631967189113653
meta (ancestry IVW)	NA	Sst_23	7	12236049.0	1.0199355262510217e-16	0.155249321611618	0.5170322307904583
meta (ancestry IVW)	NA	Sst_23	7	12236192.0	1.3289604470731108e-16	0.15476850806249629	0.5272756577218228
meta (ancestry IVW)	NA	Sst_23	7	12236385.0	1.2207687838520715e-16	0.1549523929490072	0.5276250589251763
meta (ancestry IVW)	NA	Sst_23	7	12236408.0	3.8624889323148365e-11	0.14091639019154015	0.5328482922625812
meta (ancestry IVW)	NA	Sst_23	7	12236419.0	1.716950061849037e-16	0.15420267776692675	0.5262289398512916
meta (ancestry IVW)	NA	Sst_23	7	12236896.0	6.352000995875973e-11	0.1393802871670143	0.5377473444539252
meta (ancestry IVW)	NA	Sst_23	7	12237259.0	3.5229699633413126e-17	0.15767668213155517	0.5432253442043429
meta (ancestry IVW)	NA	Sst_23	7	12237394.0	3.417013009846335e-10	0.12229486907585538	0.5241943455322524
meta (ancestry IVW)	NA	Sst_23	7	12237455.0	5.078274464798416e-10	0.15078032100909894	0.0
meta (ancestry IVW)	NA	Sst_23	7	12238147.0	1.8950096067493387e-17	0.1585712033728753	0.40293716890158326
meta (ancestry IVW)	NA	Sst_23	7	12238811.0	2.1676607844590393e-10	0.1241503346627183	0.31316314466797895
meta (ancestry IVW)	NA	Sst_23	7	12239572.0	4.508221271118008e-11	0.12475897822541664	0.19608061340658103
meta (ancestry IVW)	NA	Sst_23	7	12239933.0	1.5944767344694892e-10	0.12495465495456748	0.36301931471695514
meta (ancestry IVW)	NA	Sst_23	7	12240135.0	5.498596128614508e-17	0.1567901944250252	0.5532885701471137
meta (ancestry IVW)	NA	Sst_23	7	12240207.0	1.94922271090506e-11	0.14554073874029924	0.6220361678698832
meta (ancestry IVW)	NA	Sst_23	7	12241104.0	8.946619579940064e-17	0.15571535930822838	0.572697811383581
meta (ancestry IVW)	NA	Sst_23	7	12241212.0	2.9154834617837835e-10	0.12281074402267664	0.5818652837190141
meta (ancestry IVW)	NA	Sst_23	7	12242825.0	1.4263857765502466e-15	0.14923633354008545	0.5101586266322878
meta (ancestry IVW)	NA	Sst_23	7	12243601.0	6.554014977916035e-17	0.15654290013639477	0.5963938738405985
meta (ancestry IVW)	NA	Sst_23	7	12243624.0	3.4805636113508097e-10	0.12242349453209894	0.528554123875184
meta (ancestry IVW)	NA	Sst_23	7	12243650.0	6.00621364328274e-17	0.15663877041430635	0.6145602495395565
meta (ancestry IVW)	NA	Sst_23	7	12243703.0	6.00621364328274e-17	0.15663877041430635	0.6145602495395565
meta (ancestry IVW)	NA	Sst_23	7	12244161.0	6.00621364328274e-17	0.15663877041430635	0.6145602495395565
meta (ancestry IVW)	NA	Sst_23	7	12244247.0	7.216396113627235e-17	0.15607829465308792	0.6039199007234017
meta (ancestry IVW)	NA	Sst_23	7	12244382.0	6.599939000096805e-17	0.1564055762463727	0.6140858810984401
meta (ancestry IVW)	NA	Sst_23	7	12244752.0	5.561947670576771e-16	0.15232752695171037	0.8114449250063828
meta (ancestry IVW)	NA	Sst_23	7	12244804.0	6.923602251890312e-16	0.15030845298144888	0.7820858950279507
meta (ancestry IVW)	NA	Sst_23	7	12244849.0	4.842378772290134e-10	0.1173740215346246	0.7858235294833396
meta (ancestry IVW)	NA	Sst_23	7	12245427.0	2.632793760335877e-10	0.1363248475204665	0.7695872614607668
meta (ancestry IVW)	NA	Sst_23	7	12245514.0	8.584762714757987e-16	0.1499283138012485	0.7804130402048121
meta (ancestry IVW)	NA	Sst_23	7	12245703.0	6.992227590517018e-10	0.14603763263364	0.4028480583597696
meta (ancestry IVW)	NA	Sst_23	7	12246424.0	5.882813087723036e-10	0.12043719246118958	0.6717918185824066
meta (ancestry IVW)	NA	Sst_23	7	12246599.0	1.8571914913847428e-09	0.11322039160066381	0.7785894351508919
meta (ancestry IVW)	NA	Sst_23	17	44352876.0	2.1971093960665683e-09	-0.12274621625203197	0.0
meta (ancestry IVW)	NA	Sst_25	7	12173293.0	7.079772144775566e-10	0.1410975096913739	0.47099557773208106
meta (ancestry IVW)	NA	Sst_25	7	12175936.0	1.8271059244016394e-12	0.15993400562372528	0.24831295815592747
meta (ancestry IVW)	NA	Sst_25	7	12177586.0	2.819038560295728e-12	0.15884398030729482	0.1150179514828737
meta (ancestry IVW)	NA	Sst_25	7	12179838.0	2.253889176476439e-09	0.14199605281077918	0.22737679670980562
meta (ancestry IVW)	NA	Sst_25	7	12180897.0	1.5758613303990347e-09	0.14376599984471755	0.1391909565526878
meta (ancestry IVW)	NA	Sst_25	7	12181620.0	6.150486031132979e-12	0.1569935853810297	0.3163521664651904
meta (ancestry IVW)	NA	Sst_25	7	12184365.0	7.42447527885755e-12	0.15612697885637286	0.3039723087951694
meta (ancestry IVW)	NA	Sst_25	7	12187397.0	6.3843755089136374e-12	0.1566480486371635	0.1849109457073316
meta (ancestry IVW)	NA	Sst_25	7	12188266.0	1.433834782786071e-11	0.15542983031763738	0.06284914943943438
meta (ancestry IVW)	NA	Sst_25	7	12188676.0	6.114210055984789e-12	0.15678751677410063	0.21194682504129372
meta (ancestry IVW)	NA	Sst_25	7	12189797.0	1.1849039195903399e-11	0.1564149189647253	0.04747934917744258
meta (ancestry IVW)	NA	Sst_25	7	12193340.0	3.2372009109773546e-11	0.12632510018977533	0.0
meta (ancestry IVW)	NA	Sst_25	7	12194222.0	1.5800039988878698e-14	0.1478456607355338	0.8171144743510906
meta (ancestry IVW)	NA	Sst_25	7	12194293.0	1.5333061280569798e-14	0.16296311746240316	0.4692116551965538
meta (ancestry IVW)	NA	Sst_25	7	12194394.0	8.949872368012759e-11	0.12403880266921706	0.0
meta (ancestry IVW)	NA	Sst_25	7	12196292.0	2.6330109958298207e-12	0.13168985938036026	0.0
meta (ancestry IVW)	NA	Sst_25	7	12198302.0	1.7483404199308385e-12	0.16796324604447782	0.05322634012739605
meta (ancestry IVW)	NA	Sst_25	7	12198922.0	1.9955151069088214e-18	0.18202526034734307	0.2932310226618029
meta (ancestry IVW)	NA	Sst_25	7	12199648.0	1.5919787572383252e-18	0.181913978200173	0.33781839849888656
meta (ancestry IVW)	NA	Sst_25	7	12200780.0	1.6880384615642778e-09	0.1504107979533476	0.23503297335591278
meta (ancestry IVW)	NA	Sst_25	7	12201319.0	2.2617293222764233e-15	0.16878359197561443	0.3485220527882821
meta (ancestry IVW)	NA	Sst_25	7	12201488.0	2.2577100391457e-15	0.1682472664647113	0.334530742525627
meta (ancestry IVW)	NA	Sst_25	7	12202043.0	1.978586121445661e-16	0.1719725112048742	0.2854744737601215
meta (ancestry IVW)	NA	Sst_25	7	12202114.0	1.6956211107753105e-11	0.12660874919616288	0.0
meta (ancestry IVW)	NA	Sst_25	7	12202197.0	1.2793298752922776e-12	0.16881511407452812	0.0
meta (ancestry IVW)	NA	Sst_25	7	12202737.0	2.884883720531693e-11	0.12602515746576903	0.0
meta (ancestry IVW)	NA	Sst_25	7	12203113.0	4.6161351760981624e-15	0.16666010544793658	0.31623927260028784
meta (ancestry IVW)	NA	Sst_25	7	12203613.0	2.7839847746738212e-11	0.12617355624430615	0.0
meta (ancestry IVW)	NA	Sst_25	7	12203664.0	2.9438760837337587e-15	0.16788697905629166	0.5140870602012755
meta (ancestry IVW)	NA	Sst_25	7	12205599.0	1.265959414397251e-18	0.18177354880824198	0.4763566642903766
meta (ancestry IVW)	NA	Sst_25	7	12205793.0	6.711772706080462e-11	0.1267931232769908	0.03164410288692585
meta (ancestry IVW)	NA	Sst_25	7	12205994.0	5.821088200398097e-14	0.14420560751130942	0.0
meta (ancestry IVW)	NA	Sst_25	7	12207209.0	1.7905892938237576e-12	0.16674384853949786	0.0
meta (ancestry IVW)	NA	Sst_25	7	12207683.0	2.6894340185669768e-14	0.15088934701122672	0.6834851455703098
meta (ancestry IVW)	NA	Sst_25	7	12207704.0	1.7584203426557296e-14	0.15526236398563836	0.325536873078066
meta (ancestry IVW)	NA	Sst_25	7	12208081.0	4.0313075691952163e-13	0.1373194664821664	0.6555990024960228
meta (ancestry IVW)	NA	Sst_25	7	12210752.0	6.154782203644744e-22	0.18177979936868718	0.20418907567201738
meta (ancestry IVW)	NA	Sst_25	7	12210776.0	6.331776656752796e-21	0.17788391543264853	0.5158519099278055
meta (ancestry IVW)	NA	Sst_25	7	12211636.0	3.375307108940597e-13	0.13820765429337242	0.6352331848374895
meta (ancestry IVW)	NA	Sst_25	7	12211934.0	7.842607824535084e-24	0.18965827367874688	0.0663438205439663
meta (ancestry IVW)	NA	Sst_25	7	12212045.0	9.034068411491432e-24	0.1893532364045886	0.06285559371328174
meta (ancestry IVW)	NA	Sst_25	7	12212100.0	3.3653463211330678e-15	0.15207637063552662	0.0
meta (ancestry IVW)	NA	Sst_25	7	12212164.0	7.620813217054005e-24	0.18962534373581139	0.07011857666062658
meta (ancestry IVW)	NA	Sst_25	7	12212200.0	1.4824140739151144e-14	0.14740351550200137	0.52521464401692
meta (ancestry IVW)	NA	Sst_25	7	12212493.0	3.03002662165303e-20	-0.1756638342814401	0.0
meta (ancestry IVW)	NA	Sst_25	7	12212914.0	5.6618487547406305e-24	0.19039228504014735	0.041918383430726965
meta (ancestry IVW)	NA	Sst_25	7	12213033.0	1.131410676002852e-23	0.1894400910890141	0.0
meta (ancestry IVW)	NA	Sst_25	7	12213115.0	5.977872965055306e-24	0.19027357148105734	0.03986284168397947
meta (ancestry IVW)	NA	Sst_25	7	12213267.0	6.11856923650615e-24	0.19027225750100624	0.0
meta (ancestry IVW)	NA	Sst_25	7	12213276.0	5.677954790171153e-24	0.19060154098819707	0.16168533964016035
meta (ancestry IVW)	NA	Sst_25	7	12213424.0	3.9180107373366115e-24	0.1910247184652906	0.08728049311077649
meta (ancestry IVW)	NA	Sst_25	7	12213462.0	4.056841463622788e-24	0.19093461721560973	0.05121405100677692
meta (ancestry IVW)	NA	Sst_25	7	12213552.0	4.152357058722299e-14	0.14489881320763068	0.39891606456475537
meta (ancestry IVW)	NA	Sst_25	7	12213736.0	1.3013089102296142e-23	0.18889979663066134	0.01626826479041423
meta (ancestry IVW)	NA	Sst_25	7	12213746.0	1.1136122093298634e-23	0.18914366635649468	0.02043217873752671
meta (ancestry IVW)	NA	Sst_25	7	12213917.0	7.831703695144593e-24	0.18976440708523357	0.03109082478589233
meta (ancestry IVW)	NA	Sst_25	7	12213937.0	7.831703695144593e-24	0.18976440708523357	0.03109082478589233
meta (ancestry IVW)	NA	Sst_25	7	12214241.0	3.0285082783101503e-13	0.1624714863488896	0.5127239772929041
meta (ancestry IVW)	NA	Sst_25	7	12214254.0	7.95509930916025e-24	0.18971431194064658	0.030216146946177545
meta (ancestry IVW)	NA	Sst_25	7	12214267.0	1.4592258453697145e-13	0.14798860282503934	0.4632260352465131
meta (ancestry IVW)	NA	Sst_25	7	12214386.0	1.3722450676025957e-11	0.1657150287982861	0.0
meta (ancestry IVW)	NA	Sst_25	7	12215313.0	2.8433335940123893e-13	0.14744402687134475	0.5566787891546819
meta (ancestry IVW)	NA	Sst_25	7	12215808.0	2.7514017479052046e-24	0.1918405976711271	0.0
meta (ancestry IVW)	NA	Sst_25	7	12215885.0	3.1059310413704397e-22	0.18410145403869174	0.467559155518269
meta (ancestry IVW)	NA	Sst_25	7	12216038.0	5.5289277440839376e-24	0.1908155194002843	0.0
meta (ancestry IVW)	NA	Sst_25	7	12216042.0	2.1078037126039283e-14	0.1467662457546453	0.11566240974298313
meta (ancestry IVW)	NA	Sst_25	7	12216152.0	3.774453590345154e-13	0.14666277126214772	0.519726349838062
meta (ancestry IVW)	NA	Sst_25	7	12216380.0	4.997879981233923e-15	0.15105630945808093	0.0
meta (ancestry IVW)	NA	Sst_25	7	12216914.0	2.3781207076106944e-13	0.14713142452511901	0.4241842502248252
meta (ancestry IVW)	NA	Sst_25	7	12216922.0	3.91893964803701e-24	0.19141326318275886	0.0
meta (ancestry IVW)	NA	Sst_25	7	12217026.0	1.7502412028341844e-12	0.14068229608865304	0.4784222039170986
meta (ancestry IVW)	NA	Sst_25	7	12217543.0	4.2572566423852084e-15	0.15142110511747478	0.0
meta (ancestry IVW)	NA	Sst_25	7	12217901.0	1.6514269359526095e-24	0.1929269045719453	0.0
meta (ancestry IVW)	NA	Sst_25	7	12217923.0	1.159972675270145e-24	0.19355341625754216	0.0
meta (ancestry IVW)	NA	Sst_25	7	12218102.0	4.656988004451491e-15	0.15050016688488596	0.0
meta (ancestry IVW)	NA	Sst_25	7	12218312.0	3.9727637057114725e-15	0.15083594244494064	0.10990277366365654
meta (ancestry IVW)	NA	Sst_25	7	12219039.0	3.1055167062619147e-24	0.19236339876062378	0.0
meta (ancestry IVW)	NA	Sst_25	7	12219129.0	2.950740696483673e-24	0.1924891337153866	0.0
meta (ancestry IVW)	NA	Sst_25	7	12220920.0	1.1385129427581609e-13	0.1486972326463963	0.3564136079521723
meta (ancestry IVW)	NA	Sst_25	7	12220926.0	4.057730012370701e-11	0.16210967578599872	0.0
meta (ancestry IVW)	NA	Sst_25	7	12221087.0	2.1913567975025873e-10	0.13581654181815989	0.628264767798856
meta (ancestry IVW)	NA	Sst_25	7	12222203.0	3.7055059603084164e-24	0.19231361479380976	0.0
meta (ancestry IVW)	NA	Sst_25	7	12222285.0	3.926262896672973e-21	0.1871249664390525	0.4780296807180218
meta (ancestry IVW)	NA	Sst_25	7	12222616.0	3.809053483219827e-24	0.1918212940055837	0.0
meta (ancestry IVW)	NA	Sst_25	7	12222945.0	5.685469793687278e-24	0.19118104949542847	0.0
meta (ancestry IVW)	NA	Sst_25	7	12223028.0	1.2465576602858741e-14	0.1478743434551709	0.1318639894023738
meta (ancestry IVW)	NA	Sst_25	7	12223091.0	4.4724559519924294e-24	0.1916098336860603	0.0
meta (ancestry IVW)	NA	Sst_25	7	12223175.0	3.0010139433788587e-24	0.19234044881049397	0.0
meta (ancestry IVW)	NA	Sst_25	7	12223342.0	7.098090450423709e-24	0.19075814323203613	0.0
meta (ancestry IVW)	NA	Sst_25	7	12223376.0	1.2889699614192889e-09	-0.14441517810697593	0.0
meta (ancestry IVW)	NA	Sst_25	7	12223557.0	3.809053483219827e-24	0.1918212940055837	0.0
meta (ancestry IVW)	NA	Sst_25	7	12223608.0	3.7350546011601255e-15	0.1517044486032409	0.0
meta (ancestry IVW)	NA	Sst_25	7	12223722.0	2.538333708131193e-12	0.13880857425564821	0.0
meta (ancestry IVW)	NA	Sst_25	7	12223744.0	1.5344044569032904e-14	0.14822903797366688	0.0
meta (ancestry IVW)	NA	Sst_25	7	12223752.0	2.699909734840764e-23	0.18844473721242788	0.0
meta (ancestry IVW)	NA	Sst_25	7	12223811.0	8.070271912746948e-24	0.19044921577593185	0.0
meta (ancestry IVW)	NA	Sst_25	7	12223912.0	5.960740979385614e-24	0.19119646386241237	0.0
meta (ancestry IVW)	NA	Sst_25	7	12223920.0	7.442440666082397e-24	0.19073619314477006	0.0
meta (ancestry IVW)	NA	Sst_25	7	12223961.0	3.7621819225721675e-24	0.1918760597417604	0.0
meta (ancestry IVW)	NA	Sst_25	7	12224173.0	1.1628299617302138e-23	0.18997647484229274	0.0
meta (ancestry IVW)	NA	Sst_25	7	12224174.0	1.1628299617302138e-23	0.18997647484229274	0.0
meta (ancestry IVW)	NA	Sst_25	7	12224525.0	5.7367188336966796e-15	0.14989753674218578	0.16610603248575354
meta (ancestry IVW)	NA	Sst_25	7	12224594.0	3.4751950579618842e-15	0.15109176728837828	0.13143862240070175
meta (ancestry IVW)	NA	Sst_25	7	12224635.0	3.809053483219827e-24	0.1918212940055837	0.0
meta (ancestry IVW)	NA	Sst_25	7	12224671.0	3.809053483219827e-24	0.1918212940055837	0.0
meta (ancestry IVW)	NA	Sst_25	7	12224841.0	6.763730477354974e-24	0.19075459678792736	0.0
meta (ancestry IVW)	NA	Sst_25	7	12225040.0	2.473883695872039e-24	0.19273975160014475	0.0
meta (ancestry IVW)	NA	Sst_25	7	12225083.0	6.0540913558968e-13	0.1606466965949009	0.5429605877218153
meta (ancestry IVW)	NA	Sst_25	7	12225111.0	3.0913998965032194e-25	0.19666362299278858	0.0
meta (ancestry IVW)	NA	Sst_25	7	12225245.0	1.5030018844645257e-22	0.18563139148472188	0.42528536967237307
meta (ancestry IVW)	NA	Sst_25	7	12225433.0	2.684348290945303e-22	0.1846001888813825	0.47892149391648636
meta (ancestry IVW)	NA	Sst_25	7	12225566.0	4.5433314294380665e-24	0.19172309898210796	0.0
meta (ancestry IVW)	NA	Sst_25	7	12225648.0	7.511443078195361e-13	0.1598809634448228	0.5404382855999292
meta (ancestry IVW)	NA	Sst_25	7	12225804.0	4.989502267930707e-13	0.1610792557905721	0.4934536725319605
meta (ancestry IVW)	NA	Sst_25	7	12226113.0	2.4568105724312284e-13	0.14791408155002433	0.5535109988610785
meta (ancestry IVW)	NA	Sst_25	7	12226141.0	8.348873351573293e-15	0.14919952724822622	0.012732180292734683
meta (ancestry IVW)	NA	Sst_25	7	12226222.0	4.370779973522481e-24	0.19175237231225906	0.0
meta (ancestry IVW)	NA	Sst_25	7	12226279.0	4.193015147304033e-13	0.16184739856155367	0.5479736307980321
meta (ancestry IVW)	NA	Sst_25	7	12226326.0	3.47082014487218e-24	0.19212291942743567	0.0
meta (ancestry IVW)	NA	Sst_25	7	12226362.0	2.3504000397025673e-25	0.19702476048505785	0.0
meta (ancestry IVW)	NA	Sst_25	7	12226694.0	2.1689436765007533e-13	0.14802238241852758	0.5214504727557386
meta (ancestry IVW)	NA	Sst_25	7	12226925.0	3.429833719724133e-24	0.19214625025131124	0.0
meta (ancestry IVW)	NA	Sst_25	7	12227080.0	2.1214173901575023e-22	0.18489111557529242	0.4837538383917741
meta (ancestry IVW)	NA	Sst_25	7	12227188.0	2.8576048288210942e-24	0.1924022700197042	0.0
meta (ancestry IVW)	NA	Sst_25	7	12227241.0	2.873116555136532e-25	0.19675264927304176	0.0
meta (ancestry IVW)	NA	Sst_25	7	12227595.0	6.783998784791287e-24	0.19088391728085125	0.0
meta (ancestry IVW)	NA	Sst_25	7	12227630.0	6.101088630264739e-16	0.15878799353564002	0.0
meta (ancestry IVW)	NA	Sst_25	7	12227869.0	6.399934267049871e-25	0.19538468676929316	0.02812431659464287
meta (ancestry IVW)	NA	Sst_25	7	12227926.0	1.2689574976664545e-24	0.19428866215945226	0.0
meta (ancestry IVW)	NA	Sst_25	7	12227933.0	1.2689574976664545e-24	0.19428866215945226	0.0
meta (ancestry IVW)	NA	Sst_25	7	12227988.0	5.430702370117918e-25	0.19563515344877458	0.03247328269431366
meta (ancestry IVW)	NA	Sst_25	7	12228108.0	1.2104263446585403e-24	0.1941693726810791	0.006840002650436471
meta (ancestry IVW)	NA	Sst_25	7	12228211.0	6.941946403615236e-25	0.19521691530403504	0.025179299629068088
meta (ancestry IVW)	NA	Sst_25	7	12228456.0	9.204030007225396e-25	0.1950152844732369	0.02183810855235046
meta (ancestry IVW)	NA	Sst_25	7	12228491.0	6.941946403615236e-25	0.19521691530403504	0.025179299629068088
meta (ancestry IVW)	NA	Sst_25	7	12228617.0	3.226724802520779e-25	0.19667613377236398	0.0
meta (ancestry IVW)	NA	Sst_25	7	12228842.0	5.339876464397009e-25	0.19561475243817578	0.0
meta (ancestry IVW)	NA	Sst_25	7	12228925.0	3.0589448262926173e-25	0.19669679230649675	0.0
meta (ancestry IVW)	NA	Sst_25	7	12229042.0	3.3214120167486645e-24	0.1913395414519492	0.43811268484467325
meta (ancestry IVW)	NA	Sst_25	7	12229069.0	5.533079702489423e-15	0.1502303743824287	0.0
meta (ancestry IVW)	NA	Sst_25	7	12229091.0	3.8021567655321616e-25	0.1963803756459893	0.0
meta (ancestry IVW)	NA	Sst_25	7	12229132.0	3.8759077829799956e-24	0.19194342797754332	0.0
meta (ancestry IVW)	NA	Sst_25	7	12229166.0	3.8021567655321616e-25	0.1963803756459893	0.0
meta (ancestry IVW)	NA	Sst_25	7	12229172.0	3.8021567655321616e-25	0.1963803756459893	0.0
meta (ancestry IVW)	NA	Sst_25	7	12229185.0	3.4104836548375604e-25	0.19665644470624138	0.0
meta (ancestry IVW)	NA	Sst_25	7	12229634.0	7.827005325968633e-25	0.19527709487165534	0.0
meta (ancestry IVW)	NA	Sst_25	7	12229791.0	2.283253790302098e-25	0.19727250249469838	0.0
meta (ancestry IVW)	NA	Sst_25	7	12229949.0	4.082854319631099e-25	0.1962572396917336	0.0
meta (ancestry IVW)	NA	Sst_25	7	12229967.0	3.13582507147748e-23	0.1887610575798771	0.5174568536071092
meta (ancestry IVW)	NA	Sst_25	7	12230053.0	1.9839300220213247e-25	0.1968300379198311	0.0
meta (ancestry IVW)	NA	Sst_25	7	12230136.0	3.915198553131253e-25	0.19627866104905967	0.0
meta (ancestry IVW)	NA	Sst_25	7	12230178.0	4.068444536353902e-25	0.19619527847194448	0.0
meta (ancestry IVW)	NA	Sst_25	7	12230191.0	3.915198553131253e-25	0.19627866104905967	0.0
meta (ancestry IVW)	NA	Sst_25	7	12230893.0	4.0226256478156165e-25	0.1962788307364594	0.0
meta (ancestry IVW)	NA	Sst_25	7	12230939.0	2.830566031201897e-25	0.19694340029189575	0.0
meta (ancestry IVW)	NA	Sst_25	7	12230957.0	3.370857294825098e-11	0.16277146330163367	0.0
meta (ancestry IVW)	NA	Sst_25	7	12230999.0	3.4870790661154958e-25	0.19651970349099654	0.0
meta (ancestry IVW)	NA	Sst_25	7	12231144.0	4.410960949717867e-25	0.196151008535891	0.0
meta (ancestry IVW)	NA	Sst_25	7	12231189.0	3.0108840099679122e-25	0.1967606321401998	0.0
meta (ancestry IVW)	NA	Sst_25	7	12231341.0	2.562277574303787e-14	0.15108017078306724	0.40698758317258427
meta (ancestry IVW)	NA	Sst_25	7	12231626.0	2.2206335222382707e-23	0.1891753587192871	0.18101836035178465
meta (ancestry IVW)	NA	Sst_25	7	12231826.0	9.311160447729722e-14	0.14230869423559894	0.6915586784926475
meta (ancestry IVW)	NA	Sst_25	7	12232371.0	4.936076223542656e-25	0.19591105997686287	0.0
meta (ancestry IVW)	NA	Sst_25	7	12232400.0	6.260484636622062e-11	0.1605252585098908	0.0
meta (ancestry IVW)	NA	Sst_25	7	12232490.0	3.732548929854493e-25	0.19634062948025496	0.0
meta (ancestry IVW)	NA	Sst_25	7	12232942.0	3.038703713545213e-25	0.19664411242539784	0.0
meta (ancestry IVW)	NA	Sst_25	7	12233526.0	4.57421633940073e-15	0.15501531143365768	0.02699356048722447
meta (ancestry IVW)	NA	Sst_25	7	12233787.0	1.0523582906410691e-24	0.19440670451852685	0.0
meta (ancestry IVW)	NA	Sst_25	7	12233870.0	5.338250761752226e-25	0.19575238004810402	0.0
meta (ancestry IVW)	NA	Sst_25	7	12234787.0	3.0846864076713026e-24	0.19256088804013435	0.0
meta (ancestry IVW)	NA	Sst_25	7	12235882.0	1.930827382582144e-23	0.18967918706785275	0.11876578556120827
meta (ancestry IVW)	NA	Sst_25	7	12235998.0	1.2347205352088905e-23	0.1903580561280447	0.0
meta (ancestry IVW)	NA	Sst_25	7	12236049.0	9.863444228827702e-24	0.19080190625881316	0.09837126737464161
meta (ancestry IVW)	NA	Sst_25	7	12236192.0	6.019416406955227e-24	0.19185962170832732	0.14476625082020023
meta (ancestry IVW)	NA	Sst_25	7	12236385.0	1.1578824867746126e-23	0.19062842263699156	0.13000149048291398
meta (ancestry IVW)	NA	Sst_25	7	12236408.0	1.2143182871051277e-13	0.16090110241876723	0.442561480003981
meta (ancestry IVW)	NA	Sst_25	7	12236419.0	1.415990410847841e-23	0.19026502016374633	0.12568756521800523
meta (ancestry IVW)	NA	Sst_25	7	12236896.0	1.341121951698137e-13	0.1606622463053048	0.44098172243110245
meta (ancestry IVW)	NA	Sst_25	7	12237259.0	8.85623952175519e-25	0.19537649467719923	0.2582801204487646
meta (ancestry IVW)	NA	Sst_25	7	12237394.0	1.1970628668087082e-13	0.14691678476635536	0.40857364796278384
meta (ancestry IVW)	NA	Sst_25	7	12237455.0	7.809805637958111e-11	0.15975421867056347	0.0
meta (ancestry IVW)	NA	Sst_25	7	12237812.0	2.6660096490338016e-09	0.13338543610359221	0.0
meta (ancestry IVW)	NA	Sst_25	7	12237816.0	1.1914950814518418e-09	0.13359120919779494	0.1844298853218433
meta (ancestry IVW)	NA	Sst_25	7	12238147.0	4.453442093373864e-25	0.19609648949567798	0.0
meta (ancestry IVW)	NA	Sst_25	7	12238811.0	8.649475101667746e-14	0.14830863762792115	0.16158516476193308
meta (ancestry IVW)	NA	Sst_25	7	12239572.0	8.209939056419212e-15	0.14929617673816092	0.0839152045948064
meta (ancestry IVW)	NA	Sst_25	7	12239933.0	6.83810969626861e-14	0.14879657397783413	0.17369488918123427
meta (ancestry IVW)	NA	Sst_25	7	12240135.0	2.558117756231298e-24	0.19351893034873333	0.3029301502101303
meta (ancestry IVW)	NA	Sst_25	7	12240207.0	8.168972489317752e-13	0.15782325847013368	0.4591210512980679
meta (ancestry IVW)	NA	Sst_25	7	12241104.0	3.703127722706834e-24	0.19283842570461776	0.3130658023325521
meta (ancestry IVW)	NA	Sst_25	7	12241212.0	8.79620506693867e-14	0.14776053561284244	0.4906424896004616
meta (ancestry IVW)	NA	Sst_25	7	12242825.0	1.9230661841603387e-23	0.18950385249439225	0.5387208944586431
meta (ancestry IVW)	NA	Sst_25	7	12243601.0	5.100667119092544e-24	0.19241540293354537	0.36347757339188586
meta (ancestry IVW)	NA	Sst_25	7	12243624.0	1.1781400903871922e-13	0.14717692605284996	0.3330898903660841
meta (ancestry IVW)	NA	Sst_25	7	12243650.0	2.3038369888942545e-24	0.19377331268417197	0.3903152849167449
meta (ancestry IVW)	NA	Sst_25	7	12243703.0	2.3038369888942545e-24	0.19377331268417197	0.3903152849167449
meta (ancestry IVW)	NA	Sst_25	7	12244161.0	2.3038369888942545e-24	0.19377331268417197	0.3903152849167449
meta (ancestry IVW)	NA	Sst_25	7	12244247.0	2.3219037436399758e-24	0.19356598242384868	0.38296546158830624
meta (ancestry IVW)	NA	Sst_25	7	12244382.0	2.7641351496574693e-24	0.19340511341973746	0.38721111053372814
meta (ancestry IVW)	NA	Sst_25	7	12244752.0	2.221057791335254e-22	0.18603290632285707	0.758626132950819
meta (ancestry IVW)	NA	Sst_25	7	12244804.0	1.8217716798287843e-22	0.18455291370105173	0.7359313547380355
meta (ancestry IVW)	NA	Sst_25	7	12244849.0	3.0104168007546963e-13	0.139671810082636	0.7606352303261723
meta (ancestry IVW)	NA	Sst_25	7	12245427.0	3.798185476577115e-12	0.15237457326598716	0.7278089812093265
meta (ancestry IVW)	NA	Sst_25	7	12245514.0	2.407246635520603e-22	0.1841486193755775	0.7158742183031876
meta (ancestry IVW)	NA	Sst_25	7	12245703.0	1.0519345442338599e-10	0.15514285387078403	0.41973335491457203
meta (ancestry IVW)	NA	Sst_25	7	12246424.0	1.3888237276627077e-13	0.14629320006050597	0.5199253195720225
meta (ancestry IVW)	NA	Sst_25	7	12246599.0	4.277662579463506e-12	0.13253367915646438	0.7508977472645185
meta (ancestry IVW)	NA	Sst_25	17	44352876.0	2.7996839345097875e-11	-0.13883884840165484	0.0
meta (ancestry IVW)	NA	Sst_25	17	44357262.0	6.095311502116032e-11	-0.12952309249068408	0.4059593421484192
meta (ancestry IVW)	NA	Sst_25	17	44360314.0	3.603112630540304e-11	-0.13155086145683423	0.0
meta (ancestry IVW)	NA	Sst_25	17	44360386.0	2.936880535117537e-11	-0.13216383581821944	0.0
meta (ancestry IVW)	NA	Sst_25	17	44369052.0	1.04379235467019e-09	-0.1181901972515764	0.0
meta (ancestry IVW)	NA	Sst_25	17	44373913.0	2.6510368676060085e-09	-0.11634838480299445	0.0
meta (ancestry IVW)	NA	Sst_3	7	12198922.0	2.64700840513704e-09	0.12334879300293622	0.0
meta (ancestry IVW)	NA	Sst_3	7	12205599.0	2.347647597003069e-09	0.1228464604541224	0.0
meta (ancestry IVW)	NA	Sst_3	7	12210752.0	1.1311048677844721e-09	0.11458021221665957	0.06387584456217693
meta (ancestry IVW)	NA	Sst_3	7	12210776.0	1.4205021126344736e-09	0.11434773626653087	0.26375544102003945
meta (ancestry IVW)	NA	Sst_3	7	12211934.0	5.036869325888014e-10	0.11675994622191387	0.25598648475886304
meta (ancestry IVW)	NA	Sst_3	7	12212045.0	4.921112160390042e-10	0.11680141299020655	0.2639963262338255
meta (ancestry IVW)	NA	Sst_3	7	12212164.0	5.673169116792074e-10	0.11635515378914359	0.2571371941576091
meta (ancestry IVW)	NA	Sst_3	7	12212493.0	8.190951397375158e-10	-0.11663032080312125	0.0
meta (ancestry IVW)	NA	Sst_3	7	12212914.0	8.531758942374109e-11	0.12197774537815884	0.17834836472968038
meta (ancestry IVW)	NA	Sst_3	7	12213033.0	1.0659036516944976e-10	0.12156614984747632	0.19457626341350712
meta (ancestry IVW)	NA	Sst_3	7	12213115.0	9.086564322301172e-11	0.12178820835434384	0.17647379249737136
meta (ancestry IVW)	NA	Sst_3	7	12213267.0	8.15367700589553e-11	0.12211895357334565	0.08157782487565375
meta (ancestry IVW)	NA	Sst_3	7	12213276.0	7.1932239779505e-11	0.12259723332217483	0.2751965989018397
meta (ancestry IVW)	NA	Sst_3	7	12213424.0	6.259481385168843e-11	0.12281879339189668	0.21410618690872113
meta (ancestry IVW)	NA	Sst_3	7	12213462.0	7.318016080536813e-11	0.12236506355408702	0.18217738258754876
meta (ancestry IVW)	NA	Sst_3	7	12213736.0	1.0457520306158325e-10	0.12143384088917696	0.1730203500594709
meta (ancestry IVW)	NA	Sst_3	7	12213746.0	1.1091071926701135e-10	0.12123704991567992	0.17109476312615407
meta (ancestry IVW)	NA	Sst_3	7	12213917.0	1.0120871133137308e-10	0.12147629061957156	0.17341402395723243
meta (ancestry IVW)	NA	Sst_3	7	12213937.0	1.0120871133137308e-10	0.12147629061957156	0.17341402395723243
meta (ancestry IVW)	NA	Sst_3	7	12214254.0	8.656418014094531e-11	0.12190620582835221	0.17762877426931034
meta (ancestry IVW)	NA	Sst_3	7	12215808.0	1.1725272705987246e-10	0.12115628508785521	0.0
meta (ancestry IVW)	NA	Sst_3	7	12215885.0	3.756716390351893e-10	0.11854160604689716	0.07518407396890782
meta (ancestry IVW)	NA	Sst_3	7	12216038.0	1.1357572598680085e-10	0.12141177739807552	0.0
meta (ancestry IVW)	NA	Sst_3	7	12216922.0	6.301560414785912e-11	0.12305779094381088	0.0
meta (ancestry IVW)	NA	Sst_3	7	12217901.0	9.930076277532657e-11	0.12172382904064849	0.0
meta (ancestry IVW)	NA	Sst_3	7	12217923.0	8.361004589444136e-11	0.1221973988001885	0.014301817245214201
meta (ancestry IVW)	NA	Sst_3	7	12219039.0	1.3009979153147369e-10	0.12133781198373698	0.0
meta (ancestry IVW)	NA	Sst_3	7	12219129.0	1.7896413864656143e-10	0.12043904188817409	0.045381116244300884
meta (ancestry IVW)	NA	Sst_3	7	12222203.0	1.1618961420816631e-10	0.12184609012517138	0.05883671524133553
meta (ancestry IVW)	NA	Sst_3	7	12222285.0	1.1823841588723619e-09	0.12023576616308466	0.47664146891235826
meta (ancestry IVW)	NA	Sst_3	7	12222616.0	9.837373153519164e-11	0.12203083288298756	0.08463097236144668
meta (ancestry IVW)	NA	Sst_3	7	12222945.0	1.1382233126068416e-10	0.12167888475621594	0.08015875691988245
meta (ancestry IVW)	NA	Sst_3	7	12223091.0	7.923626595378545e-11	0.12270321862697371	0.06609437902927608
meta (ancestry IVW)	NA	Sst_3	7	12223175.0	9.410560709509868e-11	0.12220709494138657	0.08692805515433406
meta (ancestry IVW)	NA	Sst_3	7	12223342.0	1.7880354562630196e-10	0.1203735033373545	0.06368764489928795
meta (ancestry IVW)	NA	Sst_3	7	12223557.0	9.837373153519164e-11	0.12203083288298756	0.08463097236144668
meta (ancestry IVW)	NA	Sst_3	7	12223752.0	1.75638222541453e-10	0.12054650244562767	0.0
meta (ancestry IVW)	NA	Sst_3	7	12223811.0	1.5113861744375193e-10	0.12081420943489386	0.06917537172368815
meta (ancestry IVW)	NA	Sst_3	7	12223912.0	1.0913249168587103e-10	0.12186424188390346	0.08256738751469257
meta (ancestry IVW)	NA	Sst_3	7	12223920.0	1.4265432084890657e-10	0.12106626349522728	0.07239660708999873
meta (ancestry IVW)	NA	Sst_3	7	12223961.0	1.1431118473448492e-10	0.1216225340447722	0.07941453639678366
meta (ancestry IVW)	NA	Sst_3	7	12224173.0	1.285558928400282e-10	0.12141153063926158	0.07679730452152804
meta (ancestry IVW)	NA	Sst_3	7	12224174.0	1.285558928400282e-10	0.12141153063926158	0.07679730452152804
meta (ancestry IVW)	NA	Sst_3	7	12224635.0	9.837373153519164e-11	0.12203083288298756	0.08463097236144668
meta (ancestry IVW)	NA	Sst_3	7	12224671.0	9.837373153519164e-11	0.12203083288298756	0.08463097236144668
meta (ancestry IVW)	NA	Sst_3	7	12224841.0	1.3644569552346805e-10	0.12109093677771392	0.0956661888008829
meta (ancestry IVW)	NA	Sst_3	7	12225040.0	8.330690823535031e-11	0.12258474792897948	0.07265295697388623
meta (ancestry IVW)	NA	Sst_3	7	12225111.0	6.903783969986994e-11	0.12319705923052027	0.05224864169349241
meta (ancestry IVW)	NA	Sst_3	7	12225245.0	2.6575037169061793e-10	0.11964177963807938	0.08726714553144933
meta (ancestry IVW)	NA	Sst_3	7	12225433.0	3.8248710294703266e-10	0.11863128079626638	0.19008456014381245
meta (ancestry IVW)	NA	Sst_3	7	12225566.0	1.2526815770667512e-10	0.12148755249712465	0.05858320770215253
meta (ancestry IVW)	NA	Sst_3	7	12226222.0	1.2043953506378082e-10	0.12157616128564151	0.02912636806774891
meta (ancestry IVW)	NA	Sst_3	7	12226326.0	1.0738635078207173e-10	0.12186628945484396	0.06338614198727552
meta (ancestry IVW)	NA	Sst_3	7	12226362.0	5.945684398027586e-11	0.123533315478992	0.0
meta (ancestry IVW)	NA	Sst_3	7	12226925.0	1.3849315773228672e-10	0.1211370447710694	0.14586501218389625
meta (ancestry IVW)	NA	Sst_3	7	12227080.0	5.190232416413872e-10	0.11761944358027128	0.189126853012585
meta (ancestry IVW)	NA	Sst_3	7	12227188.0	1.249598375788708e-10	0.12138266151250332	0.05719048872344376
meta (ancestry IVW)	NA	Sst_3	7	12227241.0	1.0965628091340612e-10	0.12185345939019372	0.034417959121801636
meta (ancestry IVW)	NA	Sst_3	7	12227595.0	1.0940882557208875e-10	0.1218148376008498	0.06179418301014891
meta (ancestry IVW)	NA	Sst_3	7	12227869.0	9.90360144729475e-11	0.1221963649091199	0.03775835062122803
meta (ancestry IVW)	NA	Sst_3	7	12227926.0	1.2486516548350183e-10	0.12163120620737469	0.0
meta (ancestry IVW)	NA	Sst_3	7	12227933.0	1.2486516548350183e-10	0.12163120620737469	0.0
meta (ancestry IVW)	NA	Sst_3	7	12227988.0	8.406371120498767e-11	0.12263350237761864	0.043598924792455925
meta (ancestry IVW)	NA	Sst_3	7	12228108.0	1.1069546743317684e-10	0.1218465091665819	0.03308824965293921
meta (ancestry IVW)	NA	Sst_3	7	12228211.0	8.08753965977203e-11	0.12276078595264804	0.045323382990062985
meta (ancestry IVW)	NA	Sst_3	7	12228456.0	8.04901739593741e-11	0.12296992734046895	0.04826389054999114
meta (ancestry IVW)	NA	Sst_3	7	12228491.0	8.08753965977203e-11	0.12276078595264804	0.045323382990062985
meta (ancestry IVW)	NA	Sst_3	7	12228617.0	9.937437490780816e-11	0.12221999996555338	0.0
meta (ancestry IVW)	NA	Sst_3	7	12228842.0	8.79203055599745e-11	0.12247108511065725	0.0524250851444442
meta (ancestry IVW)	NA	Sst_3	7	12228925.0	5.658700133784042e-11	0.12376809877293002	0.0
meta (ancestry IVW)	NA	Sst_3	7	12229042.0	4.3886628753002357e-10	0.11722596283932095	0.36190153843345335
meta (ancestry IVW)	NA	Sst_3	7	12229091.0	5.0796107219602646e-11	0.12412005348622566	0.0
meta (ancestry IVW)	NA	Sst_3	7	12229132.0	7.384085026929978e-11	0.12294773093696626	0.0
meta (ancestry IVW)	NA	Sst_3	7	12229166.0	5.0796107219602646e-11	0.12412005348622566	0.0
meta (ancestry IVW)	NA	Sst_3	7	12229172.0	5.0796107219602646e-11	0.12412005348622566	0.0
meta (ancestry IVW)	NA	Sst_3	7	12229185.0	7.06303542892128e-11	0.12323842800871493	0.0
meta (ancestry IVW)	NA	Sst_3	7	12229634.0	7.770359801474589e-11	0.12304961919006967	0.0
meta (ancestry IVW)	NA	Sst_3	7	12229791.0	4.080007245530188e-11	0.12471622977695124	0.0
meta (ancestry IVW)	NA	Sst_3	7	12229949.0	6.384564812256428e-11	0.12347922357830406	0.0
meta (ancestry IVW)	NA	Sst_3	7	12229967.0	2.372779890446764e-10	0.12006014579913703	0.1981044216598643
meta (ancestry IVW)	NA	Sst_3	7	12230053.0	2.6764355892027288e-11	0.1254402795874722	0.0
meta (ancestry IVW)	NA	Sst_3	7	12230136.0	5.442334353514173e-11	0.12389550243096274	0.0
meta (ancestry IVW)	NA	Sst_3	7	12230178.0	6.447224498913856e-11	0.12340955202852405	0.0
meta (ancestry IVW)	NA	Sst_3	7	12230191.0	5.442334353514173e-11	0.12389550243096274	0.0
meta (ancestry IVW)	NA	Sst_3	7	12230893.0	5.969589597080706e-11	0.12366580063466173	0.0
meta (ancestry IVW)	NA	Sst_3	7	12230939.0	5.76160035589886e-11	0.12378396246886622	0.0
meta (ancestry IVW)	NA	Sst_3	7	12230999.0	6.05838519554338e-11	0.12361234868777408	0.0
meta (ancestry IVW)	NA	Sst_3	7	12231144.0	6.80422563909885e-11	0.12332275267157135	0.0
meta (ancestry IVW)	NA	Sst_3	7	12231189.0	6.983126606999592e-11	0.12319468276476882	0.038934289471815736
meta (ancestry IVW)	NA	Sst_3	7	12231626.0	4.1205624910528186e-10	0.11829404132483531	0.39045930986950245
meta (ancestry IVW)	NA	Sst_3	7	12232371.0	1.0627036020022112e-10	0.12202855663854124	0.0
meta (ancestry IVW)	NA	Sst_3	7	12232490.0	6.790912245554808e-11	0.1232557997528244	0.0
meta (ancestry IVW)	NA	Sst_3	7	12232942.0	1.001025094059773e-10	0.12210983528748494	0.0
meta (ancestry IVW)	NA	Sst_3	7	12233787.0	1.2619493440953745e-10	0.12146074238236562	0.0
meta (ancestry IVW)	NA	Sst_3	7	12233870.0	1.0202096469757957e-10	0.12213607702396148	0.0
meta (ancestry IVW)	NA	Sst_3	7	12234787.0	8.834634838337165e-11	0.12256549555634273	0.0
meta (ancestry IVW)	NA	Sst_3	7	12235882.0	2.5634219486599563e-10	0.11984652331087976	0.378027952015589
meta (ancestry IVW)	NA	Sst_3	7	12235998.0	1.0631097733126918e-10	0.12227951374034346	0.09428696432475478
meta (ancestry IVW)	NA	Sst_3	7	12236049.0	2.201565858672938e-10	0.12020328080089454	0.3617760006601549
meta (ancestry IVW)	NA	Sst_3	7	12236192.0	2.4529735302237284e-10	0.11997170034017653	0.37888985225668226
meta (ancestry IVW)	NA	Sst_3	7	12236385.0	1.5741749508309755e-10	0.12125808033179955	0.387844414438365
meta (ancestry IVW)	NA	Sst_3	7	12236419.0	2.3779607745629e-10	0.12006757755723318	0.37955397685806147
meta (ancestry IVW)	NA	Sst_3	7	12237259.0	2.2328620081067835e-10	0.12022269502719014	0.39071146750696545
meta (ancestry IVW)	NA	Sst_3	7	12238147.0	7.75910912481918e-11	0.12292419697391592	0.0
meta (ancestry IVW)	NA	Sst_3	7	12240135.0	2.576031603362338e-10	0.11987124852242192	0.40550697014377973
meta (ancestry IVW)	NA	Sst_3	7	12241104.0	3.6085402731277987e-10	0.11887995431720301	0.4118776357701944
meta (ancestry IVW)	NA	Sst_3	7	12242825.0	9.903833308527279e-10	0.11569789066014517	0.4943445374347722
meta (ancestry IVW)	NA	Sst_3	7	12243601.0	2.943769323037481e-10	0.11959121140159137	0.48311949549621147
meta (ancestry IVW)	NA	Sst_3	7	12243650.0	2.6414644790159816e-10	0.1198333822009489	0.4948520302925669
meta (ancestry IVW)	NA	Sst_3	7	12243703.0	2.6414644790159816e-10	0.1198333822009489	0.4948520302925669
meta (ancestry IVW)	NA	Sst_3	7	12244161.0	2.6414644790159816e-10	0.1198333822009489	0.4948520302925669
meta (ancestry IVW)	NA	Sst_3	7	12244247.0	2.495772406957027e-10	0.11987982450465147	0.49436292973748447
meta (ancestry IVW)	NA	Sst_3	7	12244382.0	2.870567833497051e-10	0.11956999403497577	0.4934299002613297
meta (ancestry IVW)	NA	Sst_3	7	12244752.0	2.0313979661123278e-10	0.12117636668634696	0.7270941232285636
meta (ancestry IVW)	NA	Sst_3	7	12244804.0	8.720262157618367e-10	0.11566098395964895	0.6860519485026747
meta (ancestry IVW)	NA	Sst_3	7	12245514.0	1.3027219138355946e-09	0.11453235750259508	0.6758357447421885
meta (ancestry IVW)	NA	Sst_Chodl_3_SEAAD	7	12212493.0	1.3644674551309475e-09	0.11914459940138322	0.0
meta (ancestry IVW)	NA	Sst_Chodl_3_SEAAD	7	12212914.0	1.6946249353062885e-09	-0.1172236013616582	0.0
meta (ancestry IVW)	NA	Sst_Chodl_3_SEAAD	7	12213033.0	2.470426965530859e-09	-0.11624241835291108	0.0
meta (ancestry IVW)	NA	Sst_Chodl_3_SEAAD	7	12213115.0	1.443425552646165e-09	-0.11771688797668534	0.0
meta (ancestry IVW)	NA	Sst_Chodl_3_SEAAD	7	12213267.0	1.842824626581968e-09	-0.11696928948666707	0.0
meta (ancestry IVW)	NA	Sst_Chodl_3_SEAAD	7	12213276.0	1.5026561963426357e-09	-0.11773197844507108	0.0
meta (ancestry IVW)	NA	Sst_Chodl_3_SEAAD	7	12213424.0	1.397748350424625e-09	-0.11779406916014869	0.0
meta (ancestry IVW)	NA	Sst_Chodl_3_SEAAD	7	12213462.0	1.1217732045649794e-09	-0.11847072117227564	0.0
meta (ancestry IVW)	NA	Sst_Chodl_3_SEAAD	7	12213736.0	2.047854983826722e-09	-0.11665826790685457	0.0
meta (ancestry IVW)	NA	Sst_Chodl_3_SEAAD	7	12213746.0	2.1082017059255066e-09	-0.11653820670249743	0.0
meta (ancestry IVW)	NA	Sst_Chodl_3_SEAAD	7	12213917.0	2.2118826369287927e-09	-0.11636601963333516	0.0
meta (ancestry IVW)	NA	Sst_Chodl_3_SEAAD	7	12213937.0	2.2118826369287927e-09	-0.11636601963333516	0.0
meta (ancestry IVW)	NA	Sst_Chodl_3_SEAAD	7	12214254.0	1.7488113509258303e-09	-0.11709577845220842	0.0
meta (ancestry IVW)	NA	Sst_Chodl_3_SEAAD	7	12215808.0	1.1597254638190076e-09	-0.1184990368874526	0.0
meta (ancestry IVW)	NA	Sst_Chodl_3_SEAAD	7	12216038.0	1.119334007548366e-09	-0.11876943365440662	0.0
meta (ancestry IVW)	NA	Sst_Chodl_3_SEAAD	7	12216922.0	8.076808113529958e-10	-0.11975950356070274	0.0
meta (ancestry IVW)	NA	Sst_Chodl_3_SEAAD	7	12217901.0	1.028141471717481e-09	-0.11896375127876085	0.0
meta (ancestry IVW)	NA	Sst_Chodl_3_SEAAD	7	12217923.0	8.887698806455069e-10	-0.11939828391891516	0.0
meta (ancestry IVW)	NA	Sst_Chodl_3_SEAAD	7	12219039.0	1.6949044132359967e-09	-0.11777031021313035	0.0
meta (ancestry IVW)	NA	Sst_Chodl_3_SEAAD	7	12219129.0	1.5611125533892356e-09	-0.11804974215743302	0.0
meta (ancestry IVW)	NA	Sst_Chodl_3_SEAAD	7	12222203.0	1.3264266904853586e-09	-0.11872872006232671	0.0
meta (ancestry IVW)	NA	Sst_Chodl_3_SEAAD	7	12222616.0	1.4885966739919536e-09	-0.11807620837568993	0.0
meta (ancestry IVW)	NA	Sst_Chodl_3_SEAAD	7	12222945.0	1.3890258696007777e-09	-0.11835593911269536	0.0
meta (ancestry IVW)	NA	Sst_Chodl_3_SEAAD	7	12223091.0	1.878570324770576e-09	-0.11739895818717687	0.0
meta (ancestry IVW)	NA	Sst_Chodl_3_SEAAD	7	12223175.0	1.5523587190434153e-09	-0.11799168407540962	0.0
meta (ancestry IVW)	NA	Sst_Chodl_3_SEAAD	7	12223342.0	1.7748111118990609e-09	-0.11757637325842864	0.0
meta (ancestry IVW)	NA	Sst_Chodl_3_SEAAD	7	12223557.0	1.4885966739919536e-09	-0.11807620837568993	0.0
meta (ancestry IVW)	NA	Sst_Chodl_3_SEAAD	7	12223811.0	1.7042952570502063e-09	-0.11766224359074767	0.0
meta (ancestry IVW)	NA	Sst_Chodl_3_SEAAD	7	12223912.0	1.431836652036105e-09	-0.11832273512454594	0.0
meta (ancestry IVW)	NA	Sst_Chodl_3_SEAAD	7	12223920.0	1.7455291115487795e-09	-0.11766917768876475	0.0
meta (ancestry IVW)	NA	Sst_Chodl_3_SEAAD	7	12223961.0	1.5028911343984568e-09	-0.11806543159204697	0.0
meta (ancestry IVW)	NA	Sst_Chodl_3_SEAAD	7	12224173.0	2.3068553127797314e-09	-0.11682790214239143	0.0
meta (ancestry IVW)	NA	Sst_Chodl_3_SEAAD	7	12224174.0	2.3068553127797314e-09	-0.11682790214239143	0.0
meta (ancestry IVW)	NA	Sst_Chodl_3_SEAAD	7	12224635.0	1.4885966739919536e-09	-0.11807620837568993	0.0
meta (ancestry IVW)	NA	Sst_Chodl_3_SEAAD	7	12224671.0	1.4885966739919536e-09	-0.11807620837568993	0.0
meta (ancestry IVW)	NA	Sst_Chodl_3_SEAAD	7	12224841.0	2.306949191086477e-09	-0.1166810938119378	0.0
meta (ancestry IVW)	NA	Sst_Chodl_3_SEAAD	7	12225040.0	1.408733270326692e-09	-0.11832858565728936	0.0
meta (ancestry IVW)	NA	Sst_Chodl_3_SEAAD	7	12225111.0	3.847294615070258e-10	-0.12242582977940278	0.0
meta (ancestry IVW)	NA	Sst_Chodl_3_SEAAD	7	12225566.0	2.08287916265372e-09	-0.11715604347608696	0.0
meta (ancestry IVW)	NA	Sst_Chodl_3_SEAAD	7	12226222.0	1.9885122397896036e-09	-0.11728403740514239	0.0
meta (ancestry IVW)	NA	Sst_Chodl_3_SEAAD	7	12226326.0	1.7775806826843743e-09	-0.11759941622801322	0.0
meta (ancestry IVW)	NA	Sst_Chodl_3_SEAAD	7	12226362.0	6.024657428272285e-10	-0.1209656374823359	0.0
meta (ancestry IVW)	NA	Sst_Chodl_3_SEAAD	7	12226925.0	2.116072287534004e-09	-0.11704488170288065	0.0
meta (ancestry IVW)	NA	Sst_Chodl_3_SEAAD	7	12227188.0	1.5995998555092746e-09	-0.11788516493007499	0.0
meta (ancestry IVW)	NA	Sst_Chodl_3_SEAAD	7	12227241.0	4.13669027725755e-10	-0.12217774549638795	0.0
meta (ancestry IVW)	NA	Sst_Chodl_3_SEAAD	7	12227595.0	2.6633004184882202e-09	-0.11631258514197416	0.0
meta (ancestry IVW)	NA	Sst_Chodl_3_SEAAD	7	12227869.0	6.231791244742798e-10	-0.12096889856963307	0.0
meta (ancestry IVW)	NA	Sst_Chodl_3_SEAAD	7	12227926.0	8.518122456944783e-10	-0.12010100022761878	0.0
meta (ancestry IVW)	NA	Sst_Chodl_3_SEAAD	7	12227933.0	8.518122456944783e-10	-0.12010100022761878	0.0
meta (ancestry IVW)	NA	Sst_Chodl_3_SEAAD	7	12227988.0	6.295024501435144e-10	-0.12090823779557777	0.0
meta (ancestry IVW)	NA	Sst_Chodl_3_SEAAD	7	12228108.0	7.098255648267116e-10	-0.12053535777093896	0.0
meta (ancestry IVW)	NA	Sst_Chodl_3_SEAAD	7	12228211.0	6.478382506397808e-10	-0.12083676876379508	0.0
meta (ancestry IVW)	NA	Sst_Chodl_3_SEAAD	7	12228456.0	1.0806572468547812e-09	-0.11943481269709914	0.0
meta (ancestry IVW)	NA	Sst_Chodl_3_SEAAD	7	12228491.0	6.478382506397808e-10	-0.12083676876379508	0.0
meta (ancestry IVW)	NA	Sst_Chodl_3_SEAAD	7	12228617.0	3.313058785197063e-10	-0.12294301530915751	0.0
meta (ancestry IVW)	NA	Sst_Chodl_3_SEAAD	7	12228842.0	2.9998585326821964e-10	-0.12313918837215802	0.0
meta (ancestry IVW)	NA	Sst_Chodl_3_SEAAD	7	12228925.0	3.680413510792317e-10	-0.12256980640786258	0.0
meta (ancestry IVW)	NA	Sst_Chodl_3_SEAAD	7	12229042.0	1.0894375962738371e-09	-0.11857658317685467	0.28985470050429596
meta (ancestry IVW)	NA	Sst_Chodl_3_SEAAD	7	12229091.0	4.009353463436778e-10	-0.12235548690817147	0.0
meta (ancestry IVW)	NA	Sst_Chodl_3_SEAAD	7	12229132.0	1.5879128840177405e-09	-0.11797082012750576	0.0
meta (ancestry IVW)	NA	Sst_Chodl_3_SEAAD	7	12229166.0	4.009353463436778e-10	-0.12235548690817147	0.0
meta (ancestry IVW)	NA	Sst_Chodl_3_SEAAD	7	12229172.0	4.009353463436778e-10	-0.12235548690817147	0.0
meta (ancestry IVW)	NA	Sst_Chodl_3_SEAAD	7	12229185.0	4.1379659462944685e-10	-0.12230750857870204	0.0
meta (ancestry IVW)	NA	Sst_Chodl_3_SEAAD	7	12229634.0	5.348036864901837e-10	-0.12160114960483381	0.0
meta (ancestry IVW)	NA	Sst_Chodl_3_SEAAD	7	12229791.0	3.3371971850959213e-10	-0.12289590259694115	0.0
meta (ancestry IVW)	NA	Sst_Chodl_3_SEAAD	7	12229949.0	4.686695627225103e-10	-0.12188185077233346	0.0
meta (ancestry IVW)	NA	Sst_Chodl_3_SEAAD	7	12229967.0	2.4008297031808773e-09	-0.11709946296139168	0.3096715603466771
meta (ancestry IVW)	NA	Sst_Chodl_3_SEAAD	7	12230053.0	1.2131530409829535e-10	-0.12548779937771795	0.0
meta (ancestry IVW)	NA	Sst_Chodl_3_SEAAD	7	12230136.0	3.789060028425217e-10	-0.122498532090878	0.0
meta (ancestry IVW)	NA	Sst_Chodl_3_SEAAD	7	12230178.0	4.693638523087466e-10	-0.12183614113040528	0.0
meta (ancestry IVW)	NA	Sst_Chodl_3_SEAAD	7	12230191.0	3.789060028425217e-10	-0.122498532090878	0.0
meta (ancestry IVW)	NA	Sst_Chodl_3_SEAAD	7	12230893.0	3.932200080056805e-10	-0.12241580221362652	0.015556517056859474
meta (ancestry IVW)	NA	Sst_Chodl_3_SEAAD	7	12230939.0	2.599638693336559e-10	-0.12369041319204142	0.0
meta (ancestry IVW)	NA	Sst_Chodl_3_SEAAD	7	12230999.0	3.096761434413612e-10	-0.12313111127141654	0.0
meta (ancestry IVW)	NA	Sst_Chodl_3_SEAAD	7	12231144.0	3.4795458987248044e-10	-0.12281890765271604	0.0
meta (ancestry IVW)	NA	Sst_Chodl_3_SEAAD	7	12231189.0	3.810395457976751e-10	-0.12248451041311463	0.0
meta (ancestry IVW)	NA	Sst_Chodl_3_SEAAD	7	12232371.0	3.148645440413533e-10	-0.12309410878026021	0.0
meta (ancestry IVW)	NA	Sst_Chodl_3_SEAAD	7	12232490.0	3.4286808641758943e-10	-0.1227884946522794	0.0
meta (ancestry IVW)	NA	Sst_Chodl_3_SEAAD	7	12232942.0	3.1321127405838887e-10	-0.12302046956606068	0.0
meta (ancestry IVW)	NA	Sst_Chodl_3_SEAAD	7	12233787.0	6.258266406027864e-10	-0.12091657111378658	0.0
meta (ancestry IVW)	NA	Sst_Chodl_3_SEAAD	7	12233870.0	4.383260220656271e-10	-0.12207667100835926	0.05909171216002369
meta (ancestry IVW)	NA	Sst_Chodl_3_SEAAD	7	12234787.0	6.733647825313739e-10	-0.12077789800273812	0.0
meta (ancestry IVW)	NA	Sst_Chodl_3_SEAAD	7	12235882.0	2.5428060397330047e-09	-0.1169513908829666	0.0
meta (ancestry IVW)	NA	Sst_Chodl_3_SEAAD	7	12235998.0	2.7126847332609643e-09	-0.11662341585698087	0.0
meta (ancestry IVW)	NA	Sst_Chodl_3_SEAAD	7	12236049.0	1.7817634024761206e-09	-0.1180017883320642	0.0
meta (ancestry IVW)	NA	Sst_Chodl_3_SEAAD	7	12236192.0	1.7224555600223417e-09	-0.11819121373626058	0.0
meta (ancestry IVW)	NA	Sst_Chodl_3_SEAAD	7	12236385.0	2.169758252038782e-09	-0.11745154677700789	0.0
meta (ancestry IVW)	NA	Sst_Chodl_3_SEAAD	7	12236419.0	2.2572510782092815e-09	-0.11733422852713553	0.0
meta (ancestry IVW)	NA	Sst_Chodl_3_SEAAD	7	12237259.0	6.798477949205867e-10	-0.1210768085585503	0.2285481859316993
meta (ancestry IVW)	NA	Sst_Chodl_3_SEAAD	7	12238147.0	3.68256920762775e-10	-0.12261666688672487	0.0
meta (ancestry IVW)	NA	Sst_Chodl_3_SEAAD	7	12240135.0	1.11421644790859e-09	-0.11960551327472028	0.36123877296124485
meta (ancestry IVW)	NA	Sst_Chodl_3_SEAAD	7	12241104.0	1.3394062669395266e-09	-0.11902190438416096	0.3403332484937825
meta (ancestry IVW)	NA	Sst_Chodl_3_SEAAD	7	12242825.0	9.624209065295488e-10	-0.11987645903256931	0.4115785821012458
meta (ancestry IVW)	NA	Sst_Chodl_3_SEAAD	7	12243601.0	9.572215135018623e-10	-0.1201972162469321	0.3369311335735803
meta (ancestry IVW)	NA	Sst_Chodl_3_SEAAD	7	12243650.0	8.915719141958759e-10	-0.12033982992231985	0.32935463229995865
meta (ancestry IVW)	NA	Sst_Chodl_3_SEAAD	7	12243703.0	8.915719141958759e-10	-0.12033982992231985	0.32935463229995865
meta (ancestry IVW)	NA	Sst_Chodl_3_SEAAD	7	12244161.0	8.915719141958759e-10	-0.12033982992231985	0.32935463229995865
meta (ancestry IVW)	NA	Sst_Chodl_3_SEAAD	7	12244247.0	7.476213688547324e-10	-0.12076792072399985	0.3390489303712619
meta (ancestry IVW)	NA	Sst_Chodl_3_SEAAD	7	12244382.0	9.49011937147021e-10	-0.12012515407061637	0.32572293956300297
meta (ancestry IVW)	NA	Vip_15	7	12194222.0	4.015773681547097e-13	0.14437186791517145	0.6646448921656387
meta (ancestry IVW)	NA	Vip_15	7	12194293.0	1.776547544353992e-09	0.13191209067336432	0.5630291944509772
meta (ancestry IVW)	NA	Vip_15	7	12196292.0	2.546529917902709e-09	0.11593692817142079	0.0
meta (ancestry IVW)	NA	Vip_15	7	12198922.0	1.679377604831343e-10	0.13729042888948634	0.35205032113078105
meta (ancestry IVW)	NA	Vip_15	7	12199648.0	1.2097238719483848e-10	0.1378832922288132	0.2680809872792299
meta (ancestry IVW)	NA	Vip_15	7	12201319.0	3.0431746575623645e-10	0.13862182891954575	0.3963605619099704
meta (ancestry IVW)	NA	Vip_15	7	12201488.0	5.32644250056959e-10	0.13625828487909353	0.42722815931817426
meta (ancestry IVW)	NA	Vip_15	7	12202043.0	3.169865085228524e-11	0.14350101623427272	0.5088177133881856
meta (ancestry IVW)	NA	Vip_15	7	12203113.0	4.925219514647387e-10	0.13678422608256488	0.3589288233789521
meta (ancestry IVW)	NA	Vip_15	7	12203664.0	6.231014798529026e-10	0.13597267996943166	0.4545279339241395
meta (ancestry IVW)	NA	Vip_15	7	12205599.0	1.0919530744733566e-10	0.13768302725723358	0.27833068469200095
meta (ancestry IVW)	NA	Vip_15	7	12207683.0	1.0285016941182248e-10	0.13244796124563274	0.0
meta (ancestry IVW)	NA	Vip_15	7	12207704.0	4.33601001985678e-11	0.13804580134642824	0.0
meta (ancestry IVW)	NA	Vip_15	7	12210752.0	8.112671013810574e-15	0.15156799841105356	0.0
meta (ancestry IVW)	NA	Vip_15	7	12210776.0	2.6880672306574963e-15	0.1548788712820989	0.0
meta (ancestry IVW)	NA	Vip_15	7	12211934.0	2.158133705957965e-16	0.15997269491955368	0.0
meta (ancestry IVW)	NA	Vip_15	7	12212045.0	3.2079414479096263e-16	0.15900730401384533	0.0
meta (ancestry IVW)	NA	Vip_15	7	12212100.0	1.3238661313778499e-09	0.1210545911189862	0.0
meta (ancestry IVW)	NA	Vip_15	7	12212164.0	1.9279441014362233e-16	0.1601635836777051	0.0
meta (ancestry IVW)	NA	Vip_15	7	12212200.0	2.131687149393015e-09	0.1186654180161545	0.0
meta (ancestry IVW)	NA	Vip_15	7	12212493.0	5.5744793628683815e-14	-0.14809510870339984	0.0
meta (ancestry IVW)	NA	Vip_15	7	12212914.0	9.230845169585928e-17	0.1620639181450278	0.0
meta (ancestry IVW)	NA	Vip_15	7	12213033.0	1.9795706081749994e-16	0.1605736182900947	0.0
meta (ancestry IVW)	NA	Vip_15	7	12213115.0	7.422144318319479e-17	0.16255241739166576	0.0
meta (ancestry IVW)	NA	Vip_15	7	12213267.0	1.122283055835386e-16	0.16162857355608354	0.0
meta (ancestry IVW)	NA	Vip_15	7	12213276.0	1.290489245256443e-16	0.1614683608442007	0.0
meta (ancestry IVW)	NA	Vip_15	7	12213424.0	6.641493677912502e-17	0.16278022199923695	0.0
meta (ancestry IVW)	NA	Vip_15	7	12213462.0	6.261903455955345e-17	0.16289644730334113	0.0
meta (ancestry IVW)	NA	Vip_15	7	12213736.0	1.777096823429361e-16	0.16058744256876673	0.0
meta (ancestry IVW)	NA	Vip_15	7	12213746.0	1.6449541300124648e-16	0.16072814475741234	0.0
meta (ancestry IVW)	NA	Vip_15	7	12213917.0	1.3293882542314475e-16	0.16119600992866262	0.0
meta (ancestry IVW)	NA	Vip_15	7	12213937.0	1.3293882542314475e-16	0.16119600992866262	0.0
meta (ancestry IVW)	NA	Vip_15	7	12214254.0	1.2593955435295741e-16	0.16130385158513164	0.0
meta (ancestry IVW)	NA	Vip_15	7	12214267.0	6.315787855971663e-11	0.13530958834739348	0.0
meta (ancestry IVW)	NA	Vip_15	7	12215313.0	6.694624753969104e-10	0.12892046037059957	0.0
meta (ancestry IVW)	NA	Vip_15	7	12215808.0	7.283113736829692e-17	0.16271879281235477	0.0
meta (ancestry IVW)	NA	Vip_15	7	12215885.0	3.8565948715672474e-16	0.15981732160416814	0.0
meta (ancestry IVW)	NA	Vip_15	7	12216038.0	6.42261908219594e-17	0.16323149884915222	0.0
meta (ancestry IVW)	NA	Vip_15	7	12216152.0	1.2046356529176089e-09	0.1269524218586634	0.0
meta (ancestry IVW)	NA	Vip_15	7	12216914.0	1.0403363116173985e-10	0.1341659789146449	0.0
meta (ancestry IVW)	NA	Vip_15	7	12216922.0	4.814232270763176e-17	0.16386090847656673	0.0
meta (ancestry IVW)	NA	Vip_15	7	12217026.0	1.042162502807638e-09	0.12585671574415574	0.0
meta (ancestry IVW)	NA	Vip_15	7	12217901.0	6.253975053431687e-17	0.16319417001559175	0.0
meta (ancestry IVW)	NA	Vip_15	7	12217923.0	4.490424080677649e-17	0.16393554187584689	0.0
meta (ancestry IVW)	NA	Vip_15	7	12218102.0	2.740204894274845e-09	0.11807524104747665	0.0
meta (ancestry IVW)	NA	Vip_15	7	12218312.0	1.620364700033732e-09	0.11973450491338784	0.0
meta (ancestry IVW)	NA	Vip_15	7	12219039.0	7.986523192904281e-17	0.16313494479473836	0.0
meta (ancestry IVW)	NA	Vip_15	7	12219129.0	7.749796671583474e-17	0.16323127918267497	0.0
meta (ancestry IVW)	NA	Vip_15	7	12220920.0	3.0404333706369645e-10	0.1303988450936769	0.0
meta (ancestry IVW)	NA	Vip_15	7	12222203.0	9.669755682021464e-17	0.16293243918900335	0.0
meta (ancestry IVW)	NA	Vip_15	7	12222285.0	8.103391412381063e-14	0.1531235532266525	0.0
meta (ancestry IVW)	NA	Vip_15	7	12222616.0	9.270539888696639e-17	0.16264909837214694	0.0
meta (ancestry IVW)	NA	Vip_15	7	12222945.0	9.690670746376025e-17	0.16263283920480043	0.0
meta (ancestry IVW)	NA	Vip_15	7	12223028.0	2.552983160292129e-09	0.11811993595604586	0.0
meta (ancestry IVW)	NA	Vip_15	7	12223091.0	1.2852464442772142e-16	0.16196432863807733	0.0
meta (ancestry IVW)	NA	Vip_15	7	12223175.0	7.796728404164377e-17	0.16311676287783194	0.0
meta (ancestry IVW)	NA	Vip_15	7	12223342.0	7.555991482814709e-17	0.16320085008391458	0.0
meta (ancestry IVW)	NA	Vip_15	7	12223557.0	9.270539888696639e-17	0.16264909837214694	0.0
meta (ancestry IVW)	NA	Vip_15	7	12223752.0	4.132330583170648e-16	0.1593771393528065	0.0
meta (ancestry IVW)	NA	Vip_15	7	12223811.0	1.29465033757914e-16	0.1618902525312252	0.0
meta (ancestry IVW)	NA	Vip_15	7	12223912.0	1.8739091533001814e-16	0.1611795060224554	0.0
meta (ancestry IVW)	NA	Vip_15	7	12223920.0	2.0693391600359703e-16	0.16090795593901305	0.0
meta (ancestry IVW)	NA	Vip_15	7	12223961.0	9.407481850720127e-17	0.16264215212718414	0.0
meta (ancestry IVW)	NA	Vip_15	7	12224173.0	1.3140526065563927e-16	0.16203279641262866	0.0
meta (ancestry IVW)	NA	Vip_15	7	12224174.0	1.3140526065563927e-16	0.16203279641262866	0.0
meta (ancestry IVW)	NA	Vip_15	7	12224525.0	2.138498783357617e-09	0.11880538984940858	0.0
meta (ancestry IVW)	NA	Vip_15	7	12224594.0	1.4543419616055152e-09	0.12003334769211742	0.0
meta (ancestry IVW)	NA	Vip_15	7	12224635.0	9.270539888696639e-17	0.16264909837214694	0.0
meta (ancestry IVW)	NA	Vip_15	7	12224671.0	9.270539888696639e-17	0.16264909837214694	0.0
meta (ancestry IVW)	NA	Vip_15	7	12224841.0	1.946344295720535e-16	0.1609133524724997	0.0
meta (ancestry IVW)	NA	Vip_15	7	12225040.0	9.061727268440382e-17	0.1628062999916211	0.0
meta (ancestry IVW)	NA	Vip_15	7	12225111.0	1.8372191457887214e-17	0.1665779594159274	0.0
meta (ancestry IVW)	NA	Vip_15	7	12225245.0	3.7337454981232093e-16	0.16000227024236627	0.0
meta (ancestry IVW)	NA	Vip_15	7	12225433.0	5.370667998230247e-16	0.15921614571403023	0.0
meta (ancestry IVW)	NA	Vip_15	7	12225566.0	1.4885624607016624e-16	0.16173951463686825	0.0
meta (ancestry IVW)	NA	Vip_15	7	12226113.0	1.0640053526766629e-09	0.12744631696773068	0.0
meta (ancestry IVW)	NA	Vip_15	7	12226222.0	1.3063700675226689e-16	0.16201223219810246	0.0
meta (ancestry IVW)	NA	Vip_15	7	12226326.0	1.1325292504436175e-16	0.16229452591470717	0.0
meta (ancestry IVW)	NA	Vip_15	7	12226362.0	1.8638588021065056e-17	0.16643105623971266	0.0
meta (ancestry IVW)	NA	Vip_15	7	12226694.0	9.744934827990196e-10	0.1275356525837819	0.0
meta (ancestry IVW)	NA	Vip_15	7	12226925.0	1.3377817909239338e-16	0.1619055885028191	0.0
meta (ancestry IVW)	NA	Vip_15	7	12227080.0	4.4232199224863025e-16	0.1595345448488465	0.0
meta (ancestry IVW)	NA	Vip_15	7	12227188.0	1.0837355671715943e-16	0.16233016375262402	0.0
meta (ancestry IVW)	NA	Vip_15	7	12227241.0	1.9019308361215616e-17	0.16646222220047807	0.0
meta (ancestry IVW)	NA	Vip_15	7	12227595.0	1.2796297443667869e-16	0.162011799083847	0.0
meta (ancestry IVW)	NA	Vip_15	7	12227630.0	2.383162336659154e-13	0.14869474870479982	0.0
meta (ancestry IVW)	NA	Vip_15	7	12227869.0	2.2517343773324094e-17	0.1661481959447765	0.0
meta (ancestry IVW)	NA	Vip_15	7	12227926.0	3.439214741548368e-17	0.1653143913677112	0.0
meta (ancestry IVW)	NA	Vip_15	7	12227933.0	3.439214741548368e-17	0.1653143913677112	0.0
meta (ancestry IVW)	NA	Vip_15	7	12227988.0	2.47779661614023e-17	0.1658893858291	0.0
meta (ancestry IVW)	NA	Vip_15	7	12228108.0	3.319578764464159e-17	0.1652182196555542	0.0
meta (ancestry IVW)	NA	Vip_15	7	12228211.0	2.443664777936559e-17	0.16594502187494786	0.0
meta (ancestry IVW)	NA	Vip_15	7	12228456.0	5.2704227383619013e-17	0.16444473179443242	0.0
meta (ancestry IVW)	NA	Vip_15	7	12228491.0	2.443664777936559e-17	0.16594502187494786	0.0
meta (ancestry IVW)	NA	Vip_15	7	12228617.0	2.9988147313640254e-17	0.16553941291469274	0.0
meta (ancestry IVW)	NA	Vip_15	7	12228842.0	1.5599627837362297e-17	0.16689696538630922	0.0
meta (ancestry IVW)	NA	Vip_15	7	12228925.0	1.7685006025268017e-17	0.16667638487966818	0.0
meta (ancestry IVW)	NA	Vip_15	7	12229042.0	1.543042302405955e-17	0.16611623559199046	0.0
meta (ancestry IVW)	NA	Vip_15	7	12229069.0	1.4182763976180282e-09	0.12031601889852465	0.0
meta (ancestry IVW)	NA	Vip_15	7	12229091.0	1.6444880594583824e-17	0.16690640355555864	0.0
meta (ancestry IVW)	NA	Vip_15	7	12229132.0	9.204298070728122e-17	0.16279713301441892	0.0
meta (ancestry IVW)	NA	Vip_15	7	12229166.0	1.6444880594583824e-17	0.16690640355555864	0.0
meta (ancestry IVW)	NA	Vip_15	7	12229172.0	1.6444880594583824e-17	0.16690640355555864	0.0
meta (ancestry IVW)	NA	Vip_15	7	12229185.0	1.790913481257717e-17	0.16677928856447796	0.0
meta (ancestry IVW)	NA	Vip_15	7	12229634.0	3.299047646110781e-17	0.16549568050286245	0.0
meta (ancestry IVW)	NA	Vip_15	7	12229791.0	1.5799874732964938e-17	0.16697187399257482	0.0
meta (ancestry IVW)	NA	Vip_15	7	12229949.0	2.023806313071045e-17	0.16644001894364063	0.0
meta (ancestry IVW)	NA	Vip_15	7	12229967.0	7.032011269892598e-17	0.164040868294662	0.0
meta (ancestry IVW)	NA	Vip_15	7	12230053.0	4.1410251528591275e-18	0.16938673076598104	0.0
meta (ancestry IVW)	NA	Vip_15	7	12230136.0	1.7439993418241715e-17	0.16673217395698606	0.0
meta (ancestry IVW)	NA	Vip_15	7	12230178.0	3.2823533229569005e-17	0.16527839926559573	0.0
meta (ancestry IVW)	NA	Vip_15	7	12230191.0	1.7439993418241715e-17	0.16673217395698606	0.0
meta (ancestry IVW)	NA	Vip_15	7	12230893.0	1.8008448361906844e-17	0.16670132610891344	0.0
meta (ancestry IVW)	NA	Vip_15	7	12230939.0	1.304878178594737e-17	0.16745587202030515	0.0
meta (ancestry IVW)	NA	Vip_15	7	12230999.0	1.3424163419212845e-17	0.16735238079861503	0.0
meta (ancestry IVW)	NA	Vip_15	7	12231144.0	1.5541233143972513e-17	0.16707269762973892	0.0
meta (ancestry IVW)	NA	Vip_15	7	12231189.0	1.6129714531031888e-17	0.16691513272280584	0.0
meta (ancestry IVW)	NA	Vip_15	7	12231341.0	6.985261627503029e-10	0.12643277592642996	0.1443830757033642
meta (ancestry IVW)	NA	Vip_15	7	12231626.0	4.646908718471919e-16	0.15941177670517426	0.0
meta (ancestry IVW)	NA	Vip_15	7	12232371.0	1.441903673515485e-17	0.167208994081082	0.0
meta (ancestry IVW)	NA	Vip_15	7	12232490.0	1.1243074657267508e-17	0.16770594158374977	0.0
meta (ancestry IVW)	NA	Vip_15	7	12232942.0	2.5222293645032846e-17	0.16581378923891013	0.0
meta (ancestry IVW)	NA	Vip_15	7	12233526.0	2.50375910887465e-11	0.13643823779100955	0.0
meta (ancestry IVW)	NA	Vip_15	7	12233787.0	5.0556083045702585e-17	0.1642377875631477	0.0
meta (ancestry IVW)	NA	Vip_15	7	12233870.0	2.7840280486816053e-17	0.16569741730306334	0.0
meta (ancestry IVW)	NA	Vip_15	7	12234787.0	1.1240731201503092e-16	0.16250046364509516	0.0
meta (ancestry IVW)	NA	Vip_15	7	12235882.0	5.531014895295526e-16	0.15920390504523488	0.0
meta (ancestry IVW)	NA	Vip_15	7	12235998.0	7.164515301741091e-16	0.15844093981297458	0.0
meta (ancestry IVW)	NA	Vip_15	7	12236049.0	2.7577704689642803e-16	0.16074221280079332	0.0
meta (ancestry IVW)	NA	Vip_15	7	12236192.0	2.059688309996178e-16	0.16154471509817897	0.0
meta (ancestry IVW)	NA	Vip_15	7	12236385.0	4.533245244693976e-16	0.15966825394607087	0.0
meta (ancestry IVW)	NA	Vip_15	7	12236419.0	4.865561459167556e-16	0.1595119762324419	0.0
meta (ancestry IVW)	NA	Vip_15	7	12237259.0	7.649385531082966e-17	0.1638326676773727	0.0
meta (ancestry IVW)	NA	Vip_15	7	12237394.0	4.0923274349248744e-10	0.1280077809370815	0.0
meta (ancestry IVW)	NA	Vip_15	7	12238147.0	2.3625431122397297e-17	0.16608480430018016	0.0
meta (ancestry IVW)	NA	Vip_15	7	12238811.0	3.9369520602661447e-10	0.1286104589707893	0.0
meta (ancestry IVW)	NA	Vip_15	7	12239572.0	2.8841426107699085e-09	0.11804861906870771	0.0
meta (ancestry IVW)	NA	Vip_15	7	12239933.0	3.562972482902812e-10	0.1288110987698518	0.0
meta (ancestry IVW)	NA	Vip_15	7	12240135.0	1.8446323168968573e-16	0.16185840256847273	0.0
meta (ancestry IVW)	NA	Vip_15	7	12241104.0	2.5070961556241144e-16	0.16113506624059779	0.0
meta (ancestry IVW)	NA	Vip_15	7	12241212.0	6.759210454989174e-10	0.12642805337065977	0.004786472727765763
meta (ancestry IVW)	NA	Vip_15	7	12242825.0	8.98450799476744e-16	0.15786825946467434	0.2128215833621976
meta (ancestry IVW)	NA	Vip_15	7	12243601.0	1.0697793035173705e-16	0.16329041523967974	0.0
meta (ancestry IVW)	NA	Vip_15	7	12243624.0	8.965401156666248e-10	0.12567043512791762	0.0
meta (ancestry IVW)	NA	Vip_15	7	12243650.0	8.916880615039068e-17	0.16361248601639378	0.0
meta (ancestry IVW)	NA	Vip_15	7	12243703.0	8.916880615039068e-17	0.16361248601639378	0.0
meta (ancestry IVW)	NA	Vip_15	7	12244161.0	8.916880615039068e-17	0.16361248601639378	0.0
meta (ancestry IVW)	NA	Vip_15	7	12244247.0	1.107567892969064e-16	0.1629429880176617	0.0
meta (ancestry IVW)	NA	Vip_15	7	12244382.0	9.25460139037164e-17	0.16349955788125634	0.0
meta (ancestry IVW)	NA	Vip_15	7	12244752.0	3.9409306427945214e-15	0.15529176676423695	0.5971560438324341
meta (ancestry IVW)	NA	Vip_15	7	12244804.0	1.3373689102642645e-15	0.15635538267240193	0.5312203074538666
meta (ancestry IVW)	NA	Vip_15	7	12245514.0	1.5441324039923464e-15	0.15611957340051033	0.49245149879522027
