pipeline	locus	locus_id	CHROM	POS_hg19	disease	disease_raw	cell_type	mgp_trait	PP.H4	n_snps
mine	TMEM106B	Astrocyte_chr7_12252119	7	12252119	MDD	MDD_MDD2025	Astrocyte	Astrocyte	0.939042266038482	3077
mine	TMEM106B	Astrocyte_chr7_12252119	7	12252119	AD	AD_Bellenguez2022	Astrocyte	Astrocyte	0.90127472667297	4279
mine	other	Astrocyte_chr6_32202597	6	32202597	MDD	MDD_MDD2025	Astrocyte	Astrocyte	0.853593869148965	3731
mine	other	Astrocyte_chr4_33909384	4	33909384	BD	BD_bip2024	Astrocyte	Astrocyte	0.198092167933124	1055
mine	other	Astrocyte_chr6_144699934	6	144699934	LBD	LBD_Chia2021	Astrocyte	Astrocyte	0.164171665561803	1384
mine	other	Astrocyte_chr4_33909384	4	33909384	SCZ	SCZ_Trubetskoy2022	Astrocyte	Astrocyte	0.130618571684751	1078
mine	other	Astrocyte_chr6_144699934	6	144699934	PD	PD_Nalls2019	Astrocyte	Astrocyte	0.100143207072406	1827
mine	other	Astrocyte_chr11_31277589	11	31277589	SCZ	SCZ_Trubetskoy2022	Astrocyte	Astrocyte	0.0932836862908009	833
mine	other	Astrocyte_chr13_21951824	13	21951824	SCZ	SCZ_Trubetskoy2022	Astrocyte	Astrocyte	0.0908533301467162	2139
mine	TMEM106B	Astrocyte_chr7_12252119	7	12252119	LBD	LBD_Chia2021	Astrocyte	Astrocyte	0.0575405466081872	3467
mine	other	Astrocyte_chr13_21144958	13	21144958	PD	PD_Nalls2019	Astrocyte	Astrocyte	0.0530294830683832	2654
mine	other	Astrocyte_chr6_32202597	6	32202597	BD	BD_bip2024	Astrocyte	Astrocyte	0.036311675858429	4278
mine	other	Astrocyte_chr6_32202597	6	32202597	LBD	LBD_Chia2021	Astrocyte	Astrocyte	0.0351309506266765	3360
mine	other	Astrocyte_chr18_70297799	18	70297799	MDD	MDD_MDD2025	Astrocyte	Astrocyte	0.0346283215995875	2300
mine	other	Astrocyte_chr10_88688336	10	88688336	LBD	LBD_Chia2021	Astrocyte	Astrocyte	0.0340287618052201	1512
mine	other	Astrocyte_chr6_5344146	6	5344146	LBD	LBD_Chia2021	Astrocyte	Astrocyte	0.03310662100013	2109
mine	other	Astrocyte_chr11_31277589	11	31277589	LBD	LBD_Chia2021	Astrocyte	Astrocyte	0.0320191139824219	869
mine	other	Astrocyte_chr13_21951824	13	21951824	PD	PD_Nalls2019	Astrocyte	Astrocyte	0.0303910940830987	2463
mine	TMEM106B	Astrocyte_chr7_12252119	7	12252119	PD	PD_Nalls2019	Astrocyte	Astrocyte	0.0287595369507796	3962
mine	other	Astrocyte_chr20_16301011	20	16301011	LBD	LBD_Chia2021	Astrocyte	Astrocyte	0.028094264887085	2560
mine	other	Astrocyte_chr13_21144958	13	21144958	LBD	LBD_Chia2021	Astrocyte	Astrocyte	0.0275981118605271	2296
mine	other	Astrocyte_chr20_43827112	20	43827112	LBD	LBD_Chia2021	Astrocyte	Astrocyte	0.0264218982661371	1922
mine	other	Astrocyte_chr9_79413369	9	79413369	LBD	LBD_Chia2021	Astrocyte	Astrocyte	0.0248591318929119	2362
mine	other	Astrocyte_chr15_92849358	15	92849358	LBD	LBD_Chia2021	Astrocyte	Astrocyte	0.0245225465635552	2262
mine	other	Astrocyte_chr9_83231511	9	83231511	SCZ	SCZ_Trubetskoy2022	Astrocyte	Astrocyte	0.0236581575240379	2899
mine	other	Astrocyte_chr6_5344146	6	5344146	PD	PD_Nalls2019	Astrocyte	Astrocyte	0.0234486409420589	2551
mine	other	Astrocyte_chr16_87220974	16	87220974	AD	AD_Bellenguez2022	Astrocyte	Astrocyte	0.0210620076264599	3044
mine	other	Astrocyte_chr3_117095629	3	117095629	MDD	MDD_MDD2025	Astrocyte	Astrocyte	0.0210040315250848	1851
mine	other	Astrocyte_chr17_18512137	17	18512137	AD	AD_Bellenguez2022	Astrocyte	Astrocyte	0.0210003116129984	1359
mine	other	Astrocyte_chr9_83231511	9	83231511	LBD	LBD_Chia2021	Astrocyte	Astrocyte	0.0207674112571994	3047
mine	other	Astrocyte_chr3_117095629	3	117095629	SCZ	SCZ_Trubetskoy2022	Astrocyte	Astrocyte	0.0205506188129591	2030
mine	other	Astrocyte_chr3_1314393	3	1314393	LBD	LBD_Chia2021	Astrocyte	Astrocyte	0.0199540711365764	3205
mine	other	Astrocyte_chr1_189756157	1	189756157	SCZ	SCZ_Trubetskoy2022	Astrocyte	Astrocyte	0.0198258382457404	1942
mine	other	Astrocyte_chr19_1402662	19	1402662	SCZ	SCZ_Trubetskoy2022	Astrocyte	Astrocyte	0.01932686733383	2002
mine	other	Astrocyte_chr3_1314393	3	1314393	AD	AD_Bellenguez2022	Astrocyte	Astrocyte	0.0189659549784152	3727
mine	other	Astrocyte_chr3_1314393	3	1314393	PD	PD_Nalls2019	Astrocyte	Astrocyte	0.0186169302989548	3378
mine	other	Astrocyte_chr11_31277589	11	31277589	MDD	MDD_MDD2025	Astrocyte	Astrocyte	0.0183732273549537	797
mine	other	Astrocyte_chr4_33909384	4	33909384	MDD	MDD_MDD2025	Astrocyte	Astrocyte	0.0180272684095209	948
mine	TMEM106B	Astrocyte_chr7_12252119	7	12252119	SCZ	SCZ_Trubetskoy2022	Astrocyte	Astrocyte	0.0172496719231194	3338
mine	other	Astrocyte_chr11_31277589	11	31277589	BD	BD_bip2024	Astrocyte	Astrocyte	0.0170662805241105	827
mine	other	Astrocyte_chr13_21144958	13	21144958	SCZ	SCZ_Trubetskoy2022	Astrocyte	Astrocyte	0.0162061531004724	2341
mine	other	Astrocyte_chr6_144699934	6	144699934	MDD	MDD_MDD2025	Astrocyte	Astrocyte	0.0155820471311209	1374
mine	other	Astrocyte_chr20_43827112	20	43827112	BD	BD_bip2024	Astrocyte	Astrocyte	0.0154999439136989	1785
mine	other	Astrocyte_chr6_1577662	6	1577662	LBD	LBD_Chia2021	Astrocyte	Astrocyte	0.0154222941228748	2302
mine	other	Astrocyte_chr20_43827112	20	43827112	SCZ	SCZ_Trubetskoy2022	Astrocyte	Astrocyte	0.0152595432551114	1816
mine	other	Astrocyte_chr5_26203456	5	26203456	AD	AD_Bellenguez2022	Astrocyte	Astrocyte	0.0146379830753225	2853
mine	other	Astrocyte_chr5_26203456	5	26203456	LBD	LBD_Chia2021	Astrocyte	Astrocyte	0.0142694613820793	2310
mine	other	Astrocyte_chr11_31277589	11	31277589	PD	PD_Nalls2019	Astrocyte	Astrocyte	0.0138555027022697	994
mine	other	Astrocyte_chr15_66282891	15	66282891	MDD	MDD_MDD2025	Astrocyte	Astrocyte	0.0138547849862562	1615
mine	other	Astrocyte_chr15_66282891	15	66282891	LBD	LBD_Chia2021	Astrocyte	Astrocyte	0.0137987866935414	1706
mine	other	Astrocyte_chr6_5344146	6	5344146	SCZ	SCZ_Trubetskoy2022	Astrocyte	Astrocyte	0.0126477446907086	2230
mine	other	Astrocyte_chr5_26203456	5	26203456	PD	PD_Nalls2019	Astrocyte	Astrocyte	0.0125353508569191	2707
mine	other	Astrocyte_chr9_79413369	9	79413369	AD	AD_Bellenguez2022	Astrocyte	Astrocyte	0.0123676307008164	2820
mine	other	Astrocyte_chr4_33909384	4	33909384	LBD	LBD_Chia2021	Astrocyte	Astrocyte	0.0122565685723933	1151
mine	other	Astrocyte_chr4_33909384	4	33909384	PD	PD_Nalls2019	Astrocyte	Astrocyte	0.0122452303124423	1157
mine	other	Astrocyte_chr13_21144958	13	21144958	BD	BD_bip2024	Astrocyte	Astrocyte	0.0121196284393072	2213
mine	other	Astrocyte_chr19_1402662	19	1402662	AD	AD_Bellenguez2022	Astrocyte	Astrocyte	0.0121141838056125	2459
mine	other	Astrocyte_chr15_92849358	15	92849358	SCZ	SCZ_Trubetskoy2022	Astrocyte	Astrocyte	0.0119985178564566	2493
mine	other	Astrocyte_chr9_83231511	9	83231511	PD	PD_Nalls2019	Astrocyte	Astrocyte	0.0114999255339754	3070
mine	other	Astrocyte_chr6_32202597	6	32202597	PD	PD_Nalls2019	Astrocyte	Astrocyte	0.0113072635179151	5054
mine	other	Astrocyte_chr6_4692758	6	4692758	PD	PD_Nalls2019	Astrocyte	Astrocyte	0.0111616340465666	3015
mine	other	Astrocyte_chr7_57126199	7	57126199	LBD	LBD_Chia2021	Astrocyte	Astrocyte	0.0111246802912087	1971
mine	other	Astrocyte_chr9_83231511	9	83231511	AD	AD_Bellenguez2022	Astrocyte	Astrocyte	0.0109315932387535	3468
mine	other	Astrocyte_chr17_18512137	17	18512137	SCZ	SCZ_Trubetskoy2022	Astrocyte	Astrocyte	0.010875756290852	1057
mine	other	Astrocyte_chr9_79413369	9	79413369	PD	PD_Nalls2019	Astrocyte	Astrocyte	0.0105898616519762	2591
mine	other	Astrocyte_chr10_88688336	10	88688336	PD	PD_Nalls2019	Astrocyte	Astrocyte	0.0104179786926478	1638
mine	other	Astrocyte_chr20_16301011	20	16301011	MDD	MDD_MDD2025	Astrocyte	Astrocyte	0.0102953941794605	2396
mine	other	Astrocyte_chr6_5344146	6	5344146	BD	BD_bip2024	Astrocyte	Astrocyte	0.00997535424018167	2167
mine	other	Astrocyte_chr6_144699934	6	144699934	BD	BD_bip2024	Astrocyte	Astrocyte	0.00936359397493306	1361
mine	other	Astrocyte_chr20_43827112	20	43827112	AD	AD_Bellenguez2022	Astrocyte	Astrocyte	0.00925300676026763	2321
mine	other	Astrocyte_chr7_57126199	7	57126199	AD	AD_Bellenguez2022	Astrocyte	Astrocyte	0.00903808278037561	2395
mine	other	Astrocyte_chr15_66282891	15	66282891	AD	AD_Bellenguez2022	Astrocyte	Astrocyte	0.00898146981278877	2085
mine	other	Astrocyte_chr6_32202597	6	32202597	AD	AD_Bellenguez2022	Astrocyte	Astrocyte	0.00871749460662818	5537
mine	other	Astrocyte_chr3_117095629	3	117095629	BD	BD_bip2024	Astrocyte	Astrocyte	0.00856558615721228	1996
mine	other	Astrocyte_chr4_42621074	4	42621074	PD	PD_Nalls2019	Astrocyte	Astrocyte	0.00851239518977475	2501
mine	other	Astrocyte_chr11_31277589	11	31277589	AD	AD_Bellenguez2022	Astrocyte	Astrocyte	0.00840402242749704	1096
mine	other	Astrocyte_chr6_4692758	6	4692758	LBD	LBD_Chia2021	Astrocyte	Astrocyte	0.00837366783978327	2382
mine	other	Astrocyte_chr6_1577662	6	1577662	PD	PD_Nalls2019	Astrocyte	Astrocyte	0.00829455273447464	2586
mine	other	Astrocyte_chr4_42621074	4	42621074	LBD	LBD_Chia2021	Astrocyte	Astrocyte	0.00823700156444875	2138
mine	other	Astrocyte_chr15_66282891	15	66282891	PD	PD_Nalls2019	Astrocyte	Astrocyte	0.00823656531605563	2020
mine	other	Astrocyte_chr1_92011093	1	92011093	LBD	LBD_Chia2021	Astrocyte	Astrocyte	0.0082118202103602	2358
mine	other	Astrocyte_chr20_16301011	20	16301011	SCZ	SCZ_Trubetskoy2022	Astrocyte	Astrocyte	0.0079722730442237	2538
mine	other	Astrocyte_chr7_57126199	7	57126199	PD	PD_Nalls2019	Astrocyte	Astrocyte	0.00793038709352479	2059
mine	other	Astrocyte_chr6_32202597	6	32202597	SCZ	SCZ_Trubetskoy2022	Astrocyte	Astrocyte	0.00787659661443017	5133
mine	other	Astrocyte_chr9_83231511	9	83231511	MDD	MDD_MDD2025	Astrocyte	Astrocyte	0.00747215529522334	2733
mine	other	Astrocyte_chr6_144699934	6	144699934	SCZ	SCZ_Trubetskoy2022	Astrocyte	Astrocyte	0.00734380862124195	1409
mine	other	Astrocyte_chr6_5344146	6	5344146	AD	AD_Bellenguez2022	Astrocyte	Astrocyte	0.00729454621516671	2715
mine	other	Astrocyte_chr18_70297799	18	70297799	SCZ	SCZ_Trubetskoy2022	Astrocyte	Astrocyte	0.00729001840085186	2452
mine	other	Astrocyte_chr19_1402662	19	1402662	LBD	LBD_Chia2021	Astrocyte	Astrocyte	0.00721919621915209	1995
mine	other	Astrocyte_chr10_88688336	10	88688336	AD	AD_Bellenguez2022	Astrocyte	Astrocyte	0.00713868344535076	1931
mine	other	Astrocyte_chr6_1577662	6	1577662	AD	AD_Bellenguez2022	Astrocyte	Astrocyte	0.00705135763970946	2779
mine	other	Astrocyte_chr15_92849358	15	92849358	PD	PD_Nalls2019	Astrocyte	Astrocyte	0.00705099216670983	2919
mine	other	Astrocyte_chr16_87220974	16	87220974	LBD	LBD_Chia2021	Astrocyte	Astrocyte	0.00704147126916048	2308
mine	other	Astrocyte_chr20_43827112	20	43827112	PD	PD_Nalls2019	Astrocyte	Astrocyte	0.00702184207897845	2142
mine	other	Astrocyte_chr10_38360440	10	38360440	LBD	LBD_Chia2021	Astrocyte	Astrocyte	0.00676197711506636	1074
mine	other	Astrocyte_chr19_1402662	19	1402662	PD	PD_Nalls2019	Astrocyte	Astrocyte	0.00675505583309607	2208
mine	other	Astrocyte_chr9_83231511	9	83231511	BD	BD_bip2024	Astrocyte	Astrocyte	0.0065674683567222	2848
mine	other	Astrocyte_chr13_21144958	13	21144958	AD	AD_Bellenguez2022	Astrocyte	Astrocyte	0.00655102933989314	2878
mine	other	Astrocyte_chr16_87220974	16	87220974	SCZ	SCZ_Trubetskoy2022	Astrocyte	Astrocyte	0.00646902151885938	2523
mine	other	Astrocyte_chr10_88688336	10	88688336	BD	BD_bip2024	Astrocyte	Astrocyte	0.0063799850501625	1417
mine	other	Astrocyte_chr6_4692758	6	4692758	BD	BD_bip2024	Astrocyte	Astrocyte	0.0063081842023902	2555
mine	other	Astrocyte_chr3_1314393	3	1314393	BD	BD_bip2024	Astrocyte	Astrocyte	0.00625961905450802	2930
mine	other	Astrocyte_chr6_4692758	6	4692758	SCZ	SCZ_Trubetskoy2022	Astrocyte	Astrocyte	0.00614972486727557	2624
mine	other	Astrocyte_chr16_87220974	16	87220974	PD	PD_Nalls2019	Astrocyte	Astrocyte	0.00600860975355829	2931
mine	other	Astrocyte_chr13_21144958	13	21144958	MDD	MDD_MDD2025	Astrocyte	Astrocyte	0.00589155027926284	2175
mine	other	Astrocyte_chr10_38360440	10	38360440	MDD	MDD_MDD2025	Astrocyte	Astrocyte	0.00588308847717802	1882
mine	other	Astrocyte_chr6_144699934	6	144699934	AD	AD_Bellenguez2022	Astrocyte	Astrocyte	0.00584857776172661	1943
mine	other	Astrocyte_chr20_16301011	20	16301011	AD	AD_Bellenguez2022	Astrocyte	Astrocyte	0.00568847817541937	3005
mine	other	Astrocyte_chr3_1314393	3	1314393	SCZ	SCZ_Trubetskoy2022	Astrocyte	Astrocyte	0.0056359386597085	3006
mine	other	Astrocyte_chr20_16301011	20	16301011	PD	PD_Nalls2019	Astrocyte	Astrocyte	0.00553434146447609	2766
mine	other	Astrocyte_chr1_189756157	1	189756157	AD	AD_Bellenguez2022	Astrocyte	Astrocyte	0.00540191023502902	2589
mine	other	Astrocyte_chr10_88688336	10	88688336	SCZ	SCZ_Trubetskoy2022	Astrocyte	Astrocyte	0.00539566603976209	1495
mine	other	Astrocyte_chr10_38360440	10	38360440	PD	PD_Nalls2019	Astrocyte	Astrocyte	0.00528060826660796	1915
mine	other	Astrocyte_chr4_42621074	4	42621074	BD	BD_bip2024	Astrocyte	Astrocyte	0.00527804431379757	2138
mine	other	Astrocyte_chr2_131111444	2	131111444	PD	PD_Nalls2019	Astrocyte	Astrocyte	0.00525332519141865	1120
mine	other	Astrocyte_chr18_70297799	18	70297799	LBD	LBD_Chia2021	Astrocyte	Astrocyte	0.00517261463381664	2366
mine	other	Astrocyte_chr6_1577662	6	1577662	SCZ	SCZ_Trubetskoy2022	Astrocyte	Astrocyte	0.00509410974996214	2369
mine	other	Astrocyte_chr9_79413369	9	79413369	SCZ	SCZ_Trubetskoy2022	Astrocyte	Astrocyte	0.00501064566563641	2350
mine	other	Astrocyte_chr5_26203456	5	26203456	SCZ	SCZ_Trubetskoy2022	Astrocyte	Astrocyte	0.0048945336902313	2327
mine	other	Astrocyte_chr9_79413369	9	79413369	BD	BD_bip2024	Astrocyte	Astrocyte	0.00478917437941693	2295
mine	other	Astrocyte_chr1_92011093	1	92011093	PD	PD_Nalls2019	Astrocyte	Astrocyte	0.00462527099374803	2375
mine	other	Astrocyte_chr6_1577662	6	1577662	BD	BD_bip2024	Astrocyte	Astrocyte	0.00462427115644683	2321
mine	other	Astrocyte_chr3_117095629	3	117095629	PD	PD_Nalls2019	Astrocyte	Astrocyte	0.00457990194090735	2371
mine	other	Astrocyte_chr18_70297799	18	70297799	PD	PD_Nalls2019	Astrocyte	Astrocyte	0.00455684446679	2576
mine	other	Astrocyte_chr1_189756157	1	189756157	PD	PD_Nalls2019	Astrocyte	Astrocyte	0.00451561907473731	2301
mine	other	Astrocyte_chr3_117095629	3	117095629	LBD	LBD_Chia2021	Astrocyte	Astrocyte	0.00446582736291323	1957
mine	other	Astrocyte_chr6_4692758	6	4692758	AD	AD_Bellenguez2022	Astrocyte	Astrocyte	0.00438649985801082	3167
mine	other	Astrocyte_chr15_66282891	15	66282891	SCZ	SCZ_Trubetskoy2022	Astrocyte	Astrocyte	0.00438037633412147	1744
mine	other	Astrocyte_chr18_70297799	18	70297799	AD	AD_Bellenguez2022	Astrocyte	Astrocyte	0.00436148220770765	2918
mine	other	Astrocyte_chr13_21951824	13	21951824	LBD	LBD_Chia2021	Astrocyte	Astrocyte	0.00435543318989358	2244
mine	other	Astrocyte_chr4_33909384	4	33909384	AD	AD_Bellenguez2022	Astrocyte	Astrocyte	0.00394420285889818	1285
mine	other	Astrocyte_chr4_42621074	4	42621074	AD	AD_Bellenguez2022	Astrocyte	Astrocyte	0.00389059151080864	2697
mine	other	Astrocyte_chr4_42621074	4	42621074	SCZ	SCZ_Trubetskoy2022	Astrocyte	Astrocyte	0.00383578227626618	2243
mine	other	Astrocyte_chr2_131111444	2	131111444	LBD	LBD_Chia2021	Astrocyte	Astrocyte	0.00380052086649539	783
mine	other	Astrocyte_chr1_189756157	1	189756157	LBD	LBD_Chia2021	Astrocyte	Astrocyte	0.00363138505432962	2083
mine	other	Astrocyte_chr15_92849358	15	92849358	AD	AD_Bellenguez2022	Astrocyte	Astrocyte	0.00358450139137337	3073
mine	other	Astrocyte_chr2_131111444	2	131111444	AD	AD_Bellenguez2022	Astrocyte	Astrocyte	0.00348925423115675	1161
mine	other	Astrocyte_chr13_21951824	13	21951824	AD	AD_Bellenguez2022	Astrocyte	Astrocyte	0.00329094031518739	2704
mine	other	Astrocyte_chr5_26203456	5	26203456	BD	BD_bip2024	Astrocyte	Astrocyte	0.00322189927333215	2290
mine	other	Astrocyte_chr17_18512137	17	18512137	MDD	MDD_MDD2025	Astrocyte	Astrocyte	0.00315968591751932	944
mine	other	Astrocyte_chr3_117095629	3	117095629	AD	AD_Bellenguez2022	Astrocyte	Astrocyte	0.0031019295468912	2466
mine	other	Astrocyte_chr1_92011093	1	92011093	AD	AD_Bellenguez2022	Astrocyte	Astrocyte	0.00303785057790466	2615
mine	other	Astrocyte_chr15_66282891	15	66282891	BD	BD_bip2024	Astrocyte	Astrocyte	0.00293583875578478	1707
mine	other	Astrocyte_chr15_92849358	15	92849358	MDD	MDD_MDD2025	Astrocyte	Astrocyte	0.00292055769509072	2337
mine	other	Astrocyte_chr13_21951824	13	21951824	BD	BD_bip2024	Astrocyte	Astrocyte	0.00291669287212225	2085
mine	other	Astrocyte_chr1_92011093	1	92011093	SCZ	SCZ_Trubetskoy2022	Astrocyte	Astrocyte	0.00273310543181241	2265
mine	other	Astrocyte_chr6_4692758	6	4692758	MDD	MDD_MDD2025	Astrocyte	Astrocyte	0.00270204360897532	2357
mine	other	Astrocyte_chr6_5344146	6	5344146	MDD	MDD_MDD2025	Astrocyte	Astrocyte	0.00263052254535861	2029
mine	other	Astrocyte_chr6_1577662	6	1577662	MDD	MDD_MDD2025	Astrocyte	Astrocyte	0.00242152238117237	2262
mine	other	Astrocyte_chr7_57126199	7	57126199	SCZ	SCZ_Trubetskoy2022	Astrocyte	Astrocyte	0.00237559675159186	1897
mine	other	Astrocyte_chr3_1314393	3	1314393	MDD	MDD_MDD2025	Astrocyte	Astrocyte	0.00236487433097498	2940
mine	TMEM106B	Astrocyte_chr7_12252119	7	12252119	BD	BD_bip2024	Astrocyte	Astrocyte	0.0022780574649092	3221
mine	other	Astrocyte_chr5_26203456	5	26203456	MDD	MDD_MDD2025	Astrocyte	Astrocyte	0.00224277249401513	2189
mine	other	Astrocyte_chr20_16301011	20	16301011	BD	BD_bip2024	Astrocyte	Astrocyte	0.00212089591492297	2491
mine	other	Astrocyte_chr7_57126199	7	57126199	BD	BD_bip2024	Astrocyte	Astrocyte	0.0019491642616673	1748
mine	other	Astrocyte_chr9_79413369	9	79413369	MDD	MDD_MDD2025	Astrocyte	Astrocyte	0.00191404519010892	1792
mine	other	Astrocyte_chr10_88688336	10	88688336	MDD	MDD_MDD2025	Astrocyte	Astrocyte	0.00183644550624785	1454
mine	other	Astrocyte_chr15_92849358	15	92849358	BD	BD_bip2024	Astrocyte	Astrocyte	0.00175886814741328	2437
mine	other	Astrocyte_chr10_38360440	10	38360440	AD	AD_Bellenguez2022	Astrocyte	Astrocyte	0.00170593247776006	2236
mine	other	Astrocyte_chr2_131111444	2	131111444	SCZ	SCZ_Trubetskoy2022	Astrocyte	Astrocyte	0.00159283263237717	794
mine	other	Astrocyte_chr17_18512137	17	18512137	PD	PD_Nalls2019	Astrocyte	Astrocyte	0.00159045205010836	1192
mine	other	Astrocyte_chr10_38360440	10	38360440	SCZ	SCZ_Trubetskoy2022	Astrocyte	Astrocyte	0.00152455995082576	1916
mine	other	Astrocyte_chr10_38360440	10	38360440	BD	BD_bip2024	Astrocyte	Astrocyte	0.0015135661953479	1827
mine	other	Astrocyte_chr19_1402662	19	1402662	MDD	MDD_MDD2025	Astrocyte	Astrocyte	0.00148884328557685	1817
mine	other	Astrocyte_chr19_1402662	19	1402662	BD	BD_bip2024	Astrocyte	Astrocyte	0.00143547464428616	1903
mine	other	Astrocyte_chr16_87220974	16	87220974	BD	BD_bip2024	Astrocyte	Astrocyte	0.00126020187393023	2434
mine	other	Astrocyte_chr18_70297799	18	70297799	BD	BD_bip2024	Astrocyte	Astrocyte	0.00121147850013169	2335
mine	other	Astrocyte_chr1_92011093	1	92011093	BD	BD_bip2024	Astrocyte	Astrocyte	0.00120185047713437	2193
mine	other	Astrocyte_chr17_18512137	17	18512137	LBD	LBD_Chia2021	Astrocyte	Astrocyte	0.00113576195712282	1132
mine	other	Astrocyte_chr1_92011093	1	92011093	MDD	MDD_MDD2025	Astrocyte	Astrocyte	0.00112164607743356	2226
mine	other	Astrocyte_chr4_42621074	4	42621074	MDD	MDD_MDD2025	Astrocyte	Astrocyte	0.000966165027908454	2123
mine	other	Astrocyte_chr1_189756157	1	189756157	MDD	MDD_MDD2025	Astrocyte	Astrocyte	0.00094404181360123	1785
mine	other	Astrocyte_chr1_189756157	1	189756157	BD	BD_bip2024	Astrocyte	Astrocyte	0.000900520928795086	1907
mine	other	Astrocyte_chr2_131111444	2	131111444	BD	BD_bip2024	Astrocyte	Astrocyte	0.000871966090523821	732
mine	other	Astrocyte_chr20_43827112	20	43827112	MDD	MDD_MDD2025	Astrocyte	Astrocyte	0.000748656692483326	1780
mine	other	Astrocyte_chr16_87220974	16	87220974	MDD	MDD_MDD2025	Astrocyte	Astrocyte	0.00073504156250764	2365
mine	other	Astrocyte_chr13_21951824	13	21951824	MDD	MDD_MDD2025	Astrocyte	Astrocyte	0.000717117719391539	2082
mine	other	Astrocyte_chr7_57126199	7	57126199	MDD	MDD_MDD2025	Astrocyte	Astrocyte	0.000692690153918202	1740
mine	other	Astrocyte_chr2_131111444	2	131111444	MDD	MDD_MDD2025	Astrocyte	Astrocyte	0.000382405556224304	765
mine	other	Astrocyte_chr17_18512137	17	18512137	BD	BD_bip2024	Astrocyte	Astrocyte	0.000381691205024872	993
mine	TMEM106B	Endothelial_chr7_12252119	7	12252119	AD	AD_Bellenguez2022	Endothelial	Endothelial	0.842838830202931	4279
mine	TMEM106B	Endothelial_chr7_12252119	7	12252119	MDD	MDD_MDD2025	Endothelial	Endothelial	0.657720591270615	3077
mine	other	Endothelial_chr12_121451866	12	121451866	SCZ	SCZ_Trubetskoy2022	Endothelial	Endothelial	0.169483767386873	2172
mine	other	Endothelial_chr5_97995333	5	97995333	BD	BD_bip2024	Endothelial	Endothelial	0.121918657715625	1644
mine	TMEM106B	Endothelial_chr7_12252119	7	12252119	LBD	LBD_Chia2021	Endothelial	Endothelial	0.061490238983294	3467
mine	other	Endothelial_chr11_70379024	11	70379024	BD	BD_bip2024	Endothelial	Endothelial	0.0439630833060038	1765
mine	other	Endothelial_chr12_121451866	12	121451866	LBD	LBD_Chia2021	Endothelial	Endothelial	0.0397354554092129	2103
mine	other	Endothelial_chr10_35101955	10	35101955	LBD	LBD_Chia2021	Endothelial	Endothelial	0.0340886809772107	1514
mine	other	Endothelial_chr8_6900512	8	6900512	PD	PD_Nalls2019	Endothelial	Endothelial	0.0317603547208708	2161
mine	other	Endothelial_chr5_97995333	5	97995333	LBD	LBD_Chia2021	Endothelial	Endothelial	0.0284943697145439	1659
mine	other	Endothelial_chr11_70379024	11	70379024	MDD	MDD_MDD2025	Endothelial	Endothelial	0.0260369600574119	1717
mine	other	Endothelial_chr5_124093967	5	124093967	MDD	MDD_MDD2025	Endothelial	Endothelial	0.0238398787359584	2022
mine	other	Endothelial_chr2_56427317	2	56427317	LBD	LBD_Chia2021	Endothelial	Endothelial	0.0218864353199753	1929
mine	other	Endothelial_chr10_35101955	10	35101955	AD	AD_Bellenguez2022	Endothelial	Endothelial	0.0215975450523481	1929
mine	TMEM106B	Endothelial_chr7_12252119	7	12252119	PD	PD_Nalls2019	Endothelial	Endothelial	0.0198969313977138	3962
mine	other	Endothelial_chr8_6900512	8	6900512	LBD	LBD_Chia2021	Endothelial	Endothelial	0.0197113769850191	1913
mine	other	Endothelial_chr2_56427317	2	56427317	PD	PD_Nalls2019	Endothelial	Endothelial	0.019696227019009	2398
mine	other	Endothelial_chr4_105572382	4	105572382	LBD	LBD_Chia2021	Endothelial	Endothelial	0.0188255322331871	1386
mine	other	Endothelial_chr4_105572382	4	105572382	SCZ	SCZ_Trubetskoy2022	Endothelial	Endothelial	0.0187411667203144	1295
mine	other	Endothelial_chr20_50508765	20	50508765	MDD	MDD_MDD2025	Endothelial	Endothelial	0.0184973643790652	2323
mine	other	Endothelial_chr3_72225916	3	72225916	MDD	MDD_MDD2025	Endothelial	Endothelial	0.0177292469787969	1976
mine	other	Endothelial_chr5_97995333	5	97995333	SCZ	SCZ_Trubetskoy2022	Endothelial	Endothelial	0.0166767491118519	1669
mine	other	Endothelial_chr2_20189089	2	20189089	LBD	LBD_Chia2021	Endothelial	Endothelial	0.0165489358425705	2272
mine	other	Endothelial_chr10_35101955	10	35101955	PD	PD_Nalls2019	Endothelial	Endothelial	0.0160255458422208	1747
mine	other	Endothelial_chr11_70379024	11	70379024	LBD	LBD_Chia2021	Endothelial	Endothelial	0.0158609572772567	1682
mine	TMEM106B	Endothelial_chr7_12252119	7	12252119	BD	BD_bip2024	Endothelial	Endothelial	0.0156736819782558	3221
mine	other	Endothelial_chr5_97995333	5	97995333	PD	PD_Nalls2019	Endothelial	Endothelial	0.0156626939065181	2090
mine	other	Endothelial_chr3_72225916	3	72225916	LBD	LBD_Chia2021	Endothelial	Endothelial	0.0154714249552341	1941
mine	other	Endothelial_chr12_121451866	12	121451866	BD	BD_bip2024	Endothelial	Endothelial	0.0133122534642677	2013
mine	other	Endothelial_chr17_56255416	17	56255416	AD	AD_Bellenguez2022	Endothelial	Endothelial	0.0131366524636738	1812
mine	other	Endothelial_chr5_124093967	5	124093967	AD	AD_Bellenguez2022	Endothelial	Endothelial	0.0126450392753409	2736
mine	other	Endothelial_chr17_56255416	17	56255416	SCZ	SCZ_Trubetskoy2022	Endothelial	Endothelial	0.0122132736067687	1511
mine	other	Endothelial_chr2_20189089	2	20189089	PD	PD_Nalls2019	Endothelial	Endothelial	0.0112960193602615	2492
mine	other	Endothelial_chr5_124093967	5	124093967	PD	PD_Nalls2019	Endothelial	Endothelial	0.0112443460224339	2519
mine	other	Endothelial_chr13_44901940	13	44901940	LBD	LBD_Chia2021	Endothelial	Endothelial	0.0106541693051704	1501
mine	other	Endothelial_chr13_44901940	13	44901940	MDD	MDD_MDD2025	Endothelial	Endothelial	0.0105120977137575	1461
mine	TMEM106B	Endothelial_chr7_12252119	7	12252119	SCZ	SCZ_Trubetskoy2022	Endothelial	Endothelial	0.0104005512187992	3338
mine	other	Endothelial_chr4_105572382	4	105572382	PD	PD_Nalls2019	Endothelial	Endothelial	0.0101339818976612	1527
mine	other	Endothelial_chr10_35101955	10	35101955	BD	BD_bip2024	Endothelial	Endothelial	0.00989240044434928	1456
mine	other	Endothelial_chr13_44901940	13	44901940	SCZ	SCZ_Trubetskoy2022	Endothelial	Endothelial	0.00966706508929475	1555
mine	other	Endothelial_chr20_50508765	20	50508765	AD	AD_Bellenguez2022	Endothelial	Endothelial	0.00960929465348096	2854
mine	other	Endothelial_chr2_227535983	2	227535983	LBD	LBD_Chia2021	Endothelial	Endothelial	0.00918872577111359	1523
mine	other	Endothelial_chr12_121451866	12	121451866	PD	PD_Nalls2019	Endothelial	Endothelial	0.00908992450951891	2495
mine	other	Endothelial_chr2_56427317	2	56427317	SCZ	SCZ_Trubetskoy2022	Endothelial	Endothelial	0.00903323440546326	1928
mine	other	Endothelial_chr20_50508765	20	50508765	LBD	LBD_Chia2021	Endothelial	Endothelial	0.00893423062346571	2436
mine	other	Endothelial_chr12_121451866	12	121451866	AD	AD_Bellenguez2022	Endothelial	Endothelial	0.00879316873423263	2559
mine	other	Endothelial_chr20_50508765	20	50508765	BD	BD_bip2024	Endothelial	Endothelial	0.00871063177932595	2328
mine	other	Endothelial_chr3_72225916	3	72225916	PD	PD_Nalls2019	Endothelial	Endothelial	0.00818167061265715	2357
mine	other	Endothelial_chr4_105572382	4	105572382	MDD	MDD_MDD2025	Endothelial	Endothelial	0.0080463499195685	1250
mine	other	Endothelial_chr13_44901940	13	44901940	PD	PD_Nalls2019	Endothelial	Endothelial	0.00753539408258402	1785
mine	other	Endothelial_chr12_121451866	12	121451866	MDD	MDD_MDD2025	Endothelial	Endothelial	0.00745191762492815	2043
mine	other	Endothelial_chr5_97995333	5	97995333	MDD	MDD_MDD2025	Endothelial	Endothelial	0.00716396104642928	1521
mine	other	Endothelial_chr3_72225916	3	72225916	AD	AD_Bellenguez2022	Endothelial	Endothelial	0.00669951032782192	2415
mine	other	Endothelial_chr4_105572382	4	105572382	BD	BD_bip2024	Endothelial	Endothelial	0.0058553719820142	1261
mine	other	Endothelial_chr10_35101955	10	35101955	SCZ	SCZ_Trubetskoy2022	Endothelial	Endothelial	0.0058389817472613	1467
mine	other	Endothelial_chr2_227535983	2	227535983	PD	PD_Nalls2019	Endothelial	Endothelial	0.00551113888025574	1892
mine	other	Endothelial_chr5_97995333	5	97995333	AD	AD_Bellenguez2022	Endothelial	Endothelial	0.0054543735254766	2287
mine	other	Endothelial_chr2_20189089	2	20189089	AD	AD_Bellenguez2022	Endothelial	Endothelial	0.00527502211821879	2670
mine	other	Endothelial_chr2_56427317	2	56427317	MDD	MDD_MDD2025	Endothelial	Endothelial	0.00516665541476486	1889
mine	other	Endothelial_chr2_20189089	2	20189089	SCZ	SCZ_Trubetskoy2022	Endothelial	Endothelial	0.00481543616009301	2314
mine	other	Endothelial_chr8_6900512	8	6900512	AD	AD_Bellenguez2022	Endothelial	Endothelial	0.00480136650157941	2326
mine	other	Endothelial_chr5_124093967	5	124093967	LBD	LBD_Chia2021	Endothelial	Endothelial	0.0045483718228607	2081
mine	other	Endothelial_chr20_50508765	20	50508765	PD	PD_Nalls2019	Endothelial	Endothelial	0.00453522268016081	2601
mine	other	Endothelial_chr2_56427317	2	56427317	AD	AD_Bellenguez2022	Endothelial	Endothelial	0.00445223817431726	2633
mine	other	Endothelial_chr11_70379024	11	70379024	AD	AD_Bellenguez2022	Endothelial	Endothelial	0.00422544999533023	2192
mine	other	Endothelial_chr4_105572382	4	105572382	AD	AD_Bellenguez2022	Endothelial	Endothelial	0.00417083460079716	1648
mine	other	Endothelial_chr2_20189089	2	20189089	BD	BD_bip2024	Endothelial	Endothelial	0.00414304033362	2266
mine	other	Endothelial_chr8_6900512	8	6900512	BD	BD_bip2024	Endothelial	Endothelial	0.00405822003840627	1784
mine	other	Endothelial_chr8_6900512	8	6900512	SCZ	SCZ_Trubetskoy2022	Endothelial	Endothelial	0.00398394009359013	1874
mine	other	Endothelial_chr10_35101955	10	35101955	MDD	MDD_MDD2025	Endothelial	Endothelial	0.00394791697530702	1435
mine	other	Endothelial_chr17_56255416	17	56255416	LBD	LBD_Chia2021	Endothelial	Endothelial	0.00392429345538046	1335
mine	other	Endothelial_chr13_44901940	13	44901940	AD	AD_Bellenguez2022	Endothelial	Endothelial	0.00382722645324237	1934
mine	other	Endothelial_chr13_44901940	13	44901940	BD	BD_bip2024	Endothelial	Endothelial	0.00370317058566079	1492
mine	other	Endothelial_chr11_70379024	11	70379024	PD	PD_Nalls2019	Endothelial	Endothelial	0.00369974694613218	2071
mine	other	Endothelial_chr2_56427317	2	56427317	BD	BD_bip2024	Endothelial	Endothelial	0.00366517741405294	1877
mine	other	Endothelial_chr2_227535983	2	227535983	AD	AD_Bellenguez2022	Endothelial	Endothelial	0.00351610387014954	2054
mine	other	Endothelial_chr11_70379024	11	70379024	SCZ	SCZ_Trubetskoy2022	Endothelial	Endothelial	0.00338429180726163	1817
mine	other	Endothelial_chr3_72225916	3	72225916	SCZ	SCZ_Trubetskoy2022	Endothelial	Endothelial	0.00332527904933806	2099
mine	other	Endothelial_chr17_56255416	17	56255416	PD	PD_Nalls2019	Endothelial	Endothelial	0.00328395576826378	1694
mine	other	Endothelial_chr5_124093967	5	124093967	SCZ	SCZ_Trubetskoy2022	Endothelial	Endothelial	0.00309001901115279	2161
mine	other	Endothelial_chr2_227535983	2	227535983	SCZ	SCZ_Trubetskoy2022	Endothelial	Endothelial	0.00291693945438699	1607
mine	other	Endothelial_chr3_72225916	3	72225916	BD	BD_bip2024	Endothelial	Endothelial	0.00288661613336429	2033
mine	other	Endothelial_chr20_50508765	20	50508765	SCZ	SCZ_Trubetskoy2022	Endothelial	Endothelial	0.00216811545138666	2440
mine	other	Endothelial_chr5_124093967	5	124093967	BD	BD_bip2024	Endothelial	Endothelial	0.00189714627453857	2106
mine	other	Endothelial_chr2_227535983	2	227535983	BD	BD_bip2024	Endothelial	Endothelial	0.00173030339548253	1565
mine	other	Endothelial_chr8_6900512	8	6900512	MDD	MDD_MDD2025	Endothelial	Endothelial	0.00156490577523398	1753
mine	other	Endothelial_chr17_56255416	17	56255416	BD	BD_bip2024	Endothelial	Endothelial	0.00139264809088542	1468
mine	other	Endothelial_chr2_20189089	2	20189089	MDD	MDD_MDD2025	Endothelial	Endothelial	0.00136407034679842	2176
mine	other	Endothelial_chr17_56255416	17	56255416	MDD	MDD_MDD2025	Endothelial	Endothelial	0.000993732531646313	1449
mine	other	Endothelial_chr2_227535983	2	227535983	MDD	MDD_MDD2025	Endothelial	Endothelial	0.000944119752489096	1475
mine	other	IT_chr5_139567217	5	139567217	AD	AD_Bellenguez2022	IT	IT	0.899285797128531	1165
mine	TMEM106B	IT_chr7_12284430	7	12284430	AD	AD_Bellenguez2022	IT	IT	0.641961868005765	4312
mine	other	IT_chr5_139567217	5	139567217	SCZ	SCZ_Trubetskoy2022	IT	IT	0.186522177567821	978
mine	TMEM106B	IT_chr7_12284430	7	12284430	MDD	MDD_MDD2025	IT	IT	0.122909996311443	3079
mine	other	IT_chr5_139567217	5	139567217	PD	PD_Nalls2019	IT	IT	0.0974764922112322	1071
mine	other	IT_chr3_16477864	3	16477864	AD	AD_Bellenguez2022	IT	IT	0.0914512473764026	2866
mine	other	IT_chr3_16477864	3	16477864	LBD	LBD_Chia2021	IT	IT	0.0837879492814767	2470
mine	other	IT_chr5_3237858	5	3237858	SCZ	SCZ_Trubetskoy2022	IT	IT	0.0638488677281296	3355
mine	other	IT_chr5_3237858	5	3237858	LBD	LBD_Chia2021	IT	IT	0.0603540031784185	3313
mine	other	IT_chr6_2544656	6	2544656	PD	PD_Nalls2019	IT	IT	0.0592204309004589	2560
mine	other	IT_chr9_38552338	9	38552338	PD	PD_Nalls2019	IT	IT	0.0408966311170741	1706
mine	TMEM106B	IT_chr7_12284430	7	12284430	BD	BD_bip2024	IT	IT	0.032587063258724	3232
mine	other	IT_chr2_2632069	2	2632069	LBD	LBD_Chia2021	IT	IT	0.032033476563328	2329
mine	TMEM106B	IT_chr7_12284430	7	12284430	LBD	LBD_Chia2021	IT	IT	0.0291144025396449	3478
mine	other	IT_chr4_86508815	4	86508815	PD	PD_Nalls2019	IT	IT	0.0265157359947457	2651
mine	other	IT_chr3_7740163	3	7740163	LBD	LBD_Chia2021	IT	IT	0.0261599516609635	2936
mine	other	IT_chr4_35599866	4	35599866	MDD	MDD_MDD2025	IT	IT	0.0254404190230595	2793
mine	other	IT_chr5_139567217	5	139567217	LBD	LBD_Chia2021	IT	IT	0.0247219568024417	899
mine	other	IT_chr4_86508815	4	86508815	LBD	LBD_Chia2021	IT	IT	0.0232043054339813	2350
mine	other	IT_chr7_141119992	7	141119992	SCZ	SCZ_Trubetskoy2022	IT	IT	0.0232041176298309	1274
mine	other	IT_chr4_35599866	4	35599866	LBD	LBD_Chia2021	IT	IT	0.0231920432513492	2805
mine	other	IT_chr2_31401188	2	31401188	LBD	LBD_Chia2021	IT	IT	0.0222698104892174	2002
mine	other	IT_chr3_16477864	3	16477864	SCZ	SCZ_Trubetskoy2022	IT	IT	0.0200707526045718	2544
mine	other	IT_chr16_88709828	16	88709828	LBD	LBD_Chia2021	IT	IT	0.0197148082593258	2566
mine	other	IT_chr2_31401188	2	31401188	PD	PD_Nalls2019	IT	IT	0.0173654753666119	2235
mine	other	IT_chr3_16477864	3	16477864	BD	BD_bip2024	IT	IT	0.0167609217016981	2411
mine	other	IT_chr3_16477864	3	16477864	MDD	MDD_MDD2025	IT	IT	0.0164962350278252	2444
mine	other	IT_chr5_3237858	5	3237858	AD	AD_Bellenguez2022	IT	IT	0.0159327922706841	3906
mine	other	IT_chr7_141119992	7	141119992	BD	BD_bip2024	IT	IT	0.0156351902064954	1234
mine	other	IT_chr3_7740163	3	7740163	PD	PD_Nalls2019	IT	IT	0.0146930506223858	3207
mine	other	IT_chr6_2544656	6	2544656	LBD	LBD_Chia2021	IT	IT	0.0134986368782333	2261
mine	other	IT_chr4_86508815	4	86508815	SCZ	SCZ_Trubetskoy2022	IT	IT	0.0117653821994346	2343
mine	other	IT_chr6_162344629	6	162344629	LBD	LBD_Chia2021	IT	IT	0.0117060274414263	2377
mine	other	IT_chr5_3237858	5	3237858	PD	PD_Nalls2019	IT	IT	0.0112096012191248	3728
mine	other	IT_chr16_88709828	16	88709828	BD	BD_bip2024	IT	IT	0.0111085041701671	2508
mine	other	IT_chr5_3237858	5	3237858	MDD	MDD_MDD2025	IT	IT	0.0110934199875411	3109
mine	other	IT_chr2_2632069	2	2632069	PD	PD_Nalls2019	IT	IT	0.0110224685677514	2727
mine	other	IT_chr6_162344629	6	162344629	MDD	MDD_MDD2025	IT	IT	0.0103721972485516	2255
mine	other	IT_chr2_31401188	2	31401188	BD	BD_bip2024	IT	IT	0.0101778949983477	1973
mine	other	IT_chr2_2632069	2	2632069	MDD	MDD_MDD2025	IT	IT	0.00925709941026498	2211
mine	other	IT_chr3_7740163	3	7740163	SCZ	SCZ_Trubetskoy2022	IT	IT	0.00915899157216285	2810
mine	other	IT_chr4_35599866	4	35599866	PD	PD_Nalls2019	IT	IT	0.00894376056611884	3046
mine	other	IT_chr9_38552338	9	38552338	LBD	LBD_Chia2021	IT	IT	0.00887207098840704	1601
mine	other	IT_chr6_162344629	6	162344629	PD	PD_Nalls2019	IT	IT	0.00850697307608254	2773
mine	other	IT_chr16_88709828	16	88709828	SCZ	SCZ_Trubetskoy2022	IT	IT	0.00850544900921799	2642
mine	other	IT_chr4_86508815	4	86508815	BD	BD_bip2024	IT	IT	0.0082105982286134	2307
mine	TMEM106B	IT_chr7_12284430	7	12284430	PD	PD_Nalls2019	IT	IT	0.00772283924440914	3974
mine	other	IT_chr1_104417163	1	104417163	PD	PD_Nalls2019	IT	IT	0.00701512645876925	1549
mine	other	IT_chr2_31401188	2	31401188	AD	AD_Bellenguez2022	IT	IT	0.00652474129987586	2416
mine	other	IT_chr9_110644277	9	110644277	LBD	LBD_Chia2021	IT	IT	0.00651949787274709	2130
mine	other	IT_chr9_38552338	9	38552338	AD	AD_Bellenguez2022	IT	IT	0.00649137347286275	1909
mine	other	IT_chr2_2632069	2	2632069	AD	AD_Bellenguez2022	IT	IT	0.00647788147880188	2848
mine	other	IT_chr4_86508815	4	86508815	AD	AD_Bellenguez2022	IT	IT	0.00633425431643131	2768
mine	other	IT_chr4_86508815	4	86508815	MDD	MDD_MDD2025	IT	IT	0.00627403960953355	2310
mine	other	IT_chr2_2632069	2	2632069	SCZ	SCZ_Trubetskoy2022	IT	IT	0.00627230684457406	2417
mine	other	IT_chr16_88709828	16	88709828	PD	PD_Nalls2019	IT	IT	0.00611803148328515	2957
mine	other	IT_chr3_16477864	3	16477864	PD	PD_Nalls2019	IT	IT	0.00607497942749018	2649
mine	other	IT_chr6_162344629	6	162344629	AD	AD_Bellenguez2022	IT	IT	0.00605602558102489	2890
mine	other	IT_chr7_141119992	7	141119992	MDD	MDD_MDD2025	IT	IT	0.00598115326328661	1243
mine	other	IT_chr2_31401188	2	31401188	SCZ	SCZ_Trubetskoy2022	IT	IT	0.00586795826005399	2026
mine	other	IT_chr5_3237858	5	3237858	BD	BD_bip2024	IT	IT	0.00585659570753018	3296
mine	other	IT_chr1_104417163	1	104417163	LBD	LBD_Chia2021	IT	IT	0.00577787791942058	1513
mine	other	IT_chr6_162344629	6	162344629	SCZ	SCZ_Trubetskoy2022	IT	IT	0.00548254503019376	2414
mine	other	IT_chr6_2544656	6	2544656	SCZ	SCZ_Trubetskoy2022	IT	IT	0.00526946761784887	2305
mine	other	IT_chr9_110644277	9	110644277	PD	PD_Nalls2019	IT	IT	0.0052521047351706	2554
mine	other	IT_chr2_31401188	2	31401188	MDD	MDD_MDD2025	IT	IT	0.00515495457615786	1926
mine	other	IT_chr7_141119992	7	141119992	AD	AD_Bellenguez2022	IT	IT	0.00507384628987735	1553
mine	other	IT_chr2_2632069	2	2632069	BD	BD_bip2024	IT	IT	0.00490681007285286	2374
mine	other	IT_chr6_2544656	6	2544656	AD	AD_Bellenguez2022	IT	IT	0.00488797731874977	2762
mine	other	IT_chr5_139567217	5	139567217	BD	BD_bip2024	IT	IT	0.00458459101261772	971
mine	other	IT_chr3_7740163	3	7740163	BD	BD_bip2024	IT	IT	0.00442132123397054	2713
mine	other	IT_chr9_38552338	9	38552338	SCZ	SCZ_Trubetskoy2022	IT	IT	0.0043675396322141	1567
mine	other	IT_chr3_7740163	3	7740163	AD	AD_Bellenguez2022	IT	IT	0.00431967031423155	3428
mine	other	IT_chr4_35599866	4	35599866	SCZ	SCZ_Trubetskoy2022	IT	IT	0.00431026035901578	2846
mine	other	IT_chr7_141119992	7	141119992	PD	PD_Nalls2019	IT	IT	0.00396400628664228	1490
mine	other	IT_chr6_2544656	6	2544656	BD	BD_bip2024	IT	IT	0.00391288421799691	2246
mine	other	IT_chr4_35599866	4	35599866	AD	AD_Bellenguez2022	IT	IT	0.00389113400356638	3408
mine	other	IT_chr16_88709828	16	88709828	AD	AD_Bellenguez2022	IT	IT	0.00380215045057756	3089
mine	other	IT_chr4_35599866	4	35599866	BD	BD_bip2024	IT	IT	0.00370079704184934	2744
mine	other	IT_chr5_139567217	5	139567217	MDD	MDD_MDD2025	IT	IT	0.00364580150003727	942
mine	other	IT_chr1_104417163	1	104417163	AD	AD_Bellenguez2022	IT	IT	0.00352022685653734	1779
mine	other	IT_chr3_7740163	3	7740163	MDD	MDD_MDD2025	IT	IT	0.0034360194601293	2700
mine	other	IT_chr9_110644277	9	110644277	AD	AD_Bellenguez2022	IT	IT	0.00318771903683582	2829
mine	other	IT_chr9_38552338	9	38552338	BD	BD_bip2024	IT	IT	0.00314130096623745	1511
mine	other	IT_chr1_104417163	1	104417163	SCZ	SCZ_Trubetskoy2022	IT	IT	0.0030898699015915	1375
mine	other	IT_chr1_104417163	1	104417163	MDD	MDD_MDD2025	IT	IT	0.00304106783214758	1338
mine	other	IT_chr7_141119992	7	141119992	LBD	LBD_Chia2021	IT	IT	0.00298613410280951	1278
mine	other	IT_chr9_110644277	9	110644277	SCZ	SCZ_Trubetskoy2022	IT	IT	0.00287247726398208	2291
mine	other	IT_chr16_88709828	16	88709828	MDD	MDD_MDD2025	IT	IT	0.00274911322220256	2433
mine	other	IT_chr6_162344629	6	162344629	BD	BD_bip2024	IT	IT	0.00232828348450736	2368
mine	other	IT_chr1_104417163	1	104417163	BD	BD_bip2024	IT	IT	0.00229999286465455	1280
mine	TMEM106B	IT_chr7_12284430	7	12284430	SCZ	SCZ_Trubetskoy2022	IT	IT	0.00193351597478428	3348
mine	other	IT_chr6_2544656	6	2544656	MDD	MDD_MDD2025	IT	IT	0.0015828212100211	2180
mine	other	IT_chr9_110644277	9	110644277	BD	BD_bip2024	IT	IT	0.00146532686951548	2215
mine	other	IT_chr9_38552338	9	38552338	MDD	MDD_MDD2025	IT	IT	0.000995978729485757	1436
mine	other	IT_chr9_110644277	9	110644277	MDD	MDD_MDD2025	IT	IT	0.000962059849484861	2199
mine	other	L4.IT_chr7_100553820	7	100553820	SCZ	SCZ_Trubetskoy2022	L4.IT	L4.IT	0.422040876874477	1765
mine	other	L4.IT_chr7_100553820	7	100553820	AD	AD_Bellenguez2022	L4.IT	L4.IT	0.0585843887812712	1906
mine	other	L4.IT_chr7_100553820	7	100553820	BD	BD_bip2024	L4.IT	L4.IT	0.0563891725488261	1583
mine	other	L4.IT_chr1_20560958	1	20560958	LBD	LBD_Chia2021	L4.IT	L4.IT	0.0483947232313214	2062
mine	other	L4.IT_chr13_75927510	13	75927510	SCZ	SCZ_Trubetskoy2022	L4.IT	L4.IT	0.0409221713926606	1651
mine	other	L4.IT_chr20_45261552	20	45261552	MDD	MDD_MDD2025	L4.IT	L4.IT	0.0372580781748674	1579
mine	other	L4.IT_chr7_100553820	7	100553820	MDD	MDD_MDD2025	L4.IT	L4.IT	0.0340030306332115	1672
mine	other	L4.IT_chr2_10383577	2	10383577	MDD	MDD_MDD2025	L4.IT	L4.IT	0.0330173790974839	2522
mine	other	L4.IT_chr6_45577541	6	45577541	AD	AD_Bellenguez2022	L4.IT	L4.IT	0.0314905225609557	2104
mine	other	L4.IT_chr2_10383577	2	10383577	LBD	LBD_Chia2021	L4.IT	L4.IT	0.0306037191286522	2738
mine	other	L4.IT_chr3_57030922	3	57030922	AD	AD_Bellenguez2022	L4.IT	L4.IT	0.0300696038710658	2331
mine	other	L4.IT_chr3_71725343	3	71725343	LBD	LBD_Chia2021	L4.IT	L4.IT	0.0295397692063631	1908
mine	other	L4.IT_chr7_19108150	7	19108150	AD	AD_Bellenguez2022	L4.IT	L4.IT	0.0283724739639142	2323
mine	other	L4.IT_chr8_57526988	8	57526988	LBD	LBD_Chia2021	L4.IT	L4.IT	0.0247195307778715	1849
mine	other	L4.IT_chr3_57030922	3	57030922	LBD	LBD_Chia2021	L4.IT	L4.IT	0.0232329169728988	1852
mine	other	L4.IT_chr2_53476017	2	53476017	LBD	LBD_Chia2021	L4.IT	L4.IT	0.0209271476102585	2573
mine	other	L4.IT_chr20_1664523	20	1664523	AD	AD_Bellenguez2022	L4.IT	L4.IT	0.0205852455026633	2700
mine	other	L4.IT_chr1_20560958	1	20560958	SCZ	SCZ_Trubetskoy2022	L4.IT	L4.IT	0.0199778858120031	2212
mine	other	L4.IT_chr6_45577541	6	45577541	PD	PD_Nalls2019	L4.IT	L4.IT	0.0199727184813069	1925
mine	other	L4.IT_chr3_163352161	3	163352161	LBD	LBD_Chia2021	L4.IT	L4.IT	0.0191199405765708	2521
mine	other	L4.IT_chr20_55190236	20	55190236	AD	AD_Bellenguez2022	L4.IT	L4.IT	0.0169683863206668	2804
mine	other	L4.IT_chr3_71725343	3	71725343	MDD	MDD_MDD2025	L4.IT	L4.IT	0.0165974832825721	1869
mine	other	L4.IT_chr3_71725343	3	71725343	SCZ	SCZ_Trubetskoy2022	L4.IT	L4.IT	0.0154101265338158	2006
mine	other	L4.IT_chr16_57910443	16	57910443	LBD	LBD_Chia2021	L4.IT	L4.IT	0.0151141821545806	2148
mine	other	L4.IT_chr3_57030922	3	57030922	BD	BD_bip2024	L4.IT	L4.IT	0.0150380718317476	1858
mine	other	L4.IT_chr2_10383577	2	10383577	PD	PD_Nalls2019	L4.IT	L4.IT	0.0131318793486647	3110
mine	other	L4.IT_chr1_20560958	1	20560958	AD	AD_Bellenguez2022	L4.IT	L4.IT	0.0131055045238594	2523
mine	other	L4.IT_chr20_1664523	20	1664523	SCZ	SCZ_Trubetskoy2022	L4.IT	L4.IT	0.0129430786163943	2308
mine	other	L4.IT_chr1_20560958	1	20560958	PD	PD_Nalls2019	L4.IT	L4.IT	0.0127189268896285	2350
mine	other	L4.IT_chr7_7526786	7	7526786	AD	AD_Bellenguez2022	L4.IT	L4.IT	0.0125365519885134	3662
mine	other	L4.IT_chr3_71725343	3	71725343	PD	PD_Nalls2019	L4.IT	L4.IT	0.0121728414639115	2242
mine	other	L4.IT_chr10_3327654	10	3327654	SCZ	SCZ_Trubetskoy2022	L4.IT	L4.IT	0.0118986884674932	2808
mine	other	L4.IT_chr8_57526988	8	57526988	PD	PD_Nalls2019	L4.IT	L4.IT	0.011697079456746	2259
mine	other	L4.IT_chr2_53476017	2	53476017	SCZ	SCZ_Trubetskoy2022	L4.IT	L4.IT	0.011372896122906	2574
mine	other	L4.IT_chr7_7526786	7	7526786	BD	BD_bip2024	L4.IT	L4.IT	0.0110154216051453	2804
mine	other	L4.IT_chr16_78720516	16	78720516	LBD	LBD_Chia2021	L4.IT	L4.IT	0.0108459761704149	3456
mine	other	L4.IT_chr16_57910443	16	57910443	PD	PD_Nalls2019	L4.IT	L4.IT	0.0106664766819392	2317
mine	other	L4.IT_chr16_78720516	16	78720516	PD	PD_Nalls2019	L4.IT	L4.IT	0.0106106018398141	4061
mine	other	L4.IT_chr12_95032777	12	95032777	SCZ	SCZ_Trubetskoy2022	L4.IT	L4.IT	0.0104474234318088	2467
mine	other	L4.IT_chr7_7526786	7	7526786	MDD	MDD_MDD2025	L4.IT	L4.IT	0.0102657012254737	2704
mine	other	L4.IT_chr3_57030922	3	57030922	SCZ	SCZ_Trubetskoy2022	L4.IT	L4.IT	0.010079290062118	1930
mine	other	L4.IT_chr5_16089208	5	16089208	PD	PD_Nalls2019	L4.IT	L4.IT	0.0100068466233201	1901
mine	other	L4.IT_chr12_95032777	12	95032777	LBD	LBD_Chia2021	L4.IT	L4.IT	0.0097146047762363	2306
mine	other	L4.IT_chr13_75927510	13	75927510	AD	AD_Bellenguez2022	L4.IT	L4.IT	0.00887618995890613	2066
mine	other	L4.IT_chr13_75927510	13	75927510	PD	PD_Nalls2019	L4.IT	L4.IT	0.00874062958592284	1845
mine	other	L4.IT_chr13_75927510	13	75927510	MDD	MDD_MDD2025	L4.IT	L4.IT	0.00863027865556972	1559
mine	other	L4.IT_chr2_53476017	2	53476017	PD	PD_Nalls2019	L4.IT	L4.IT	0.00816689771349283	2856
mine	other	L4.IT_chr20_1664523	20	1664523	LBD	LBD_Chia2021	L4.IT	L4.IT	0.00783650498459661	2209
mine	other	L4.IT_chr8_57526988	8	57526988	AD	AD_Bellenguez2022	L4.IT	L4.IT	0.00770602717339579	2432
mine	other	L4.IT_chr16_57910443	16	57910443	BD	BD_bip2024	L4.IT	L4.IT	0.00769885945042669	2065
mine	other	L4.IT_chr20_55190236	20	55190236	LBD	LBD_Chia2021	L4.IT	L4.IT	0.00711898142861092	2282
mine	other	L4.IT_chr12_95032777	12	95032777	PD	PD_Nalls2019	L4.IT	L4.IT	0.00682598181737247	2572
mine	other	L4.IT_chr2_10383577	2	10383577	SCZ	SCZ_Trubetskoy2022	L4.IT	L4.IT	0.00678600685024001	2821
mine	other	L4.IT_chr6_90180403	6	90180403	SCZ	SCZ_Trubetskoy2022	L4.IT	L4.IT	0.00666680706687062	1852
mine	other	L4.IT_chr20_45261552	20	45261552	BD	BD_bip2024	L4.IT	L4.IT	0.00650082210352664	1660
mine	other	L4.IT_chr2_10383577	2	10383577	BD	BD_bip2024	L4.IT	L4.IT	0.00643999030288829	2768
mine	other	L4.IT_chr3_57030922	3	57030922	PD	PD_Nalls2019	L4.IT	L4.IT	0.00636744383254762	2147
mine	other	L4.IT_chr16_78720516	16	78720516	AD	AD_Bellenguez2022	L4.IT	L4.IT	0.00620495471483009	4232
mine	other	L4.IT_chr20_1664523	20	1664523	PD	PD_Nalls2019	L4.IT	L4.IT	0.00609062453341639	2501
mine	other	L4.IT_chr2_10383577	2	10383577	AD	AD_Bellenguez2022	L4.IT	L4.IT	0.00601165122893607	3331
mine	other	L4.IT_chr20_45261552	20	45261552	LBD	LBD_Chia2021	L4.IT	L4.IT	0.00572350402723391	1660
mine	other	L4.IT_chr10_57570248	10	57570248	LBD	LBD_Chia2021	L4.IT	L4.IT	0.00570374307572665	2230
mine	other	L4.IT_chr12_95032777	12	95032777	AD	AD_Bellenguez2022	L4.IT	L4.IT	0.00559602019547501	2681
mine	other	L4.IT_chr7_19108150	7	19108150	LBD	LBD_Chia2021	L4.IT	L4.IT	0.00553722393078138	1862
mine	other	L4.IT_chr20_45261552	20	45261552	SCZ	SCZ_Trubetskoy2022	L4.IT	L4.IT	0.00546895493829738	1691
mine	other	L4.IT_chr10_13993890	10	13993890	BD	BD_bip2024	L4.IT	L4.IT	0.00542414009739851	2586
mine	other	L4.IT_chr20_55190236	20	55190236	PD	PD_Nalls2019	L4.IT	L4.IT	0.00525947782307021	2604
mine	other	L4.IT_chr6_46636556	6	46636556	LBD	LBD_Chia2021	L4.IT	L4.IT	0.00525637413149987	1529
mine	other	L4.IT_chr10_13993890	10	13993890	LBD	LBD_Chia2021	L4.IT	L4.IT	0.00523424245079631	2561
mine	other	L4.IT_chr7_7526786	7	7526786	LBD	LBD_Chia2021	L4.IT	L4.IT	0.00522622127204563	3048
mine	other	L4.IT_chr10_3327654	10	3327654	LBD	LBD_Chia2021	L4.IT	L4.IT	0.00514956494033592	2800
mine	other	L4.IT_chr1_20560958	1	20560958	BD	BD_bip2024	L4.IT	L4.IT	0.00511306461857521	2170
mine	other	L4.IT_chr7_7526786	7	7526786	PD	PD_Nalls2019	L4.IT	L4.IT	0.00507957974245475	3388
mine	other	L4.IT_chr7_100553820	7	100553820	LBD	LBD_Chia2021	L4.IT	L4.IT	0.00505446324702009	1608
mine	other	L4.IT_chr20_45261552	20	45261552	PD	PD_Nalls2019	L4.IT	L4.IT	0.00483559771876819	2008
mine	other	L4.IT_chr16_57910443	16	57910443	SCZ	SCZ_Trubetskoy2022	L4.IT	L4.IT	0.00480567792091741	2143
mine	other	L4.IT_chr10_13993890	10	13993890	PD	PD_Nalls2019	L4.IT	L4.IT	0.0047929349641137	2979
mine	other	L4.IT_chr13_36089886	13	36089886	SCZ	SCZ_Trubetskoy2022	L4.IT	L4.IT	0.00475360982435053	1829
mine	other	L4.IT_chr3_163352161	3	163352161	SCZ	SCZ_Trubetskoy2022	L4.IT	L4.IT	0.00473129411314262	2390
mine	other	L4.IT_chr16_57910443	16	57910443	AD	AD_Bellenguez2022	L4.IT	L4.IT	0.00468744722109142	2470
mine	other	L4.IT_chr20_1664523	20	1664523	BD	BD_bip2024	L4.IT	L4.IT	0.00463985005234875	2270
mine	other	L4.IT_chr6_46636556	6	46636556	PD	PD_Nalls2019	L4.IT	L4.IT	0.00461455584377501	1777
mine	other	L4.IT_chr20_45261552	20	45261552	AD	AD_Bellenguez2022	L4.IT	L4.IT	0.00458399492566168	2151
mine	other	L4.IT_chr6_90180403	6	90180403	LBD	LBD_Chia2021	L4.IT	L4.IT	0.00452920930125614	1804
mine	other	L4.IT_chr13_75927510	13	75927510	LBD	LBD_Chia2021	L4.IT	L4.IT	0.00450203924455687	1706
mine	other	L4.IT_chr7_19108150	7	19108150	PD	PD_Nalls2019	L4.IT	L4.IT	0.00447015331414893	2130
mine	other	L4.IT_chr6_90180403	6	90180403	AD	AD_Bellenguez2022	L4.IT	L4.IT	0.00445435878302813	2137
mine	other	L4.IT_chr6_90180403	6	90180403	PD	PD_Nalls2019	L4.IT	L4.IT	0.00442802034509013	2026
mine	other	L4.IT_chr3_71725343	3	71725343	AD	AD_Bellenguez2022	L4.IT	L4.IT	0.00426692109953225	2283
mine	other	L4.IT_chr10_3327654	10	3327654	PD	PD_Nalls2019	L4.IT	L4.IT	0.00415535095822136	2969
mine	other	L4.IT_chr13_36089886	13	36089886	LBD	LBD_Chia2021	L4.IT	L4.IT	0.00408450372561338	1823
mine	other	L4.IT_chr16_78720516	16	78720516	SCZ	SCZ_Trubetskoy2022	L4.IT	L4.IT	0.00404932739843799	3630
mine	other	L4.IT_chr6_46636556	6	46636556	SCZ	SCZ_Trubetskoy2022	L4.IT	L4.IT	0.00404046212232741	1597
mine	other	L4.IT_chr7_100553820	7	100553820	PD	PD_Nalls2019	L4.IT	L4.IT	0.00403252143775921	1925
mine	other	L4.IT_chr3_57030922	3	57030922	MDD	MDD_MDD2025	L4.IT	L4.IT	0.00403103756563395	1885
mine	other	L4.IT_chr2_53476017	2	53476017	BD	BD_bip2024	L4.IT	L4.IT	0.00397032511486954	2486
mine	other	L4.IT_chr13_36089886	13	36089886	PD	PD_Nalls2019	L4.IT	L4.IT	0.00394003246987121	2033
mine	other	L4.IT_chr3_163352161	3	163352161	PD	PD_Nalls2019	L4.IT	L4.IT	0.00393501280680792	2565
mine	other	L4.IT_chr10_57570248	10	57570248	PD	PD_Nalls2019	L4.IT	L4.IT	0.00384300068025148	2443
mine	other	L4.IT_chr20_55190236	20	55190236	SCZ	SCZ_Trubetskoy2022	L4.IT	L4.IT	0.00374338368873821	2376
mine	other	L4.IT_chr2_53476017	2	53476017	AD	AD_Bellenguez2022	L4.IT	L4.IT	0.00360213157092914	3036
mine	other	L4.IT_chr3_71725343	3	71725343	BD	BD_bip2024	L4.IT	L4.IT	0.00354218862416769	1945
mine	other	L4.IT_chr5_16089208	5	16089208	AD	AD_Bellenguez2022	L4.IT	L4.IT	0.00353209462564008	2051
mine	other	L4.IT_chr6_45577541	6	45577541	LBD	LBD_Chia2021	L4.IT	L4.IT	0.00342365413037994	1868
mine	other	L4.IT_chr10_13993890	10	13993890	AD	AD_Bellenguez2022	L4.IT	L4.IT	0.00341949936892873	3107
mine	other	L4.IT_chr16_57910443	16	57910443	MDD	MDD_MDD2025	L4.IT	L4.IT	0.00339857444888943	2029
mine	other	L4.IT_chr12_95032777	12	95032777	BD	BD_bip2024	L4.IT	L4.IT	0.00313293909236503	2413
mine	other	L4.IT_chr1_20560958	1	20560958	MDD	MDD_MDD2025	L4.IT	L4.IT	0.0030608654487159	2092
mine	other	L4.IT_chr8_57526988	8	57526988	BD	BD_bip2024	L4.IT	L4.IT	0.00305685371532554	1944
mine	other	L4.IT_chr13_75927510	13	75927510	BD	BD_bip2024	L4.IT	L4.IT	0.00299524093683579	1613
mine	other	L4.IT_chr10_57570248	10	57570248	BD	BD_bip2024	L4.IT	L4.IT	0.00294593825430405	2070
mine	other	L4.IT_chr16_78720516	16	78720516	BD	BD_bip2024	L4.IT	L4.IT	0.00291274408336561	3501
mine	other	L4.IT_chr3_163352161	3	163352161	AD	AD_Bellenguez2022	L4.IT	L4.IT	0.00269457512935417	2918
mine	other	L4.IT_chr5_16089208	5	16089208	LBD	LBD_Chia2021	L4.IT	L4.IT	0.00262067938112051	1572
mine	other	L4.IT_chr10_57570248	10	57570248	AD	AD_Bellenguez2022	L4.IT	L4.IT	0.00249741695912636	2716
mine	other	L4.IT_chr10_3327654	10	3327654	AD	AD_Bellenguez2022	L4.IT	L4.IT	0.00246891351198921	3172
mine	other	L4.IT_chr10_13993890	10	13993890	SCZ	SCZ_Trubetskoy2022	L4.IT	L4.IT	0.00238241674795449	2666
mine	other	L4.IT_chr13_36089886	13	36089886	AD	AD_Bellenguez2022	L4.IT	L4.IT	0.00231465525485124	2213
mine	other	L4.IT_chr7_7526786	7	7526786	SCZ	SCZ_Trubetskoy2022	L4.IT	L4.IT	0.00227744300168888	2974
mine	other	L4.IT_chr3_163352161	3	163352161	BD	BD_bip2024	L4.IT	L4.IT	0.00220421157384103	2357
mine	other	L4.IT_chr10_3327654	10	3327654	MDD	MDD_MDD2025	L4.IT	L4.IT	0.00217201568238723	2619
mine	other	L4.IT_chr6_90180403	6	90180403	BD	BD_bip2024	L4.IT	L4.IT	0.00208744690344329	1825
mine	other	L4.IT_chr6_46636556	6	46636556	AD	AD_Bellenguez2022	L4.IT	L4.IT	0.00204766505640603	1916
mine	other	L4.IT_chr10_3327654	10	3327654	BD	BD_bip2024	L4.IT	L4.IT	0.00198484551278553	2747
mine	other	L4.IT_chr20_1664523	20	1664523	MDD	MDD_MDD2025	L4.IT	L4.IT	0.00193175439651399	2198
mine	other	L4.IT_chr10_57570248	10	57570248	SCZ	SCZ_Trubetskoy2022	L4.IT	L4.IT	0.00184890624624124	2094
mine	other	L4.IT_chr5_16089208	5	16089208	SCZ	SCZ_Trubetskoy2022	L4.IT	L4.IT	0.00167778949187483	1530
mine	other	L4.IT_chr8_57526988	8	57526988	MDD	MDD_MDD2025	L4.IT	L4.IT	0.00166310374531718	1969
mine	other	L4.IT_chr7_19108150	7	19108150	BD	BD_bip2024	L4.IT	L4.IT	0.00158206134500557	1773
mine	other	L4.IT_chr10_57570248	10	57570248	MDD	MDD_MDD2025	L4.IT	L4.IT	0.00155038809029295	1971
mine	other	L4.IT_chr8_57526988	8	57526988	SCZ	SCZ_Trubetskoy2022	L4.IT	L4.IT	0.0015045445857722	1985
mine	other	L4.IT_chr7_19108150	7	19108150	SCZ	SCZ_Trubetskoy2022	L4.IT	L4.IT	0.0014399363978908	1857
mine	other	L4.IT_chr16_78720516	16	78720516	MDD	MDD_MDD2025	L4.IT	L4.IT	0.00143502965883059	3322
mine	other	L4.IT_chr2_53476017	2	53476017	MDD	MDD_MDD2025	L4.IT	L4.IT	0.00143418149477531	2333
mine	other	L4.IT_chr6_45577541	6	45577541	SCZ	SCZ_Trubetskoy2022	L4.IT	L4.IT	0.00143348165076062	1802
mine	other	L4.IT_chr6_45577541	6	45577541	BD	BD_bip2024	L4.IT	L4.IT	0.00141978652254588	1731
mine	other	L4.IT_chr20_55190236	20	55190236	BD	BD_bip2024	L4.IT	L4.IT	0.00131034660555792	2305
mine	other	L4.IT_chr13_36089886	13	36089886	BD	BD_bip2024	L4.IT	L4.IT	0.0012766925308909	1783
mine	other	L4.IT_chr12_95032777	12	95032777	MDD	MDD_MDD2025	L4.IT	L4.IT	0.00123571626451499	2390
mine	other	L4.IT_chr13_36089886	13	36089886	MDD	MDD_MDD2025	L4.IT	L4.IT	0.00118454532756099	1793
mine	other	L4.IT_chr6_90180403	6	90180403	MDD	MDD_MDD2025	L4.IT	L4.IT	0.00111818779775071	1729
mine	other	L4.IT_chr20_55190236	20	55190236	MDD	MDD_MDD2025	L4.IT	L4.IT	0.000937288428258305	2276
mine	other	L4.IT_chr10_13993890	10	13993890	MDD	MDD_MDD2025	L4.IT	L4.IT	0.000882219039031646	2465
mine	other	L4.IT_chr6_46636556	6	46636556	BD	BD_bip2024	L4.IT	L4.IT	0.00083104279661641	1547
mine	other	L4.IT_chr7_19108150	7	19108150	MDD	MDD_MDD2025	L4.IT	L4.IT	0.00077334566638229	1758
mine	other	L4.IT_chr9_44636763	9	44636763	LBD	LBD_Chia2021	L4.IT	L4.IT	0.00072443456188227	99
mine	other	L4.IT_chr5_16089208	5	16089208	BD	BD_bip2024	L4.IT	L4.IT	0.000610853917667826	1476
mine	other	L4.IT_chr3_163352161	3	163352161	MDD	MDD_MDD2025	L4.IT	L4.IT	0.000583135677356011	2373
mine	other	L4.IT_chr9_44636763	9	44636763	PD	PD_Nalls2019	L4.IT	L4.IT	0.00052328281130614	167
mine	other	L4.IT_chr6_46636556	6	46636556	MDD	MDD_MDD2025	L4.IT	L4.IT	0.000504249087886995	1472
mine	other	L4.IT_chr6_45577541	6	45577541	MDD	MDD_MDD2025	L4.IT	L4.IT	0.000418637621212664	1554
mine	other	L4.IT_chr5_16089208	5	16089208	MDD	MDD_MDD2025	L4.IT	L4.IT	0.000218419379577245	1363
mine	other	L4.IT_chr9_44636763	9	44636763	SCZ	SCZ_Trubetskoy2022	L4.IT	L4.IT	0.000101206011703581	75
mine	other	L4.IT_chr9_44636763	9	44636763	BD	BD_bip2024	L4.IT	L4.IT	5.4215228093025e-05	34
mine	other	L4.IT_chr9_44636763	9	44636763	MDD	MDD_MDD2025	L4.IT	L4.IT	1.17546213008971e-05	43
mine	other	L5.6.IT.Car3_chr2_55380447	2	55380447	SCZ	SCZ_Trubetskoy2022	L5.6.IT.Car3	L5.6.IT.Car3	0.339465368531912	2003
mine	other	L5.6.IT.Car3_chr7_92653884	7	92653884	BD	BD_bip2024	L5.6.IT.Car3	L5.6.IT.Car3	0.144183425191905	1213
mine	other	L5.6.IT.Car3_chr4_165733382	4	165733382	PD	PD_Nalls2019	L5.6.IT.Car3	L5.6.IT.Car3	0.13952530965822	2821
mine	other	L5.6.IT.Car3_chr3_49445598	3	49445598	MDD	MDD_MDD2025	L5.6.IT.Car3	L5.6.IT.Car3	0.0677943460751521	792
mine	other	L5.6.IT.Car3_chr15_78152626	15	78152626	MDD	MDD_MDD2025	L5.6.IT.Car3	L5.6.IT.Car3	0.0646359747488794	2036
mine	other	L5.6.IT.Car3_chr6_29705084	6	29705084	LBD	LBD_Chia2021	L5.6.IT.Car3	L5.6.IT.Car3	0.0496821076593756	3341
mine	other	L5.6.IT.Car3_chr4_165733382	4	165733382	BD	BD_bip2024	L5.6.IT.Car3	L5.6.IT.Car3	0.0419602987794935	2329
mine	other	L5.6.IT.Car3_chr2_220973765	2	220973765	LBD	LBD_Chia2021	L5.6.IT.Car3	L5.6.IT.Car3	0.0382307663130766	2454
mine	other	L5.6.IT.Car3_chr3_27026433	3	27026433	MDD	MDD_MDD2025	L5.6.IT.Car3	L5.6.IT.Car3	0.0369542405295668	2061
mine	other	L5.6.IT.Car3_chr6_164850491	6	164850491	LBD	LBD_Chia2021	L5.6.IT.Car3	L5.6.IT.Car3	0.034515944113714	2599
mine	other	L5.6.IT.Car3_chr1_227229998	1	227229998	SCZ	SCZ_Trubetskoy2022	L5.6.IT.Car3	L5.6.IT.Car3	0.0311639540037037	2162
mine	other	L5.6.IT.Car3_chr6_1088363	6	1088363	LBD	LBD_Chia2021	L5.6.IT.Car3	L5.6.IT.Car3	0.0303059575901333	2516
mine	other	L5.6.IT.Car3_chr15_78152626	15	78152626	BD	BD_bip2024	L5.6.IT.Car3	L5.6.IT.Car3	0.0295722714915764	2011
mine	other	L5.6.IT.Car3_chr7_92653884	7	92653884	AD	AD_Bellenguez2022	L5.6.IT.Car3	L5.6.IT.Car3	0.0275074832549329	1586
mine	other	L5.6.IT.Car3_chr1_227229998	1	227229998	BD	BD_bip2024	L5.6.IT.Car3	L5.6.IT.Car3	0.0273169860370663	2124
mine	other	L5.6.IT.Car3_chr8_100031432	8	100031432	LBD	LBD_Chia2021	L5.6.IT.Car3	L5.6.IT.Car3	0.0267846847032004	807
mine	other	L5.6.IT.Car3_chr6_1088363	6	1088363	PD	PD_Nalls2019	L5.6.IT.Car3	L5.6.IT.Car3	0.0256271525980871	3020
mine	other	L5.6.IT.Car3_chr2_169392179	2	169392179	BD	BD_bip2024	L5.6.IT.Car3	L5.6.IT.Car3	0.0244524845170544	1827
mine	other	L5.6.IT.Car3_chr15_78152626	15	78152626	SCZ	SCZ_Trubetskoy2022	L5.6.IT.Car3	L5.6.IT.Car3	0.0243380499040468	2073
mine	other	L5.6.IT.Car3_chr6_41638701	6	41638701	LBD	LBD_Chia2021	L5.6.IT.Car3	L5.6.IT.Car3	0.0237771285284673	2095
mine	other	L5.6.IT.Car3_chr6_29705084	6	29705084	AD	AD_Bellenguez2022	L5.6.IT.Car3	L5.6.IT.Car3	0.0225935405361909	4955
mine	other	L5.6.IT.Car3_chr12_117057111	12	117057111	PD	PD_Nalls2019	L5.6.IT.Car3	L5.6.IT.Car3	0.0204090245584	2001
mine	other	L5.6.IT.Car3_chr1_227229998	1	227229998	PD	PD_Nalls2019	L5.6.IT.Car3	L5.6.IT.Car3	0.0200498090502736	2333
mine	other	L5.6.IT.Car3_chr6_164850491	6	164850491	PD	PD_Nalls2019	L5.6.IT.Car3	L5.6.IT.Car3	0.0197270708828315	2633
mine	other	L5.6.IT.Car3_chr1_227229998	1	227229998	MDD	MDD_MDD2025	L5.6.IT.Car3	L5.6.IT.Car3	0.0190255327870365	2078
mine	other	L5.6.IT.Car3_chr6_31082960	6	31082960	LBD	LBD_Chia2021	L5.6.IT.Car3	L5.6.IT.Car3	0.0188239680910584	4067
mine	other	L5.6.IT.Car3_chr9_108727170	9	108727170	MDD	MDD_MDD2025	L5.6.IT.Car3	L5.6.IT.Car3	0.0186380373784556	1407
mine	other	L5.6.IT.Car3_chr2_220973765	2	220973765	SCZ	SCZ_Trubetskoy2022	L5.6.IT.Car3	L5.6.IT.Car3	0.0176657098680136	2418
mine	other	L5.6.IT.Car3_chr7_92653884	7	92653884	LBD	LBD_Chia2021	L5.6.IT.Car3	L5.6.IT.Car3	0.0172496540385001	1215
mine	other	L5.6.IT.Car3_chr2_169392179	2	169392179	PD	PD_Nalls2019	L5.6.IT.Car3	L5.6.IT.Car3	0.0170499146867098	2121
mine	other	L5.6.IT.Car3_chr7_17522503	7	17522503	LBD	LBD_Chia2021	L5.6.IT.Car3	L5.6.IT.Car3	0.0169377054101429	1993
mine	other	L5.6.IT.Car3_chr2_55380447	2	55380447	LBD	LBD_Chia2021	L5.6.IT.Car3	L5.6.IT.Car3	0.0168043987628456	2050
mine	other	L5.6.IT.Car3_chr3_18870192	3	18870192	LBD	LBD_Chia2021	L5.6.IT.Car3	L5.6.IT.Car3	0.0167031492483857	1332
mine	other	L5.6.IT.Car3_chr3_18870192	3	18870192	PD	PD_Nalls2019	L5.6.IT.Car3	L5.6.IT.Car3	0.016043418177319	1785
mine	other	L5.6.IT.Car3_chr4_165733382	4	165733382	LBD	LBD_Chia2021	L5.6.IT.Car3	L5.6.IT.Car3	0.0158394392355776	2482
mine	other	L5.6.IT.Car3_chr2_19435945	2	19435945	AD	AD_Bellenguez2022	L5.6.IT.Car3	L5.6.IT.Car3	0.0156501625414813	2529
mine	other	L5.6.IT.Car3_chr7_92653884	7	92653884	PD	PD_Nalls2019	L5.6.IT.Car3	L5.6.IT.Car3	0.0153089336113613	1405
mine	other	L5.6.IT.Car3_chr3_49445598	3	49445598	SCZ	SCZ_Trubetskoy2022	L5.6.IT.Car3	L5.6.IT.Car3	0.0152574274865615	805
mine	other	L5.6.IT.Car3_chr7_17522503	7	17522503	PD	PD_Nalls2019	L5.6.IT.Car3	L5.6.IT.Car3	0.0152061967508499	2176
mine	other	L5.6.IT.Car3_chr7_28037685	7	28037685	BD	BD_bip2024	L5.6.IT.Car3	L5.6.IT.Car3	0.014483731828307	1804
mine	other	L5.6.IT.Car3_chr9_108727170	9	108727170	BD	BD_bip2024	L5.6.IT.Car3	L5.6.IT.Car3	0.0143496481997897	1407
mine	other	L5.6.IT.Car3_chr7_28037685	7	28037685	AD	AD_Bellenguez2022	L5.6.IT.Car3	L5.6.IT.Car3	0.0139760099739255	2287
mine	other	L5.6.IT.Car3_chr8_100031432	8	100031432	PD	PD_Nalls2019	L5.6.IT.Car3	L5.6.IT.Car3	0.0139144342436389	809
mine	other	L5.6.IT.Car3_chr2_169392179	2	169392179	SCZ	SCZ_Trubetskoy2022	L5.6.IT.Car3	L5.6.IT.Car3	0.0132015092926424	1859
mine	other	L5.6.IT.Car3_chr6_29705084	6	29705084	PD	PD_Nalls2019	L5.6.IT.Car3	L5.6.IT.Car3	0.01304463748422	5546
mine	other	L5.6.IT.Car3_chr6_1088363	6	1088363	SCZ	SCZ_Trubetskoy2022	L5.6.IT.Car3	L5.6.IT.Car3	0.0122553453443305	2746
mine	other	L5.6.IT.Car3_chr4_164749206	4	164749206	MDD	MDD_MDD2025	L5.6.IT.Car3	L5.6.IT.Car3	0.0121646896448817	1905
mine	other	L5.6.IT.Car3_chr8_116204157	8	116204157	LBD	LBD_Chia2021	L5.6.IT.Car3	L5.6.IT.Car3	0.0121339739216304	1704
mine	other	L5.6.IT.Car3_chr15_78152626	15	78152626	LBD	LBD_Chia2021	L5.6.IT.Car3	L5.6.IT.Car3	0.011707612848459	2102
mine	other	L5.6.IT.Car3_chr3_49445598	3	49445598	BD	BD_bip2024	L5.6.IT.Car3	L5.6.IT.Car3	0.0115416475862109	797
mine	other	L5.6.IT.Car3_chr2_220973765	2	220973765	PD	PD_Nalls2019	L5.6.IT.Car3	L5.6.IT.Car3	0.011469769465846	2654
mine	other	L5.6.IT.Car3_chr3_27026433	3	27026433	AD	AD_Bellenguez2022	L5.6.IT.Car3	L5.6.IT.Car3	0.0111507545555859	2773
mine	other	L5.6.IT.Car3_chr4_165733382	4	165733382	MDD	MDD_MDD2025	L5.6.IT.Car3	L5.6.IT.Car3	0.0109991217004446	2351
mine	other	L5.6.IT.Car3_chr6_31082960	6	31082960	PD	PD_Nalls2019	L5.6.IT.Car3	L5.6.IT.Car3	0.0109448644081696	7019
mine	other	L5.6.IT.Car3_chr2_7573079	2	7573079	LBD	LBD_Chia2021	L5.6.IT.Car3	L5.6.IT.Car3	0.0105783610688975	2014
mine	other	L5.6.IT.Car3_chr2_55380447	2	55380447	PD	PD_Nalls2019	L5.6.IT.Car3	L5.6.IT.Car3	0.010206261075215	2361
mine	other	L5.6.IT.Car3_chr6_41638701	6	41638701	AD	AD_Bellenguez2022	L5.6.IT.Car3	L5.6.IT.Car3	0.00996818996400265	2578
mine	other	L5.6.IT.Car3_chr8_116204157	8	116204157	SCZ	SCZ_Trubetskoy2022	L5.6.IT.Car3	L5.6.IT.Car3	0.00985201002464251	1717
mine	other	L5.6.IT.Car3_chr6_31082960	6	31082960	AD	AD_Bellenguez2022	L5.6.IT.Car3	L5.6.IT.Car3	0.00967485794487986	7440
mine	other	L5.6.IT.Car3_chr3_27026433	3	27026433	PD	PD_Nalls2019	L5.6.IT.Car3	L5.6.IT.Car3	0.00951262537556802	2435
mine	other	L5.6.IT.Car3_chr6_164850491	6	164850491	AD	AD_Bellenguez2022	L5.6.IT.Car3	L5.6.IT.Car3	0.00949437030354911	2914
mine	other	L5.6.IT.Car3_chr12_117057111	12	117057111	SCZ	SCZ_Trubetskoy2022	L5.6.IT.Car3	L5.6.IT.Car3	0.00949123072835313	1782
mine	other	L5.6.IT.Car3_chr1_218288483	1	218288483	SCZ	SCZ_Trubetskoy2022	L5.6.IT.Car3	L5.6.IT.Car3	0.0094481228852201	2167
mine	other	L5.6.IT.Car3_chr7_17522503	7	17522503	BD	BD_bip2024	L5.6.IT.Car3	L5.6.IT.Car3	0.00936251873782141	1917
mine	other	L5.6.IT.Car3_chr9_108727170	9	108727170	SCZ	SCZ_Trubetskoy2022	L5.6.IT.Car3	L5.6.IT.Car3	0.00908087846971591	1457
mine	other	L5.6.IT.Car3_chr2_7573079	2	7573079	SCZ	SCZ_Trubetskoy2022	L5.6.IT.Car3	L5.6.IT.Car3	0.00874830568590783	2180
mine	other	L5.6.IT.Car3_chr7_92653884	7	92653884	SCZ	SCZ_Trubetskoy2022	L5.6.IT.Car3	L5.6.IT.Car3	0.0086625622845412	1247
mine	other	L5.6.IT.Car3_chr7_17522503	7	17522503	AD	AD_Bellenguez2022	L5.6.IT.Car3	L5.6.IT.Car3	0.0086044781447144	2283
mine	other	L5.6.IT.Car3_chr6_13032326	6	13032326	SCZ	SCZ_Trubetskoy2022	L5.6.IT.Car3	L5.6.IT.Car3	0.00847127112713619	1878
mine	other	L5.6.IT.Car3_chr6_29705084	6	29705084	MDD	MDD_MDD2025	L5.6.IT.Car3	L5.6.IT.Car3	0.00842392545807754	4991
mine	other	L5.6.IT.Car3_chr12_117057111	12	117057111	MDD	MDD_MDD2025	L5.6.IT.Car3	L5.6.IT.Car3	0.0083831295023769	1660
mine	other	L5.6.IT.Car3_chr2_7573079	2	7573079	PD	PD_Nalls2019	L5.6.IT.Car3	L5.6.IT.Car3	0.00837215973005512	2363
mine	other	L5.6.IT.Car3_chr4_165733382	4	165733382	SCZ	SCZ_Trubetskoy2022	L5.6.IT.Car3	L5.6.IT.Car3	0.00836280266339567	2403
mine	other	L5.6.IT.Car3_chr6_29705084	6	29705084	SCZ	SCZ_Trubetskoy2022	L5.6.IT.Car3	L5.6.IT.Car3	0.00835846893656	5443
mine	other	L5.6.IT.Car3_chr6_41638701	6	41638701	PD	PD_Nalls2019	L5.6.IT.Car3	L5.6.IT.Car3	0.00835661025507863	2436
mine	other	L5.6.IT.Car3_chr12_117057111	12	117057111	BD	BD_bip2024	L5.6.IT.Car3	L5.6.IT.Car3	0.00806803145371935	1685
mine	other	L5.6.IT.Car3_chr12_117057111	12	117057111	AD	AD_Bellenguez2022	L5.6.IT.Car3	L5.6.IT.Car3	0.00804210419298643	2087
mine	other	L5.6.IT.Car3_chr2_55380447	2	55380447	AD	AD_Bellenguez2022	L5.6.IT.Car3	L5.6.IT.Car3	0.00737176798556197	2522
mine	other	L5.6.IT.Car3_chr18_62825985	18	62825985	LBD	LBD_Chia2021	L5.6.IT.Car3	L5.6.IT.Car3	0.0073358718825699	1977
mine	other	L5.6.IT.Car3_chr8_100031432	8	100031432	SCZ	SCZ_Trubetskoy2022	L5.6.IT.Car3	L5.6.IT.Car3	0.00697406875457861	804
mine	other	L5.6.IT.Car3_chr6_1088363	6	1088363	AD	AD_Bellenguez2022	L5.6.IT.Car3	L5.6.IT.Car3	0.00695226521669154	3185
mine	other	L5.6.IT.Car3_chr15_78152626	15	78152626	PD	PD_Nalls2019	L5.6.IT.Car3	L5.6.IT.Car3	0.00694467982205655	2279
mine	other	L5.6.IT.Car3_chr4_67523201	4	67523201	MDD	MDD_MDD2025	L5.6.IT.Car3	L5.6.IT.Car3	0.00683344234098289	1769
mine	other	L5.6.IT.Car3_chr6_13032326	6	13032326	LBD	LBD_Chia2021	L5.6.IT.Car3	L5.6.IT.Car3	0.00679790672223095	1741
mine	other	L5.6.IT.Car3_chr2_220973765	2	220973765	BD	BD_bip2024	L5.6.IT.Car3	L5.6.IT.Car3	0.00675408134261033	2362
mine	other	L5.6.IT.Car3_chr3_18870192	3	18870192	SCZ	SCZ_Trubetskoy2022	L5.6.IT.Car3	L5.6.IT.Car3	0.00655652461553492	1443
mine	other	L5.6.IT.Car3_chr6_13032326	6	13032326	PD	PD_Nalls2019	L5.6.IT.Car3	L5.6.IT.Car3	0.00654731700804363	2258
mine	other	L5.6.IT.Car3_chr1_218288483	1	218288483	PD	PD_Nalls2019	L5.6.IT.Car3	L5.6.IT.Car3	0.00653874929270127	2420
mine	other	L5.6.IT.Car3_chr3_18870192	3	18870192	BD	BD_bip2024	L5.6.IT.Car3	L5.6.IT.Car3	0.0065177691004491	1388
mine	other	L5.6.IT.Car3_chr6_29705084	6	29705084	BD	BD_bip2024	L5.6.IT.Car3	L5.6.IT.Car3	0.00634112459197979	4853
mine	other	L5.6.IT.Car3_chr8_116204157	8	116204157	MDD	MDD_MDD2025	L5.6.IT.Car3	L5.6.IT.Car3	0.0063229274145689	1703
mine	other	L5.6.IT.Car3_chr1_218288483	1	218288483	LBD	LBD_Chia2021	L5.6.IT.Car3	L5.6.IT.Car3	0.00611803252670022	2249
mine	other	L5.6.IT.Car3_chr6_164850491	6	164850491	BD	BD_bip2024	L5.6.IT.Car3	L5.6.IT.Car3	0.00609595268845403	2396
mine	other	L5.6.IT.Car3_chr2_7573079	2	7573079	AD	AD_Bellenguez2022	L5.6.IT.Car3	L5.6.IT.Car3	0.00587995957307519	2505
mine	other	L5.6.IT.Car3_chr6_164850491	6	164850491	SCZ	SCZ_Trubetskoy2022	L5.6.IT.Car3	L5.6.IT.Car3	0.00586576033736926	2451
mine	other	L5.6.IT.Car3_chr2_19435945	2	19435945	PD	PD_Nalls2019	L5.6.IT.Car3	L5.6.IT.Car3	0.00584936358338855	2329
mine	other	L5.6.IT.Car3_chr9_108727170	9	108727170	PD	PD_Nalls2019	L5.6.IT.Car3	L5.6.IT.Car3	0.00578744814896871	1673
mine	other	L5.6.IT.Car3_chr9_108727170	9	108727170	LBD	LBD_Chia2021	L5.6.IT.Car3	L5.6.IT.Car3	0.00563711521608918	1507
mine	other	L5.6.IT.Car3_chr6_13032326	6	13032326	BD	BD_bip2024	L5.6.IT.Car3	L5.6.IT.Car3	0.00546446884503386	1799
mine	other	L5.6.IT.Car3_chr6_41638701	6	41638701	SCZ	SCZ_Trubetskoy2022	L5.6.IT.Car3	L5.6.IT.Car3	0.00540437700368235	2100
mine	other	L5.6.IT.Car3_chr4_67523201	4	67523201	PD	PD_Nalls2019	L5.6.IT.Car3	L5.6.IT.Car3	0.00520275169834163	2312
mine	other	L5.6.IT.Car3_chr8_116204157	8	116204157	PD	PD_Nalls2019	L5.6.IT.Car3	L5.6.IT.Car3	0.005070500595692	2063
mine	other	L5.6.IT.Car3_chr2_55380447	2	55380447	BD	BD_bip2024	L5.6.IT.Car3	L5.6.IT.Car3	0.00501204696976798	1962
mine	other	L5.6.IT.Car3_chr3_27026433	3	27026433	LBD	LBD_Chia2021	L5.6.IT.Car3	L5.6.IT.Car3	0.0049885923054571	2275
mine	other	L5.6.IT.Car3_chr2_220973765	2	220973765	AD	AD_Bellenguez2022	L5.6.IT.Car3	L5.6.IT.Car3	0.00495686697674175	2862
mine	other	L5.6.IT.Car3_chr18_62825985	18	62825985	MDD	MDD_MDD2025	L5.6.IT.Car3	L5.6.IT.Car3	0.00489111131856502	1708
mine	other	L5.6.IT.Car3_chr2_19435945	2	19435945	LBD	LBD_Chia2021	L5.6.IT.Car3	L5.6.IT.Car3	0.00474725248000387	2105
mine	other	L5.6.IT.Car3_chr7_17522503	7	17522503	SCZ	SCZ_Trubetskoy2022	L5.6.IT.Car3	L5.6.IT.Car3	0.00472775979935523	1940
mine	other	L5.6.IT.Car3_chr4_165733382	4	165733382	AD	AD_Bellenguez2022	L5.6.IT.Car3	L5.6.IT.Car3	0.00468300684259673	3078
mine	other	L5.6.IT.Car3_chr7_28037685	7	28037685	PD	PD_Nalls2019	L5.6.IT.Car3	L5.6.IT.Car3	0.00467617451070318	2119
mine	other	L5.6.IT.Car3_chr12_117057111	12	117057111	LBD	LBD_Chia2021	L5.6.IT.Car3	L5.6.IT.Car3	0.00465166953198811	1677
mine	other	L5.6.IT.Car3_chr7_28037685	7	28037685	MDD	MDD_MDD2025	L5.6.IT.Car3	L5.6.IT.Car3	0.00463123080276779	1761
mine	other	L5.6.IT.Car3_chr2_169392179	2	169392179	LBD	LBD_Chia2021	L5.6.IT.Car3	L5.6.IT.Car3	0.00445700057181465	1829
mine	other	L5.6.IT.Car3_chr4_164749206	4	164749206	LBD	LBD_Chia2021	L5.6.IT.Car3	L5.6.IT.Car3	0.00430748477670494	1909
mine	other	L5.6.IT.Car3_chr11_43383699	11	43383699	AD	AD_Bellenguez2022	L5.6.IT.Car3	L5.6.IT.Car3	0.00417664349135487	2267
mine	other	L5.6.IT.Car3_chr3_18870192	3	18870192	AD	AD_Bellenguez2022	L5.6.IT.Car3	L5.6.IT.Car3	0.00413044389928385	1957
mine	other	L5.6.IT.Car3_chr18_62825985	18	62825985	PD	PD_Nalls2019	L5.6.IT.Car3	L5.6.IT.Car3	0.00412953200204934	2112
mine	other	L5.6.IT.Car3_chr6_31082960	6	31082960	BD	BD_bip2024	L5.6.IT.Car3	L5.6.IT.Car3	0.00403107912192	6309
mine	other	L5.6.IT.Car3_chr3_18870192	3	18870192	MDD	MDD_MDD2025	L5.6.IT.Car3	L5.6.IT.Car3	0.00396002642741045	1306
mine	other	L5.6.IT.Car3_chr2_19435945	2	19435945	BD	BD_bip2024	L5.6.IT.Car3	L5.6.IT.Car3	0.00393213872063228	2124
mine	other	L5.6.IT.Car3_chr6_1088363	6	1088363	BD	BD_bip2024	L5.6.IT.Car3	L5.6.IT.Car3	0.00382590477567693	2676
mine	other	L5.6.IT.Car3_chr9_108727170	9	108727170	AD	AD_Bellenguez2022	L5.6.IT.Car3	L5.6.IT.Car3	0.00372039116842155	1852
mine	other	L5.6.IT.Car3_chr6_13032326	6	13032326	AD	AD_Bellenguez2022	L5.6.IT.Car3	L5.6.IT.Car3	0.00360848390131641	2347
mine	other	L5.6.IT.Car3_chr1_227229998	1	227229998	AD	AD_Bellenguez2022	L5.6.IT.Car3	L5.6.IT.Car3	0.0035475853223915	2533
mine	other	L5.6.IT.Car3_chr4_67523201	4	67523201	AD	AD_Bellenguez2022	L5.6.IT.Car3	L5.6.IT.Car3	0.00352142319815065	2474
mine	other	L5.6.IT.Car3_chr15_78152626	15	78152626	AD	AD_Bellenguez2022	L5.6.IT.Car3	L5.6.IT.Car3	0.00352130686154722	2523
mine	other	L5.6.IT.Car3_chr3_27026433	3	27026433	SCZ	SCZ_Trubetskoy2022	L5.6.IT.Car3	L5.6.IT.Car3	0.00349251434099535	2153
mine	other	L5.6.IT.Car3_chr11_43383699	11	43383699	LBD	LBD_Chia2021	L5.6.IT.Car3	L5.6.IT.Car3	0.00341644800076215	2024
mine	other	L5.6.IT.Car3_chr6_41638701	6	41638701	BD	BD_bip2024	L5.6.IT.Car3	L5.6.IT.Car3	0.00337432367390595	2053
mine	other	L5.6.IT.Car3_chr7_28037685	7	28037685	LBD	LBD_Chia2021	L5.6.IT.Car3	L5.6.IT.Car3	0.00335684357797706	1790
mine	other	L5.6.IT.Car3_chr4_164749206	4	164749206	SCZ	SCZ_Trubetskoy2022	L5.6.IT.Car3	L5.6.IT.Car3	0.0033474010518001	1943
mine	other	L5.6.IT.Car3_chr18_62825985	18	62825985	SCZ	SCZ_Trubetskoy2022	L5.6.IT.Car3	L5.6.IT.Car3	0.00332377709132976	1879
mine	other	L5.6.IT.Car3_chr4_67523201	4	67523201	LBD	LBD_Chia2021	L5.6.IT.Car3	L5.6.IT.Car3	0.00322328922287701	1872
mine	other	L5.6.IT.Car3_chr4_164749206	4	164749206	PD	PD_Nalls2019	L5.6.IT.Car3	L5.6.IT.Car3	0.00320648712942665	2091
mine	other	L5.6.IT.Car3_chr11_43383699	11	43383699	PD	PD_Nalls2019	L5.6.IT.Car3	L5.6.IT.Car3	0.00315626160479482	2027
mine	other	L5.6.IT.Car3_chr8_100031432	8	100031432	AD	AD_Bellenguez2022	L5.6.IT.Car3	L5.6.IT.Car3	0.00307782759938117	909
mine	other	L5.6.IT.Car3_chr8_116204157	8	116204157	AD	AD_Bellenguez2022	L5.6.IT.Car3	L5.6.IT.Car3	0.00303157581776648	2247
mine	other	L5.6.IT.Car3_chr6_31082960	6	31082960	SCZ	SCZ_Trubetskoy2022	L5.6.IT.Car3	L5.6.IT.Car3	0.0030265260441755	7044
mine	other	L5.6.IT.Car3_chr2_7573079	2	7573079	BD	BD_bip2024	L5.6.IT.Car3	L5.6.IT.Car3	0.00301418073395075	2145
mine	other	L5.6.IT.Car3_chr6_31082960	6	31082960	MDD	MDD_MDD2025	L5.6.IT.Car3	L5.6.IT.Car3	0.00299035549620456	6171
mine	other	L5.6.IT.Car3_chr1_218288483	1	218288483	AD	AD_Bellenguez2022	L5.6.IT.Car3	L5.6.IT.Car3	0.0029538502782616	2656
mine	other	L5.6.IT.Car3_chr2_169392179	2	169392179	AD	AD_Bellenguez2022	L5.6.IT.Car3	L5.6.IT.Car3	0.00293886649362997	2296
mine	other	L5.6.IT.Car3_chr2_55380447	2	55380447	MDD	MDD_MDD2025	L5.6.IT.Car3	L5.6.IT.Car3	0.00286552674428671	1837
mine	other	L5.6.IT.Car3_chr8_100031432	8	100031432	BD	BD_bip2024	L5.6.IT.Car3	L5.6.IT.Car3	0.00269998421787506	766
mine	other	L5.6.IT.Car3_chr3_27026433	3	27026433	BD	BD_bip2024	L5.6.IT.Car3	L5.6.IT.Car3	0.00265658502596959	2101
mine	other	L5.6.IT.Car3_chr7_92653884	7	92653884	MDD	MDD_MDD2025	L5.6.IT.Car3	L5.6.IT.Car3	0.00265049406030202	1224
mine	other	L5.6.IT.Car3_chr7_17522503	7	17522503	MDD	MDD_MDD2025	L5.6.IT.Car3	L5.6.IT.Car3	0.00257347810080192	1836
mine	other	L5.6.IT.Car3_chr4_164749206	4	164749206	BD	BD_bip2024	L5.6.IT.Car3	L5.6.IT.Car3	0.00257206695776129	1895
mine	other	L5.6.IT.Car3_chr3_49445598	3	49445598	LBD	LBD_Chia2021	L5.6.IT.Car3	L5.6.IT.Car3	0.00255694598322971	736
mine	other	L5.6.IT.Car3_chr6_13032326	6	13032326	MDD	MDD_MDD2025	L5.6.IT.Car3	L5.6.IT.Car3	0.00250698621216544	1818
mine	other	L5.6.IT.Car3_chr18_62825985	18	62825985	AD	AD_Bellenguez2022	L5.6.IT.Car3	L5.6.IT.Car3	0.00246527007621484	2359
mine	other	L5.6.IT.Car3_chr1_227229998	1	227229998	LBD	LBD_Chia2021	L5.6.IT.Car3	L5.6.IT.Car3	0.00243998350320174	2259
mine	other	L5.6.IT.Car3_chr4_67523201	4	67523201	SCZ	SCZ_Trubetskoy2022	L5.6.IT.Car3	L5.6.IT.Car3	0.00241491617857607	1887
mine	other	L5.6.IT.Car3_chr11_43383699	11	43383699	SCZ	SCZ_Trubetskoy2022	L5.6.IT.Car3	L5.6.IT.Car3	0.00238116310287648	1926
mine	other	L5.6.IT.Car3_chr2_19435945	2	19435945	SCZ	SCZ_Trubetskoy2022	L5.6.IT.Car3	L5.6.IT.Car3	0.00227139901785079	2150
mine	other	L5.6.IT.Car3_chr3_49445598	3	49445598	PD	PD_Nalls2019	L5.6.IT.Car3	L5.6.IT.Car3	0.00209672525048054	870
mine	other	L5.6.IT.Car3_chr4_164749206	4	164749206	AD	AD_Bellenguez2022	L5.6.IT.Car3	L5.6.IT.Car3	0.00205497206764053	2293
mine	other	L5.6.IT.Car3_chr6_1088363	6	1088363	MDD	MDD_MDD2025	L5.6.IT.Car3	L5.6.IT.Car3	0.00184851907687128	2646
mine	other	L5.6.IT.Car3_chr7_28037685	7	28037685	SCZ	SCZ_Trubetskoy2022	L5.6.IT.Car3	L5.6.IT.Car3	0.00184090111744454	1838
mine	other	L5.6.IT.Car3_chr11_43383699	11	43383699	BD	BD_bip2024	L5.6.IT.Car3	L5.6.IT.Car3	0.00181469587575697	1908
mine	other	L5.6.IT.Car3_chr11_43383699	11	43383699	MDD	MDD_MDD2025	L5.6.IT.Car3	L5.6.IT.Car3	0.00180734940038032	1725
mine	other	L5.6.IT.Car3_chr1_218288483	1	218288483	BD	BD_bip2024	L5.6.IT.Car3	L5.6.IT.Car3	0.00170962232206351	2092
mine	other	L5.6.IT.Car3_chr2_169392179	2	169392179	MDD	MDD_MDD2025	L5.6.IT.Car3	L5.6.IT.Car3	0.00160757004883485	1744
mine	other	L5.6.IT.Car3_chr2_220973765	2	220973765	MDD	MDD_MDD2025	L5.6.IT.Car3	L5.6.IT.Car3	0.00154145251533269	2273
mine	other	L5.6.IT.Car3_chr8_116204157	8	116204157	BD	BD_bip2024	L5.6.IT.Car3	L5.6.IT.Car3	0.00151576761229658	1689
mine	other	L5.6.IT.Car3_chr6_41638701	6	41638701	MDD	MDD_MDD2025	L5.6.IT.Car3	L5.6.IT.Car3	0.00143927351485098	2021
mine	other	L5.6.IT.Car3_chr2_7573079	2	7573079	MDD	MDD_MDD2025	L5.6.IT.Car3	L5.6.IT.Car3	0.00140168727768549	2001
mine	other	L5.6.IT.Car3_chr3_49445598	3	49445598	AD	AD_Bellenguez2022	L5.6.IT.Car3	L5.6.IT.Car3	0.00131488581411997	892
mine	other	L5.6.IT.Car3_chr18_62825985	18	62825985	BD	BD_bip2024	L5.6.IT.Car3	L5.6.IT.Car3	0.00122259642135019	1809
mine	other	L5.6.IT.Car3_chr4_67523201	4	67523201	BD	BD_bip2024	L5.6.IT.Car3	L5.6.IT.Car3	0.0007385688700561	1822
mine	other	L5.6.IT.Car3_chr6_164850491	6	164850491	MDD	MDD_MDD2025	L5.6.IT.Car3	L5.6.IT.Car3	0.000540515489915966	2390
mine	other	L5.6.IT.Car3_chr1_218288483	1	218288483	MDD	MDD_MDD2025	L5.6.IT.Car3	L5.6.IT.Car3	0.000512461003960812	2118
mine	other	L5.6.IT.Car3_chr8_100031432	8	100031432	MDD	MDD_MDD2025	L5.6.IT.Car3	L5.6.IT.Car3	0.000504358085175287	807
mine	other	L5.6.IT.Car3_chr2_19435945	2	19435945	MDD	MDD_MDD2025	L5.6.IT.Car3	L5.6.IT.Car3	0.000472581990375622	2081
mine	other	L5.6.NP_chr15_61338744	15	61338744	SCZ	SCZ_Trubetskoy2022	L5.6.NP	L5.6.NP	0.547087368957175	1952
mine	other	L5.6.NP_chr6_28416340	6	28416340	AD	AD_Bellenguez2022	L5.6.NP	L5.6.NP	0.097905451788234	2201
mine	other	L5.6.NP_chr3_10793137	3	10793137	SCZ	SCZ_Trubetskoy2022	L5.6.NP	L5.6.NP	0.063861431518276	2067
mine	other	L5.6.NP_chr1_163592414	1	163592414	LBD	LBD_Chia2021	L5.6.NP	L5.6.NP	0.0584796337395729	2294
mine	other	L5.6.NP_chr5_55214053	5	55214053	BD	BD_bip2024	L5.6.NP	L5.6.NP	0.0354364570160775	2097
mine	other	L5.6.NP_chr4_3885717	4	3885717	BD	BD_bip2024	L5.6.NP	L5.6.NP	0.0328633094828523	2665
mine	other	L5.6.NP_chr21_41111868	21	41111868	PD	PD_Nalls2019	L5.6.NP	L5.6.NP	0.0326020939696136	3162
mine	other	L5.6.NP_chr4_80578823	4	80578823	LBD	LBD_Chia2021	L5.6.NP	L5.6.NP	0.0266149547381205	1628
mine	other	L5.6.NP_chr6_28416340	6	28416340	SCZ	SCZ_Trubetskoy2022	L5.6.NP	L5.6.NP	0.0241859690721401	1892
mine	other	L5.6.NP_chr3_142542244	3	142542244	MDD	MDD_MDD2025	L5.6.NP	L5.6.NP	0.0239525519290869	1405
mine	other	L5.6.NP_chr6_28416340	6	28416340	BD	BD_bip2024	L5.6.NP	L5.6.NP	0.0238885450100285	1774
mine	other	L5.6.NP_chr6_28416340	6	28416340	MDD	MDD_MDD2025	L5.6.NP	L5.6.NP	0.0237607398969189	1716
mine	other	L5.6.NP_chr1_184912502	1	184912502	LBD	LBD_Chia2021	L5.6.NP	L5.6.NP	0.0228758530220136	1201
mine	other	L5.6.NP_chr4_64267621	4	64267621	LBD	LBD_Chia2021	L5.6.NP	L5.6.NP	0.0226756021630587	2374
mine	other	L5.6.NP_chr19_3515764	19	3515764	AD	AD_Bellenguez2022	L5.6.NP	L5.6.NP	0.0212819747999719	2674
mine	other	L5.6.NP_chr5_55214053	5	55214053	LBD	LBD_Chia2021	L5.6.NP	L5.6.NP	0.0208138833488539	2286
mine	other	L5.6.NP_chr11_44321067	11	44321067	LBD	LBD_Chia2021	L5.6.NP	L5.6.NP	0.01974589086073	2156
mine	other	L5.6.NP_chr8_75614614	8	75614614	PD	PD_Nalls2019	L5.6.NP	L5.6.NP	0.0189927578269062	1766
mine	other	L5.6.NP_chr21_41111868	21	41111868	LBD	LBD_Chia2021	L5.6.NP	L5.6.NP	0.0184480345877744	2628
mine	other	L5.6.NP_chr15_61338744	15	61338744	PD	PD_Nalls2019	L5.6.NP	L5.6.NP	0.0176546026827835	2219
mine	other	L5.6.NP_chr11_44321067	11	44321067	PD	PD_Nalls2019	L5.6.NP	L5.6.NP	0.0169928604647455	2338
mine	other	L5.6.NP_chr11_21537527	11	21537527	PD	PD_Nalls2019	L5.6.NP	L5.6.NP	0.0162688189353544	2766
mine	other	L5.6.NP_chr4_80578823	4	80578823	PD	PD_Nalls2019	L5.6.NP	L5.6.NP	0.0155814993866891	1924
mine	other	L5.6.NP_chr4_64267621	4	64267621	PD	PD_Nalls2019	L5.6.NP	L5.6.NP	0.0151886514279775	2596
mine	other	L5.6.NP_chr14_22611797	14	22611797	BD	BD_bip2024	L5.6.NP	L5.6.NP	0.0151813726359	2962
mine	other	L5.6.NP_chr15_61338744	15	61338744	LBD	LBD_Chia2021	L5.6.NP	L5.6.NP	0.0150073297794374	1974
mine	other	L5.6.NP_chr15_81182594	15	81182594	LBD	LBD_Chia2021	L5.6.NP	L5.6.NP	0.0143415836350861	1643
mine	other	L5.6.NP_chr13_60857086	13	60857086	MDD	MDD_MDD2025	L5.6.NP	L5.6.NP	0.0140958094936316	1916
mine	other	L5.6.NP_chr1_163592414	1	163592414	PD	PD_Nalls2019	L5.6.NP	L5.6.NP	0.0135228892179471	2375
mine	other	L5.6.NP_chr8_6672746	8	6672746	PD	PD_Nalls2019	L5.6.NP	L5.6.NP	0.0132314602347007	3230
mine	other	L5.6.NP_chr11_21537527	11	21537527	LBD	LBD_Chia2021	L5.6.NP	L5.6.NP	0.0132289684554882	2442
mine	other	L5.6.NP_chr1_184912502	1	184912502	AD	AD_Bellenguez2022	L5.6.NP	L5.6.NP	0.0127916256013279	1453
mine	other	L5.6.NP_chr3_10793137	3	10793137	BD	BD_bip2024	L5.6.NP	L5.6.NP	0.01263960251878	2019
mine	other	L5.6.NP_chr4_3885717	4	3885717	PD	PD_Nalls2019	L5.6.NP	L5.6.NP	0.0125743797723461	3118
mine	other	L5.6.NP_chr8_6672746	8	6672746	LBD	LBD_Chia2021	L5.6.NP	L5.6.NP	0.0125289806216866	2946
mine	other	L5.6.NP_chr19_53053482	19	53053482	LBD	LBD_Chia2021	L5.6.NP	L5.6.NP	0.0123196085621048	2867
mine	other	L5.6.NP_chr4_79255131	4	79255131	LBD	LBD_Chia2021	L5.6.NP	L5.6.NP	0.0120770623325907	2002
mine	other	L5.6.NP_chr3_140966867	3	140966867	PD	PD_Nalls2019	L5.6.NP	L5.6.NP	0.0116865067601666	1946
mine	other	L5.6.NP_chr3_142542244	3	142542244	LBD	LBD_Chia2021	L5.6.NP	L5.6.NP	0.0108814775615178	1543
mine	other	L5.6.NP_chr8_6672746	8	6672746	AD	AD_Bellenguez2022	L5.6.NP	L5.6.NP	0.0107941996147117	3470
mine	other	L5.6.NP_chr3_140966867	3	140966867	LBD	LBD_Chia2021	L5.6.NP	L5.6.NP	0.0107853970382336	1726
mine	other	L5.6.NP_chr19_53053482	19	53053482	PD	PD_Nalls2019	L5.6.NP	L5.6.NP	0.0107341567549064	3219
mine	other	L5.6.NP_chr20_775296	20	775296	LBD	LBD_Chia2021	L5.6.NP	L5.6.NP	0.010612587071694	2390
mine	other	L5.6.NP_chr21_16320650	21	16320650	SCZ	SCZ_Trubetskoy2022	L5.6.NP	L5.6.NP	0.0106098893015308	1893
mine	other	L5.6.NP_chr8_75614614	8	75614614	LBD	LBD_Chia2021	L5.6.NP	L5.6.NP	0.0103205222200027	1616
mine	other	L5.6.NP_chr15_81182594	15	81182594	PD	PD_Nalls2019	L5.6.NP	L5.6.NP	0.0100824097566845	2117
mine	other	L5.6.NP_chr1_184912502	1	184912502	PD	PD_Nalls2019	L5.6.NP	L5.6.NP	0.0100371236014772	1315
mine	other	L5.6.NP_chr6_28416340	6	28416340	LBD	LBD_Chia2021	L5.6.NP	L5.6.NP	0.0100058405164656	1608
mine	other	L5.6.NP_chr8_75614614	8	75614614	AD	AD_Bellenguez2022	L5.6.NP	L5.6.NP	0.00971924002225777	1879
mine	other	L5.6.NP_chr3_10793137	3	10793137	PD	PD_Nalls2019	L5.6.NP	L5.6.NP	0.0096845763626718	2317
mine	other	L5.6.NP_chr15_81182594	15	81182594	SCZ	SCZ_Trubetskoy2022	L5.6.NP	L5.6.NP	0.00967054708227005	1764
mine	other	L5.6.NP_chr19_3515764	19	3515764	LBD	LBD_Chia2021	L5.6.NP	L5.6.NP	0.00956212547561651	2237
mine	other	L5.6.NP_chr4_80578823	4	80578823	AD	AD_Bellenguez2022	L5.6.NP	L5.6.NP	0.00955500052857458	2093
mine	other	L5.6.NP_chr20_775296	20	775296	PD	PD_Nalls2019	L5.6.NP	L5.6.NP	0.00955081263832382	2691
mine	other	L5.6.NP_chr5_55214053	5	55214053	PD	PD_Nalls2019	L5.6.NP	L5.6.NP	0.00937135222698728	2357
mine	other	L5.6.NP_chr3_142542244	3	142542244	PD	PD_Nalls2019	L5.6.NP	L5.6.NP	0.00822787076267544	1809
mine	other	L5.6.NP_chr20_775296	20	775296	AD	AD_Bellenguez2022	L5.6.NP	L5.6.NP	0.0080600350061354	2891
mine	other	L5.6.NP_chr4_80578823	4	80578823	BD	BD_bip2024	L5.6.NP	L5.6.NP	0.00796634470218732	1627
mine	other	L5.6.NP_chr5_55214053	5	55214053	SCZ	SCZ_Trubetskoy2022	L5.6.NP	L5.6.NP	0.00781813561656112	2131
mine	other	L5.6.NP_chr4_79255131	4	79255131	PD	PD_Nalls2019	L5.6.NP	L5.6.NP	0.00745084381510872	2346
mine	other	L5.6.NP_chr11_44321067	11	44321067	SCZ	SCZ_Trubetskoy2022	L5.6.NP	L5.6.NP	0.00743306082945769	2184
mine	other	L5.6.NP_chr14_22611797	14	22611797	PD	PD_Nalls2019	L5.6.NP	L5.6.NP	0.00740598786703386	3073
mine	other	L5.6.NP_chr4_79255131	4	79255131	AD	AD_Bellenguez2022	L5.6.NP	L5.6.NP	0.00712225601446268	2593
mine	other	L5.6.NP_chr21_41111868	21	41111868	SCZ	SCZ_Trubetskoy2022	L5.6.NP	L5.6.NP	0.00706111472780433	2821
mine	other	L5.6.NP_chr4_64267621	4	64267621	SCZ	SCZ_Trubetskoy2022	L5.6.NP	L5.6.NP	0.00699032549772951	2225
mine	other	L5.6.NP_chr8_75614614	8	75614614	BD	BD_bip2024	L5.6.NP	L5.6.NP	0.00696927621020174	1533
mine	other	L5.6.NP_chr3_142542244	3	142542244	SCZ	SCZ_Trubetskoy2022	L5.6.NP	L5.6.NP	0.00696008290171212	1471
mine	other	L5.6.NP_chr1_163592414	1	163592414	SCZ	SCZ_Trubetskoy2022	L5.6.NP	L5.6.NP	0.00669224767713911	2236
mine	other	L5.6.NP_chr5_55214053	5	55214053	AD	AD_Bellenguez2022	L5.6.NP	L5.6.NP	0.00650843127001805	2547
mine	other	L5.6.NP_chr4_64267621	4	64267621	AD	AD_Bellenguez2022	L5.6.NP	L5.6.NP	0.00642548715163567	2877
mine	other	L5.6.NP_chr1_163592414	1	163592414	BD	BD_bip2024	L5.6.NP	L5.6.NP	0.00634850490698806	2202
mine	other	L5.6.NP_chr3_10793137	3	10793137	LBD	LBD_Chia2021	L5.6.NP	L5.6.NP	0.00628506615945872	1882
mine	other	L5.6.NP_chr11_44321067	11	44321067	AD	AD_Bellenguez2022	L5.6.NP	L5.6.NP	0.00625362127313992	2488
mine	other	L5.6.NP_chr13_60857086	13	60857086	LBD	LBD_Chia2021	L5.6.NP	L5.6.NP	0.00614244754594583	2053
mine	other	L5.6.NP_chr8_6672746	8	6672746	BD	BD_bip2024	L5.6.NP	L5.6.NP	0.00608490385202496	2702
mine	other	L5.6.NP_chr1_163592414	1	163592414	AD	AD_Bellenguez2022	L5.6.NP	L5.6.NP	0.00605969914681871	2639
mine	other	L5.6.NP_chr19_3515764	19	3515764	PD	PD_Nalls2019	L5.6.NP	L5.6.NP	0.00603685008145168	2481
mine	other	L5.6.NP_chr21_41111868	21	41111868	AD	AD_Bellenguez2022	L5.6.NP	L5.6.NP	0.00594896181705346	3445
mine	other	L5.6.NP_chr3_7302360	3	7302360	PD	PD_Nalls2019	L5.6.NP	L5.6.NP	0.00565731921581662	2666
mine	other	L5.6.NP_chr3_10793137	3	10793137	MDD	MDD_MDD2025	L5.6.NP	L5.6.NP	0.00564894940024969	1972
mine	other	L5.6.NP_chr3_140966867	3	140966867	AD	AD_Bellenguez2022	L5.6.NP	L5.6.NP	0.00553290206456599	2121
mine	other	L5.6.NP_chr15_61338744	15	61338744	BD	BD_bip2024	L5.6.NP	L5.6.NP	0.00551253321006603	1911
mine	other	L5.6.NP_chr11_44321067	11	44321067	BD	BD_bip2024	L5.6.NP	L5.6.NP	0.00539218949161542	2140
mine	other	L5.6.NP_chr4_3885717	4	3885717	AD	AD_Bellenguez2022	L5.6.NP	L5.6.NP	0.00532112652008142	3749
mine	other	L5.6.NP_chr19_53053482	19	53053482	BD	BD_bip2024	L5.6.NP	L5.6.NP	0.00520477115421986	2843
mine	other	L5.6.NP_chr4_3885717	4	3885717	SCZ	SCZ_Trubetskoy2022	L5.6.NP	L5.6.NP	0.00518221319705832	2796
mine	other	L5.6.NP_chr6_28416340	6	28416340	PD	PD_Nalls2019	L5.6.NP	L5.6.NP	0.00515150952285511	2050
mine	other	L5.6.NP_chr15_61338744	15	61338744	AD	AD_Bellenguez2022	L5.6.NP	L5.6.NP	0.00514828710578213	2372
mine	other	L5.6.NP_chr4_64267621	4	64267621	BD	BD_bip2024	L5.6.NP	L5.6.NP	0.00513804274167216	2190
mine	other	L5.6.NP_chr13_60857086	13	60857086	PD	PD_Nalls2019	L5.6.NP	L5.6.NP	0.00499330999273077	2096
mine	other	L5.6.NP_chr21_16320650	21	16320650	MDD	MDD_MDD2025	L5.6.NP	L5.6.NP	0.00496619845835797	1817
mine	other	L5.6.NP_chr3_7302360	3	7302360	AD	AD_Bellenguez2022	L5.6.NP	L5.6.NP	0.00496292699214708	2866
mine	other	L5.6.NP_chr21_41111868	21	41111868	BD	BD_bip2024	L5.6.NP	L5.6.NP	0.00495237243444644	2776
mine	other	L5.6.NP_chr21_16320650	21	16320650	PD	PD_Nalls2019	L5.6.NP	L5.6.NP	0.00492152048575895	2189
mine	other	L5.6.NP_chr3_7302360	3	7302360	LBD	LBD_Chia2021	L5.6.NP	L5.6.NP	0.00490341210217731	2282
mine	other	L5.6.NP_chr4_79255131	4	79255131	SCZ	SCZ_Trubetskoy2022	L5.6.NP	L5.6.NP	0.00489975567769432	1889
mine	other	L5.6.NP_chr21_16320650	21	16320650	AD	AD_Bellenguez2022	L5.6.NP	L5.6.NP	0.00487722386451922	2400
mine	other	L5.6.NP_chr14_22611797	14	22611797	AD	AD_Bellenguez2022	L5.6.NP	L5.6.NP	0.00462796022741052	3309
mine	other	L5.6.NP_chr19_53053482	19	53053482	AD	AD_Bellenguez2022	L5.6.NP	L5.6.NP	0.00458679367940552	3500
mine	other	L5.6.NP_chr8_6672746	8	6672746	SCZ	SCZ_Trubetskoy2022	L5.6.NP	L5.6.NP	0.0045475708161691	2829
mine	other	L5.6.NP_chr4_3885717	4	3885717	LBD	LBD_Chia2021	L5.6.NP	L5.6.NP	0.00431834896282336	2918
mine	other	L5.6.NP_chr1_184912502	1	184912502	SCZ	SCZ_Trubetskoy2022	L5.6.NP	L5.6.NP	0.00428950064620179	1145
mine	other	L5.6.NP_chr19_3515764	19	3515764	BD	BD_bip2024	L5.6.NP	L5.6.NP	0.00427769693500407	2136
mine	other	L5.6.NP_chr3_140966867	3	140966867	SCZ	SCZ_Trubetskoy2022	L5.6.NP	L5.6.NP	0.00419071587425092	1668
mine	other	L5.6.NP_chr3_10793137	3	10793137	AD	AD_Bellenguez2022	L5.6.NP	L5.6.NP	0.00415522485559008	2444
mine	other	L5.6.NP_chr15_81182594	15	81182594	AD	AD_Bellenguez2022	L5.6.NP	L5.6.NP	0.00400459173930103	2234
mine	other	L5.6.NP_chr11_21537527	11	21537527	AD	AD_Bellenguez2022	L5.6.NP	L5.6.NP	0.00399121882778576	3017
mine	other	L5.6.NP_chr3_142542244	3	142542244	AD	AD_Bellenguez2022	L5.6.NP	L5.6.NP	0.00394529130066163	2027
mine	other	L5.6.NP_chr17_62679780	17	62679780	SCZ	SCZ_Trubetskoy2022	L5.6.NP	L5.6.NP	0.00378015102876666	985
mine	other	L5.6.NP_chr20_775296	20	775296	SCZ	SCZ_Trubetskoy2022	L5.6.NP	L5.6.NP	0.00376109977209089	2460
mine	other	L5.6.NP_chr1_184912502	1	184912502	BD	BD_bip2024	L5.6.NP	L5.6.NP	0.0035409843582017	1124
mine	other	L5.6.NP_chr20_775296	20	775296	BD	BD_bip2024	L5.6.NP	L5.6.NP	0.00323824340445336	2398
mine	other	L5.6.NP_chr3_7302360	3	7302360	SCZ	SCZ_Trubetskoy2022	L5.6.NP	L5.6.NP	0.00318173612960648	2252
mine	other	L5.6.NP_chr17_62679780	17	62679780	PD	PD_Nalls2019	L5.6.NP	L5.6.NP	0.00317625740462092	1246
mine	other	L5.6.NP_chr1_163592414	1	163592414	MDD	MDD_MDD2025	L5.6.NP	L5.6.NP	0.00314987120285697	2032
mine	other	L5.6.NP_chr15_61338744	15	61338744	MDD	MDD_MDD2025	L5.6.NP	L5.6.NP	0.00295835629614573	1866
mine	other	L5.6.NP_chr8_75614614	8	75614614	SCZ	SCZ_Trubetskoy2022	L5.6.NP	L5.6.NP	0.00294520134925045	1551
mine	other	L5.6.NP_chr15_81182594	15	81182594	BD	BD_bip2024	L5.6.NP	L5.6.NP	0.00291405034949666	1733
mine	other	L5.6.NP_chr20_775296	20	775296	MDD	MDD_MDD2025	L5.6.NP	L5.6.NP	0.00288053160925174	2311
mine	other	L5.6.NP_chr11_21537527	11	21537527	SCZ	SCZ_Trubetskoy2022	L5.6.NP	L5.6.NP	0.00282486270100262	2353
mine	other	L5.6.NP_chr14_22611797	14	22611797	SCZ	SCZ_Trubetskoy2022	L5.6.NP	L5.6.NP	0.00279283936134724	3029
mine	other	L5.6.NP_chr3_142542244	3	142542244	BD	BD_bip2024	L5.6.NP	L5.6.NP	0.0026451823454664	1424
mine	other	L5.6.NP_chr21_16320650	21	16320650	LBD	LBD_Chia2021	L5.6.NP	L5.6.NP	0.00261408480888069	1906
mine	other	L5.6.NP_chr13_60857086	13	60857086	AD	AD_Bellenguez2022	L5.6.NP	L5.6.NP	0.00259831553792999	2306
mine	other	L5.6.NP_chr4_79255131	4	79255131	BD	BD_bip2024	L5.6.NP	L5.6.NP	0.0024920925722033	1837
mine	other	L5.6.NP_chr17_62679780	17	62679780	LBD	LBD_Chia2021	L5.6.NP	L5.6.NP	0.00237992728727167	934
mine	other	L5.6.NP_chr19_53053482	19	53053482	SCZ	SCZ_Trubetskoy2022	L5.6.NP	L5.6.NP	0.00234738424262676	2927
mine	other	L5.6.NP_chr4_80578823	4	80578823	SCZ	SCZ_Trubetskoy2022	L5.6.NP	L5.6.NP	0.00226339535287642	1677
mine	other	L5.6.NP_chr3_140966867	3	140966867	MDD	MDD_MDD2025	L5.6.NP	L5.6.NP	0.00215552607399184	1615
mine	other	L5.6.NP_chr3_140966867	3	140966867	BD	BD_bip2024	L5.6.NP	L5.6.NP	0.00214895560219595	1623
mine	other	L5.6.NP_chr17_62679780	17	62679780	AD	AD_Bellenguez2022	L5.6.NP	L5.6.NP	0.00212321802311314	1314
mine	other	L5.6.NP_chr11_21537527	11	21537527	BD	BD_bip2024	L5.6.NP	L5.6.NP	0.00208066743670358	2279
mine	other	L5.6.NP_chr13_60857086	13	60857086	SCZ	SCZ_Trubetskoy2022	L5.6.NP	L5.6.NP	0.0020237319308662	1968
mine	other	L5.6.NP_chr11_44321067	11	44321067	MDD	MDD_MDD2025	L5.6.NP	L5.6.NP	0.00197757261855429	2056
mine	other	L5.6.NP_chr1_184912502	1	184912502	MDD	MDD_MDD2025	L5.6.NP	L5.6.NP	0.00184279276911759	1093
mine	other	L5.6.NP_chr4_3885717	4	3885717	MDD	MDD_MDD2025	L5.6.NP	L5.6.NP	0.00179939382718134	2537
mine	other	L5.6.NP_chr21_41111868	21	41111868	MDD	MDD_MDD2025	L5.6.NP	L5.6.NP	0.00173550197561933	2751
mine	other	L5.6.NP_chr19_3515764	19	3515764	SCZ	SCZ_Trubetskoy2022	L5.6.NP	L5.6.NP	0.00172574754039874	2226
mine	other	L5.6.NP_chr5_55214053	5	55214053	MDD	MDD_MDD2025	L5.6.NP	L5.6.NP	0.00165550542682881	1766
mine	other	L5.6.NP_chr15_81182594	15	81182594	MDD	MDD_MDD2025	L5.6.NP	L5.6.NP	0.00157486775236435	1597
mine	other	L5.6.NP_chr4_64267621	4	64267621	MDD	MDD_MDD2025	L5.6.NP	L5.6.NP	0.00155879852709792	2160
mine	other	L5.6.NP_chr8_75614614	8	75614614	MDD	MDD_MDD2025	L5.6.NP	L5.6.NP	0.00154971441757977	1531
mine	other	L5.6.NP_chr13_60857086	13	60857086	BD	BD_bip2024	L5.6.NP	L5.6.NP	0.0015050263324063	1935
mine	other	L5.6.NP_chr11_21537527	11	21537527	MDD	MDD_MDD2025	L5.6.NP	L5.6.NP	0.00148580935618733	2223
mine	other	L5.6.NP_chr8_6672746	8	6672746	MDD	MDD_MDD2025	L5.6.NP	L5.6.NP	0.00144528819575168	2722
mine	other	L5.6.NP_chr21_16320650	21	16320650	BD	BD_bip2024	L5.6.NP	L5.6.NP	0.00137862193773829	1844
mine	other	L5.6.NP_chr4_80578823	4	80578823	MDD	MDD_MDD2025	L5.6.NP	L5.6.NP	0.00136527077844971	1653
mine	other	L5.6.NP_chr4_79255131	4	79255131	MDD	MDD_MDD2025	L5.6.NP	L5.6.NP	0.00128840654429308	1899
mine	other	L5.6.NP_chr19_53053482	19	53053482	MDD	MDD_MDD2025	L5.6.NP	L5.6.NP	0.00127994246078614	2759
mine	other	L5.6.NP_chr3_7302360	3	7302360	BD	BD_bip2024	L5.6.NP	L5.6.NP	0.0012755971604579	2155
mine	other	L5.6.NP_chr19_3515764	19	3515764	MDD	MDD_MDD2025	L5.6.NP	L5.6.NP	0.00101171497813105	1977
mine	other	L5.6.NP_chr14_22611797	14	22611797	MDD	MDD_MDD2025	L5.6.NP	L5.6.NP	0.000971942777059286	2861
mine	other	L5.6.NP_chr3_7302360	3	7302360	MDD	MDD_MDD2025	L5.6.NP	L5.6.NP	0.000871141611661573	2118
mine	other	L5.6.NP_chr14_22611797	14	22611797	LBD	LBD_Chia2021	L5.6.NP	L5.6.NP	0.000646978391298721	355
mine	other	L5.6.NP_chr17_62679780	17	62679780	BD	BD_bip2024	L5.6.NP	L5.6.NP	0.000606855241741938	948
mine	other	L5.6.NP_chr17_62679780	17	62679780	MDD	MDD_MDD2025	L5.6.NP	L5.6.NP	0.000415835816828449	902
mine	other	L5.ET_chr11_13364712	11	13364712	BD	BD_bip2024	L5.ET	L5.ET	0.31642213752594	2224
mine	other	L5.ET_chr7_124190901	7	124190901	MDD	MDD_MDD2025	L5.ET	L5.ET	0.225175069014116	2223
mine	other	L5.ET_chr1_10912661	1	10912661	SCZ	SCZ_Trubetskoy2022	L5.ET	L5.ET	0.111490474652716	1650
mine	other	L5.ET_chr7_21610501	7	21610501	PD	PD_Nalls2019	L5.ET	L5.ET	0.0937552106686146	2895
mine	other	L5.ET_chr11_13364712	11	13364712	MDD	MDD_MDD2025	L5.ET	L5.ET	0.0925067204011462	2150
mine	other	L5.ET_chr5_25962547	5	25962547	PD	PD_Nalls2019	L5.ET	L5.ET	0.0790560456548673	2660
mine	other	L5.ET_chr16_13634050	16	13634050	SCZ	SCZ_Trubetskoy2022	L5.ET	L5.ET	0.0673977676963966	2422
mine	other	L5.ET_chr5_25962547	5	25962547	LBD	LBD_Chia2021	L5.ET	L5.ET	0.058832517218634	2290
mine	other	L5.ET_chr12_84049092	12	84049092	MDD	MDD_MDD2025	L5.ET	L5.ET	0.0555700455033104	2022
mine	other	L5.ET_chr16_13634050	16	13634050	BD	BD_bip2024	L5.ET	L5.ET	0.0526339564366783	2350
mine	other	L5.ET_chr16_13634050	16	13634050	MDD	MDD_MDD2025	L5.ET	L5.ET	0.0316682935443086	2320
mine	other	L5.ET_chr1_18691665	1	18691665	PD	PD_Nalls2019	L5.ET	L5.ET	0.0289298980136259	2687
mine	other	L5.ET_chr12_84049092	12	84049092	LBD	LBD_Chia2021	L5.ET	L5.ET	0.0277050232135997	2254
mine	other	L5.ET_chr11_13364712	11	13364712	SCZ	SCZ_Trubetskoy2022	L5.ET	L5.ET	0.0256815963935332	2263
mine	other	L5.ET_chr1_18691665	1	18691665	LBD	LBD_Chia2021	L5.ET	L5.ET	0.0256653348610042	2332
mine	other	L5.ET_chr3_167576559	3	167576559	SCZ	SCZ_Trubetskoy2022	L5.ET	L5.ET	0.0245155831175648	1535
mine	other	L5.ET_chr2_213456060	2	213456060	SCZ	SCZ_Trubetskoy2022	L5.ET	L5.ET	0.0243742773492018	2161
mine	other	L5.ET_chr11_13364712	11	13364712	LBD	LBD_Chia2021	L5.ET	L5.ET	0.0228845333318302	2407
mine	other	L5.ET_chr17_4439727	17	4439727	AD	AD_Bellenguez2022	L5.ET	L5.ET	0.0216747465963416	2625
mine	other	L5.ET_chr3_167576559	3	167576559	LBD	LBD_Chia2021	L5.ET	L5.ET	0.0212596747440854	1479
mine	other	L5.ET_chr2_10862188	2	10862188	LBD	LBD_Chia2021	L5.ET	L5.ET	0.0181572467742826	2753
mine	other	L5.ET_chr10_124519137	10	124519137	LBD	LBD_Chia2021	L5.ET	L5.ET	0.017180275448028	1944
mine	other	L5.ET_chr6_16471919	6	16471919	LBD	LBD_Chia2021	L5.ET	L5.ET	0.0171506285867521	1862
mine	other	L5.ET_chr10_124519137	10	124519137	PD	PD_Nalls2019	L5.ET	L5.ET	0.0170456795185511	2058
mine	other	L5.ET_chr11_13364712	11	13364712	PD	PD_Nalls2019	L5.ET	L5.ET	0.0168500981413855	2525
mine	other	L5.ET_chr1_18691665	1	18691665	SCZ	SCZ_Trubetskoy2022	L5.ET	L5.ET	0.0167648951365337	2370
mine	other	L5.ET_chr7_124190901	7	124190901	LBD	LBD_Chia2021	L5.ET	L5.ET	0.0166798541638978	2526
mine	other	L5.ET_chr1_10912661	1	10912661	PD	PD_Nalls2019	L5.ET	L5.ET	0.0150845160533409	1984
mine	other	L5.ET_chr3_167576559	3	167576559	BD	BD_bip2024	L5.ET	L5.ET	0.0146375117433485	1512
mine	other	L5.ET_chr6_16471919	6	16471919	BD	BD_bip2024	L5.ET	L5.ET	0.0139284864233497	1814
mine	other	L5.ET_chr1_10912661	1	10912661	LBD	LBD_Chia2021	L5.ET	L5.ET	0.013814165476407	1742
mine	other	L5.ET_chr3_167576559	3	167576559	PD	PD_Nalls2019	L5.ET	L5.ET	0.0138110780046484	1909
mine	other	L5.ET_chr3_80289119	3	80289119	SCZ	SCZ_Trubetskoy2022	L5.ET	L5.ET	0.0134284954207176	1724
mine	other	L5.ET_chr7_21610501	7	21610501	SCZ	SCZ_Trubetskoy2022	L5.ET	L5.ET	0.0132266515568723	2619
mine	other	L5.ET_chr2_20371775	2	20371775	BD	BD_bip2024	L5.ET	L5.ET	0.0132027365472628	2156
mine	other	L5.ET_chr10_124519137	10	124519137	AD	AD_Bellenguez2022	L5.ET	L5.ET	0.0124668639770373	2219
mine	other	L5.ET_chr6_16471919	6	16471919	MDD	MDD_MDD2025	L5.ET	L5.ET	0.0121301933903915	1788
mine	other	L5.ET_chr2_10862188	2	10862188	PD	PD_Nalls2019	L5.ET	L5.ET	0.0121151122763712	3174
mine	other	L5.ET_chr6_16471919	6	16471919	SCZ	SCZ_Trubetskoy2022	L5.ET	L5.ET	0.0116230483297135	1874
mine	other	L5.ET_chr7_21610501	7	21610501	BD	BD_bip2024	L5.ET	L5.ET	0.011605414572986	2553
mine	other	L5.ET_chr2_20371775	2	20371775	LBD	LBD_Chia2021	L5.ET	L5.ET	0.0113860977827628	2147
mine	other	L5.ET_chr7_124190901	7	124190901	PD	PD_Nalls2019	L5.ET	L5.ET	0.011252402025544	2560
mine	other	L5.ET_chr1_18691665	1	18691665	MDD	MDD_MDD2025	L5.ET	L5.ET	0.0110183839877484	2285
mine	other	L5.ET_chr1_88512726	1	88512726	MDD	MDD_MDD2025	L5.ET	L5.ET	0.0109143741036185	1378
mine	other	L5.ET_chr2_213456060	2	213456060	MDD	MDD_MDD2025	L5.ET	L5.ET	0.0108605638925411	2016
mine	other	L5.ET_chr16_13634050	16	13634050	LBD	LBD_Chia2021	L5.ET	L5.ET	0.0105812001324902	2375
mine	other	L5.ET_chr2_10862188	2	10862188	BD	BD_bip2024	L5.ET	L5.ET	0.0102689645301205	2809
mine	other	L5.ET_chr2_213456060	2	213456060	PD	PD_Nalls2019	L5.ET	L5.ET	0.00937766181910552	2480
mine	other	L5.ET_chr7_21610501	7	21610501	MDD	MDD_MDD2025	L5.ET	L5.ET	0.00921032558298703	2480
mine	other	L5.ET_chr1_18691665	1	18691665	BD	BD_bip2024	L5.ET	L5.ET	0.0091071377207593	2329
mine	other	L5.ET_chr2_20371775	2	20371775	PD	PD_Nalls2019	L5.ET	L5.ET	0.00899123456559837	2438
mine	other	L5.ET_chr17_4439727	17	4439727	SCZ	SCZ_Trubetskoy2022	L5.ET	L5.ET	0.0088110544364295	2020
mine	other	L5.ET_chr16_13634050	16	13634050	PD	PD_Nalls2019	L5.ET	L5.ET	0.00869574304845112	2636
mine	other	L5.ET_chr2_213456060	2	213456060	LBD	LBD_Chia2021	L5.ET	L5.ET	0.0084613900778338	2177
mine	other	L5.ET_chr1_88512726	1	88512726	LBD	LBD_Chia2021	L5.ET	L5.ET	0.00843172883222339	1356
mine	other	L5.ET_chr12_84049092	12	84049092	PD	PD_Nalls2019	L5.ET	L5.ET	0.00836459016625036	2259
mine	other	L5.ET_chr1_88512726	1	88512726	SCZ	SCZ_Trubetskoy2022	L5.ET	L5.ET	0.00724126569674633	1443
mine	other	L5.ET_chr6_16471919	6	16471919	PD	PD_Nalls2019	L5.ET	L5.ET	0.00719879587180836	2080
mine	other	L5.ET_chr5_25962547	5	25962547	BD	BD_bip2024	L5.ET	L5.ET	0.00706672946375981	2340
mine	other	L5.ET_chr7_21610501	7	21610501	LBD	LBD_Chia2021	L5.ET	L5.ET	0.00683837189447431	2670
mine	other	L5.ET_chr1_10912661	1	10912661	AD	AD_Bellenguez2022	L5.ET	L5.ET	0.00678932007413637	2146
mine	other	L5.ET_chr3_167576559	3	167576559	AD	AD_Bellenguez2022	L5.ET	L5.ET	0.00668717958577507	2116
mine	other	L5.ET_chr10_124519137	10	124519137	SCZ	SCZ_Trubetskoy2022	L5.ET	L5.ET	0.0065720554328188	1898
mine	other	L5.ET_chr11_13364712	11	13364712	AD	AD_Bellenguez2022	L5.ET	L5.ET	0.00645395711294174	2842
mine	other	L5.ET_chr1_18691665	1	18691665	AD	AD_Bellenguez2022	L5.ET	L5.ET	0.00644276529961639	2824
mine	other	L5.ET_chr5_25962547	5	25962547	SCZ	SCZ_Trubetskoy2022	L5.ET	L5.ET	0.00635826360330544	2388
mine	other	L5.ET_chr5_25962547	5	25962547	AD	AD_Bellenguez2022	L5.ET	L5.ET	0.00629120916037975	2814
mine	other	L5.ET_chr2_213456060	2	213456060	BD	BD_bip2024	L5.ET	L5.ET	0.00627811400991154	2109
mine	other	L5.ET_chr3_80289119	3	80289119	LBD	LBD_Chia2021	L5.ET	L5.ET	0.00626650994813264	1800
mine	other	L5.ET_chr1_88512726	1	88512726	PD	PD_Nalls2019	L5.ET	L5.ET	0.00624430290880295	1652
mine	other	L5.ET_chr5_25962547	5	25962547	MDD	MDD_MDD2025	L5.ET	L5.ET	0.00618244692998538	2233
mine	other	L5.ET_chr7_124190901	7	124190901	SCZ	SCZ_Trubetskoy2022	L5.ET	L5.ET	0.0060027729250356	2330
mine	other	L5.ET_chr2_20371775	2	20371775	AD	AD_Bellenguez2022	L5.ET	L5.ET	0.00596146909518838	2581
mine	other	L5.ET_chr1_10912661	1	10912661	MDD	MDD_MDD2025	L5.ET	L5.ET	0.00592694460026253	1568
mine	other	L5.ET_chr17_4439727	17	4439727	LBD	LBD_Chia2021	L5.ET	L5.ET	0.00586241524638363	1998
mine	other	L5.ET_chr3_167576559	3	167576559	MDD	MDD_MDD2025	L5.ET	L5.ET	0.00567328257166624	1519
mine	other	L5.ET_chr17_4439727	17	4439727	PD	PD_Nalls2019	L5.ET	L5.ET	0.00557496350572447	2498
mine	other	L5.ET_chr12_84049092	12	84049092	SCZ	SCZ_Trubetskoy2022	L5.ET	L5.ET	0.00557041025965868	2166
mine	other	L5.ET_chr2_213456060	2	213456060	AD	AD_Bellenguez2022	L5.ET	L5.ET	0.00545778899546017	2764
mine	other	L5.ET_chr4_113494323	4	113494323	LBD	LBD_Chia2021	L5.ET	L5.ET	0.00537995857800278	1613
mine	other	L5.ET_chr10_124519137	10	124519137	MDD	MDD_MDD2025	L5.ET	L5.ET	0.00523421839762523	1837
mine	other	L5.ET_chr10_124519137	10	124519137	BD	BD_bip2024	L5.ET	L5.ET	0.0050212199461169	1887
mine	other	L5.ET_chr16_13634050	16	13634050	AD	AD_Bellenguez2022	L5.ET	L5.ET	0.00480884066466266	2817
mine	other	L5.ET_chr12_84049092	12	84049092	AD	AD_Bellenguez2022	L5.ET	L5.ET	0.00453777967229657	2476
mine	other	L5.ET_chr3_80289119	3	80289119	PD	PD_Nalls2019	L5.ET	L5.ET	0.0044092480814205	1988
mine	other	L5.ET_chr2_10862188	2	10862188	SCZ	SCZ_Trubetskoy2022	L5.ET	L5.ET	0.00422615322741788	2865
mine	other	L5.ET_chr1_88512726	1	88512726	AD	AD_Bellenguez2022	L5.ET	L5.ET	0.00412682492303463	1765
mine	other	L5.ET_chr1_10912661	1	10912661	BD	BD_bip2024	L5.ET	L5.ET	0.00411583508702175	1594
mine	other	L5.ET_chr7_21610501	7	21610501	AD	AD_Bellenguez2022	L5.ET	L5.ET	0.00386413215158389	3106
mine	other	L5.ET_chr7_124190901	7	124190901	AD	AD_Bellenguez2022	L5.ET	L5.ET	0.0038558040406493	2794
mine	other	L5.ET_chr2_20371775	2	20371775	SCZ	SCZ_Trubetskoy2022	L5.ET	L5.ET	0.00365626011342935	2204
mine	other	L5.ET_chr2_10862188	2	10862188	AD	AD_Bellenguez2022	L5.ET	L5.ET	0.00364503467574108	3368
mine	other	L5.ET_chr7_124190901	7	124190901	BD	BD_bip2024	L5.ET	L5.ET	0.00354199489659553	2263
mine	other	L5.ET_chr6_16471919	6	16471919	AD	AD_Bellenguez2022	L5.ET	L5.ET	0.00352126210396748	2229
mine	other	L5.ET_chr12_84049092	12	84049092	BD	BD_bip2024	L5.ET	L5.ET	0.00282314843367099	2018
mine	other	L5.ET_chr4_113494323	4	113494323	AD	AD_Bellenguez2022	L5.ET	L5.ET	0.00281731210662609	1826
mine	other	L5.ET_chr3_80289119	3	80289119	AD	AD_Bellenguez2022	L5.ET	L5.ET	0.00281699589455784	2237
mine	other	L5.ET_chr4_113494323	4	113494323	PD	PD_Nalls2019	L5.ET	L5.ET	0.00274777586495614	1681
mine	other	L5.ET_chr4_113494323	4	113494323	MDD	MDD_MDD2025	L5.ET	L5.ET	0.00208266976614112	1504
mine	other	L5.ET_chr1_88512726	1	88512726	BD	BD_bip2024	L5.ET	L5.ET	0.00196639216408066	1409
mine	other	L5.ET_chr3_80289119	3	80289119	MDD	MDD_MDD2025	L5.ET	L5.ET	0.00193436678386936	1691
mine	other	L5.ET_chr4_113494323	4	113494323	BD	BD_bip2024	L5.ET	L5.ET	0.00188438471006929	1527
mine	other	L5.ET_chr4_113494323	4	113494323	SCZ	SCZ_Trubetskoy2022	L5.ET	L5.ET	0.00170164904614511	1562
mine	other	L5.ET_chr17_4439727	17	4439727	BD	BD_bip2024	L5.ET	L5.ET	0.00166599181540368	1974
mine	other	L5.ET_chr2_20371775	2	20371775	MDD	MDD_MDD2025	L5.ET	L5.ET	0.00126557905676312	2103
mine	other	L5.ET_chr17_4439727	17	4439727	MDD	MDD_MDD2025	L5.ET	L5.ET	0.000863657707353764	1526
mine	other	L5.ET_chr3_80289119	3	80289119	BD	BD_bip2024	L5.ET	L5.ET	0.000452222965634559	1684
mine	other	L5.ET_chr2_10862188	2	10862188	MDD	MDD_MDD2025	L5.ET	L5.ET	0.000438403632862773	2637
mine	other	L6.CT_chr7_157902486	7	157902486	BD	BD_bip2024	L6.CT	L6.CT	0.873016405883335	2378
mine	other	L6.CT_chr4_96987903	4	96987903	SCZ	SCZ_Trubetskoy2022	L6.CT	L6.CT	0.197782538984936	2158
mine	other	L6.CT_chr7_156724202	7	156724202	MDD	MDD_MDD2025	L6.CT	L6.CT	0.197642084990086	2219
mine	other	L6.CT_chr2_55247613	2	55247613	SCZ	SCZ_Trubetskoy2022	L6.CT	L6.CT	0.159303946231852	2022
mine	other	L6.CT_chr7_50937794	7	50937794	BD	BD_bip2024	L6.CT	L6.CT	0.0863124223427269	1954
mine	other	L6.CT_chr7_21498302	7	21498302	BD	BD_bip2024	L6.CT	L6.CT	0.0735449253042888	2460
mine	other	L6.CT_chr4_96987903	4	96987903	LBD	LBD_Chia2021	L6.CT	L6.CT	0.0614164167781677	1984
mine	other	L6.CT_chr17_9746361	17	9746361	PD	PD_Nalls2019	L6.CT	L6.CT	0.0432654424246643	2860
mine	other	L6.CT_chr2_190347630	2	190347630	LBD	LBD_Chia2021	L6.CT	L6.CT	0.0421878704879128	1236
mine	other	L6.CT_chr7_156724202	7	156724202	LBD	LBD_Chia2021	L6.CT	L6.CT	0.0411673318868719	2329
mine	other	L6.CT_chr7_156724202	7	156724202	PD	PD_Nalls2019	L6.CT	L6.CT	0.0400063617719214	2601
mine	other	L6.CT_chr7_21498302	7	21498302	LBD	LBD_Chia2021	L6.CT	L6.CT	0.0398643868184325	2544
mine	other	L6.CT_chr7_133728363	7	133728363	LBD	LBD_Chia2021	L6.CT	L6.CT	0.039727917971088	1795
mine	other	L6.CT_chr2_55247613	2	55247613	LBD	LBD_Chia2021	L6.CT	L6.CT	0.0376688801439503	2043
mine	other	L6.CT_chr7_156724202	7	156724202	BD	BD_bip2024	L6.CT	L6.CT	0.0367403180979603	2255
mine	other	L6.CT_chr2_55247613	2	55247613	PD	PD_Nalls2019	L6.CT	L6.CT	0.0312411488659852	2452
mine	other	L6.CT_chr22_25166793	22	25166793	PD	PD_Nalls2019	L6.CT	L6.CT	0.030710525664533	2090
mine	other	L6.CT_chr7_21498302	7	21498302	MDD	MDD_MDD2025	L6.CT	L6.CT	0.0298753196053268	2378
mine	other	L6.CT_chr4_129658198	4	129658198	LBD	LBD_Chia2021	L6.CT	L6.CT	0.0298148994865534	1514
mine	other	L6.CT_chr9_17814272	9	17814272	SCZ	SCZ_Trubetskoy2022	L6.CT	L6.CT	0.0288654980788085	2324
mine	other	L6.CT_chr7_50937794	7	50937794	LBD	LBD_Chia2021	L6.CT	L6.CT	0.0284412030401297	1822
mine	other	L6.CT_chr20_1730788	20	1730788	AD	AD_Bellenguez2022	L6.CT	L6.CT	0.0276584857286445	2752
mine	other	L6.CT_chr9_17814272	9	17814272	LBD	LBD_Chia2021	L6.CT	L6.CT	0.0260317145581527	2307
mine	other	L6.CT_chr8_96154565	8	96154565	BD	BD_bip2024	L6.CT	L6.CT	0.0259284333805232	2235
mine	other	L6.CT_chr7_97047923	7	97047923	MDD	MDD_MDD2025	L6.CT	L6.CT	0.0253072041685187	1843
mine	other	L6.CT_chr7_157902486	7	157902486	LBD	LBD_Chia2021	L6.CT	L6.CT	0.0251094999251927	2216
mine	other	L6.CT_chr7_133728363	7	133728363	PD	PD_Nalls2019	L6.CT	L6.CT	0.0251046445255297	1970
mine	other	L6.CT_chr7_21498302	7	21498302	PD	PD_Nalls2019	L6.CT	L6.CT	0.0224098225763551	2776
mine	other	L6.CT_chr2_2283870	2	2283870	PD	PD_Nalls2019	L6.CT	L6.CT	0.0217883602598192	2481
mine	other	L6.CT_chr7_50937794	7	50937794	AD	AD_Bellenguez2022	L6.CT	L6.CT	0.0213503543397502	2434
mine	other	L6.CT_chr17_55695433	17	55695433	SCZ	SCZ_Trubetskoy2022	L6.CT	L6.CT	0.021194125925201	1862
mine	other	L6.CT_chr20_1730788	20	1730788	SCZ	SCZ_Trubetskoy2022	L6.CT	L6.CT	0.020588587783129	2348
mine	other	L6.CT_chr4_96987903	4	96987903	BD	BD_bip2024	L6.CT	L6.CT	0.0204484897323769	2110
mine	other	L6.CT_chr2_190347630	2	190347630	PD	PD_Nalls2019	L6.CT	L6.CT	0.0197204930683798	1558
mine	other	L6.CT_chr22_25166793	22	25166793	LBD	LBD_Chia2021	L6.CT	L6.CT	0.0181284892111936	1996
mine	other	L6.CT_chr5_74220838	5	74220838	LBD	LBD_Chia2021	L6.CT	L6.CT	0.0177676581858282	1886
mine	other	L6.CT_chr2_2283870	2	2283870	LBD	LBD_Chia2021	L6.CT	L6.CT	0.0176938575615746	2173
mine	other	L6.CT_chr8_96154565	8	96154565	LBD	LBD_Chia2021	L6.CT	L6.CT	0.0168150067598258	2277
mine	other	L6.CT_chr5_74220838	5	74220838	AD	AD_Bellenguez2022	L6.CT	L6.CT	0.0162841008783485	2231
mine	other	L6.CT_chr7_21498302	7	21498302	SCZ	SCZ_Trubetskoy2022	L6.CT	L6.CT	0.0155906792000219	2522
mine	other	L6.CT_chr8_96154565	8	96154565	AD	AD_Bellenguez2022	L6.CT	L6.CT	0.0153794620675354	2590
mine	other	L6.CT_chr7_157902486	7	157902486	PD	PD_Nalls2019	L6.CT	L6.CT	0.0150820566383501	2514
mine	other	L6.CT_chr7_50937794	7	50937794	PD	PD_Nalls2019	L6.CT	L6.CT	0.0143656447180567	2234
mine	other	L6.CT_chr5_74220838	5	74220838	SCZ	SCZ_Trubetskoy2022	L6.CT	L6.CT	0.0136308761911639	1857
mine	other	L6.CT_chr6_13338569	6	13338569	SCZ	SCZ_Trubetskoy2022	L6.CT	L6.CT	0.0133379495627876	1763
mine	other	L6.CT_chr4_11165207	4	11165207	AD	AD_Bellenguez2022	L6.CT	L6.CT	0.0133343259430109	2922
mine	other	L6.CT_chr2_55247613	2	55247613	BD	BD_bip2024	L6.CT	L6.CT	0.0124516305573068	1991
mine	other	L6.CT_chr6_13338569	6	13338569	LBD	LBD_Chia2021	L6.CT	L6.CT	0.0123706632286796	1588
mine	other	L6.CT_chr4_129658198	4	129658198	PD	PD_Nalls2019	L6.CT	L6.CT	0.0120471019996834	1694
mine	other	L6.CT_chr19_14468835	19	14468835	PD	PD_Nalls2019	L6.CT	L6.CT	0.0116009360208364	2151
mine	other	L6.CT_chr10_94491708	10	94491708	MDD	MDD_MDD2025	L6.CT	L6.CT	0.0115877898653181	1468
mine	other	L6.CT_chr5_986409	5	986409	LBD	LBD_Chia2021	L6.CT	L6.CT	0.0110930760711334	1751
mine	other	L6.CT_chr8_96154565	8	96154565	SCZ	SCZ_Trubetskoy2022	L6.CT	L6.CT	0.0108379315516996	2282
mine	other	L6.CT_chr5_74220838	5	74220838	BD	BD_bip2024	L6.CT	L6.CT	0.010694696087955	1795
mine	other	L6.CT_chr8_96154565	8	96154565	PD	PD_Nalls2019	L6.CT	L6.CT	0.0105546310149919	2420
mine	other	L6.CT_chr4_96987903	4	96987903	PD	PD_Nalls2019	L6.CT	L6.CT	0.0105538503566	2372
mine	other	L6.CT_chr15_46146294	15	46146294	MDD	MDD_MDD2025	L6.CT	L6.CT	0.0102698972346871	1473
mine	other	L6.CT_chr4_96987903	4	96987903	AD	AD_Bellenguez2022	L6.CT	L6.CT	0.0101956754787137	2621
mine	other	L6.CT_chr5_74220838	5	74220838	PD	PD_Nalls2019	L6.CT	L6.CT	0.0100692231433603	2022
mine	other	L6.CT_chr19_14468835	19	14468835	LBD	LBD_Chia2021	L6.CT	L6.CT	0.00979939466164519	1793
mine	other	L6.CT_chr2_2283870	2	2283870	AD	AD_Bellenguez2022	L6.CT	L6.CT	0.00956283841859035	2536
mine	other	L6.CT_chr15_46146294	15	46146294	PD	PD_Nalls2019	L6.CT	L6.CT	0.00928450370867354	1851
mine	other	L6.CT_chr7_133728363	7	133728363	SCZ	SCZ_Trubetskoy2022	L6.CT	L6.CT	0.00924679503884284	1742
mine	other	L6.CT_chr17_9746361	17	9746361	BD	BD_bip2024	L6.CT	L6.CT	0.00901825645092973	2357
mine	other	L6.CT_chr5_986409	5	986409	PD	PD_Nalls2019	L6.CT	L6.CT	0.00870491420374013	2232
mine	other	L6.CT_chr6_13338569	6	13338569	PD	PD_Nalls2019	L6.CT	L6.CT	0.00840199681750028	2097
mine	other	L6.CT_chr10_94491708	10	94491708	AD	AD_Bellenguez2022	L6.CT	L6.CT	0.00831297802247376	1779
mine	other	L6.CT_chr4_11165207	4	11165207	LBD	LBD_Chia2021	L6.CT	L6.CT	0.00824282883275646	2403
mine	other	L6.CT_chr15_46146294	15	46146294	AD	AD_Bellenguez2022	L6.CT	L6.CT	0.00786838197356468	2093
mine	other	L6.CT_chr19_14468835	19	14468835	AD	AD_Bellenguez2022	L6.CT	L6.CT	0.00744927220100829	2327
mine	other	L6.CT_chr7_97047923	7	97047923	PD	PD_Nalls2019	L6.CT	L6.CT	0.007444930767301	2124
mine	other	L6.CT_chr17_55695433	17	55695433	LBD	LBD_Chia2021	L6.CT	L6.CT	0.0071881803173082	1800
mine	other	L6.CT_chr22_25166793	22	25166793	AD	AD_Bellenguez2022	L6.CT	L6.CT	0.00716366485390799	2519
mine	other	L6.CT_chr7_50937794	7	50937794	SCZ	SCZ_Trubetskoy2022	L6.CT	L6.CT	0.00710294981479342	2013
mine	other	L6.CT_chr4_11165207	4	11165207	PD	PD_Nalls2019	L6.CT	L6.CT	0.00700144656858294	2666
mine	other	L6.CT_chr2_2283870	2	2283870	SCZ	SCZ_Trubetskoy2022	L6.CT	L6.CT	0.00677658831935528	2228
mine	other	L6.CT_chr7_21498302	7	21498302	AD	AD_Bellenguez2022	L6.CT	L6.CT	0.00675742234144266	2975
mine	other	L6.CT_chr2_55247613	2	55247613	AD	AD_Bellenguez2022	L6.CT	L6.CT	0.00657068600580914	2605
mine	other	L6.CT_chr7_133728363	7	133728363	AD	AD_Bellenguez2022	L6.CT	L6.CT	0.006552667448717	2090
mine	other	L6.CT_chr5_986409	5	986409	AD	AD_Bellenguez2022	L6.CT	L6.CT	0.00650001334796216	2364
mine	other	L6.CT_chr2_190347630	2	190347630	SCZ	SCZ_Trubetskoy2022	L6.CT	L6.CT	0.00629690701736369	1335
mine	other	L6.CT_chr4_129658198	4	129658198	MDD	MDD_MDD2025	L6.CT	L6.CT	0.00625232437849581	1362
mine	other	L6.CT_chr22_25166793	22	25166793	BD	BD_bip2024	L6.CT	L6.CT	0.00625062163863247	1703
mine	other	L6.CT_chr6_13338569	6	13338569	BD	BD_bip2024	L6.CT	L6.CT	0.00615203750637479	1697
mine	other	L6.CT_chr9_17814272	9	17814272	AD	AD_Bellenguez2022	L6.CT	L6.CT	0.00602752294754281	2919
mine	other	L6.CT_chr7_102278755	7	102278755	AD	AD_Bellenguez2022	L6.CT	L6.CT	0.00595551747634262	1185
mine	other	L6.CT_chr7_156724202	7	156724202	SCZ	SCZ_Trubetskoy2022	L6.CT	L6.CT	0.00594412122399096	2319
mine	other	L6.CT_chr17_9746361	17	9746361	LBD	LBD_Chia2021	L6.CT	L6.CT	0.00580734576838141	2481
mine	other	L6.CT_chr17_9746361	17	9746361	AD	AD_Bellenguez2022	L6.CT	L6.CT	0.00580663216387983	3121
mine	other	L6.CT_chr2_190347630	2	190347630	AD	AD_Bellenguez2022	L6.CT	L6.CT	0.00569436893176241	1651
mine	other	L6.CT_chr2_2283870	2	2283870	BD	BD_bip2024	L6.CT	L6.CT	0.00564351164293414	2177
mine	other	L6.CT_chr7_156724202	7	156724202	AD	AD_Bellenguez2022	L6.CT	L6.CT	0.00558084242627505	2640
mine	other	L6.CT_chr2_2283870	2	2283870	MDD	MDD_MDD2025	L6.CT	L6.CT	0.00547084323090021	2085
mine	other	L6.CT_chr7_97047923	7	97047923	BD	BD_bip2024	L6.CT	L6.CT	0.00540753113317786	1856
mine	other	L6.CT_chr6_13338569	6	13338569	MDD	MDD_MDD2025	L6.CT	L6.CT	0.00532298622337088	1686
mine	other	L6.CT_chr20_1730788	20	1730788	PD	PD_Nalls2019	L6.CT	L6.CT	0.0052810040407132	2555
mine	other	L6.CT_chr2_190347630	2	190347630	BD	BD_bip2024	L6.CT	L6.CT	0.00520450789816313	1315
mine	other	L6.CT_chr7_133728363	7	133728363	MDD	MDD_MDD2025	L6.CT	L6.CT	0.00511454054493362	1562
mine	other	L6.CT_chr4_129658198	4	129658198	AD	AD_Bellenguez2022	L6.CT	L6.CT	0.00509554328162855	1866
mine	other	L6.CT_chr20_1730788	20	1730788	LBD	LBD_Chia2021	L6.CT	L6.CT	0.00500746837866268	2240
mine	other	L6.CT_chr9_17814272	9	17814272	PD	PD_Nalls2019	L6.CT	L6.CT	0.00484963110641008	2670
mine	other	L6.CT_chr2_55247613	2	55247613	MDD	MDD_MDD2025	L6.CT	L6.CT	0.00479205408869924	1868
mine	other	L6.CT_chr6_13338569	6	13338569	AD	AD_Bellenguez2022	L6.CT	L6.CT	0.00478873466979692	2167
mine	other	L6.CT_chr15_46146294	15	46146294	LBD	LBD_Chia2021	L6.CT	L6.CT	0.00459771345425307	1623
mine	other	L6.CT_chr22_25166793	22	25166793	SCZ	SCZ_Trubetskoy2022	L6.CT	L6.CT	0.00453425011884118	1792
mine	other	L6.CT_chr17_55695433	17	55695433	PD	PD_Nalls2019	L6.CT	L6.CT	0.00452327477363248	2081
mine	other	L6.CT_chr9_17814272	9	17814272	BD	BD_bip2024	L6.CT	L6.CT	0.00438821004746295	2251
mine	other	L6.CT_chr22_25166793	22	25166793	MDD	MDD_MDD2025	L6.CT	L6.CT	0.0042372604433651	1668
mine	other	L6.CT_chr7_157902486	7	157902486	AD	AD_Bellenguez2022	L6.CT	L6.CT	0.00420891468227321	2633
mine	other	L6.CT_chr7_133728363	7	133728363	BD	BD_bip2024	L6.CT	L6.CT	0.00413182510257331	1693
mine	other	L6.CT_chr4_11165207	4	11165207	SCZ	SCZ_Trubetskoy2022	L6.CT	L6.CT	0.00404975732875733	2475
mine	other	L6.CT_chr4_129658198	4	129658198	SCZ	SCZ_Trubetskoy2022	L6.CT	L6.CT	0.00402721015847024	1458
mine	other	L6.CT_chr17_9746361	17	9746361	SCZ	SCZ_Trubetskoy2022	L6.CT	L6.CT	0.00400177828809779	2441
mine	other	L6.CT_chr19_14468835	19	14468835	SCZ	SCZ_Trubetskoy2022	L6.CT	L6.CT	0.00392987883293443	1844
mine	other	L6.CT_chr17_9746361	17	9746361	MDD	MDD_MDD2025	L6.CT	L6.CT	0.00383546356821456	2290
mine	other	L6.CT_chr10_94491708	10	94491708	PD	PD_Nalls2019	L6.CT	L6.CT	0.00374565840742674	1660
mine	other	L6.CT_chr17_55695433	17	55695433	AD	AD_Bellenguez2022	L6.CT	L6.CT	0.00319872005520204	2205
mine	other	L6.CT_chr8_96154565	8	96154565	MDD	MDD_MDD2025	L6.CT	L6.CT	0.00316216067107539	2240
mine	other	L6.CT_chr7_157902486	7	157902486	MDD	MDD_MDD2025	L6.CT	L6.CT	0.00313026725152753	2223
mine	other	L6.CT_chr5_986409	5	986409	SCZ	SCZ_Trubetskoy2022	L6.CT	L6.CT	0.00311166305455362	1998
mine	other	L6.CT_chr19_14468835	19	14468835	BD	BD_bip2024	L6.CT	L6.CT	0.00306116633360057	1803
mine	other	L6.CT_chr7_97047923	7	97047923	LBD	LBD_Chia2021	L6.CT	L6.CT	0.00283065579618331	1936
mine	other	L6.CT_chr7_102278755	7	102278755	PD	PD_Nalls2019	L6.CT	L6.CT	0.00262113203906741	1066
mine	other	L6.CT_chr7_102278755	7	102278755	LBD	LBD_Chia2021	L6.CT	L6.CT	0.00261497820737997	949
mine	other	L6.CT_chr5_986409	5	986409	BD	BD_bip2024	L6.CT	L6.CT	0.00257448834506375	1919
mine	other	L6.CT_chr7_97047923	7	97047923	AD	AD_Bellenguez2022	L6.CT	L6.CT	0.00248938502262371	2428
mine	other	L6.CT_chr2_190347630	2	190347630	MDD	MDD_MDD2025	L6.CT	L6.CT	0.00222248106658983	1281
mine	other	L6.CT_chr20_1730788	20	1730788	BD	BD_bip2024	L6.CT	L6.CT	0.00214167109837962	2312
mine	other	L6.CT_chr7_50937794	7	50937794	MDD	MDD_MDD2025	L6.CT	L6.CT	0.00209771239221576	1917
mine	other	L6.CT_chr10_94491708	10	94491708	LBD	LBD_Chia2021	L6.CT	L6.CT	0.00203175980551554	1536
mine	other	L6.CT_chr15_46146294	15	46146294	SCZ	SCZ_Trubetskoy2022	L6.CT	L6.CT	0.00192555693190162	1571
mine	other	L6.CT_chr9_17814272	9	17814272	MDD	MDD_MDD2025	L6.CT	L6.CT	0.00183166028840075	2111
mine	other	L6.CT_chr4_96987903	4	96987903	MDD	MDD_MDD2025	L6.CT	L6.CT	0.00181639202318738	1998
mine	other	L6.CT_chr7_157902486	7	157902486	SCZ	SCZ_Trubetskoy2022	L6.CT	L6.CT	0.00179190042818161	2485
mine	other	L6.CT_chr4_11165207	4	11165207	BD	BD_bip2024	L6.CT	L6.CT	0.00172233401858785	2351
mine	other	L6.CT_chr20_1730788	20	1730788	MDD	MDD_MDD2025	L6.CT	L6.CT	0.00166643017290299	2236
mine	other	L6.CT_chr4_11165207	4	11165207	MDD	MDD_MDD2025	L6.CT	L6.CT	0.00157583556484561	2426
mine	other	L6.CT_chr7_102278755	7	102278755	SCZ	SCZ_Trubetskoy2022	L6.CT	L6.CT	0.00155534856654119	987
mine	other	L6.CT_chr17_55695433	17	55695433	BD	BD_bip2024	L6.CT	L6.CT	0.00149575740526728	1816
mine	other	L6.CT_chr10_94491708	10	94491708	SCZ	SCZ_Trubetskoy2022	L6.CT	L6.CT	0.00146990093657978	1531
mine	other	L6.CT_chr19_14468835	19	14468835	MDD	MDD_MDD2025	L6.CT	L6.CT	0.00141925745515374	1766
mine	other	L6.CT_chr4_129658198	4	129658198	BD	BD_bip2024	L6.CT	L6.CT	0.00141543659509775	1418
mine	other	L6.CT_chr5_986409	5	986409	MDD	MDD_MDD2025	L6.CT	L6.CT	0.0014018124082664	1760
mine	other	L6.CT_chr7_97047923	7	97047923	SCZ	SCZ_Trubetskoy2022	L6.CT	L6.CT	0.00138947768120301	1883
mine	other	L6.CT_chr10_94491708	10	94491708	BD	BD_bip2024	L6.CT	L6.CT	0.00127494036249513	1466
mine	other	L6.CT_chr15_46146294	15	46146294	BD	BD_bip2024	L6.CT	L6.CT	0.00112014052130101	1513
mine	other	L6.CT_chr5_74220838	5	74220838	MDD	MDD_MDD2025	L6.CT	L6.CT	0.00109905862003573	1680
mine	other	L6.CT_chr17_55695433	17	55695433	MDD	MDD_MDD2025	L6.CT	L6.CT	0.00100342329670903	1789
mine	other	L6.CT_chr7_102278755	7	102278755	BD	BD_bip2024	L6.CT	L6.CT	0.000743616795994695	913
mine	other	L6.CT_chr7_102278755	7	102278755	MDD	MDD_MDD2025	L6.CT	L6.CT	0.000227500930984187	903
mine	other	L6b_chr1_36461122	1	36461122	SCZ	SCZ_Trubetskoy2022	L6b	L6b	0.816582191673592	821
mine	other	L6b_chr8_87565977	8	87565977	MDD	MDD_MDD2025	L6b	L6b	0.118472371567043	2116
mine	other	L6b_chr19_2710235	19	2710235	PD	PD_Nalls2019	L6b	L6b	0.0880184165869295	3047
mine	other	L6b_chr1_36461122	1	36461122	BD	BD_bip2024	L6b	L6b	0.0864870583379244	792
mine	other	L6b_chr1_14344075	1	14344075	SCZ	SCZ_Trubetskoy2022	L6b	L6b	0.0612737753088792	2372
mine	other	L6b_chr6_10007986	6	10007986	LBD	LBD_Chia2021	L6b	L6b	0.0467013321367455	2087
mine	other	L6b_chr6_111942781	6	111942781	SCZ	SCZ_Trubetskoy2022	L6b	L6b	0.0440607094930916	1522
mine	other	L6b_chr6_10007986	6	10007986	PD	PD_Nalls2019	L6b	L6b	0.0422556415499749	2460
mine	other	L6b_chr3_142609913	3	142609913	PD	PD_Nalls2019	L6b	L6b	0.0379334111781042	1889
mine	other	L6b_chr19_2710235	19	2710235	BD	BD_bip2024	L6b	L6b	0.0361518010369007	2546
mine	other	L6b_chr1_36461122	1	36461122	LBD	LBD_Chia2021	L6b	L6b	0.0348363600439075	860
mine	other	L6b_chr11_49477664	11	49477664	LBD	LBD_Chia2021	L6b	L6b	0.0342375591407309	1984
mine	other	L6b_chr11_25372964	11	25372964	PD	PD_Nalls2019	L6b	L6b	0.0307873327644034	3159
mine	other	L6b_chr19_2710235	19	2710235	SCZ	SCZ_Trubetskoy2022	L6b	L6b	0.028292138809121	2698
mine	other	L6b_chr13_66335335	13	66335335	LBD	LBD_Chia2021	L6b	L6b	0.0267980712937372	1722
mine	other	L6b_chr10_132155853	10	132155853	LBD	LBD_Chia2021	L6b	L6b	0.0264934930288228	2813
mine	other	L6b_chr3_142609913	3	142609913	LBD	LBD_Chia2021	L6b	L6b	0.0229772914299181	1652
mine	other	L6b_chr2_201028202	2	201028202	SCZ	SCZ_Trubetskoy2022	L6b	L6b	0.0223464165028597	1440
mine	other	L6b_chr6_152979834	6	152979834	PD	PD_Nalls2019	L6b	L6b	0.0210199764610179	2594
mine	other	L6b_chr13_66335335	13	66335335	MDD	MDD_MDD2025	L6b	L6b	0.020596553526507	1540
mine	other	L6b_chr11_49477664	11	49477664	PD	PD_Nalls2019	L6b	L6b	0.0205400641884737	2034
mine	other	L6b_chr18_65467431	18	65467431	LBD	LBD_Chia2021	L6b	L6b	0.0191408405908483	2572
mine	other	L6b_chr3_142609913	3	142609913	SCZ	SCZ_Trubetskoy2022	L6b	L6b	0.0172977871171143	1579
mine	other	L6b_chr11_25372964	11	25372964	SCZ	SCZ_Trubetskoy2022	L6b	L6b	0.0166618331799409	2757
mine	other	L6b_chr1_36461122	1	36461122	PD	PD_Nalls2019	L6b	L6b	0.0162875324268697	1092
mine	other	L6b_chr17_18611254	17	18611254	AD	AD_Bellenguez2022	L6b	L6b	0.015220844735456	1188
mine	other	L6b_chr18_65467431	18	65467431	PD	PD_Nalls2019	L6b	L6b	0.014895419443905	3025
mine	other	L6b_chr19_2710235	19	2710235	LBD	LBD_Chia2021	L6b	L6b	0.0131789246781077	2584
mine	other	L6b_chr13_66335335	13	66335335	SCZ	SCZ_Trubetskoy2022	L6b	L6b	0.013101935875994	1597
mine	other	L6b_chr6_10007986	6	10007986	SCZ	SCZ_Trubetskoy2022	L6b	L6b	0.0129013639720742	2289
mine	other	L6b_chr6_152979834	6	152979834	LBD	LBD_Chia2021	L6b	L6b	0.0128694134384548	2399
mine	other	L6b_chr6_10007986	6	10007986	BD	BD_bip2024	L6b	L6b	0.0125358666445485	2218
mine	other	L6b_chr13_66335335	13	66335335	PD	PD_Nalls2019	L6b	L6b	0.012432022027664	1703
mine	other	L6b_chr19_2710235	19	2710235	AD	AD_Bellenguez2022	L6b	L6b	0.012301085311553	3268
mine	other	L6b_chr1_14344075	1	14344075	AD	AD_Bellenguez2022	L6b	L6b	0.0118840555456808	2944
mine	other	L6b_chr1_14344075	1	14344075	LBD	LBD_Chia2021	L6b	L6b	0.0118413370848492	2503
mine	other	L6b_chr18_65467431	18	65467431	BD	BD_bip2024	L6b	L6b	0.0109087231731229	2580
mine	other	L6b_chr6_111942781	6	111942781	PD	PD_Nalls2019	L6b	L6b	0.0108723105878783	1695
mine	other	L6b_chr10_133325509	10	133325509	PD	PD_Nalls2019	L6b	L6b	0.0105850927674624	3066
mine	other	L6b_chr6_111942781	6	111942781	LBD	LBD_Chia2021	L6b	L6b	0.010553208661227	1405
mine	other	L6b_chr11_49477664	11	49477664	MDD	MDD_MDD2025	L6b	L6b	0.0104592940359114	2035
mine	other	L6b_chr2_201028202	2	201028202	MDD	MDD_MDD2025	L6b	L6b	0.0104381317138704	1345
mine	other	L6b_chr8_115506611	8	115506611	LBD	LBD_Chia2021	L6b	L6b	0.010416500567436	2261
mine	other	L6b_chr10_132155853	10	132155853	PD	PD_Nalls2019	L6b	L6b	0.0104154964047685	3113
mine	other	L6b_chr10_133325509	10	133325509	LBD	LBD_Chia2021	L6b	L6b	0.0103733281585052	2806
mine	other	L6b_chr10_132155853	10	132155853	SCZ	SCZ_Trubetskoy2022	L6b	L6b	0.0103372181426027	2854
mine	other	L6b_chr5_135517921	5	135517921	SCZ	SCZ_Trubetskoy2022	L6b	L6b	0.0101283523835494	1985
mine	other	L6b_chr11_49477664	11	49477664	AD	AD_Bellenguez2022	L6b	L6b	0.00996307551482933	2496
mine	other	L6b_chr2_201028202	2	201028202	LBD	LBD_Chia2021	L6b	L6b	0.00947145179427931	1250
mine	other	L6b_chr18_65467431	18	65467431	AD	AD_Bellenguez2022	L6b	L6b	0.00889775309355002	3222
mine	other	L6b_chr17_18611254	17	18611254	SCZ	SCZ_Trubetskoy2022	L6b	L6b	0.00877133203389746	909
mine	other	L6b_chr10_133325509	10	133325509	SCZ	SCZ_Trubetskoy2022	L6b	L6b	0.00834686961199746	2874
mine	other	L6b_chr3_142609913	3	142609913	AD	AD_Bellenguez2022	L6b	L6b	0.00787041532165849	2112
mine	other	L6b_chr8_87565977	8	87565977	LBD	LBD_Chia2021	L6b	L6b	0.00742580589015529	2114
mine	other	L6b_chr1_14344075	1	14344075	PD	PD_Nalls2019	L6b	L6b	0.00739561091572704	2641
mine	other	L6b_chr1_36461122	1	36461122	AD	AD_Bellenguez2022	L6b	L6b	0.00719498220656636	1176
mine	other	L6b_chr4_84592391	4	84592391	SCZ	SCZ_Trubetskoy2022	L6b	L6b	0.00695279081733225	1968
mine	other	L6b_chr6_10007986	6	10007986	AD	AD_Bellenguez2022	L6b	L6b	0.00688543212044476	2758
mine	other	L6b_chr8_87565977	8	87565977	PD	PD_Nalls2019	L6b	L6b	0.00656080673343494	2379
mine	other	L6b_chr4_84592391	4	84592391	BD	BD_bip2024	L6b	L6b	0.00623870682425236	1949
mine	other	L6b_chr4_84592391	4	84592391	PD	PD_Nalls2019	L6b	L6b	0.00601468190991966	2433
mine	other	L6b_chr11_49477664	11	49477664	BD	BD_bip2024	L6b	L6b	0.00597402380520556	1800
mine	other	L6b_chr6_152979834	6	152979834	AD	AD_Bellenguez2022	L6b	L6b	0.00581254570540265	2779
mine	other	L6b_chr11_25372964	11	25372964	AD	AD_Bellenguez2022	L6b	L6b	0.00572414203943462	3458
mine	other	L6b_chr4_84592391	4	84592391	AD	AD_Bellenguez2022	L6b	L6b	0.00564316855073235	2669
mine	other	L6b_chr6_111942781	6	111942781	BD	BD_bip2024	L6b	L6b	0.005537962635713	1457
mine	other	L6b_chr6_152979834	6	152979834	BD	BD_bip2024	L6b	L6b	0.0054689191843318	2296
mine	other	L6b_chr10_133325509	10	133325509	AD	AD_Bellenguez2022	L6b	L6b	0.00539774676949763	3136
mine	other	L6b_chr11_25372964	11	25372964	LBD	LBD_Chia2021	L6b	L6b	0.00539044926466	2780
mine	other	L6b_chr18_65467431	18	65467431	SCZ	SCZ_Trubetskoy2022	L6b	L6b	0.00527077507328139	2642
mine	other	L6b_chr6_111942781	6	111942781	MDD	MDD_MDD2025	L6b	L6b	0.00512846294766343	1508
mine	other	L6b_chr8_87565977	8	87565977	AD	AD_Bellenguez2022	L6b	L6b	0.00498396210630162	2524
mine	other	L6b_chr8_115506611	8	115506611	SCZ	SCZ_Trubetskoy2022	L6b	L6b	0.00478604730163843	2135
mine	other	L6b_chr6_152979834	6	152979834	SCZ	SCZ_Trubetskoy2022	L6b	L6b	0.00476583690998829	2349
mine	other	L6b_chr5_135517921	5	135517921	LBD	LBD_Chia2021	L6b	L6b	0.00469446926743089	1960
mine	other	L6b_chr10_132155853	10	132155853	AD	AD_Bellenguez2022	L6b	L6b	0.00466137987115356	3259
mine	other	L6b_chr2_201028202	2	201028202	BD	BD_bip2024	L6b	L6b	0.00448016902845101	1415
mine	other	L6b_chr5_135517921	5	135517921	PD	PD_Nalls2019	L6b	L6b	0.00445849392018035	2205
mine	other	L6b_chr13_66335335	13	66335335	AD	AD_Bellenguez2022	L6b	L6b	0.00443757247659767	1893
mine	other	L6b_chr10_132155853	10	132155853	BD	BD_bip2024	L6b	L6b	0.00441947348634641	2786
mine	other	L6b_chr10_133325509	10	133325509	BD	BD_bip2024	L6b	L6b	0.0042737602237008	2789
mine	other	L6b_chr6_152979834	6	152979834	MDD	MDD_MDD2025	L6b	L6b	0.00425223377508195	2253
mine	other	L6b_chr2_201028202	2	201028202	PD	PD_Nalls2019	L6b	L6b	0.0042165427186595	1538
mine	other	L6b_chr1_14344075	1	14344075	BD	BD_bip2024	L6b	L6b	0.00417758718167423	2310
mine	other	L6b_chr8_115506611	8	115506611	MDD	MDD_MDD2025	L6b	L6b	0.00376803447846254	2123
mine	other	L6b_chr11_25372964	11	25372964	BD	BD_bip2024	L6b	L6b	0.00373645054967158	2559
mine	other	L6b_chr3_142609913	3	142609913	BD	BD_bip2024	L6b	L6b	0.00361948400134797	1521
mine	other	L6b_chr5_135517921	5	135517921	AD	AD_Bellenguez2022	L6b	L6b	0.0034767065620646	2330
mine	other	L6b_chr8_115506611	8	115506611	AD	AD_Bellenguez2022	L6b	L6b	0.00340552063512843	2634
mine	other	L6b_chr6_111942781	6	111942781	AD	AD_Bellenguez2022	L6b	L6b	0.00336555757834841	1805
mine	other	L6b_chr8_115506611	8	115506611	PD	PD_Nalls2019	L6b	L6b	0.00327549500572453	2356
mine	other	L6b_chr11_49477664	11	49477664	SCZ	SCZ_Trubetskoy2022	L6b	L6b	0.00320322613907185	2101
mine	other	L6b_chr4_84592391	4	84592391	LBD	LBD_Chia2021	L6b	L6b	0.00318663849016517	1642
mine	other	L6b_chr1_14344075	1	14344075	MDD	MDD_MDD2025	L6b	L6b	0.00292014164437832	2317
mine	other	L6b_chr13_66335335	13	66335335	BD	BD_bip2024	L6b	L6b	0.00236661676629805	1576
mine	other	L6b_chr18_65467431	18	65467431	MDD	MDD_MDD2025	L6b	L6b	0.0023083359293445	2477
mine	other	L6b_chr8_87565977	8	87565977	SCZ	SCZ_Trubetskoy2022	L6b	L6b	0.0022686728515935	2120
mine	other	L6b_chr17_18611254	17	18611254	LBD	LBD_Chia2021	L6b	L6b	0.00204194517634386	992
mine	other	L6b_chr19_2710235	19	2710235	MDD	MDD_MDD2025	L6b	L6b	0.00194384786062345	2483
mine	other	L6b_chr6_10007986	6	10007986	MDD	MDD_MDD2025	L6b	L6b	0.00179268454011728	2205
mine	other	L6b_chr11_25372964	11	25372964	MDD	MDD_MDD2025	L6b	L6b	0.0017174868412054	2575
mine	other	L6b_chr10_132155853	10	132155853	MDD	MDD_MDD2025	L6b	L6b	0.00166482365652468	2736
mine	other	L6b_chr17_18611254	17	18611254	PD	PD_Nalls2019	L6b	L6b	0.00163683928668966	1030
mine	other	L6b_chr8_87565977	8	87565977	BD	BD_bip2024	L6b	L6b	0.00160686725159917	2093
mine	other	L6b_chr17_18611254	17	18611254	MDD	MDD_MDD2025	L6b	L6b	0.0015779494990989	798
mine	other	L6b_chr3_142609913	3	142609913	MDD	MDD_MDD2025	L6b	L6b	0.00142830328921121	1510
mine	other	L6b_chr10_133325509	10	133325509	MDD	MDD_MDD2025	L6b	L6b	0.0013936682591471	2688
mine	other	L6b_chr2_201028202	2	201028202	AD	AD_Bellenguez2022	L6b	L6b	0.00135919904037207	1653
mine	other	L6b_chr8_115506611	8	115506611	BD	BD_bip2024	L6b	L6b	0.00125924712198339	2116
mine	other	L6b_chr1_36461122	1	36461122	MDD	MDD_MDD2025	L6b	L6b	0.00121506292325384	800
mine	other	L6b_chr5_135517921	5	135517921	BD	BD_bip2024	L6b	L6b	0.0009036484873238	1869
mine	other	L6b_chr5_135517921	5	135517921	MDD	MDD_MDD2025	L6b	L6b	0.000753312263313118	1870
mine	other	L6b_chr17_18611254	17	18611254	BD	BD_bip2024	L6b	L6b	0.000428703824165906	847
mine	other	L6b_chr4_84592391	4	84592391	MDD	MDD_MDD2025	L6b	L6b	0.000358688981577085	1919
mine	TMEM106B	LAMP5_chr7_12285140	7	12285140	MDD	MDD_MDD2025	LAMP5	LAMP5	0.908840393030149	3080
mine	TMEM106B	LAMP5_chr7_12285140	7	12285140	AD	AD_Bellenguez2022	LAMP5	LAMP5	0.867689031274765	4310
mine	other	LAMP5_chr3_10866706	3	10866706	SCZ	SCZ_Trubetskoy2022	LAMP5	LAMP5	0.776912563665025	2011
mine	other	LAMP5_chr3_45103446	3	45103446	PD	PD_Nalls2019	LAMP5	LAMP5	0.249775181136249	1793
mine	other	LAMP5_chr8_53746783	8	53746783	BD	BD_bip2024	LAMP5	LAMP5	0.192876748415593	2072
mine	other	LAMP5_chr8_53746783	8	53746783	AD	AD_Bellenguez2022	LAMP5	LAMP5	0.164186197741121	2552
mine	other	LAMP5_chr9_9451119	9	9451119	AD	AD_Bellenguez2022	LAMP5	LAMP5	0.116050166128916	3194
mine	other	LAMP5_chr8_53746783	8	53746783	SCZ	SCZ_Trubetskoy2022	LAMP5	LAMP5	0.0934867357135565	2110
mine	other	LAMP5_chr13_40802948	13	40802948	PD	PD_Nalls2019	LAMP5	LAMP5	0.0893084001359989	1918
mine	TMEM106B	LAMP5_chr7_12285140	7	12285140	LBD	LBD_Chia2021	LAMP5	LAMP5	0.069756017595777	3476
mine	other	LAMP5_chr3_45103446	3	45103446	LBD	LBD_Chia2021	LAMP5	LAMP5	0.0584228734988524	1500
mine	other	LAMP5_chr13_40802948	13	40802948	LBD	LBD_Chia2021	LAMP5	LAMP5	0.0515385923209195	1781
mine	other	LAMP5_chr9_9451119	9	9451119	LBD	LBD_Chia2021	LAMP5	LAMP5	0.0433576261079401	2598
mine	other	LAMP5_chr13_40802948	13	40802948	AD	AD_Bellenguez2022	LAMP5	LAMP5	0.0421901784766347	2077
mine	other	LAMP5_chr4_176257894	4	176257894	SCZ	SCZ_Trubetskoy2022	LAMP5	LAMP5	0.0334033269609329	1768
mine	other	LAMP5_chr4_176257894	4	176257894	MDD	MDD_MDD2025	LAMP5	LAMP5	0.0321862235629674	1626
mine	other	LAMP5_chr1_246372096	1	246372096	BD	BD_bip2024	LAMP5	LAMP5	0.031725530106829	2520
mine	TMEM106B	LAMP5_chr7_12285140	7	12285140	PD	PD_Nalls2019	LAMP5	LAMP5	0.031546064468352	3976
mine	other	LAMP5_chr7_48892307	7	48892307	MDD	MDD_MDD2025	LAMP5	LAMP5	0.029269060765855	2459
mine	other	LAMP5_chr1_116300329	1	116300329	LBD	LBD_Chia2021	LAMP5	LAMP5	0.0231652503995572	1960
mine	other	LAMP5_chr3_169152663	3	169152663	LBD	LBD_Chia2021	LAMP5	LAMP5	0.0230118191244925	1756
mine	other	LAMP5_chr1_246372096	1	246372096	LBD	LBD_Chia2021	LAMP5	LAMP5	0.0219931894989148	2646
mine	other	LAMP5_chr9_9451119	9	9451119	PD	PD_Nalls2019	LAMP5	LAMP5	0.0219104469104045	2823
mine	other	LAMP5_chr1_177323287	1	177323287	MDD	MDD_MDD2025	LAMP5	LAMP5	0.0208845862908534	1529
mine	TMEM106B	LAMP5_chr7_12285140	7	12285140	SCZ	SCZ_Trubetskoy2022	LAMP5	LAMP5	0.0205389770923518	3349
mine	other	LAMP5_chr10_12419475	10	12419475	LBD	LBD_Chia2021	LAMP5	LAMP5	0.0198521706437027	2419
mine	other	LAMP5_chr4_176257894	4	176257894	BD	BD_bip2024	LAMP5	LAMP5	0.0188854557608768	1718
mine	other	LAMP5_chr8_53746783	8	53746783	LBD	LBD_Chia2021	LAMP5	LAMP5	0.0184023521415551	1850
mine	other	LAMP5_chr11_72556494	11	72556494	MDD	MDD_MDD2025	LAMP5	LAMP5	0.0180928188628328	1136
mine	other	LAMP5_chr2_140578367	2	140578367	LBD	LBD_Chia2021	LAMP5	LAMP5	0.0173245660733475	1931
mine	other	LAMP5_chr3_10866706	3	10866706	LBD	LBD_Chia2021	LAMP5	LAMP5	0.0172975997302132	1820
mine	other	LAMP5_chr7_142591478	7	142591478	LBD	LBD_Chia2021	LAMP5	LAMP5	0.016878487640686	1351
mine	other	LAMP5_chr1_116300329	1	116300329	PD	PD_Nalls2019	LAMP5	LAMP5	0.016776288570339	2451
mine	other	LAMP5_chr1_166309945	1	166309945	LBD	LBD_Chia2021	LAMP5	LAMP5	0.0154059350242321	1729
mine	other	LAMP5_chr1_177323287	1	177323287	SCZ	SCZ_Trubetskoy2022	LAMP5	LAMP5	0.01461983560225	1583
mine	other	LAMP5_chr3_169152663	3	169152663	PD	PD_Nalls2019	LAMP5	LAMP5	0.0137964596767337	1958
mine	other	LAMP5_chr7_81939788	7	81939788	MDD	MDD_MDD2025	LAMP5	LAMP5	0.0136717981032059	1898
mine	other	LAMP5_chr4_39160231	4	39160231	BD	BD_bip2024	LAMP5	LAMP5	0.0132208585719561	2051
mine	other	LAMP5_chr3_169152663	3	169152663	AD	AD_Bellenguez2022	LAMP5	LAMP5	0.0128872035191963	2126
mine	other	LAMP5_chr1_166309945	1	166309945	SCZ	SCZ_Trubetskoy2022	LAMP5	LAMP5	0.0128219896400628	2014
mine	other	LAMP5_chr7_81939788	7	81939788	SCZ	SCZ_Trubetskoy2022	LAMP5	LAMP5	0.0127917215170376	2013
mine	other	LAMP5_chr10_12419475	10	12419475	BD	BD_bip2024	LAMP5	LAMP5	0.0121841992177078	2383
mine	other	LAMP5_chr1_182243327	1	182243327	SCZ	SCZ_Trubetskoy2022	LAMP5	LAMP5	0.0121104650910933	1777
mine	other	LAMP5_chr1_166309945	1	166309945	PD	PD_Nalls2019	LAMP5	LAMP5	0.0119015846659981	2298
mine	other	LAMP5_chr1_246372096	1	246372096	PD	PD_Nalls2019	LAMP5	LAMP5	0.0116245992687713	2917
mine	other	LAMP5_chr2_140578367	2	140578367	PD	PD_Nalls2019	LAMP5	LAMP5	0.0114899719788587	2223
mine	other	LAMP5_chr8_53746783	8	53746783	PD	PD_Nalls2019	LAMP5	LAMP5	0.01145627865113	2354
mine	other	LAMP5_chr3_10866706	3	10866706	BD	BD_bip2024	LAMP5	LAMP5	0.0114024084873483	1962
mine	other	LAMP5_chr1_182243327	1	182243327	BD	BD_bip2024	LAMP5	LAMP5	0.0105164647488712	1729
mine	other	LAMP5_chr1_166309945	1	166309945	AD	AD_Bellenguez2022	LAMP5	LAMP5	0.00945086509733419	2521
mine	other	LAMP5_chr1_182243327	1	182243327	LBD	LBD_Chia2021	LAMP5	LAMP5	0.00935496538006712	1811
mine	other	LAMP5_chr7_142591478	7	142591478	AD	AD_Bellenguez2022	LAMP5	LAMP5	0.00924811097913391	1807
mine	other	LAMP5_chr1_246372096	1	246372096	SCZ	SCZ_Trubetskoy2022	LAMP5	LAMP5	0.00921456036500096	2617
mine	other	LAMP5_chr1_116300329	1	116300329	AD	AD_Bellenguez2022	LAMP5	LAMP5	0.00890755246413248	2612
mine	other	LAMP5_chr3_10866706	3	10866706	PD	PD_Nalls2019	LAMP5	LAMP5	0.00862789280382434	2249
mine	other	LAMP5_chr7_81939788	7	81939788	PD	PD_Nalls2019	LAMP5	LAMP5	0.00846035162703451	2194
mine	other	LAMP5_chr10_12419475	10	12419475	MDD	MDD_MDD2025	LAMP5	LAMP5	0.00831226712619574	2344
mine	other	LAMP5_chr4_39160231	4	39160231	AD	AD_Bellenguez2022	LAMP5	LAMP5	0.00830098069976583	2536
mine	other	LAMP5_chr1_246372096	1	246372096	AD	AD_Bellenguez2022	LAMP5	LAMP5	0.00829758416274936	3201
mine	other	LAMP5_chr1_177323287	1	177323287	AD	AD_Bellenguez2022	LAMP5	LAMP5	0.00809302572865097	1996
mine	other	LAMP5_chr3_45103446	3	45103446	SCZ	SCZ_Trubetskoy2022	LAMP5	LAMP5	0.00791228986611034	1577
mine	other	LAMP5_chr1_246372096	1	246372096	MDD	MDD_MDD2025	LAMP5	LAMP5	0.00779545137905747	2508
mine	other	LAMP5_chr10_12419475	10	12419475	PD	PD_Nalls2019	LAMP5	LAMP5	0.00769832154227353	2737
mine	other	LAMP5_chr7_142591478	7	142591478	SCZ	SCZ_Trubetskoy2022	LAMP5	LAMP5	0.00751807970274705	1677
mine	other	LAMP5_chr3_45103446	3	45103446	BD	BD_bip2024	LAMP5	LAMP5	0.00718867403723826	1558
mine	other	LAMP5_chr13_40802948	13	40802948	BD	BD_bip2024	LAMP5	LAMP5	0.00701589615870356	1745
mine	other	LAMP5_chr7_48892307	7	48892307	LBD	LBD_Chia2021	LAMP5	LAMP5	0.00700609313465744	2607
mine	other	LAMP5_chr6_67624155	6	67624155	AD	AD_Bellenguez2022	LAMP5	LAMP5	0.00696384450779845	3937
mine	other	LAMP5_chr1_116300329	1	116300329	BD	BD_bip2024	LAMP5	LAMP5	0.00688200122652046	2019
mine	other	LAMP5_chr2_140578367	2	140578367	AD	AD_Bellenguez2022	LAMP5	LAMP5	0.00681445906734746	2472
mine	other	LAMP5_chr1_182243327	1	182243327	PD	PD_Nalls2019	LAMP5	LAMP5	0.00661056233290738	1953
mine	other	LAMP5_chr6_67624155	6	67624155	SCZ	SCZ_Trubetskoy2022	LAMP5	LAMP5	0.0065915780576404	3271
mine	other	LAMP5_chr9_9451119	9	9451119	SCZ	SCZ_Trubetskoy2022	LAMP5	LAMP5	0.0062375589986712	2605
mine	other	LAMP5_chr9_9451119	9	9451119	MDD	MDD_MDD2025	LAMP5	LAMP5	0.00595675536697728	2485
mine	other	LAMP5_chr18_56079074	18	56079074	MDD	MDD_MDD2025	LAMP5	LAMP5	0.0056659840674595	2198
mine	other	LAMP5_chr9_9451119	9	9451119	BD	BD_bip2024	LAMP5	LAMP5	0.00565337586188939	2542
mine	other	LAMP5_chr6_67624155	6	67624155	PD	PD_Nalls2019	LAMP5	LAMP5	0.00551847363932922	3570
mine	other	LAMP5_chr2_140578367	2	140578367	BD	BD_bip2024	LAMP5	LAMP5	0.00542303408549939	1942
mine	other	LAMP5_chr3_45103446	3	45103446	MDD	MDD_MDD2025	LAMP5	LAMP5	0.00537704122039921	1521
mine	other	LAMP5_chr18_56079074	18	56079074	LBD	LBD_Chia2021	LAMP5	LAMP5	0.0052251587330177	2267
mine	other	LAMP5_chr7_81939788	7	81939788	BD	BD_bip2024	LAMP5	LAMP5	0.00507272378132592	1963
mine	other	LAMP5_chr1_116300329	1	116300329	SCZ	SCZ_Trubetskoy2022	LAMP5	LAMP5	0.00498966084605179	2061
mine	other	LAMP5_chr7_48892307	7	48892307	PD	PD_Nalls2019	LAMP5	LAMP5	0.00480982637826632	2638
mine	other	LAMP5_chr7_48892307	7	48892307	AD	AD_Bellenguez2022	LAMP5	LAMP5	0.00475189162063914	2893
mine	other	LAMP5_chr7_81939788	7	81939788	LBD	LBD_Chia2021	LAMP5	LAMP5	0.0047193868123942	1892
mine	other	LAMP5_chr6_90180403	6	90180403	LBD	LBD_Chia2021	LAMP5	LAMP5	0.00464243288067893	1804
mine	other	LAMP5_chr3_169152663	3	169152663	SCZ	SCZ_Trubetskoy2022	LAMP5	LAMP5	0.00461766688217437	1728
mine	other	LAMP5_chr7_48892307	7	48892307	SCZ	SCZ_Trubetskoy2022	LAMP5	LAMP5	0.00460745250611011	2501
mine	other	LAMP5_chr10_12419475	10	12419475	SCZ	SCZ_Trubetskoy2022	LAMP5	LAMP5	0.00459592042614062	2452
mine	other	LAMP5_chr4_176257894	4	176257894	PD	PD_Nalls2019	LAMP5	LAMP5	0.00451208210010348	2116
mine	other	LAMP5_chr6_67624155	6	67624155	LBD	LBD_Chia2021	LAMP5	LAMP5	0.00435982308102947	3329
mine	other	LAMP5_chr11_72556494	11	72556494	AD	AD_Bellenguez2022	LAMP5	LAMP5	0.00431054034976368	1545
mine	other	LAMP5_chr11_72556494	11	72556494	PD	PD_Nalls2019	LAMP5	LAMP5	0.00429744187389451	1424
mine	other	LAMP5_chr3_10866706	3	10866706	AD	AD_Bellenguez2022	LAMP5	LAMP5	0.00425392071761781	2361
mine	other	LAMP5_chr6_90180403	6	90180403	AD	AD_Bellenguez2022	LAMP5	LAMP5	0.00407790134209252	2137
mine	other	LAMP5_chr18_56079074	18	56079074	PD	PD_Nalls2019	LAMP5	LAMP5	0.00407214105268627	2567
mine	other	LAMP5_chr7_142591478	7	142591478	PD	PD_Nalls2019	LAMP5	LAMP5	0.00406221410325446	1359
mine	other	LAMP5_chr6_90180403	6	90180403	PD	PD_Nalls2019	LAMP5	LAMP5	0.00405332933769922	2026
mine	other	LAMP5_chr2_140578367	2	140578367	SCZ	SCZ_Trubetskoy2022	LAMP5	LAMP5	0.00401662076668647	1995
mine	other	LAMP5_chr1_182243327	1	182243327	AD	AD_Bellenguez2022	LAMP5	LAMP5	0.00399742646757676	2133
mine	other	LAMP5_chr6_67624155	6	67624155	MDD	MDD_MDD2025	LAMP5	LAMP5	0.00393792262383286	3164
mine	other	LAMP5_chr10_12419475	10	12419475	AD	AD_Bellenguez2022	LAMP5	LAMP5	0.00387693340979101	2904
mine	other	LAMP5_chr11_72556494	11	72556494	SCZ	SCZ_Trubetskoy2022	LAMP5	LAMP5	0.00375706989224081	1244
mine	other	LAMP5_chr4_176257894	4	176257894	LBD	LBD_Chia2021	LAMP5	LAMP5	0.00375576472316521	1776
mine	other	LAMP5_chr3_45103446	3	45103446	AD	AD_Bellenguez2022	LAMP5	LAMP5	0.0037425379414857	1887
mine	other	LAMP5_chr7_142591478	7	142591478	MDD	MDD_MDD2025	LAMP5	LAMP5	0.00370763034364704	1459
mine	other	LAMP5_chr18_56079074	18	56079074	BD	BD_bip2024	LAMP5	LAMP5	0.00366215336416384	2258
mine	other	LAMP5_chr4_39160231	4	39160231	PD	PD_Nalls2019	LAMP5	LAMP5	0.00359845145477294	2360
mine	other	LAMP5_chr2_140578367	2	140578367	MDD	MDD_MDD2025	LAMP5	LAMP5	0.00352193489068524	1956
mine	other	LAMP5_chr3_10866706	3	10866706	MDD	MDD_MDD2025	LAMP5	LAMP5	0.00348931052493803	1923
mine	other	LAMP5_chr18_56079074	18	56079074	AD	AD_Bellenguez2022	LAMP5	LAMP5	0.00348299394197543	2755
mine	other	LAMP5_chr6_67624155	6	67624155	BD	BD_bip2024	LAMP5	LAMP5	0.00316425177160079	3147
mine	other	LAMP5_chr4_39160231	4	39160231	LBD	LBD_Chia2021	LAMP5	LAMP5	0.00312707840774193	1632
mine	other	LAMP5_chr1_177323287	1	177323287	PD	PD_Nalls2019	LAMP5	LAMP5	0.00300318073857186	1782
mine	other	LAMP5_chr6_90180403	6	90180403	SCZ	SCZ_Trubetskoy2022	LAMP5	LAMP5	0.00297614710028709	1852
mine	other	LAMP5_chr4_176257894	4	176257894	AD	AD_Bellenguez2022	LAMP5	LAMP5	0.00289070122202991	2185
mine	other	LAMP5_chr4_39160231	4	39160231	SCZ	SCZ_Trubetskoy2022	LAMP5	LAMP5	0.002784567362822	2082
mine	other	LAMP5_chr1_177323287	1	177323287	LBD	LBD_Chia2021	LAMP5	LAMP5	0.00254761865301713	1575
mine	other	LAMP5_chr3_169152663	3	169152663	BD	BD_bip2024	LAMP5	LAMP5	0.0025454112406677	1691
mine	other	LAMP5_chr8_53746783	8	53746783	MDD	MDD_MDD2025	LAMP5	LAMP5	0.00253007263319172	2093
mine	other	LAMP5_chr7_81939788	7	81939788	AD	AD_Bellenguez2022	LAMP5	LAMP5	0.00237257845407396	2381
mine	other	LAMP5_chr1_116300329	1	116300329	MDD	MDD_MDD2025	LAMP5	LAMP5	0.00236746802119631	1988
mine	other	LAMP5_chr11_72556494	11	72556494	LBD	LBD_Chia2021	LAMP5	LAMP5	0.00227535905432999	1249
mine	other	LAMP5_chr1_177323287	1	177323287	BD	BD_bip2024	LAMP5	LAMP5	0.00225302515153014	1572
mine	other	LAMP5_chr7_48892307	7	48892307	BD	BD_bip2024	LAMP5	LAMP5	0.00210642950818081	2466
mine	other	LAMP5_chr13_40802948	13	40802948	MDD	MDD_MDD2025	LAMP5	LAMP5	0.00205974680771418	1728
mine	other	LAMP5_chr1_182243327	1	182243327	MDD	MDD_MDD2025	LAMP5	LAMP5	0.00185603359497425	1634
mine	other	LAMP5_chr18_56079074	18	56079074	SCZ	SCZ_Trubetskoy2022	LAMP5	LAMP5	0.00158864798533784	2296
mine	other	LAMP5_chr6_90180403	6	90180403	MDD	MDD_MDD2025	LAMP5	LAMP5	0.00148819115732048	1729
mine	other	LAMP5_chr6_90180403	6	90180403	BD	BD_bip2024	LAMP5	LAMP5	0.00143850360777289	1825
mine	other	LAMP5_chr13_40802948	13	40802948	SCZ	SCZ_Trubetskoy2022	LAMP5	LAMP5	0.00132192123585735	1797
mine	other	LAMP5_chr1_166309945	1	166309945	BD	BD_bip2024	LAMP5	LAMP5	0.00128451139463835	1989
mine	other	LAMP5_chr7_142591478	7	142591478	BD	BD_bip2024	LAMP5	LAMP5	0.00112809822156518	1233
mine	other	LAMP5_chr3_169152663	3	169152663	MDD	MDD_MDD2025	LAMP5	LAMP5	0.00109133434776297	1667
mine	other	LAMP5_chr1_166309945	1	166309945	MDD	MDD_MDD2025	LAMP5	LAMP5	0.000873589891687935	1925
mine	other	LAMP5_chr11_72556494	11	72556494	BD	BD_bip2024	LAMP5	LAMP5	0.000622865799043724	1213
mine	other	LAMP5_chr4_39160231	4	39160231	MDD	MDD_MDD2025	LAMP5	LAMP5	0.000526964894933921	2039
mine	TMEM106B	LAMP5_chr7_12285140	7	12285140	BD	BD_bip2024	LAMP5	LAMP5	4.71805965498409e-05	3233
mine	TMEM106B	Microglia_chr7_12252119	7	12252119	AD	AD_Bellenguez2022	Microglia	Microglia	0.832192991435273	4279
mine	TMEM106B	Microglia_chr7_12252119	7	12252119	MDD	MDD_MDD2025	Microglia	Microglia	0.774026594563585	3077
mine	other	Microglia_chr6_24792753	6	24792753	SCZ	SCZ_Trubetskoy2022	Microglia	Microglia	0.181627610400469	2355
mine	other	Microglia_chr16_31298939	16	31298939	BD	BD_bip2024	Microglia	Microglia	0.138749019608569	1079
mine	other	Microglia_chr6_24792753	6	24792753	BD	BD_bip2024	Microglia	Microglia	0.122018668348368	2236
mine	other	Microglia_chr17_14753571	17	14753571	PD	PD_Nalls2019	Microglia	Microglia	0.0848366819369968	3171
mine	other	Microglia_chr14_73220153	14	73220153	PD	PD_Nalls2019	Microglia	Microglia	0.0758137120584064	2287
mine	other	Microglia_chr6_2544656	6	2544656	PD	PD_Nalls2019	Microglia	Microglia	0.0652823768894786	2560
mine	TMEM106B	Microglia_chr7_12252119	7	12252119	LBD	LBD_Chia2021	Microglia	Microglia	0.0632551536390141	3467
mine	other	Microglia_chr7_38950137	7	38950137	SCZ	SCZ_Trubetskoy2022	Microglia	Microglia	0.0604198957184376	2230
mine	other	Microglia_chr10_114795874	10	114795874	MDD	MDD_MDD2025	Microglia	Microglia	0.049763369691102	1296
mine	other	Microglia_chr1_175742173	1	175742173	MDD	MDD_MDD2025	Microglia	Microglia	0.0408603202696385	1518
mine	other	Microglia_chr3_146271796	3	146271796	AD	AD_Bellenguez2022	Microglia	Microglia	0.0369158925086852	2685
mine	TMEM106B	Microglia_chr7_12252119	7	12252119	PD	PD_Nalls2019	Microglia	Microglia	0.0328417077215004	3962
mine	other	Microglia_chr14_73220153	14	73220153	LBD	LBD_Chia2021	Microglia	Microglia	0.0325611365494518	1851
mine	other	Microglia_chr3_18561391	3	18561391	MDD	MDD_MDD2025	Microglia	Microglia	0.0304239578936649	1570
mine	other	Microglia_chr9_9247033	9	9247033	LBD	LBD_Chia2021	Microglia	Microglia	0.0298545660034233	2832
mine	other	Microglia_chr8_129038851	8	129038851	LBD	LBD_Chia2021	Microglia	Microglia	0.0296354057309731	1984
mine	other	Microglia_chr8_129038851	8	129038851	BD	BD_bip2024	Microglia	Microglia	0.0291068564330597	2062
mine	other	Microglia_chr9_9247033	9	9247033	AD	AD_Bellenguez2022	Microglia	Microglia	0.0281197588038247	3379
mine	other	Microglia_chr3_72111729	3	72111729	MDD	MDD_MDD2025	Microglia	Microglia	0.027548965147981	1992
mine	other	Microglia_chr11_25977814	11	25977814	LBD	LBD_Chia2021	Microglia	Microglia	0.0274478932971561	2706
mine	other	Microglia_chr1_107735704	1	107735704	LBD	LBD_Chia2021	Microglia	Microglia	0.0268245489597919	1544
mine	other	Microglia_chr1_107735704	1	107735704	PD	PD_Nalls2019	Microglia	Microglia	0.0255054249400926	2009
mine	other	Microglia_chr7_38950137	7	38950137	PD	PD_Nalls2019	Microglia	Microglia	0.0209423075217655	2386
mine	other	Microglia_chr1_175742173	1	175742173	BD	BD_bip2024	Microglia	Microglia	0.0208230851399478	1603
mine	other	Microglia_chr1_19121159	1	19121159	PD	PD_Nalls2019	Microglia	Microglia	0.0204560235545357	2520
mine	other	Microglia_chr11_3073650	11	3073650	LBD	LBD_Chia2021	Microglia	Microglia	0.0202621725490106	2226
mine	other	Microglia_chr3_72111729	3	72111729	SCZ	SCZ_Trubetskoy2022	Microglia	Microglia	0.0198955457432527	2111
mine	TMEM106B	Microglia_chr7_12252119	7	12252119	SCZ	SCZ_Trubetskoy2022	Microglia	Microglia	0.0193355495056441	3338
mine	other	Microglia_chr10_114795874	10	114795874	LBD	LBD_Chia2021	Microglia	Microglia	0.0182262316515771	1352
mine	other	Microglia_chr8_15094597	8	15094597	LBD	LBD_Chia2021	Microglia	Microglia	0.0180341568735102	2750
mine	other	Microglia_chr7_38950137	7	38950137	LBD	LBD_Chia2021	Microglia	Microglia	0.0177647647726603	2203
mine	other	Microglia_chr9_9247033	9	9247033	SCZ	SCZ_Trubetskoy2022	Microglia	Microglia	0.0173941806705979	2812
mine	other	Microglia_chr3_146271796	3	146271796	LBD	LBD_Chia2021	Microglia	Microglia	0.0169049839638584	2392
mine	other	Microglia_chr14_34687173	14	34687173	LBD	LBD_Chia2021	Microglia	Microglia	0.0164700431905789	2121
mine	other	Microglia_chr6_24792753	6	24792753	LBD	LBD_Chia2021	Microglia	Microglia	0.0161041238115125	2097
mine	other	Microglia_chr11_3073650	11	3073650	AD	AD_Bellenguez2022	Microglia	Microglia	0.0152536241566204	2682
mine	other	Microglia_chr9_137818367	9	137818367	LBD	LBD_Chia2021	Microglia	Microglia	0.015251928049317	2744
mine	other	Microglia_chr3_146271796	3	146271796	BD	BD_bip2024	Microglia	Microglia	0.0150604806596752	2157
mine	other	Microglia_chr6_2544656	6	2544656	LBD	LBD_Chia2021	Microglia	Microglia	0.0150346045720408	2261
mine	other	Microglia_chr1_175742173	1	175742173	SCZ	SCZ_Trubetskoy2022	Microglia	Microglia	0.0149053059549875	1675
mine	other	Microglia_chr12_120010863	12	120010863	MDD	MDD_MDD2025	Microglia	Microglia	0.0147583166602685	1803
mine	other	Microglia_chr2_14277296	2	14277296	SCZ	SCZ_Trubetskoy2022	Microglia	Microglia	0.0143951472611379	1973
mine	other	Microglia_chr11_3073650	11	3073650	PD	PD_Nalls2019	Microglia	Microglia	0.014137283020821	2392
mine	other	Microglia_chr3_18561391	3	18561391	LBD	LBD_Chia2021	Microglia	Microglia	0.0137284351623089	1603
mine	other	Microglia_chr2_14277296	2	14277296	PD	PD_Nalls2019	Microglia	Microglia	0.01362126666657	2256
mine	other	Microglia_chr6_50376997	6	50376997	MDD	MDD_MDD2025	Microglia	Microglia	0.0135456311486072	1650
mine	other	Microglia_chr3_146271796	3	146271796	PD	PD_Nalls2019	Microglia	Microglia	0.0134455416206427	2399
mine	other	Microglia_chr18_11214770	18	11214770	LBD	LBD_Chia2021	Microglia	Microglia	0.0134252775507011	2355
mine	other	Microglia_chr9_9247033	9	9247033	PD	PD_Nalls2019	Microglia	Microglia	0.0134236265342627	3025
mine	other	Microglia_chr8_15094597	8	15094597	PD	PD_Nalls2019	Microglia	Microglia	0.0132724142463123	3276
mine	other	Microglia_chr6_50376997	6	50376997	LBD	LBD_Chia2021	Microglia	Microglia	0.0130026161070238	1498
mine	other	Microglia_chr3_18561391	3	18561391	SCZ	SCZ_Trubetskoy2022	Microglia	Microglia	0.0129915708259554	1700
mine	other	Microglia_chr16_31298939	16	31298939	LBD	LBD_Chia2021	Microglia	Microglia	0.0125101034025665	1010
mine	other	Microglia_chr9_137818367	9	137818367	MDD	MDD_MDD2025	Microglia	Microglia	0.012468055619013	2565
mine	other	Microglia_chr18_11214770	18	11214770	BD	BD_bip2024	Microglia	Microglia	0.0122390660596169	2292
mine	other	Microglia_chr6_50376997	6	50376997	BD	BD_bip2024	Microglia	Microglia	0.012176643808022	1683
mine	other	Microglia_chr8_129038851	8	129038851	AD	AD_Bellenguez2022	Microglia	Microglia	0.0118228836800029	2502
mine	other	Microglia_chr8_129038851	8	129038851	PD	PD_Nalls2019	Microglia	Microglia	0.0117835180125239	2397
mine	other	Microglia_chr1_19121159	1	19121159	MDD	MDD_MDD2025	Microglia	Microglia	0.0113871837683666	2212
mine	other	Microglia_chr9_137818367	9	137818367	PD	PD_Nalls2019	Microglia	Microglia	0.0105817447569102	3269
mine	other	Microglia_chr6_24792753	6	24792753	PD	PD_Nalls2019	Microglia	Microglia	0.0105203306829073	2792
mine	other	Microglia_chr3_18561391	3	18561391	BD	BD_bip2024	Microglia	Microglia	0.0103431023973232	1644
mine	other	Microglia_chr6_50376997	6	50376997	SCZ	SCZ_Trubetskoy2022	Microglia	Microglia	0.0102777336559835	1703
mine	other	Microglia_chr3_146271796	3	146271796	SCZ	SCZ_Trubetskoy2022	Microglia	Microglia	0.00978618028140406	2214
mine	other	Microglia_chr17_14753571	17	14753571	LBD	LBD_Chia2021	Microglia	Microglia	0.0097125797786635	2813
mine	other	Microglia_chr6_24792753	6	24792753	AD	AD_Bellenguez2022	Microglia	Microglia	0.0094898893028354	2997
mine	other	Microglia_chr14_34687173	14	34687173	PD	PD_Nalls2019	Microglia	Microglia	0.00917325954599968	2484
mine	other	Microglia_chr1_175742173	1	175742173	LBD	LBD_Chia2021	Microglia	Microglia	0.00899224832872856	1733
mine	other	Microglia_chr12_120010863	12	120010863	LBD	LBD_Chia2021	Microglia	Microglia	0.00884874114730141	1744
mine	other	Microglia_chr18_11214770	18	11214770	PD	PD_Nalls2019	Microglia	Microglia	0.00870685237382052	2599
mine	other	Microglia_chr8_15094597	8	15094597	MDD	MDD_MDD2025	Microglia	Microglia	0.0081637074586872	2825
mine	other	Microglia_chr1_107735704	1	107735704	SCZ	SCZ_Trubetskoy2022	Microglia	Microglia	0.00795270380091171	1562
mine	other	Microglia_chr11_25977814	11	25977814	PD	PD_Nalls2019	Microglia	Microglia	0.00792493477953376	2873
mine	other	Microglia_chr6_50376997	6	50376997	PD	PD_Nalls2019	Microglia	Microglia	0.00765214517833993	1821
mine	other	Microglia_chr12_120010863	12	120010863	SCZ	SCZ_Trubetskoy2022	Microglia	Microglia	0.00750803447999712	1831
mine	other	Microglia_chr3_18561391	3	18561391	PD	PD_Nalls2019	Microglia	Microglia	0.00719548122674212	1796
mine	other	Microglia_chr11_3073650	11	3073650	SCZ	SCZ_Trubetskoy2022	Microglia	Microglia	0.00712215591306358	2246
mine	other	Microglia_chr1_107735704	1	107735704	AD	AD_Bellenguez2022	Microglia	Microglia	0.00699642903337946	2118
mine	other	Microglia_chr14_73220153	14	73220153	SCZ	SCZ_Trubetskoy2022	Microglia	Microglia	0.00694858840091227	1985
mine	other	Microglia_chr14_34687173	14	34687173	BD	BD_bip2024	Microglia	Microglia	0.00694120111113392	2153
mine	other	Microglia_chr7_38950137	7	38950137	BD	BD_bip2024	Microglia	Microglia	0.00688297691627748	2148
mine	other	Microglia_chr1_175742173	1	175742173	PD	PD_Nalls2019	Microglia	Microglia	0.00685810105839689	1928
mine	other	Microglia_chr12_120010863	12	120010863	AD	AD_Bellenguez2022	Microglia	Microglia	0.00679508874055057	2125
mine	other	Microglia_chr14_73220153	14	73220153	BD	BD_bip2024	Microglia	Microglia	0.00674149521615869	1933
mine	other	Microglia_chr18_11214770	18	11214770	AD	AD_Bellenguez2022	Microglia	Microglia	0.00673081333917497	2809
mine	other	Microglia_chr17_14753571	17	14753571	AD	AD_Bellenguez2022	Microglia	Microglia	0.00656240094639236	3421
mine	other	Microglia_chr1_19121159	1	19121159	SCZ	SCZ_Trubetskoy2022	Microglia	Microglia	0.00651328984650092	2286
mine	other	Microglia_chr6_24792753	6	24792753	MDD	MDD_MDD2025	Microglia	Microglia	0.00637870063747529	2129
mine	other	Microglia_chr11_3073650	11	3073650	BD	BD_bip2024	Microglia	Microglia	0.00629637739457522	2166
mine	other	Microglia_chr1_19121159	1	19121159	AD	AD_Bellenguez2022	Microglia	Microglia	0.00607595236183199	2684
mine	other	Microglia_chr9_137818367	9	137818367	BD	BD_bip2024	Microglia	Microglia	0.00605327888558014	2704
mine	other	Microglia_chr1_107735704	1	107735704	BD	BD_bip2024	Microglia	Microglia	0.00577152130911181	1534
mine	other	Microglia_chr16_31298939	16	31298939	SCZ	SCZ_Trubetskoy2022	Microglia	Microglia	0.00577059326695901	1104
mine	other	Microglia_chr1_19121159	1	19121159	LBD	LBD_Chia2021	Microglia	Microglia	0.00566800353058161	2165
mine	other	Microglia_chr12_120010863	12	120010863	PD	PD_Nalls2019	Microglia	Microglia	0.00566239169043678	1958
mine	other	Microglia_chr9_137818367	9	137818367	SCZ	SCZ_Trubetskoy2022	Microglia	Microglia	0.00555092168979814	2809
mine	other	Microglia_chr3_72111729	3	72111729	LBD	LBD_Chia2021	Microglia	Microglia	0.00551871230667979	2002
mine	other	Microglia_chr6_50376997	6	50376997	AD	AD_Bellenguez2022	Microglia	Microglia	0.0055026921019292	1941
mine	other	Microglia_chr8_15094597	8	15094597	AD	AD_Bellenguez2022	Microglia	Microglia	0.00543140545633795	3506
mine	other	Microglia_chr9_137818367	9	137818367	AD	AD_Bellenguez2022	Microglia	Microglia	0.00535186762318279	3357
mine	other	Microglia_chr2_14277296	2	14277296	LBD	LBD_Chia2021	Microglia	Microglia	0.00532859832017331	1994
mine	other	Microglia_chr1_19121159	1	19121159	BD	BD_bip2024	Microglia	Microglia	0.0053226529221213	2257
mine	other	Microglia_chr9_9247033	9	9247033	BD	BD_bip2024	Microglia	Microglia	0.00523267103887556	2615
mine	other	Microglia_chr8_15094597	8	15094597	BD	BD_bip2024	Microglia	Microglia	0.00520624449231356	2809
mine	other	Microglia_chr8_15094597	8	15094597	SCZ	SCZ_Trubetskoy2022	Microglia	Microglia	0.00502012224391689	2890
mine	other	Microglia_chr6_2544656	6	2544656	SCZ	SCZ_Trubetskoy2022	Microglia	Microglia	0.00487889659677295	2305
mine	other	Microglia_chr10_114795874	10	114795874	AD	AD_Bellenguez2022	Microglia	Microglia	0.00483554023153762	1633
mine	other	Microglia_chr7_38950137	7	38950137	AD	AD_Bellenguez2022	Microglia	Microglia	0.00479309829633795	2582
mine	other	Microglia_chr1_107735704	1	107735704	MDD	MDD_MDD2025	Microglia	Microglia	0.00474509647453566	1470
mine	other	Microglia_chr3_72111729	3	72111729	PD	PD_Nalls2019	Microglia	Microglia	0.00471128693230056	2388
mine	other	Microglia_chr10_114795874	10	114795874	PD	PD_Nalls2019	Microglia	Microglia	0.00453002300650924	1551
mine	other	Microglia_chr1_175742173	1	175742173	AD	AD_Bellenguez2022	Microglia	Microglia	0.0045053393512465	2120
mine	other	Microglia_chr17_14753571	17	14753571	SCZ	SCZ_Trubetskoy2022	Microglia	Microglia	0.00434782180554607	2806
mine	other	Microglia_chr10_114795874	10	114795874	BD	BD_bip2024	Microglia	Microglia	0.00433997661351622	1346
mine	other	Microglia_chr14_34687173	14	34687173	SCZ	SCZ_Trubetskoy2022	Microglia	Microglia	0.00418854677599652	2203
mine	other	Microglia_chr3_18561391	3	18561391	AD	AD_Bellenguez2022	Microglia	Microglia	0.00414809092250206	2002
mine	other	Microglia_chr12_120010863	12	120010863	BD	BD_bip2024	Microglia	Microglia	0.00414032758848511	1800
mine	other	Microglia_chr14_73220153	14	73220153	AD	AD_Bellenguez2022	Microglia	Microglia	0.00404098081939351	2429
mine	other	Microglia_chr14_34687173	14	34687173	MDD	MDD_MDD2025	Microglia	Microglia	0.00395837221523888	2117
mine	other	Microglia_chr2_14277296	2	14277296	AD	AD_Bellenguez2022	Microglia	Microglia	0.00393698805728516	2501
mine	other	Microglia_chr8_129038851	8	129038851	SCZ	SCZ_Trubetskoy2022	Microglia	Microglia	0.00378523911175156	2119
mine	other	Microglia_chr6_2544656	6	2544656	BD	BD_bip2024	Microglia	Microglia	0.0037812633801803	2246
mine	other	Microglia_chr14_73220153	14	73220153	MDD	MDD_MDD2025	Microglia	Microglia	0.00371683761760839	1833
mine	other	Microglia_chr18_11214770	18	11214770	SCZ	SCZ_Trubetskoy2022	Microglia	Microglia	0.00366856619863798	2323
mine	other	Microglia_chr14_34687173	14	34687173	AD	AD_Bellenguez2022	Microglia	Microglia	0.00366136285818463	2639
mine	other	Microglia_chr3_40348989	3	40348989	PD	PD_Nalls2019	Microglia	Microglia	0.0035896692548771	1762
mine	other	Microglia_chr11_25977814	11	25977814	AD	AD_Bellenguez2022	Microglia	Microglia	0.00351316421639111	3179
mine	other	Microglia_chr3_40348989	3	40348989	LBD	LBD_Chia2021	Microglia	Microglia	0.00342800243721074	1508
mine	other	Microglia_chr6_2544656	6	2544656	AD	AD_Bellenguez2022	Microglia	Microglia	0.00328950390103394	2762
mine	other	Microglia_chr3_72111729	3	72111729	AD	AD_Bellenguez2022	Microglia	Microglia	0.00322765516954245	2453
mine	other	Microglia_chr11_25977814	11	25977814	SCZ	SCZ_Trubetskoy2022	Microglia	Microglia	0.00315859821478424	2571
mine	other	Microglia_chr10_114795874	10	114795874	SCZ	SCZ_Trubetskoy2022	Microglia	Microglia	0.00307157668180889	1405
mine	other	Microglia_chr11_3073650	11	3073650	MDD	MDD_MDD2025	Microglia	Microglia	0.00293002785080305	2084
mine	other	Microglia_chr7_38950137	7	38950137	MDD	MDD_MDD2025	Microglia	Microglia	0.00281118532179902	2061
mine	other	Microglia_chr17_14753571	17	14753571	BD	BD_bip2024	Microglia	Microglia	0.00279568864899322	2704
mine	other	Microglia_chr3_72111729	3	72111729	BD	BD_bip2024	Microglia	Microglia	0.0024653792699628	2044
mine	other	Microglia_chr3_40348989	3	40348989	AD	AD_Bellenguez2022	Microglia	Microglia	0.00244954381060612	1911
mine	other	Microglia_chr9_9247033	9	9247033	MDD	MDD_MDD2025	Microglia	Microglia	0.00233853882036656	2645
mine	other	Microglia_chr3_146271796	3	146271796	MDD	MDD_MDD2025	Microglia	Microglia	0.00221568653222287	2171
mine	other	Microglia_chr3_40348989	3	40348989	BD	BD_bip2024	Microglia	Microglia	0.00189090969290896	1357
mine	other	Microglia_chr16_31298939	16	31298939	MDD	MDD_MDD2025	Microglia	Microglia	0.00178799486993892	1072
mine	other	Microglia_chr8_129038851	8	129038851	MDD	MDD_MDD2025	Microglia	Microglia	0.00173595925966623	2048
mine	TMEM106B	Microglia_chr7_12252119	7	12252119	BD	BD_bip2024	Microglia	Microglia	0.00168140664276855	3221
mine	other	Microglia_chr11_25977814	11	25977814	BD	BD_bip2024	Microglia	Microglia	0.00165727420181943	2348
mine	other	Microglia_chr6_2544656	6	2544656	MDD	MDD_MDD2025	Microglia	Microglia	0.00155535177050117	2180
mine	other	Microglia_chr18_11214770	18	11214770	MDD	MDD_MDD2025	Microglia	Microglia	0.00139140175903343	2226
mine	other	Microglia_chr16_31298939	16	31298939	PD	PD_Nalls2019	Microglia	Microglia	0.00126859573953922	1384
mine	other	Microglia_chr2_14277296	2	14277296	BD	BD_bip2024	Microglia	Microglia	0.0012673287114591	1942
mine	other	Microglia_chr3_40348989	3	40348989	SCZ	SCZ_Trubetskoy2022	Microglia	Microglia	0.00112707259732965	1405
mine	other	Microglia_chr11_25977814	11	25977814	MDD	MDD_MDD2025	Microglia	Microglia	0.00110335401253748	2451
mine	other	Microglia_chr2_14277296	2	14277296	MDD	MDD_MDD2025	Microglia	Microglia	0.000911306748057291	1932
mine	other	Microglia_chr17_14753571	17	14753571	MDD	MDD_MDD2025	Microglia	Microglia	0.000682238883075427	2610
mine	other	Microglia_chr16_31298939	16	31298939	AD	AD_Bellenguez2022	Microglia	Microglia	0.000636040747955124	1405
mine	other	Microglia_chr3_40348989	3	40348989	MDD	MDD_MDD2025	Microglia	Microglia	0.000410859006568652	1366
mine	other	OPC_chr17_1639965	17	1639965	AD	AD_Bellenguez2022	OPC	OPC	0.932162651525332	2655
mine	TMEM106B	OPC_chr7_12247309	7	12247309	AD	AD_Bellenguez2022	OPC	OPC	0.841355927434462	4286
mine	TMEM106B	OPC_chr7_12247309	7	12247309	MDD	MDD_MDD2025	OPC	OPC	0.83642275898106	3084
mine	other	OPC_chr12_3868021	12	3868021	LBD	LBD_Chia2021	OPC	OPC	0.223434919816586	2102
mine	other	OPC_chr4_186719584	4	186719584	SCZ	SCZ_Trubetskoy2022	OPC	OPC	0.061459603918717	2587
mine	other	OPC_chr22_23148643	22	23148643	MDD	MDD_MDD2025	OPC	OPC	0.0508338719951918	1636
mine	other	OPC_chr8_5277457	8	5277457	SCZ	SCZ_Trubetskoy2022	OPC	OPC	0.0493277536524586	4366
mine	other	OPC_chr9_20298756	9	20298756	PD	PD_Nalls2019	OPC	OPC	0.0478343530559722	1996
mine	TMEM106B	OPC_chr7_12247309	7	12247309	LBD	LBD_Chia2021	OPC	OPC	0.0476769257133068	3474
mine	other	OPC_chr14_56381207	14	56381207	LBD	LBD_Chia2021	OPC	OPC	0.039340280257033	2582
mine	other	OPC_chr16_17323584	16	17323584	PD	PD_Nalls2019	OPC	OPC	0.0354121852840578	2304
mine	other	OPC_chr12_3868021	12	3868021	BD	BD_bip2024	OPC	OPC	0.0301232389200356	2091
mine	other	OPC_chr17_1639965	17	1639965	PD	PD_Nalls2019	OPC	OPC	0.0277493373599475	2382
mine	TMEM106B	OPC_chr7_12247309	7	12247309	BD	BD_bip2024	OPC	OPC	0.0276657211307088	3227
mine	other	OPC_chr13_106617674	13	106617674	BD	BD_bip2024	OPC	OPC	0.026346918509758	2216
mine	other	OPC_chr9_20298756	9	20298756	LBD	LBD_Chia2021	OPC	OPC	0.0254693186600713	1780
mine	other	OPC_chr8_2905669	8	2905669	AD	AD_Bellenguez2022	OPC	OPC	0.0248690281656768	4697
mine	other	OPC_chr5_159300133	5	159300133	LBD	LBD_Chia2021	OPC	OPC	0.0228206120640069	1945
mine	other	OPC_chr17_1639965	17	1639965	LBD	LBD_Chia2021	OPC	OPC	0.0215664276325054	2236
mine	other	OPC_chr3_32014104	3	32014104	LBD	LBD_Chia2021	OPC	OPC	0.0213251378120723	2145
mine	other	OPC_chr12_3868021	12	3868021	AD	AD_Bellenguez2022	OPC	OPC	0.0209226306635594	2573
mine	other	OPC_chr3_68056725	3	68056725	LBD	LBD_Chia2021	OPC	OPC	0.0203015632514614	1812
mine	other	OPC_chr5_159300133	5	159300133	PD	PD_Nalls2019	OPC	OPC	0.0203007588921046	2221
mine	other	OPC_chr8_5277457	8	5277457	BD	BD_bip2024	OPC	OPC	0.0202800704143951	4243
mine	TMEM106B	OPC_chr7_12247309	7	12247309	PD	PD_Nalls2019	OPC	OPC	0.0199888328271472	3967
mine	other	OPC_chr17_1639965	17	1639965	MDD	MDD_MDD2025	OPC	OPC	0.0197390642724822	1566
mine	other	OPC_chr22_25204671	22	25204671	MDD	MDD_MDD2025	OPC	OPC	0.0196230911300956	1741
mine	other	OPC_chr13_106617674	13	106617674	LBD	LBD_Chia2021	OPC	OPC	0.0193594545268748	2380
mine	other	OPC_chr1_38545502	1	38545502	LBD	LBD_Chia2021	OPC	OPC	0.0190996627339218	1544
mine	other	OPC_chr4_126544768	4	126544768	LBD	LBD_Chia2021	OPC	OPC	0.0178403633039885	2104
mine	other	OPC_chr8_2905669	8	2905669	MDD	MDD_MDD2025	OPC	OPC	0.0159730985007235	3818
mine	other	OPC_chr13_20961088	13	20961088	PD	PD_Nalls2019	OPC	OPC	0.0156587053431959	2473
mine	other	OPC_chr16_17323584	16	17323584	LBD	LBD_Chia2021	OPC	OPC	0.0153154316483705	1891
mine	other	OPC_chr3_32014104	3	32014104	SCZ	SCZ_Trubetskoy2022	OPC	OPC	0.0151730811698888	2136
mine	other	OPC_chr10_73187001	10	73187001	MDD	MDD_MDD2025	OPC	OPC	0.015028972384563	2412
mine	other	OPC_chr3_68056725	3	68056725	PD	PD_Nalls2019	OPC	OPC	0.0149904796423644	1993
mine	other	OPC_chr8_2905669	8	2905669	LBD	LBD_Chia2021	OPC	OPC	0.014421085578419	3816
mine	other	OPC_chr22_23148643	22	23148643	PD	PD_Nalls2019	OPC	OPC	0.0143919028616202	2727
mine	other	OPC_chr3_68056725	3	68056725	MDD	MDD_MDD2025	OPC	OPC	0.0140623692947444	1742
mine	other	OPC_chr1_38545502	1	38545502	PD	PD_Nalls2019	OPC	OPC	0.0139798485973897	1804
mine	other	OPC_chr11_6327145	11	6327145	LBD	LBD_Chia2021	OPC	OPC	0.0134025627367627	2421
mine	other	OPC_chr8_5277457	8	5277457	PD	PD_Nalls2019	OPC	OPC	0.0131572843027181	4671
mine	other	OPC_chr11_6327145	11	6327145	PD	PD_Nalls2019	OPC	OPC	0.0131427991833586	2488
mine	other	OPC_chr13_20961088	13	20961088	LBD	LBD_Chia2021	OPC	OPC	0.0130219608676467	2113
mine	other	OPC_chr13_106617674	13	106617674	PD	PD_Nalls2019	OPC	OPC	0.0129748362463025	2692
mine	other	OPC_chr4_138712153	4	138712153	MDD	MDD_MDD2025	OPC	OPC	0.0125691562987618	1837
mine	other	OPC_chr5_159300133	5	159300133	MDD	MDD_MDD2025	OPC	OPC	0.0122395198828037	1784
mine	other	OPC_chr4_126544768	4	126544768	PD	PD_Nalls2019	OPC	OPC	0.0120041439760415	2244
mine	other	OPC_chr14_56381207	14	56381207	SCZ	SCZ_Trubetskoy2022	OPC	OPC	0.0118634300735421	2452
mine	other	OPC_chr3_68056725	3	68056725	SCZ	SCZ_Trubetskoy2022	OPC	OPC	0.0114946575295913	1831
mine	other	OPC_chr8_28195266	8	28195266	BD	BD_bip2024	OPC	OPC	0.0114232476666375	1788
mine	other	OPC_chr8_5277457	8	5277457	LBD	LBD_Chia2021	OPC	OPC	0.0114183121475159	4177
mine	other	OPC_chr5_159300133	5	159300133	AD	AD_Bellenguez2022	OPC	OPC	0.011269236951191	2418
mine	other	OPC_chr8_2905669	8	2905669	PD	PD_Nalls2019	OPC	OPC	0.011089951720715	4389
mine	other	OPC_chr1_238230383	1	238230383	SCZ	SCZ_Trubetskoy2022	OPC	OPC	0.0109882158295546	2390
mine	other	OPC_chr12_3868021	12	3868021	PD	PD_Nalls2019	OPC	OPC	0.0107316750282595	2370
mine	other	OPC_chr5_159300133	5	159300133	BD	BD_bip2024	OPC	OPC	0.0100010874735931	2000
mine	TMEM106B	OPC_chr7_12247309	7	12247309	SCZ	SCZ_Trubetskoy2022	OPC	OPC	0.00976114065062161	3344
mine	other	OPC_chr8_2905669	8	2905669	SCZ	SCZ_Trubetskoy2022	OPC	OPC	0.00969609584687085	3926
mine	other	OPC_chr4_186719584	4	186719584	PD	PD_Nalls2019	OPC	OPC	0.00955975588535866	2832
mine	other	OPC_chr1_238230383	1	238230383	LBD	LBD_Chia2021	OPC	OPC	0.00948157774577595	2394
mine	other	OPC_chr4_186719584	4	186719584	LBD	LBD_Chia2021	OPC	OPC	0.00944138521295931	2381
mine	other	OPC_chr14_56381207	14	56381207	PD	PD_Nalls2019	OPC	OPC	0.0093830651000752	2672
mine	other	OPC_chr22_23148643	22	23148643	LBD	LBD_Chia2021	OPC	OPC	0.00932263877614147	2037
mine	other	OPC_chr16_17323584	16	17323584	AD	AD_Bellenguez2022	OPC	OPC	0.00922531744303807	2432
mine	other	OPC_chr22_25204671	22	25204671	PD	PD_Nalls2019	OPC	OPC	0.0090949754791124	2178
mine	other	OPC_chr3_68056725	3	68056725	AD	AD_Bellenguez2022	OPC	OPC	0.00909454645141871	2093
mine	other	OPC_chr3_32014104	3	32014104	PD	PD_Nalls2019	OPC	OPC	0.00880861278575616	2370
mine	other	OPC_chr11_129314132	11	129314132	LBD	LBD_Chia2021	OPC	OPC	0.00871996014621105	1761
mine	other	OPC_chr5_159300133	5	159300133	SCZ	SCZ_Trubetskoy2022	OPC	OPC	0.0086468689167493	2043
mine	other	OPC_chr11_6327145	11	6327145	SCZ	SCZ_Trubetskoy2022	OPC	OPC	0.00852430766766379	2286
mine	other	OPC_chr2_152078134	2	152078134	LBD	LBD_Chia2021	OPC	OPC	0.00823090179433654	1819
mine	other	OPC_chr21_26378120	21	26378120	PD	PD_Nalls2019	OPC	OPC	0.00793932055331383	2246
mine	other	OPC_chr8_2905669	8	2905669	BD	BD_bip2024	OPC	OPC	0.00791134213150311	3824
mine	other	OPC_chr21_26378120	21	26378120	LBD	LBD_Chia2021	OPC	OPC	0.00770011980232181	1939
mine	other	OPC_chr13_106617674	13	106617674	AD	AD_Bellenguez2022	OPC	OPC	0.00722389884261249	2926
mine	other	OPC_chr11_6327145	11	6327145	AD	AD_Bellenguez2022	OPC	OPC	0.00717994212816149	2733
mine	other	OPC_chr17_1639965	17	1639965	BD	BD_bip2024	OPC	OPC	0.00690485971779832	2141
mine	other	OPC_chr11_129314132	11	129314132	PD	PD_Nalls2019	OPC	OPC	0.00650433662669523	1976
mine	other	OPC_chr22_25204671	22	25204671	AD	AD_Bellenguez2022	OPC	OPC	0.00622711530483466	2642
mine	other	OPC_chr10_73187001	10	73187001	PD	PD_Nalls2019	OPC	OPC	0.00619411817168825	2790
mine	other	OPC_chr3_68056725	3	68056725	BD	BD_bip2024	OPC	OPC	0.00581572922922054	1785
mine	other	OPC_chr17_1639965	17	1639965	SCZ	SCZ_Trubetskoy2022	OPC	OPC	0.00565262555334803	2183
mine	other	OPC_chr9_20298756	9	20298756	BD	BD_bip2024	OPC	OPC	0.0056372144353473	1710
mine	other	OPC_chr22_23148643	22	23148643	AD	AD_Bellenguez2022	OPC	OPC	0.00561863524367194	1902
mine	other	OPC_chr22_25204671	22	25204671	BD	BD_bip2024	OPC	OPC	0.00559484437689861	1789
mine	other	OPC_chr10_73187001	10	73187001	SCZ	SCZ_Trubetskoy2022	OPC	OPC	0.00553835329144921	2503
mine	other	OPC_chr9_20298756	9	20298756	MDD	MDD_MDD2025	OPC	OPC	0.00552877015319407	1688
mine	other	OPC_chr22_25204671	22	25204671	SCZ	SCZ_Trubetskoy2022	OPC	OPC	0.00517873158549835	1877
mine	other	OPC_chr1_238230383	1	238230383	PD	PD_Nalls2019	OPC	OPC	0.00514185179297536	2636
mine	other	OPC_chr13_106617674	13	106617674	SCZ	SCZ_Trubetskoy2022	OPC	OPC	0.00509506178070556	2359
mine	other	OPC_chr3_32014104	3	32014104	AD	AD_Bellenguez2022	OPC	OPC	0.00491895539272074	2559
mine	other	OPC_chr8_5277457	8	5277457	AD	AD_Bellenguez2022	OPC	OPC	0.00485849179197492	4908
mine	other	OPC_chr1_38545502	1	38545502	BD	BD_bip2024	OPC	OPC	0.00484871135847432	1578
mine	other	OPC_chr4_138712153	4	138712153	LBD	LBD_Chia2021	OPC	OPC	0.00481542155727784	1991
mine	other	OPC_chr8_28195266	8	28195266	AD	AD_Bellenguez2022	OPC	OPC	0.00476452218061382	2148
mine	other	OPC_chr13_20961088	13	20961088	AD	AD_Bellenguez2022	OPC	OPC	0.00476152463094961	2684
mine	other	OPC_chr10_73187001	10	73187001	LBD	LBD_Chia2021	OPC	OPC	0.00473595346045842	2376
mine	other	OPC_chr1_38545502	1	38545502	AD	AD_Bellenguez2022	OPC	OPC	0.00469935587733609	1979
mine	other	OPC_chr11_6327145	11	6327145	MDD	MDD_MDD2025	OPC	OPC	0.0046370753715841	2241
mine	other	OPC_chr12_3868021	12	3868021	SCZ	SCZ_Trubetskoy2022	OPC	OPC	0.00461379820083552	2162
mine	other	OPC_chr9_20298756	9	20298756	AD	AD_Bellenguez2022	OPC	OPC	0.00460867828430499	2234
mine	other	OPC_chr2_152078134	2	152078134	PD	PD_Nalls2019	OPC	OPC	0.00456579280567045	2045
mine	other	OPC_chr22_23148643	22	23148643	SCZ	SCZ_Trubetskoy2022	OPC	OPC	0.00446767468064368	2505
mine	other	OPC_chr4_186719584	4	186719584	BD	BD_bip2024	OPC	OPC	0.00435111013880786	2523
mine	other	OPC_chr16_17323584	16	17323584	BD	BD_bip2024	OPC	OPC	0.00430286981902098	1960
mine	other	OPC_chr21_26378120	21	26378120	AD	AD_Bellenguez2022	OPC	OPC	0.00428835281678427	2410
mine	other	OPC_chr14_56381207	14	56381207	AD	AD_Bellenguez2022	OPC	OPC	0.00423791583054414	2938
mine	other	OPC_chr9_20298756	9	20298756	SCZ	SCZ_Trubetskoy2022	OPC	OPC	0.00416882406240491	1772
mine	other	OPC_chr16_17323584	16	17323584	SCZ	SCZ_Trubetskoy2022	OPC	OPC	0.00416727636083496	2019
mine	other	OPC_chr3_32014104	3	32014104	BD	BD_bip2024	OPC	OPC	0.00411770477096471	2091
mine	other	OPC_chr2_152078134	2	152078134	SCZ	SCZ_Trubetskoy2022	OPC	OPC	0.00410463479922426	1833
mine	other	OPC_chr13_78198235	13	78198235	SCZ	SCZ_Trubetskoy2022	OPC	OPC	0.00410402506404293	1578
mine	other	OPC_chr1_238230383	1	238230383	AD	AD_Bellenguez2022	OPC	OPC	0.00403121010108915	2967
mine	other	OPC_chr22_25204671	22	25204671	LBD	LBD_Chia2021	OPC	OPC	0.00386084866181426	2093
mine	other	OPC_chr16_17323584	16	17323584	MDD	MDD_MDD2025	OPC	OPC	0.00385581589128038	1896
mine	other	OPC_chr8_28195266	8	28195266	PD	PD_Nalls2019	OPC	OPC	0.00366245806770566	2053
mine	other	OPC_chr11_6327145	11	6327145	BD	BD_bip2024	OPC	OPC	0.00356189867977093	2241
mine	other	OPC_chr13_78198235	13	78198235	AD	AD_Bellenguez2022	OPC	OPC	0.00355560974103139	1890
mine	other	OPC_chr14_56381207	14	56381207	BD	BD_bip2024	OPC	OPC	0.00352884622098668	2372
mine	other	OPC_chr4_186719584	4	186719584	AD	AD_Bellenguez2022	OPC	OPC	0.00333437254437662	2989
mine	other	OPC_chr21_26378120	21	26378120	BD	BD_bip2024	OPC	OPC	0.00330129655597294	1842
mine	other	OPC_chr13_78198235	13	78198235	LBD	LBD_Chia2021	OPC	OPC	0.00326475611309171	1659
mine	other	OPC_chr13_78198235	13	78198235	MDD	MDD_MDD2025	OPC	OPC	0.00317083797884448	1512
mine	other	OPC_chr4_126544768	4	126544768	AD	AD_Bellenguez2022	OPC	OPC	0.00308472311792274	2435
mine	other	OPC_chr10_73187001	10	73187001	AD	AD_Bellenguez2022	OPC	OPC	0.00302527915004902	2923
mine	other	OPC_chr13_20961088	13	20961088	BD	BD_bip2024	OPC	OPC	0.002997218482291	2066
mine	other	OPC_chr3_32014104	3	32014104	MDD	MDD_MDD2025	OPC	OPC	0.00298868898041267	2052
mine	other	OPC_chr22_23148643	22	23148643	BD	BD_bip2024	OPC	OPC	0.00297130872401929	2360
mine	other	OPC_chr13_20961088	13	20961088	SCZ	SCZ_Trubetskoy2022	OPC	OPC	0.00294986616514589	2189
mine	other	OPC_chr4_138712153	4	138712153	SCZ	SCZ_Trubetskoy2022	OPC	OPC	0.00291432634933775	2011
mine	other	OPC_chr1_38545502	1	38545502	SCZ	SCZ_Trubetskoy2022	OPC	OPC	0.0029018958727399	1632
mine	other	OPC_chr11_129314132	11	129314132	AD	AD_Bellenguez2022	OPC	OPC	0.00284879839969081	2167
mine	other	OPC_chr8_5277457	8	5277457	MDD	MDD_MDD2025	OPC	OPC	0.0027890466957741	4238
mine	other	OPC_chr13_78198235	13	78198235	PD	PD_Nalls2019	OPC	OPC	0.00272882136492352	1755
mine	other	OPC_chr2_152078134	2	152078134	AD	AD_Bellenguez2022	OPC	OPC	0.00266059548410413	2227
mine	other	OPC_chr4_138712153	4	138712153	PD	PD_Nalls2019	OPC	OPC	0.00261029308062147	2141
mine	other	OPC_chr8_28195266	8	28195266	LBD	LBD_Chia2021	OPC	OPC	0.00250814541006552	1773
mine	other	OPC_chr11_129314132	11	129314132	SCZ	SCZ_Trubetskoy2022	OPC	OPC	0.00241809618531318	1816
mine	other	OPC_chr4_138712153	4	138712153	AD	AD_Bellenguez2022	OPC	OPC	0.00241159802653886	2313
mine	other	OPC_chr14_56381207	14	56381207	MDD	MDD_MDD2025	OPC	OPC	0.00212070575449185	2399
mine	other	OPC_chr13_106617674	13	106617674	MDD	MDD_MDD2025	OPC	OPC	0.00197832495410596	2187
mine	other	OPC_chr13_20961088	13	20961088	MDD	MDD_MDD2025	OPC	OPC	0.00194251276235295	2029
mine	other	OPC_chr12_3868021	12	3868021	MDD	MDD_MDD2025	OPC	OPC	0.00193313518647655	2059
mine	other	OPC_chr21_26378120	21	26378120	SCZ	SCZ_Trubetskoy2022	OPC	OPC	0.0018737012688011	1896
mine	other	OPC_chr21_26378120	21	26378120	MDD	MDD_MDD2025	OPC	OPC	0.0016329494564992	1797
mine	other	OPC_chr1_38545502	1	38545502	MDD	MDD_MDD2025	OPC	OPC	0.00153577352992427	1596
mine	other	OPC_chr8_28195266	8	28195266	SCZ	SCZ_Trubetskoy2022	OPC	OPC	0.00141648848860568	1824
mine	other	OPC_chr10_73187001	10	73187001	BD	BD_bip2024	OPC	OPC	0.00139062317343054	2436
mine	other	OPC_chr4_186719584	4	186719584	MDD	MDD_MDD2025	OPC	OPC	0.00137864655681023	2467
mine	other	OPC_chr2_152078134	2	152078134	BD	BD_bip2024	OPC	OPC	0.00133521609629023	1818
mine	other	OPC_chr4_126544768	4	126544768	SCZ	SCZ_Trubetskoy2022	OPC	OPC	0.00128009793512108	2048
mine	other	OPC_chr4_126544768	4	126544768	BD	BD_bip2024	OPC	OPC	0.00126498159333011	2002
mine	other	OPC_chr8_28195266	8	28195266	MDD	MDD_MDD2025	OPC	OPC	0.00122706005276267	1776
mine	other	OPC_chr4_138712153	4	138712153	BD	BD_bip2024	OPC	OPC	0.00122026050754044	1949
mine	other	OPC_chr13_78198235	13	78198235	BD	BD_bip2024	OPC	OPC	0.000936001577698655	1524
mine	other	OPC_chr1_238230383	1	238230383	BD	BD_bip2024	OPC	OPC	0.000849534781218087	2226
mine	other	OPC_chr11_129314132	11	129314132	BD	BD_bip2024	OPC	OPC	0.000826918447368387	1793
mine	other	OPC_chr1_238230383	1	238230383	MDD	MDD_MDD2025	OPC	OPC	0.000671482522096742	2266
mine	other	OPC_chr4_126544768	4	126544768	MDD	MDD_MDD2025	OPC	OPC	0.000653769037804541	1993
mine	other	OPC_chr2_152078134	2	152078134	MDD	MDD_MDD2025	OPC	OPC	0.000486486682946408	1786
mine	other	OPC_chr11_129314132	11	129314132	MDD	MDD_MDD2025	OPC	OPC	0.000397688578077177	1750
mine	TMEM106B	Oligodendrocyte_chr7_12252119	7	12252119	AD	AD_Bellenguez2022	Oligodendrocyte	Oligodendrocyte	0.839402808665561	4279
mine	other	Oligodendrocyte_chr9_22697407	9	22697407	BD	BD_bip2024	Oligodendrocyte	Oligodendrocyte	0.673230907067607	1763
mine	other	Oligodendrocyte_chr22_22065422	22	22065422	SCZ	SCZ_Trubetskoy2022	Oligodendrocyte	Oligodendrocyte	0.605117865920275	1503
mine	other	Oligodendrocyte_chr7_73043561	7	73043561	SCZ	SCZ_Trubetskoy2022	Oligodendrocyte	Oligodendrocyte	0.459677689683253	986
mine	other	Oligodendrocyte_chr22_22065422	22	22065422	MDD	MDD_MDD2025	Oligodendrocyte	Oligodendrocyte	0.391303830624705	1306
mine	TMEM106B	Oligodendrocyte_chr7_12252119	7	12252119	MDD	MDD_MDD2025	Oligodendrocyte	Oligodendrocyte	0.224219413212755	3077
mine	other	Oligodendrocyte_chr8_4045914	8	4045914	SCZ	SCZ_Trubetskoy2022	Oligodendrocyte	Oligodendrocyte	0.183973535087143	4722
mine	other	Oligodendrocyte_chr3_141576863	3	141576863	BD	BD_bip2024	Oligodendrocyte	Oligodendrocyte	0.149412537973558	1771
mine	other	Oligodendrocyte_chr20_59869157	20	59869157	SCZ	SCZ_Trubetskoy2022	Oligodendrocyte	Oligodendrocyte	0.0831909201937515	3008
mine	other	Oligodendrocyte_chr1_79176528	1	79176528	MDD	MDD_MDD2025	Oligodendrocyte	Oligodendrocyte	0.0755840995107551	1961
mine	other	Oligodendrocyte_chr7_42088232	7	42088232	SCZ	SCZ_Trubetskoy2022	Oligodendrocyte	Oligodendrocyte	0.0730263642325805	2066
mine	other	Oligodendrocyte_chr7_73043561	7	73043561	PD	PD_Nalls2019	Oligodendrocyte	Oligodendrocyte	0.0685977032336888	1068
mine	TMEM106B	Oligodendrocyte_chr7_12252119	7	12252119	LBD	LBD_Chia2021	Oligodendrocyte	Oligodendrocyte	0.0650088730384375	3467
mine	other	Oligodendrocyte_chr16_23390442	16	23390442	AD	AD_Bellenguez2022	Oligodendrocyte	Oligodendrocyte	0.0604759638372955	2168
mine	other	Oligodendrocyte_chr3_141576863	3	141576863	PD	PD_Nalls2019	Oligodendrocyte	Oligodendrocyte	0.0526643335964799	2121
mine	other	Oligodendrocyte_chr2_65783350	2	65783350	SCZ	SCZ_Trubetskoy2022	Oligodendrocyte	Oligodendrocyte	0.0519768427412236	1995
mine	other	Oligodendrocyte_chr7_9302019	7	9302019	PD	PD_Nalls2019	Oligodendrocyte	Oligodendrocyte	0.0462202386942763	3618
mine	other	Oligodendrocyte_chr7_9302019	7	9302019	LBD	LBD_Chia2021	Oligodendrocyte	Oligodendrocyte	0.0436487481424014	3323
mine	other	Oligodendrocyte_chr16_23390442	16	23390442	BD	BD_bip2024	Oligodendrocyte	Oligodendrocyte	0.0385380536222168	1764
mine	other	Oligodendrocyte_chr8_4045914	8	4045914	BD	BD_bip2024	Oligodendrocyte	Oligodendrocyte	0.0378609023784324	4559
mine	other	Oligodendrocyte_chr20_36099083	20	36099083	MDD	MDD_MDD2025	Oligodendrocyte	Oligodendrocyte	0.0321767477710815	1467
mine	other	Oligodendrocyte_chr1_69095285	1	69095285	SCZ	SCZ_Trubetskoy2022	Oligodendrocyte	Oligodendrocyte	0.0318589120879745	1737
mine	other	Oligodendrocyte_chr7_73043561	7	73043561	AD	AD_Bellenguez2022	Oligodendrocyte	Oligodendrocyte	0.0284597400873856	1126
mine	other	Oligodendrocyte_chr13_106254402	13	106254402	LBD	LBD_Chia2021	Oligodendrocyte	Oligodendrocyte	0.0282638718756066	2460
mine	other	Oligodendrocyte_chr5_170187643	5	170187643	LBD	LBD_Chia2021	Oligodendrocyte	Oligodendrocyte	0.0255680023335609	1859
mine	other	Oligodendrocyte_chr12_31636624	12	31636624	LBD	LBD_Chia2021	Oligodendrocyte	Oligodendrocyte	0.0254859967225882	2218
mine	other	Oligodendrocyte_chr20_36650065	20	36650065	PD	PD_Nalls2019	Oligodendrocyte	Oligodendrocyte	0.0251051976871351	1937
mine	other	Oligodendrocyte_chr3_30691078	3	30691078	LBD	LBD_Chia2021	Oligodendrocyte	Oligodendrocyte	0.0247886826160501	2159
mine	other	Oligodendrocyte_chr2_65783350	2	65783350	LBD	LBD_Chia2021	Oligodendrocyte	Oligodendrocyte	0.0240726343236736	1890
mine	other	Oligodendrocyte_chr7_49479191	7	49479191	SCZ	SCZ_Trubetskoy2022	Oligodendrocyte	Oligodendrocyte	0.0238698395597863	2350
mine	other	Oligodendrocyte_chr20_36099083	20	36099083	AD	AD_Bellenguez2022	Oligodendrocyte	Oligodendrocyte	0.0226181801453699	1884
mine	other	Oligodendrocyte_chr7_42088232	7	42088232	LBD	LBD_Chia2021	Oligodendrocyte	Oligodendrocyte	0.0212098658099903	1964
mine	other	Oligodendrocyte_chr7_49479191	7	49479191	PD	PD_Nalls2019	Oligodendrocyte	Oligodendrocyte	0.0206213054367892	2584
mine	other	Oligodendrocyte_chr20_36650065	20	36650065	MDD	MDD_MDD2025	Oligodendrocyte	Oligodendrocyte	0.0202120461443814	1604
mine	other	Oligodendrocyte_chr22_22065422	22	22065422	PD	PD_Nalls2019	Oligodendrocyte	Oligodendrocyte	0.0201827411114339	1616
mine	other	Oligodendrocyte_chr10_125275036	10	125275036	MDD	MDD_MDD2025	Oligodendrocyte	Oligodendrocyte	0.0196861304931433	2387
mine	other	Oligodendrocyte_chr13_40972595	13	40972595	LBD	LBD_Chia2021	Oligodendrocyte	Oligodendrocyte	0.0196099248594785	1783
mine	other	Oligodendrocyte_chr12_31636624	12	31636624	PD	PD_Nalls2019	Oligodendrocyte	Oligodendrocyte	0.0193294403392676	2319
mine	other	Oligodendrocyte_chr13_106254402	13	106254402	PD	PD_Nalls2019	Oligodendrocyte	Oligodendrocyte	0.018902320812526	2944
mine	TMEM106B	Oligodendrocyte_chr7_12252119	7	12252119	PD	PD_Nalls2019	Oligodendrocyte	Oligodendrocyte	0.0187263065718764	3962
mine	TMEM106B	Oligodendrocyte_chr7_12252119	7	12252119	BD	BD_bip2024	Oligodendrocyte	Oligodendrocyte	0.0179824814215169	3221
mine	other	Oligodendrocyte_chr20_59869157	20	59869157	LBD	LBD_Chia2021	Oligodendrocyte	Oligodendrocyte	0.0177005037545749	2925
mine	other	Oligodendrocyte_chr18_29639758	18	29639758	AD	AD_Bellenguez2022	Oligodendrocyte	Oligodendrocyte	0.0176904526768053	2018
mine	other	Oligodendrocyte_chr8_105782175	8	105782175	SCZ	SCZ_Trubetskoy2022	Oligodendrocyte	Oligodendrocyte	0.0176362801775609	1803
mine	other	Oligodendrocyte_chr22_22065422	22	22065422	LBD	LBD_Chia2021	Oligodendrocyte	Oligodendrocyte	0.0170617795766477	1344
mine	other	Oligodendrocyte_chr9_22697407	9	22697407	LBD	LBD_Chia2021	Oligodendrocyte	Oligodendrocyte	0.0169811073891658	1747
mine	other	Oligodendrocyte_chr3_141576863	3	141576863	LBD	LBD_Chia2021	Oligodendrocyte	Oligodendrocyte	0.016929500783875	1874
mine	other	Oligodendrocyte_chr18_7336169	18	7336169	LBD	LBD_Chia2021	Oligodendrocyte	Oligodendrocyte	0.0168540190752514	2029
mine	other	Oligodendrocyte_chr7_49479191	7	49479191	LBD	LBD_Chia2021	Oligodendrocyte	Oligodendrocyte	0.0162009836836141	2414
mine	other	Oligodendrocyte_chr1_79176528	1	79176528	LBD	LBD_Chia2021	Oligodendrocyte	Oligodendrocyte	0.0159676417886484	1814
mine	other	Oligodendrocyte_chr3_184203859	3	184203859	SCZ	SCZ_Trubetskoy2022	Oligodendrocyte	Oligodendrocyte	0.0157334766508106	1920
mine	other	Oligodendrocyte_chr3_184203859	3	184203859	LBD	LBD_Chia2021	Oligodendrocyte	Oligodendrocyte	0.015608856773517	1797
mine	other	Oligodendrocyte_chr13_40972595	13	40972595	MDD	MDD_MDD2025	Oligodendrocyte	Oligodendrocyte	0.0155981420821497	1738
mine	other	Oligodendrocyte_chr1_69095285	1	69095285	MDD	MDD_MDD2025	Oligodendrocyte	Oligodendrocyte	0.0155762896275649	1619
mine	other	Oligodendrocyte_chr8_4045914	8	4045914	PD	PD_Nalls2019	Oligodendrocyte	Oligodendrocyte	0.0151154218371232	5215
mine	other	Oligodendrocyte_chr3_184203859	3	184203859	BD	BD_bip2024	Oligodendrocyte	Oligodendrocyte	0.0147381143697057	1887
mine	other	Oligodendrocyte_chr7_42088232	7	42088232	PD	PD_Nalls2019	Oligodendrocyte	Oligodendrocyte	0.0143265029014336	2296
mine	other	Oligodendrocyte_chr7_50223539	7	50223539	AD	AD_Bellenguez2022	Oligodendrocyte	Oligodendrocyte	0.0140421405448855	2203
mine	other	Oligodendrocyte_chr20_59869157	20	59869157	PD	PD_Nalls2019	Oligodendrocyte	Oligodendrocyte	0.0139812651815746	3312
mine	other	Oligodendrocyte_chr7_73043561	7	73043561	MDD	MDD_MDD2025	Oligodendrocyte	Oligodendrocyte	0.0138656573033305	933
mine	other	Oligodendrocyte_chr12_66992868	12	66992868	PD	PD_Nalls2019	Oligodendrocyte	Oligodendrocyte	0.013059068639161	2269
mine	other	Oligodendrocyte_chr4_27856539	4	27856539	LBD	LBD_Chia2021	Oligodendrocyte	Oligodendrocyte	0.0130365930918244	2405
mine	other	Oligodendrocyte_chr3_141576863	3	141576863	MDD	MDD_MDD2025	Oligodendrocyte	Oligodendrocyte	0.0129026241432317	1768
mine	other	Oligodendrocyte_chr13_40972595	13	40972595	PD	PD_Nalls2019	Oligodendrocyte	Oligodendrocyte	0.0126660416203284	1957
mine	other	Oligodendrocyte_chr1_55400262	1	55400262	LBD	LBD_Chia2021	Oligodendrocyte	Oligodendrocyte	0.0125313972494443	2169
mine	other	Oligodendrocyte_chr7_50223539	7	50223539	LBD	LBD_Chia2021	Oligodendrocyte	Oligodendrocyte	0.0124798446757861	1824
mine	other	Oligodendrocyte_chr11_8549883	11	8549883	LBD	LBD_Chia2021	Oligodendrocyte	Oligodendrocyte	0.0118996717573282	1891
mine	other	Oligodendrocyte_chr3_184203859	3	184203859	PD	PD_Nalls2019	Oligodendrocyte	Oligodendrocyte	0.0118123427348859	2015
mine	other	Oligodendrocyte_chr9_22697407	9	22697407	SCZ	SCZ_Trubetskoy2022	Oligodendrocyte	Oligodendrocyte	0.0112529794762989	1855
mine	other	Oligodendrocyte_chr18_7336169	18	7336169	PD	PD_Nalls2019	Oligodendrocyte	Oligodendrocyte	0.0111728684997979	2447
mine	other	Oligodendrocyte_chr15_98935519	15	98935519	LBD	LBD_Chia2021	Oligodendrocyte	Oligodendrocyte	0.0111579112551261	2614
mine	other	Oligodendrocyte_chr13_40972595	13	40972595	SCZ	SCZ_Trubetskoy2022	Oligodendrocyte	Oligodendrocyte	0.0109965902179474	1800
mine	other	Oligodendrocyte_chr8_4045914	8	4045914	LBD	LBD_Chia2021	Oligodendrocyte	Oligodendrocyte	0.0106622591739353	4687
mine	other	Oligodendrocyte_chr18_29639758	18	29639758	SCZ	SCZ_Trubetskoy2022	Oligodendrocyte	Oligodendrocyte	0.010212250136775	1653
mine	other	Oligodendrocyte_chr4_27856539	4	27856539	MDD	MDD_MDD2025	Oligodendrocyte	Oligodendrocyte	0.0101192436410329	2091
mine	other	Oligodendrocyte_chr5_170187643	5	170187643	PD	PD_Nalls2019	Oligodendrocyte	Oligodendrocyte	0.0100510945955697	2003
mine	other	Oligodendrocyte_chr1_79176528	1	79176528	PD	PD_Nalls2019	Oligodendrocyte	Oligodendrocyte	0.0100296802683186	2355
mine	other	Oligodendrocyte_chr20_36650065	20	36650065	LBD	LBD_Chia2021	Oligodendrocyte	Oligodendrocyte	0.00992915946875227	1367
mine	other	Oligodendrocyte_chr1_55400262	1	55400262	MDD	MDD_MDD2025	Oligodendrocyte	Oligodendrocyte	0.00959457872407862	2116
mine	other	Oligodendrocyte_chr3_30691078	3	30691078	PD	PD_Nalls2019	Oligodendrocyte	Oligodendrocyte	0.00939069363353077	2393
mine	other	Oligodendrocyte_chr13_40972595	13	40972595	AD	AD_Bellenguez2022	Oligodendrocyte	Oligodendrocyte	0.00917464296674168	2148
mine	other	Oligodendrocyte_chr3_184203859	3	184203859	AD	AD_Bellenguez2022	Oligodendrocyte	Oligodendrocyte	0.00891592102539815	2243
mine	other	Oligodendrocyte_chr22_22065422	22	22065422	AD	AD_Bellenguez2022	Oligodendrocyte	Oligodendrocyte	0.0087591569409512	1708
mine	other	Oligodendrocyte_chr9_22697407	9	22697407	PD	PD_Nalls2019	Oligodendrocyte	Oligodendrocyte	0.00854213940962655	2240
mine	other	Oligodendrocyte_chr3_30691078	3	30691078	SCZ	SCZ_Trubetskoy2022	Oligodendrocyte	Oligodendrocyte	0.00834328535094455	2132
mine	other	Oligodendrocyte_chr7_49479191	7	49479191	BD	BD_bip2024	Oligodendrocyte	Oligodendrocyte	0.00807718930504169	2303
mine	other	Oligodendrocyte_chr3_141576863	3	141576863	SCZ	SCZ_Trubetskoy2022	Oligodendrocyte	Oligodendrocyte	0.00805743040986908	1817
mine	other	Oligodendrocyte_chr8_4045914	8	4045914	AD	AD_Bellenguez2022	Oligodendrocyte	Oligodendrocyte	0.00791186972216185	5445
mine	other	Oligodendrocyte_chr2_65783350	2	65783350	BD	BD_bip2024	Oligodendrocyte	Oligodendrocyte	0.00769586542145488	1950
mine	other	Oligodendrocyte_chr2_65783350	2	65783350	PD	PD_Nalls2019	Oligodendrocyte	Oligodendrocyte	0.0076866684494048	2269
mine	other	Oligodendrocyte_chr6_87079719	6	87079719	AD	AD_Bellenguez2022	Oligodendrocyte	Oligodendrocyte	0.007488252455658	2467
mine	TMEM106B	Oligodendrocyte_chr7_12252119	7	12252119	SCZ	SCZ_Trubetskoy2022	Oligodendrocyte	Oligodendrocyte	0.00747776451268522	3338
mine	other	Oligodendrocyte_chr1_55400262	1	55400262	PD	PD_Nalls2019	Oligodendrocyte	Oligodendrocyte	0.00746017030680764	2548
mine	other	Oligodendrocyte_chr1_79176528	1	79176528	BD	BD_bip2024	Oligodendrocyte	Oligodendrocyte	0.00744802839157936	1998
mine	other	Oligodendrocyte_chr18_7336169	18	7336169	SCZ	SCZ_Trubetskoy2022	Oligodendrocyte	Oligodendrocyte	0.00730448324620715	1991
mine	other	Oligodendrocyte_chr10_125275036	10	125275036	LBD	LBD_Chia2021	Oligodendrocyte	Oligodendrocyte	0.00729417787928924	2299
mine	other	Oligodendrocyte_chr1_69095285	1	69095285	LBD	LBD_Chia2021	Oligodendrocyte	Oligodendrocyte	0.00723798929747443	1677
mine	other	Oligodendrocyte_chr5_170187643	5	170187643	SCZ	SCZ_Trubetskoy2022	Oligodendrocyte	Oligodendrocyte	0.00717076356616	1889
mine	other	Oligodendrocyte_chr18_7336169	18	7336169	AD	AD_Bellenguez2022	Oligodendrocyte	Oligodendrocyte	0.00713626641936492	2664
mine	other	Oligodendrocyte_chr7_42088232	7	42088232	AD	AD_Bellenguez2022	Oligodendrocyte	Oligodendrocyte	0.007091280569742	2460
mine	other	Oligodendrocyte_chr12_31636624	12	31636624	BD	BD_bip2024	Oligodendrocyte	Oligodendrocyte	0.00708766642193514	2105
mine	other	Oligodendrocyte_chr15_98935519	15	98935519	PD	PD_Nalls2019	Oligodendrocyte	Oligodendrocyte	0.00707300234749634	2953
mine	other	Oligodendrocyte_chr12_66992868	12	66992868	BD	BD_bip2024	Oligodendrocyte	Oligodendrocyte	0.00703414492979036	1862
mine	other	Oligodendrocyte_chr3_141576863	3	141576863	AD	AD_Bellenguez2022	Oligodendrocyte	Oligodendrocyte	0.00698589361617566	2265
mine	other	Oligodendrocyte_chr2_65783350	2	65783350	AD	AD_Bellenguez2022	Oligodendrocyte	Oligodendrocyte	0.0069251796465329	2462
mine	other	Oligodendrocyte_chr1_69095285	1	69095285	AD	AD_Bellenguez2022	Oligodendrocyte	Oligodendrocyte	0.00685269071031718	2030
mine	other	Oligodendrocyte_chr16_23390442	16	23390442	SCZ	SCZ_Trubetskoy2022	Oligodendrocyte	Oligodendrocyte	0.00681751294199789	1797
mine	other	Oligodendrocyte_chr10_125275036	10	125275036	PD	PD_Nalls2019	Oligodendrocyte	Oligodendrocyte	0.00657986446164912	2677
mine	other	Oligodendrocyte_chr1_79176528	1	79176528	SCZ	SCZ_Trubetskoy2022	Oligodendrocyte	Oligodendrocyte	0.00653723653918341	2103
mine	other	Oligodendrocyte_chr7_73043561	7	73043561	BD	BD_bip2024	Oligodendrocyte	Oligodendrocyte	0.00653362851894354	959
mine	other	Oligodendrocyte_chr7_42088232	7	42088232	BD	BD_bip2024	Oligodendrocyte	Oligodendrocyte	0.00648477902312425	1998
mine	other	Oligodendrocyte_chr20_59869157	20	59869157	AD	AD_Bellenguez2022	Oligodendrocyte	Oligodendrocyte	0.0064179088833223	3496
mine	other	Oligodendrocyte_chr7_50223539	7	50223539	MDD	MDD_MDD2025	Oligodendrocyte	Oligodendrocyte	0.00625177036054704	1811
mine	other	Oligodendrocyte_chr18_29639758	18	29639758	LBD	LBD_Chia2021	Oligodendrocyte	Oligodendrocyte	0.00621681700228839	1712
mine	other	Oligodendrocyte_chr7_50223539	7	50223539	PD	PD_Nalls2019	Oligodendrocyte	Oligodendrocyte	0.00612078525012551	2032
mine	other	Oligodendrocyte_chr11_8549883	11	8549883	BD	BD_bip2024	Oligodendrocyte	Oligodendrocyte	0.00606734146331884	2049
mine	other	Oligodendrocyte_chr11_8549883	11	8549883	PD	PD_Nalls2019	Oligodendrocyte	Oligodendrocyte	0.00583868741489265	2212
mine	other	Oligodendrocyte_chr13_40972595	13	40972595	BD	BD_bip2024	Oligodendrocyte	Oligodendrocyte	0.00576676158657526	1733
mine	other	Oligodendrocyte_chr20_59869157	20	59869157	BD	BD_bip2024	Oligodendrocyte	Oligodendrocyte	0.00571331263554134	2890
mine	other	Oligodendrocyte_chr16_23390442	16	23390442	MDD	MDD_MDD2025	Oligodendrocyte	Oligodendrocyte	0.00569737720379354	1740
mine	other	Oligodendrocyte_chr18_29639758	18	29639758	BD	BD_bip2024	Oligodendrocyte	Oligodendrocyte	0.00563645983513075	1637
mine	other	Oligodendrocyte_chr12_31636624	12	31636624	SCZ	SCZ_Trubetskoy2022	Oligodendrocyte	Oligodendrocyte	0.00556206191089974	2215
mine	other	Oligodendrocyte_chr3_30691078	3	30691078	AD	AD_Bellenguez2022	Oligodendrocyte	Oligodendrocyte	0.005557663803228	2688
mine	other	Oligodendrocyte_chr12_66992868	12	66992868	LBD	LBD_Chia2021	Oligodendrocyte	Oligodendrocyte	0.00549891297465124	1897
mine	other	Oligodendrocyte_chr5_170187643	5	170187643	MDD	MDD_MDD2025	Oligodendrocyte	Oligodendrocyte	0.00541128927810856	1757
mine	other	Oligodendrocyte_chr9_22697407	9	22697407	AD	AD_Bellenguez2022	Oligodendrocyte	Oligodendrocyte	0.00539419097466238	2471
mine	other	Oligodendrocyte_chr13_106254402	13	106254402	SCZ	SCZ_Trubetskoy2022	Oligodendrocyte	Oligodendrocyte	0.00537081938680219	2414
mine	other	Oligodendrocyte_chr7_49479191	7	49479191	AD	AD_Bellenguez2022	Oligodendrocyte	Oligodendrocyte	0.0053670931280545	2831
mine	other	Oligodendrocyte_chr18_7336169	18	7336169	BD	BD_bip2024	Oligodendrocyte	Oligodendrocyte	0.00530700043989118	1945
mine	other	Oligodendrocyte_chr12_66992868	12	66992868	AD	AD_Bellenguez2022	Oligodendrocyte	Oligodendrocyte	0.00508295062760185	2467
mine	other	Oligodendrocyte_chr1_69095285	1	69095285	PD	PD_Nalls2019	Oligodendrocyte	Oligodendrocyte	0.0050307222860811	1865
mine	other	Oligodendrocyte_chr1_79176528	1	79176528	AD	AD_Bellenguez2022	Oligodendrocyte	Oligodendrocyte	0.00499660021400533	2504
mine	other	Oligodendrocyte_chr1_55400262	1	55400262	SCZ	SCZ_Trubetskoy2022	Oligodendrocyte	Oligodendrocyte	0.00491008923687938	2199
mine	other	Oligodendrocyte_chr13_106254402	13	106254402	AD	AD_Bellenguez2022	Oligodendrocyte	Oligodendrocyte	0.00490564375747708	3220
mine	other	Oligodendrocyte_chr7_9302019	7	9302019	BD	BD_bip2024	Oligodendrocyte	Oligodendrocyte	0.0048660077826532	3087
mine	other	Oligodendrocyte_chr15_98935519	15	98935519	AD	AD_Bellenguez2022	Oligodendrocyte	Oligodendrocyte	0.00477737092398474	3185
mine	other	Oligodendrocyte_chr12_66992868	12	66992868	SCZ	SCZ_Trubetskoy2022	Oligodendrocyte	Oligodendrocyte	0.00476794920912473	1919
mine	other	Oligodendrocyte_chr4_27856539	4	27856539	PD	PD_Nalls2019	Oligodendrocyte	Oligodendrocyte	0.00471271770550194	2569
mine	other	Oligodendrocyte_chr7_49479191	7	49479191	MDD	MDD_MDD2025	Oligodendrocyte	Oligodendrocyte	0.00462314360445321	2247
mine	other	Oligodendrocyte_chr22_22065422	22	22065422	BD	BD_bip2024	Oligodendrocyte	Oligodendrocyte	0.00446296867945916	1427
mine	other	Oligodendrocyte_chr13_106254402	13	106254402	BD	BD_bip2024	Oligodendrocyte	Oligodendrocyte	0.00445958120915082	2350
mine	other	Oligodendrocyte_chr12_31636624	12	31636624	AD	AD_Bellenguez2022	Oligodendrocyte	Oligodendrocyte	0.00441983159653829	2507
mine	other	Oligodendrocyte_chr7_9302019	7	9302019	AD	AD_Bellenguez2022	Oligodendrocyte	Oligodendrocyte	0.0044140646294273	4027
mine	other	Oligodendrocyte_chr8_105782175	8	105782175	LBD	LBD_Chia2021	Oligodendrocyte	Oligodendrocyte	0.00440815148868065	1704
mine	other	Oligodendrocyte_chr4_27856539	4	27856539	SCZ	SCZ_Trubetskoy2022	Oligodendrocyte	Oligodendrocyte	0.00426605184306813	2329
mine	other	Oligodendrocyte_chr20_36650065	20	36650065	SCZ	SCZ_Trubetskoy2022	Oligodendrocyte	Oligodendrocyte	0.00425469612088901	1682
mine	other	Oligodendrocyte_chr16_23390442	16	23390442	PD	PD_Nalls2019	Oligodendrocyte	Oligodendrocyte	0.00420914703878452	2033
mine	other	Oligodendrocyte_chr5_170187643	5	170187643	AD	AD_Bellenguez2022	Oligodendrocyte	Oligodendrocyte	0.00412899726771189	2171
mine	other	Oligodendrocyte_chr20_36650065	20	36650065	BD	BD_bip2024	Oligodendrocyte	Oligodendrocyte	0.00405877800866112	1658
mine	other	Oligodendrocyte_chr8_105782175	8	105782175	PD	PD_Nalls2019	Oligodendrocyte	Oligodendrocyte	0.00403232875095616	1988
mine	other	Oligodendrocyte_chr20_36650065	20	36650065	AD	AD_Bellenguez2022	Oligodendrocyte	Oligodendrocyte	0.00399913475632449	2083
mine	other	Oligodendrocyte_chr7_50223539	7	50223539	BD	BD_bip2024	Oligodendrocyte	Oligodendrocyte	0.00388191527903104	1844
mine	other	Oligodendrocyte_chr6_87079719	6	87079719	LBD	LBD_Chia2021	Oligodendrocyte	Oligodendrocyte	0.00379658633895603	1780
mine	other	Oligodendrocyte_chr5_170187643	5	170187643	BD	BD_bip2024	Oligodendrocyte	Oligodendrocyte	0.00371931324737055	1834
mine	other	Oligodendrocyte_chr7_42088232	7	42088232	MDD	MDD_MDD2025	Oligodendrocyte	Oligodendrocyte	0.00367591905557241	2015
mine	other	Oligodendrocyte_chr7_73043561	7	73043561	LBD	LBD_Chia2021	Oligodendrocyte	Oligodendrocyte	0.00366795919381738	967
mine	other	Oligodendrocyte_chr10_125275036	10	125275036	SCZ	SCZ_Trubetskoy2022	Oligodendrocyte	Oligodendrocyte	0.00366446896481999	2499
mine	other	Oligodendrocyte_chr20_59869157	20	59869157	MDD	MDD_MDD2025	Oligodendrocyte	Oligodendrocyte	0.00366230679081731	2764
mine	other	Oligodendrocyte_chr1_55400262	1	55400262	AD	AD_Bellenguez2022	Oligodendrocyte	Oligodendrocyte	0.00365625333093944	2737
mine	other	Oligodendrocyte_chr18_29639758	18	29639758	PD	PD_Nalls2019	Oligodendrocyte	Oligodendrocyte	0.00364964785327356	1844
mine	other	Oligodendrocyte_chr10_125275036	10	125275036	AD	AD_Bellenguez2022	Oligodendrocyte	Oligodendrocyte	0.00364223247414593	2840
mine	other	Oligodendrocyte_chr4_27856539	4	27856539	AD	AD_Bellenguez2022	Oligodendrocyte	Oligodendrocyte	0.00356959173539276	2756
mine	other	Oligodendrocyte_chr15_98935519	15	98935519	BD	BD_bip2024	Oligodendrocyte	Oligodendrocyte	0.00339083287089326	2445
mine	other	Oligodendrocyte_chr3_30691078	3	30691078	BD	BD_bip2024	Oligodendrocyte	Oligodendrocyte	0.00335700674307093	2085
mine	other	Oligodendrocyte_chr10_125275036	10	125275036	BD	BD_bip2024	Oligodendrocyte	Oligodendrocyte	0.00332200481814901	2450
mine	other	Oligodendrocyte_chr6_87079719	6	87079719	PD	PD_Nalls2019	Oligodendrocyte	Oligodendrocyte	0.00320674827625302	2199
mine	other	Oligodendrocyte_chr11_8549883	11	8549883	SCZ	SCZ_Trubetskoy2022	Oligodendrocyte	Oligodendrocyte	0.003186993698734	2121
mine	other	Oligodendrocyte_chr7_50223539	7	50223539	SCZ	SCZ_Trubetskoy2022	Oligodendrocyte	Oligodendrocyte	0.00317821535085074	1902
mine	other	Oligodendrocyte_chr20_36099083	20	36099083	PD	PD_Nalls2019	Oligodendrocyte	Oligodendrocyte	0.00312841906183912	1733
mine	other	Oligodendrocyte_chr18_29639758	18	29639758	MDD	MDD_MDD2025	Oligodendrocyte	Oligodendrocyte	0.00312693160634424	1596
mine	other	Oligodendrocyte_chr11_8549883	11	8549883	AD	AD_Bellenguez2022	Oligodendrocyte	Oligodendrocyte	0.003077544518672	2418
mine	other	Oligodendrocyte_chr16_23390442	16	23390442	LBD	LBD_Chia2021	Oligodendrocyte	Oligodendrocyte	0.00295427758454861	1773
mine	other	Oligodendrocyte_chr15_98935519	15	98935519	SCZ	SCZ_Trubetskoy2022	Oligodendrocyte	Oligodendrocyte	0.00293466052414196	2514
mine	other	Oligodendrocyte_chr20_36099083	20	36099083	LBD	LBD_Chia2021	Oligodendrocyte	Oligodendrocyte	0.00290306048503156	1211
mine	other	Oligodendrocyte_chr7_9302019	7	9302019	SCZ	SCZ_Trubetskoy2022	Oligodendrocyte	Oligodendrocyte	0.00288816024468145	3160
mine	other	Oligodendrocyte_chr18_7336169	18	7336169	MDD	MDD_MDD2025	Oligodendrocyte	Oligodendrocyte	0.00277620781817055	1854
mine	other	Oligodendrocyte_chr8_4045914	8	4045914	MDD	MDD_MDD2025	Oligodendrocyte	Oligodendrocyte	0.00274782439432922	4515
mine	other	Oligodendrocyte_chr1_55400262	1	55400262	BD	BD_bip2024	Oligodendrocyte	Oligodendrocyte	0.00271159994648958	2156
mine	other	Oligodendrocyte_chr8_105782175	8	105782175	MDD	MDD_MDD2025	Oligodendrocyte	Oligodendrocyte	0.00260070579923806	1788
mine	other	Oligodendrocyte_chr1_69095285	1	69095285	BD	BD_bip2024	Oligodendrocyte	Oligodendrocyte	0.00255684597664863	1677
mine	other	Oligodendrocyte_chr11_8549883	11	8549883	MDD	MDD_MDD2025	Oligodendrocyte	Oligodendrocyte	0.00255292560513996	2073
mine	other	Oligodendrocyte_chr8_105782175	8	105782175	AD	AD_Bellenguez2022	Oligodendrocyte	Oligodendrocyte	0.00199260862879799	2126
mine	other	Oligodendrocyte_chr9_22697407	9	22697407	MDD	MDD_MDD2025	Oligodendrocyte	Oligodendrocyte	0.00182076502940741	1698
mine	other	Oligodendrocyte_chr12_66992868	12	66992868	MDD	MDD_MDD2025	Oligodendrocyte	Oligodendrocyte	0.00180911062270578	1830
mine	other	Oligodendrocyte_chr13_106254402	13	106254402	MDD	MDD_MDD2025	Oligodendrocyte	Oligodendrocyte	0.00164682244181664	2328
mine	other	Oligodendrocyte_chr20_36099083	20	36099083	SCZ	SCZ_Trubetskoy2022	Oligodendrocyte	Oligodendrocyte	0.00162937250506482	1522
mine	other	Oligodendrocyte_chr3_184203859	3	184203859	MDD	MDD_MDD2025	Oligodendrocyte	Oligodendrocyte	0.0016271506290171	1823
mine	other	Oligodendrocyte_chr6_87079719	6	87079719	BD	BD_bip2024	Oligodendrocyte	Oligodendrocyte	0.0015939026944508	1913
mine	other	Oligodendrocyte_chr7_9302019	7	9302019	MDD	MDD_MDD2025	Oligodendrocyte	Oligodendrocyte	0.00157217316419654	2949
mine	other	Oligodendrocyte_chr6_87079719	6	87079719	SCZ	SCZ_Trubetskoy2022	Oligodendrocyte	Oligodendrocyte	0.00154024865748309	1977
mine	other	Oligodendrocyte_chr15_98935519	15	98935519	MDD	MDD_MDD2025	Oligodendrocyte	Oligodendrocyte	0.00147187818737393	2352
mine	other	Oligodendrocyte_chr20_36099083	20	36099083	BD	BD_bip2024	Oligodendrocyte	Oligodendrocyte	0.00135941439710065	1514
mine	other	Oligodendrocyte_chr2_65783350	2	65783350	MDD	MDD_MDD2025	Oligodendrocyte	Oligodendrocyte	0.00134611944844684	1899
mine	other	Oligodendrocyte_chr3_30691078	3	30691078	MDD	MDD_MDD2025	Oligodendrocyte	Oligodendrocyte	0.00133095925746843	2043
mine	other	Oligodendrocyte_chr12_31636624	12	31636624	MDD	MDD_MDD2025	Oligodendrocyte	Oligodendrocyte	0.00123505813603042	2097
mine	other	Oligodendrocyte_chr8_105782175	8	105782175	BD	BD_bip2024	Oligodendrocyte	Oligodendrocyte	0.000900354620807221	1776
mine	other	Oligodendrocyte_chr4_27856539	4	27856539	BD	BD_bip2024	Oligodendrocyte	Oligodendrocyte	0.000888328161445567	2241
mine	other	Oligodendrocyte_chr6_87079719	6	87079719	MDD	MDD_MDD2025	Oligodendrocyte	Oligodendrocyte	0.000461127950534888	1959
mine	TMEM106B	PAX6_chr7_12238548	7	12238548	AD	AD_Bellenguez2022	PAX6	PAX6	0.790107436250836	4273
mine	TMEM106B	PAX6_chr7_12238548	7	12238548	MDD	MDD_MDD2025	PAX6	PAX6	0.555444872560212	3076
mine	other	PAX6_chr4_34726596	4	34726596	MDD	MDD_MDD2025	PAX6	PAX6	0.118503654413732	2108
mine	other	PAX6_chr4_34726596	4	34726596	BD	BD_bip2024	PAX6	PAX6	0.0539257137853089	2176
mine	TMEM106B	PAX6_chr7_12238548	7	12238548	LBD	LBD_Chia2021	PAX6	PAX6	0.0524041428456286	3463
mine	other	PAX6_chr4_69334414	4	69334414	LBD	LBD_Chia2021	PAX6	PAX6	0.0504584597652	1654
mine	other	PAX6_chr4_34726596	4	34726596	LBD	LBD_Chia2021	PAX6	PAX6	0.0430862160358294	2135
mine	other	PAX6_chr10_18855189	10	18855189	LBD	LBD_Chia2021	PAX6	PAX6	0.0405662501443856	2647
mine	other	PAX6_chr7_137141210	7	137141210	MDD	MDD_MDD2025	PAX6	PAX6	0.0403139794183858	1285
mine	other	PAX6_chr5_104242877	5	104242877	LBD	LBD_Chia2021	PAX6	PAX6	0.0350813424426478	1941
mine	other	PAX6_chr11_72185286	11	72185286	SCZ	SCZ_Trubetskoy2022	PAX6	PAX6	0.0349383659862405	1289
mine	other	PAX6_chr18_7336805	18	7336805	LBD	LBD_Chia2021	PAX6	PAX6	0.0322532012042482	2030
mine	other	PAX6_chr20_59972735	20	59972735	PD	PD_Nalls2019	PAX6	PAX6	0.0319757981080403	3352
mine	other	PAX6_chr16_84833752	16	84833752	LBD	LBD_Chia2021	PAX6	PAX6	0.0307757587240764	3361
mine	other	PAX6_chr15_98152092	15	98152092	SCZ	SCZ_Trubetskoy2022	PAX6	PAX6	0.0289297385253503	2231
mine	other	PAX6_chr2_14635889	2	14635889	LBD	LBD_Chia2021	PAX6	PAX6	0.0223476219784975	1913
mine	other	PAX6_chr10_18855189	10	18855189	SCZ	SCZ_Trubetskoy2022	PAX6	PAX6	0.022191631382998	2676
mine	other	PAX6_chr15_98152092	15	98152092	LBD	LBD_Chia2021	PAX6	PAX6	0.0214269953476241	2362
mine	other	PAX6_chr10_110459558	10	110459558	LBD	LBD_Chia2021	PAX6	PAX6	0.0213772521366211	2070
mine	other	PAX6_chr10_59766524	10	59766524	LBD	LBD_Chia2021	PAX6	PAX6	0.0204906924506617	2666
mine	other	PAX6_chr11_72185286	11	72185286	LBD	LBD_Chia2021	PAX6	PAX6	0.0194257428776967	1293
mine	other	PAX6_chr19_30160385	19	30160385	PD	PD_Nalls2019	PAX6	PAX6	0.0187912728066425	2475
mine	other	PAX6_chr5_104242877	5	104242877	SCZ	SCZ_Trubetskoy2022	PAX6	PAX6	0.0186817427155557	1917
mine	other	PAX6_chr4_69334414	4	69334414	PD	PD_Nalls2019	PAX6	PAX6	0.0171803387818451	2452
mine	other	PAX6_chr2_3413551	2	3413551	AD	AD_Bellenguez2022	PAX6	PAX6	0.0167064242592579	2999
mine	other	PAX6_chr18_7336805	18	7336805	PD	PD_Nalls2019	PAX6	PAX6	0.0162376500480177	2448
mine	other	PAX6_chr10_18855189	10	18855189	BD	BD_bip2024	PAX6	PAX6	0.0161744053427377	2576
mine	other	PAX6_chr8_2324604	8	2324604	SCZ	SCZ_Trubetskoy2022	PAX6	PAX6	0.0158122020935241	3395
mine	other	PAX6_chr16_84833752	16	84833752	PD	PD_Nalls2019	PAX6	PAX6	0.0157240222202372	3837
mine	other	PAX6_chr20_59972735	20	59972735	LBD	LBD_Chia2021	PAX6	PAX6	0.0147712645643721	2945
mine	other	PAX6_chr11_117319998	11	117319998	LBD	LBD_Chia2021	PAX6	PAX6	0.0138156426803428	2164
mine	other	PAX6_chr4_34726596	4	34726596	PD	PD_Nalls2019	PAX6	PAX6	0.0136976405764125	2388
mine	other	PAX6_chr2_14635889	2	14635889	PD	PD_Nalls2019	PAX6	PAX6	0.0136698624663963	2314
mine	other	PAX6_chr9_129172420	9	129172420	MDD	MDD_MDD2025	PAX6	PAX6	0.0136123431983558	1857
mine	other	PAX6_chr10_18855189	10	18855189	PD	PD_Nalls2019	PAX6	PAX6	0.0133260359804278	2857
mine	other	PAX6_chr7_157837901	7	157837901	MDD	MDD_MDD2025	PAX6	PAX6	0.0130011523283685	2212
mine	other	PAX6_chr4_69334414	4	69334414	BD	BD_bip2024	PAX6	PAX6	0.0123125062696113	1957
mine	other	PAX6_chr11_117319998	11	117319998	BD	BD_bip2024	PAX6	PAX6	0.0120557357685847	2040
mine	other	PAX6_chr9_129172420	9	129172420	SCZ	SCZ_Trubetskoy2022	PAX6	PAX6	0.0120345637551168	1936
mine	other	PAX6_chr7_137141210	7	137141210	SCZ	SCZ_Trubetskoy2022	PAX6	PAX6	0.011872527912957	1382
mine	other	PAX6_chr4_69334414	4	69334414	SCZ	SCZ_Trubetskoy2022	PAX6	PAX6	0.0117584593947072	2022
mine	other	PAX6_chr2_14635889	2	14635889	BD	BD_bip2024	PAX6	PAX6	0.0114938709550969	1903
mine	other	PAX6_chr8_2324604	8	2324604	PD	PD_Nalls2019	PAX6	PAX6	0.0113562930672355	3440
mine	TMEM106B	PAX6_chr7_12238548	7	12238548	BD	BD_bip2024	PAX6	PAX6	0.0111320822971784	3214
mine	other	PAX6_chr18_38034045	18	38034045	BD	BD_bip2024	PAX6	PAX6	0.0108886449178495	2077
mine	other	PAX6_chr5_104242877	5	104242877	PD	PD_Nalls2019	PAX6	PAX6	0.0108584253078954	2222
mine	TMEM106B	PAX6_chr7_12238548	7	12238548	PD	PD_Nalls2019	PAX6	PAX6	0.0106952397363748	3953
mine	other	PAX6_chr5_104242877	5	104242877	AD	AD_Bellenguez2022	PAX6	PAX6	0.0106841247856585	2343
mine	other	PAX6_chr2_14635889	2	14635889	SCZ	SCZ_Trubetskoy2022	PAX6	PAX6	0.0105082070292145	1931
mine	other	PAX6_chr7_137141210	7	137141210	BD	BD_bip2024	PAX6	PAX6	0.0103463322272998	1332
mine	other	PAX6_chr17_76229723	17	76229723	PD	PD_Nalls2019	PAX6	PAX6	0.00970966592974308	2741
mine	other	PAX6_chr15_98152092	15	98152092	BD	BD_bip2024	PAX6	PAX6	0.00970100800258849	2190
mine	other	PAX6_chr2_3413551	2	3413551	MDD	MDD_MDD2025	PAX6	PAX6	0.00929307136249221	2369
mine	other	PAX6_chr10_110459558	10	110459558	BD	BD_bip2024	PAX6	PAX6	0.00929293794839816	2021
mine	other	PAX6_chr7_157837901	7	157837901	BD	BD_bip2024	PAX6	PAX6	0.00889856963093298	2368
mine	other	PAX6_chr18_7336805	18	7336805	AD	AD_Bellenguez2022	PAX6	PAX6	0.00882516707389728	2665
mine	other	PAX6_chr11_117319998	11	117319998	SCZ	SCZ_Trubetskoy2022	PAX6	PAX6	0.00881810930703588	2129
mine	other	PAX6_chr10_59766524	10	59766524	PD	PD_Nalls2019	PAX6	PAX6	0.00871890139107582	2816
mine	other	PAX6_chr20_59972735	20	59972735	MDD	MDD_MDD2025	PAX6	PAX6	0.008594520862044	2818
mine	other	PAX6_chr10_59766524	10	59766524	AD	AD_Bellenguez2022	PAX6	PAX6	0.00858498994422058	3072
mine	other	PAX6_chr17_76229723	17	76229723	LBD	LBD_Chia2021	PAX6	PAX6	0.00855831843872775	2465
mine	other	PAX6_chr10_110459558	10	110459558	AD	AD_Bellenguez2022	PAX6	PAX6	0.00855048941699107	2640
mine	other	PAX6_chr7_157837901	7	157837901	SCZ	SCZ_Trubetskoy2022	PAX6	PAX6	0.00847081616637593	2474
mine	other	PAX6_chr2_3413551	2	3413551	SCZ	SCZ_Trubetskoy2022	PAX6	PAX6	0.00833038021039982	2473
mine	other	PAX6_chr15_98152092	15	98152092	PD	PD_Nalls2019	PAX6	PAX6	0.00824822546415097	2718
mine	other	PAX6_chr16_84833752	16	84833752	AD	AD_Bellenguez2022	PAX6	PAX6	0.00820827633619869	4024
mine	other	PAX6_chr19_30160385	19	30160385	LBD	LBD_Chia2021	PAX6	PAX6	0.00813882544771654	2015
mine	other	PAX6_chr20_59972735	20	59972735	SCZ	SCZ_Trubetskoy2022	PAX6	PAX6	0.00805859455089325	3046
mine	other	PAX6_chr4_34726596	4	34726596	SCZ	SCZ_Trubetskoy2022	PAX6	PAX6	0.00730653617164014	2209
mine	other	PAX6_chr7_157837901	7	157837901	LBD	LBD_Chia2021	PAX6	PAX6	0.00723195991465189	2190
mine	other	PAX6_chr13_113126124	13	113126124	LBD	LBD_Chia2021	PAX6	PAX6	0.00710064645320073	2082
mine	other	PAX6_chr4_69334414	4	69334414	AD	AD_Bellenguez2022	PAX6	PAX6	0.0068793228170239	2591
mine	other	PAX6_chr18_7336805	18	7336805	BD	BD_bip2024	PAX6	PAX6	0.00684480734582065	1946
mine	other	PAX6_chr13_113126124	13	113126124	SCZ	SCZ_Trubetskoy2022	PAX6	PAX6	0.00679232882688373	2127
mine	other	PAX6_chr11_117319998	11	117319998	PD	PD_Nalls2019	PAX6	PAX6	0.00675351294491015	2320
mine	other	PAX6_chr7_157837901	7	157837901	PD	PD_Nalls2019	PAX6	PAX6	0.00674573455246437	2474
mine	other	PAX6_chr18_7336805	18	7336805	SCZ	SCZ_Trubetskoy2022	PAX6	PAX6	0.00657747127775982	1992
mine	other	PAX6_chr8_2324604	8	2324604	LBD	LBD_Chia2021	PAX6	PAX6	0.00654312107136347	3060
mine	other	PAX6_chr5_104242877	5	104242877	BD	BD_bip2024	PAX6	PAX6	0.00646582677557134	1868
mine	other	PAX6_chr9_129172420	9	129172420	AD	AD_Bellenguez2022	PAX6	PAX6	0.00645012465260455	2343
mine	other	PAX6_chr7_137141210	7	137141210	LBD	LBD_Chia2021	PAX6	PAX6	0.00637971822933592	1571
mine	other	PAX6_chr11_72185286	11	72185286	AD	AD_Bellenguez2022	PAX6	PAX6	0.00621622726401327	1520
mine	other	PAX6_chr5_104242877	5	104242877	MDD	MDD_MDD2025	PAX6	PAX6	0.00603929256053486	1752
mine	other	PAX6_chr7_137141210	7	137141210	PD	PD_Nalls2019	PAX6	PAX6	0.00603088068498099	1860
mine	other	PAX6_chr13_113126124	13	113126124	PD	PD_Nalls2019	PAX6	PAX6	0.00596128069795706	2385
mine	other	PAX6_chr2_3413551	2	3413551	PD	PD_Nalls2019	PAX6	PAX6	0.00593606401775028	2743
mine	other	PAX6_chr9_129172420	9	129172420	LBD	LBD_Chia2021	PAX6	PAX6	0.00584208222399427	1951
mine	other	PAX6_chr10_110459558	10	110459558	PD	PD_Nalls2019	PAX6	PAX6	0.00579236656941373	2460
mine	other	PAX6_chr4_34726596	4	34726596	AD	AD_Bellenguez2022	PAX6	PAX6	0.00571621473658501	2572
mine	other	PAX6_chr10_18855189	10	18855189	AD	AD_Bellenguez2022	PAX6	PAX6	0.00560816341832874	3129
mine	other	PAX6_chr17_76229723	17	76229723	AD	AD_Bellenguez2022	PAX6	PAX6	0.00554825494970859	2896
mine	other	PAX6_chr8_2324604	8	2324604	AD	AD_Bellenguez2022	PAX6	PAX6	0.00538509825943767	3685
mine	other	PAX6_chr16_84833752	16	84833752	SCZ	SCZ_Trubetskoy2022	PAX6	PAX6	0.00536553012213643	3512
mine	other	PAX6_chr19_30160385	19	30160385	AD	AD_Bellenguez2022	PAX6	PAX6	0.00531691136823872	2679
mine	other	PAX6_chr18_38034045	18	38034045	PD	PD_Nalls2019	PAX6	PAX6	0.00530838116672786	2316
mine	other	PAX6_chr2_3413551	2	3413551	LBD	LBD_Chia2021	PAX6	PAX6	0.00529599254712189	2481
mine	other	PAX6_chr2_14635889	2	14635889	AD	AD_Bellenguez2022	PAX6	PAX6	0.00494424105751313	2506
mine	other	PAX6_chr15_98152092	15	98152092	AD	AD_Bellenguez2022	PAX6	PAX6	0.00489327442595282	2971
mine	other	PAX6_chr17_76229723	17	76229723	SCZ	SCZ_Trubetskoy2022	PAX6	PAX6	0.00485606737805635	2494
mine	TMEM106B	PAX6_chr7_12238548	7	12238548	SCZ	SCZ_Trubetskoy2022	PAX6	PAX6	0.00475153517520251	3331
mine	other	PAX6_chr18_38034045	18	38034045	LBD	LBD_Chia2021	PAX6	PAX6	0.00470827638456489	2169
mine	other	PAX6_chr11_72185286	11	72185286	PD	PD_Nalls2019	PAX6	PAX6	0.00444914598082774	1425
mine	other	PAX6_chr10_110459558	10	110459558	MDD	MDD_MDD2025	PAX6	PAX6	0.00435696421012798	1941
mine	other	PAX6_chr20_59972735	20	59972735	AD	AD_Bellenguez2022	PAX6	PAX6	0.00434961233452805	3534
mine	other	PAX6_chr20_59972735	20	59972735	BD	BD_bip2024	PAX6	PAX6	0.00425113948349237	2921
mine	other	PAX6_chr16_84833752	16	84833752	BD	BD_bip2024	PAX6	PAX6	0.00409119896252827	3438
mine	other	PAX6_chr19_30160385	19	30160385	BD	BD_bip2024	PAX6	PAX6	0.00408069671173274	2132
mine	other	PAX6_chr9_129172420	9	129172420	PD	PD_Nalls2019	PAX6	PAX6	0.00384304717694549	2144
mine	other	PAX6_chr11_117319998	11	117319998	AD	AD_Bellenguez2022	PAX6	PAX6	0.00367878117058103	2391
mine	other	PAX6_chr19_30160385	19	30160385	SCZ	SCZ_Trubetskoy2022	PAX6	PAX6	0.00366898044444409	2192
mine	other	PAX6_chr7_157837901	7	157837901	AD	AD_Bellenguez2022	PAX6	PAX6	0.00366031988831169	2591
mine	other	PAX6_chr18_7336805	18	7336805	MDD	MDD_MDD2025	PAX6	PAX6	0.00360391943185997	1855
mine	other	PAX6_chr11_117319998	11	117319998	MDD	MDD_MDD2025	PAX6	PAX6	0.00349696234814856	2012
mine	other	PAX6_chr7_137141210	7	137141210	AD	AD_Bellenguez2022	PAX6	PAX6	0.00342595098187279	2001
mine	other	PAX6_chr19_30160385	19	30160385	MDD	MDD_MDD2025	PAX6	PAX6	0.00340737153372355	2063
mine	other	PAX6_chr18_38034045	18	38034045	AD	AD_Bellenguez2022	PAX6	PAX6	0.00336800614815581	2516
mine	other	PAX6_chr13_113126124	13	113126124	AD	AD_Bellenguez2022	PAX6	PAX6	0.00308576662524196	2442
mine	other	PAX6_chr17_76229723	17	76229723	BD	BD_bip2024	PAX6	PAX6	0.00302232632293225	2438
mine	other	PAX6_chr10_59766524	10	59766524	SCZ	SCZ_Trubetskoy2022	PAX6	PAX6	0.00272711340295485	2653
mine	other	PAX6_chr16_84833752	16	84833752	MDD	MDD_MDD2025	PAX6	PAX6	0.00258269895094884	3375
mine	other	PAX6_chr8_2324604	8	2324604	BD	BD_bip2024	PAX6	PAX6	0.00251663969954262	3100
mine	other	PAX6_chr8_2324604	8	2324604	MDD	MDD_MDD2025	PAX6	PAX6	0.00237869411456639	3105
mine	other	PAX6_chr2_14635889	2	14635889	MDD	MDD_MDD2025	PAX6	PAX6	0.00237819324250444	1894
mine	other	PAX6_chr17_76229723	17	76229723	MDD	MDD_MDD2025	PAX6	PAX6	0.00237568099811324	2372
mine	other	PAX6_chr4_69334414	4	69334414	MDD	MDD_MDD2025	PAX6	PAX6	0.00220931385679758	1792
mine	other	PAX6_chr13_113126124	13	113126124	MDD	MDD_MDD2025	PAX6	PAX6	0.00217856732758094	1969
mine	other	PAX6_chr13_113126124	13	113126124	BD	BD_bip2024	PAX6	PAX6	0.00215322415744962	2028
mine	other	PAX6_chr18_38034045	18	38034045	SCZ	SCZ_Trubetskoy2022	PAX6	PAX6	0.00196198077764534	2107
mine	other	PAX6_chr10_110459558	10	110459558	SCZ	SCZ_Trubetskoy2022	PAX6	PAX6	0.00189420480562352	2063
mine	other	PAX6_chr15_98152092	15	98152092	MDD	MDD_MDD2025	PAX6	PAX6	0.00165756077966804	2124
mine	other	PAX6_chr10_59766524	10	59766524	MDD	MDD_MDD2025	PAX6	PAX6	0.00160859118504222	2602
mine	other	PAX6_chr9_129172420	9	129172420	BD	BD_bip2024	PAX6	PAX6	0.00159327786236325	1894
mine	other	PAX6_chr2_3413551	2	3413551	BD	BD_bip2024	PAX6	PAX6	0.00149599482062285	2419
mine	other	PAX6_chr10_18855189	10	18855189	MDD	MDD_MDD2025	PAX6	PAX6	0.00149165599649512	2587
mine	other	PAX6_chr10_59766524	10	59766524	BD	BD_bip2024	PAX6	PAX6	0.00135413546208545	2546
mine	other	PAX6_chr18_38034045	18	38034045	MDD	MDD_MDD2025	PAX6	PAX6	0.00119600284510179	2038
mine	other	PAX6_chr11_72185286	11	72185286	BD	BD_bip2024	PAX6	PAX6	0.00111254524357484	1242
mine	other	PAX6_chr11_72185286	11	72185286	MDD	MDD_MDD2025	PAX6	PAX6	0.000635589040255585	1228
mine	TMEM106B	PVALB_chr7_12284378	7	12284378	MDD	MDD_MDD2025	PVALB	PVALB	0.978313149385351	3078
mine	TMEM106B	PVALB_chr7_12284378	7	12284378	AD	AD_Bellenguez2022	PVALB	PVALB	0.900479743444999	4311
mine	other	PVALB_chr3_10866706	3	10866706	SCZ	SCZ_Trubetskoy2022	PVALB	PVALB	0.749503606351218	2011
mine	other	PVALB_chr2_124489179	2	124489179	BD	BD_bip2024	PVALB	PVALB	0.174537688355221	2132
mine	other	PVALB_chr9_9451119	9	9451119	LBD	LBD_Chia2021	PVALB	PVALB	0.119847256349557	2598
mine	other	PVALB_chr9_9451119	9	9451119	AD	AD_Bellenguez2022	PVALB	PVALB	0.111989577449761	3194
mine	TMEM106B	PVALB_chr7_12284378	7	12284378	LBD	LBD_Chia2021	PVALB	PVALB	0.0534420132773369	3477
mine	other	PVALB_chr5_165504883	5	165504883	SCZ	SCZ_Trubetskoy2022	PVALB	PVALB	0.0499212588287517	1723
mine	other	PVALB_chr4_176257894	4	176257894	BD	BD_bip2024	PVALB	PVALB	0.0442116397725408	1718
mine	other	PVALB_chr7_350287	7	350287	SCZ	SCZ_Trubetskoy2022	PVALB	PVALB	0.0406322993645417	2313
mine	other	PVALB_chr1_230195713	1	230195713	LBD	LBD_Chia2021	PVALB	PVALB	0.037618508798912	1844
mine	other	PVALB_chr4_176257894	4	176257894	SCZ	SCZ_Trubetskoy2022	PVALB	PVALB	0.0356585340380754	1768
mine	other	PVALB_chr4_84470864	4	84470864	SCZ	SCZ_Trubetskoy2022	PVALB	PVALB	0.0348224746600657	1848
mine	other	PVALB_chr7_350287	7	350287	PD	PD_Nalls2019	PVALB	PVALB	0.0332142995931674	2461
mine	other	PVALB_chr22_43903671	22	43903671	BD	BD_bip2024	PVALB	PVALB	0.0320479590963051	2338
mine	other	PVALB_chr4_176257894	4	176257894	MDD	MDD_MDD2025	PVALB	PVALB	0.0319751691336582	1626
mine	other	PVALB_chr7_66537523	7	66537523	BD	BD_bip2024	PVALB	PVALB	0.0291744572284055	2208
mine	TMEM106B	PVALB_chr7_12284378	7	12284378	PD	PD_Nalls2019	PVALB	PVALB	0.0275423420152548	3973
mine	other	PVALB_chr8_79519035	8	79519035	BD	BD_bip2024	PVALB	PVALB	0.026363269198081	1723
mine	other	PVALB_chr18_75784201	18	75784201	LBD	LBD_Chia2021	PVALB	PVALB	0.0260799411552661	2540
mine	other	PVALB_chr13_110774494	13	110774494	BD	BD_bip2024	PVALB	PVALB	0.0249972956155579	2623
mine	other	PVALB_chr9_9451119	9	9451119	PD	PD_Nalls2019	PVALB	PVALB	0.024110103932449	2823
mine	other	PVALB_chr4_84470864	4	84470864	LBD	LBD_Chia2021	PVALB	PVALB	0.0240174309215089	1612
mine	TMEM106B	PVALB_chr7_12284378	7	12284378	SCZ	SCZ_Trubetskoy2022	PVALB	PVALB	0.0207520974718375	3347
mine	other	PVALB_chr6_22334921	6	22334921	PD	PD_Nalls2019	PVALB	PVALB	0.0203358811261455	2519
mine	other	PVALB_chr6_22334921	6	22334921	LBD	LBD_Chia2021	PVALB	PVALB	0.0183380922039475	2374
mine	other	PVALB_chr3_10866706	3	10866706	LBD	LBD_Chia2021	PVALB	PVALB	0.0171886663178949	1820
mine	other	PVALB_chr20_19061318	20	19061318	LBD	LBD_Chia2021	PVALB	PVALB	0.0169755655554103	1981
mine	other	PVALB_chr4_185462237	4	185462237	SCZ	SCZ_Trubetskoy2022	PVALB	PVALB	0.016954112388536	2645
mine	other	PVALB_chr4_185462237	4	185462237	BD	BD_bip2024	PVALB	PVALB	0.0167911229166355	2598
mine	other	PVALB_chr7_350287	7	350287	LBD	LBD_Chia2021	PVALB	PVALB	0.0165182578572254	2029
mine	other	PVALB_chr11_106517883	11	106517883	PD	PD_Nalls2019	PVALB	PVALB	0.0147615053495036	2076
mine	other	PVALB_chr8_79519035	8	79519035	PD	PD_Nalls2019	PVALB	PVALB	0.013531294542048	1911
mine	other	PVALB_chr20_46558199	20	46558199	BD	BD_bip2024	PVALB	PVALB	0.0135129195850858	2143
mine	other	PVALB_chr13_110774494	13	110774494	LBD	LBD_Chia2021	PVALB	PVALB	0.0132990029510013	2650
mine	other	PVALB_chr7_350287	7	350287	BD	BD_bip2024	PVALB	PVALB	0.013234756742873	1847
mine	other	PVALB_chr7_66537523	7	66537523	PD	PD_Nalls2019	PVALB	PVALB	0.0132255245789968	2478
mine	other	PVALB_chr2_124489179	2	124489179	MDD	MDD_MDD2025	PVALB	PVALB	0.0131799243107504	2069
mine	other	PVALB_chr6_167057463	6	167057463	LBD	LBD_Chia2021	PVALB	PVALB	0.0128593443972551	2417
mine	other	PVALB_chr13_110774494	13	110774494	PD	PD_Nalls2019	PVALB	PVALB	0.0125633108470569	3009
mine	other	PVALB_chr2_179100073	2	179100073	AD	AD_Bellenguez2022	PVALB	PVALB	0.0121286210262465	1948
mine	other	PVALB_chr3_10866706	3	10866706	MDD	MDD_MDD2025	PVALB	PVALB	0.0119279674888284	1923
mine	other	PVALB_chr1_94674726	1	94674726	SCZ	SCZ_Trubetskoy2022	PVALB	PVALB	0.011732521413505	1941
mine	other	PVALB_chr7_66537523	7	66537523	LBD	LBD_Chia2021	PVALB	PVALB	0.0115950440967323	2375
mine	other	PVALB_chr20_46558199	20	46558199	PD	PD_Nalls2019	PVALB	PVALB	0.0112744553999247	2489
mine	other	PVALB_chr8_79519035	8	79519035	LBD	LBD_Chia2021	PVALB	PVALB	0.0112127465593923	1537
mine	other	PVALB_chr4_185462237	4	185462237	LBD	LBD_Chia2021	PVALB	PVALB	0.0111686091116412	2698
mine	other	PVALB_chr8_79519035	8	79519035	SCZ	SCZ_Trubetskoy2022	PVALB	PVALB	0.0109235806407954	1769
mine	other	PVALB_chr18_75784201	18	75784201	SCZ	SCZ_Trubetskoy2022	PVALB	PVALB	0.0103587421407578	2851
mine	other	PVALB_chr2_179100073	2	179100073	LBD	LBD_Chia2021	PVALB	PVALB	0.0103124101246942	1491
mine	other	PVALB_chr4_84470864	4	84470864	BD	BD_bip2024	PVALB	PVALB	0.0102649038808055	1827
mine	other	PVALB_chr7_66537523	7	66537523	AD	AD_Bellenguez2022	PVALB	PVALB	0.0101489763021718	2753
mine	other	PVALB_chr20_19061318	20	19061318	PD	PD_Nalls2019	PVALB	PVALB	0.0100467297604211	2229
mine	other	PVALB_chr1_11228268	1	11228268	LBD	LBD_Chia2021	PVALB	PVALB	0.00974781495374568	1838
mine	other	PVALB_chr1_230195713	1	230195713	SCZ	SCZ_Trubetskoy2022	PVALB	PVALB	0.00962190588925511	1795
mine	other	PVALB_chr22_43903671	22	43903671	LBD	LBD_Chia2021	PVALB	PVALB	0.00930270270892357	2345
mine	other	PVALB_chr3_10866706	3	10866706	PD	PD_Nalls2019	PVALB	PVALB	0.00927005048592519	2249
mine	other	PVALB_chr1_94674726	1	94674726	LBD	LBD_Chia2021	PVALB	PVALB	0.00922298405722733	1953
mine	other	PVALB_chr20_46558199	20	46558199	LBD	LBD_Chia2021	PVALB	PVALB	0.00915724978267018	2106
mine	other	PVALB_chr18_75784201	18	75784201	PD	PD_Nalls2019	PVALB	PVALB	0.00898982405037143	3184
mine	other	PVALB_chr6_167057463	6	167057463	PD	PD_Nalls2019	PVALB	PVALB	0.0089643351207236	2888
mine	other	PVALB_chr11_106517883	11	106517883	MDD	MDD_MDD2025	PVALB	PVALB	0.0087849289986938	1820
mine	other	PVALB_chr11_106517883	11	106517883	BD	BD_bip2024	PVALB	PVALB	0.00875598056689038	1835
mine	other	PVALB_chr6_167057463	6	167057463	BD	BD_bip2024	PVALB	PVALB	0.00854188536935454	2398
mine	other	PVALB_chr1_230195713	1	230195713	MDD	MDD_MDD2025	PVALB	PVALB	0.00849596543799811	1706
mine	other	PVALB_chr7_350287	7	350287	AD	AD_Bellenguez2022	PVALB	PVALB	0.00831460680000907	2525
mine	other	PVALB_chr1_219199997	1	219199997	MDD	MDD_MDD2025	PVALB	PVALB	0.00829500055895367	1957
mine	other	PVALB_chr1_11228268	1	11228268	SCZ	SCZ_Trubetskoy2022	PVALB	PVALB	0.00829025728091856	1789
mine	other	PVALB_chr9_9451119	9	9451119	BD	BD_bip2024	PVALB	PVALB	0.00825388546035801	2542
mine	other	PVALB_chr4_84470864	4	84470864	PD	PD_Nalls2019	PVALB	PVALB	0.00819563735557447	2309
mine	other	PVALB_chr5_165504883	5	165504883	BD	BD_bip2024	PVALB	PVALB	0.00812534130602732	1666
mine	other	PVALB_chr1_219199997	1	219199997	LBD	LBD_Chia2021	PVALB	PVALB	0.0080178184853769	2096
mine	other	PVALB_chr9_9451119	9	9451119	SCZ	SCZ_Trubetskoy2022	PVALB	PVALB	0.00769287903767202	2605
mine	other	PVALB_chr2_124489179	2	124489179	AD	AD_Bellenguez2022	PVALB	PVALB	0.0076802459229621	2495
mine	other	PVALB_chr22_43903671	22	43903671	AD	AD_Bellenguez2022	PVALB	PVALB	0.00763831504463528	2876
mine	other	PVALB_chr1_94674726	1	94674726	PD	PD_Nalls2019	PVALB	PVALB	0.00754337694203494	2155
mine	other	PVALB_chr4_185462237	4	185462237	PD	PD_Nalls2019	PVALB	PVALB	0.00737325373919622	3132
mine	other	PVALB_chr1_11228268	1	11228268	PD	PD_Nalls2019	PVALB	PVALB	0.00728827452620496	2153
mine	other	PVALB_chr22_43903671	22	43903671	SCZ	SCZ_Trubetskoy2022	PVALB	PVALB	0.00728614965457606	2409
mine	other	PVALB_chr1_230195713	1	230195713	PD	PD_Nalls2019	PVALB	PVALB	0.00727677538047872	2267
mine	other	PVALB_chr2_124489179	2	124489179	LBD	LBD_Chia2021	PVALB	PVALB	0.00710312999904575	1895
mine	other	PVALB_chr9_19844957	9	19844957	AD	AD_Bellenguez2022	PVALB	PVALB	0.00702373299680427	2510
mine	other	PVALB_chr6_167057463	6	167057463	SCZ	SCZ_Trubetskoy2022	PVALB	PVALB	0.00695717173698854	2445
mine	other	PVALB_chr3_10866706	3	10866706	BD	BD_bip2024	PVALB	PVALB	0.00693647663406983	1962
mine	other	PVALB_chr6_170906821	6	170906821	SCZ	SCZ_Trubetskoy2022	PVALB	PVALB	0.00690182523505945	1300
mine	other	PVALB_chr18_75784201	18	75784201	AD	AD_Bellenguez2022	PVALB	PVALB	0.0068879992570729	3244
mine	other	PVALB_chr9_9451119	9	9451119	MDD	MDD_MDD2025	PVALB	PVALB	0.00662756317299614	2485
mine	other	PVALB_chr2_124489179	2	124489179	PD	PD_Nalls2019	PVALB	PVALB	0.0065975277929158	2388
mine	other	PVALB_chr3_171459794	3	171459794	PD	PD_Nalls2019	PVALB	PVALB	0.006583373141002	2113
mine	other	PVALB_chr9_19844957	9	19844957	PD	PD_Nalls2019	PVALB	PVALB	0.00648900846634583	2248
mine	other	PVALB_chr6_167057463	6	167057463	AD	AD_Bellenguez2022	PVALB	PVALB	0.00647749951855292	3082
mine	other	PVALB_chr9_94968007	9	94968007	LBD	LBD_Chia2021	PVALB	PVALB	0.00637422037978673	1690
mine	other	PVALB_chr6_22334921	6	22334921	BD	BD_bip2024	PVALB	PVALB	0.00632533464285487	2272
mine	other	PVALB_chr4_185462237	4	185462237	AD	AD_Bellenguez2022	PVALB	PVALB	0.00630491702818294	3299
mine	other	PVALB_chr18_75784201	18	75784201	MDD	MDD_MDD2025	PVALB	PVALB	0.00626993311110851	2064
mine	other	PVALB_chr1_230195713	1	230195713	AD	AD_Bellenguez2022	PVALB	PVALB	0.00617100268617765	2432
mine	other	PVALB_chr4_84470864	4	84470864	AD	AD_Bellenguez2022	PVALB	PVALB	0.00610390091561057	2494
mine	other	PVALB_chr13_110774494	13	110774494	SCZ	SCZ_Trubetskoy2022	PVALB	PVALB	0.00605137022304191	2686
mine	other	PVALB_chr6_22334921	6	22334921	SCZ	SCZ_Trubetskoy2022	PVALB	PVALB	0.00575059879506164	2359
mine	other	PVALB_chr11_106517883	11	106517883	LBD	LBD_Chia2021	PVALB	PVALB	0.00559731622889568	1560
mine	other	PVALB_chr9_94968007	9	94968007	SCZ	SCZ_Trubetskoy2022	PVALB	PVALB	0.0055724630693211	1777
mine	other	PVALB_chr22_43903671	22	43903671	PD	PD_Nalls2019	PVALB	PVALB	0.00554229483543397	2686
mine	other	PVALB_chr9_94968007	9	94968007	PD	PD_Nalls2019	PVALB	PVALB	0.00546859385074809	1985
mine	other	PVALB_chr2_124489179	2	124489179	SCZ	SCZ_Trubetskoy2022	PVALB	PVALB	0.00541440058086807	2158
mine	other	PVALB_chr18_75784201	18	75784201	BD	BD_bip2024	PVALB	PVALB	0.00524702398587085	2769
mine	other	PVALB_chr6_22334921	6	22334921	AD	AD_Bellenguez2022	PVALB	PVALB	0.00522676889557873	2692
mine	other	PVALB_chr22_33230309	22	33230309	SCZ	SCZ_Trubetskoy2022	PVALB	PVALB	0.00522321529940746	2285
mine	other	PVALB_chr5_165504883	5	165504883	PD	PD_Nalls2019	PVALB	PVALB	0.00519523686169974	2012
mine	other	PVALB_chr1_240784200	1	240784200	PD	PD_Nalls2019	PVALB	PVALB	0.00514670787434244	2551
mine	other	PVALB_chr1_240784200	1	240784200	LBD	LBD_Chia2021	PVALB	PVALB	0.00508198382602698	2339
mine	other	PVALB_chr5_165504883	5	165504883	MDD	MDD_MDD2025	PVALB	PVALB	0.0050265945555182	1596
mine	other	PVALB_chr20_19061318	20	19061318	AD	AD_Bellenguez2022	PVALB	PVALB	0.005024740981735	2446
mine	other	PVALB_chr20_46558199	20	46558199	AD	AD_Bellenguez2022	PVALB	PVALB	0.00501391474503946	2623
mine	other	PVALB_chr2_125643126	2	125643126	PD	PD_Nalls2019	PVALB	PVALB	0.00494217796768942	2005
mine	other	PVALB_chr1_94674726	1	94674726	BD	BD_bip2024	PVALB	PVALB	0.00492243251038767	1895
mine	other	PVALB_chr4_176257894	4	176257894	PD	PD_Nalls2019	PVALB	PVALB	0.00473720112161599	2116
mine	other	PVALB_chr12_91367815	12	91367815	AD	AD_Bellenguez2022	PVALB	PVALB	0.00469918381741952	2062
mine	other	PVALB_chr20_19061318	20	19061318	BD	BD_bip2024	PVALB	PVALB	0.00468398718864077	1913
mine	other	PVALB_chr22_33230309	22	33230309	LBD	LBD_Chia2021	PVALB	PVALB	0.00459984775993425	2365
mine	other	PVALB_chr13_110774494	13	110774494	AD	AD_Bellenguez2022	PVALB	PVALB	0.00457957269370368	3181
mine	other	PVALB_chr1_219199997	1	219199997	PD	PD_Nalls2019	PVALB	PVALB	0.00453422611014885	2247
mine	other	PVALB_chr11_106517883	11	106517883	AD	AD_Bellenguez2022	PVALB	PVALB	0.00443457651791078	2277
mine	other	PVALB_chr20_19061318	20	19061318	SCZ	SCZ_Trubetskoy2022	PVALB	PVALB	0.00443429193821763	1960
mine	other	PVALB_chr6_167057463	6	167057463	MDD	MDD_MDD2025	PVALB	PVALB	0.00443174009024057	2377
mine	other	PVALB_chr7_66537523	7	66537523	MDD	MDD_MDD2025	PVALB	PVALB	0.004428367322858	2269
mine	other	PVALB_chr22_33230309	22	33230309	PD	PD_Nalls2019	PVALB	PVALB	0.00442416375697177	2632
mine	other	PVALB_chr1_11228268	1	11228268	AD	AD_Bellenguez2022	PVALB	PVALB	0.00437029601362337	2314
mine	other	PVALB_chr3_10866706	3	10866706	AD	AD_Bellenguez2022	PVALB	PVALB	0.00435484186396308	2361
mine	other	PVALB_chr1_240784200	1	240784200	AD	AD_Bellenguez2022	PVALB	PVALB	0.00435080058652796	2810
mine	other	PVALB_chr5_165504883	5	165504883	AD	AD_Bellenguez2022	PVALB	PVALB	0.00432034522332526	2099
mine	other	PVALB_chr1_240784200	1	240784200	SCZ	SCZ_Trubetskoy2022	PVALB	PVALB	0.00422647392449887	2269
mine	other	PVALB_chr2_125643126	2	125643126	AD	AD_Bellenguez2022	PVALB	PVALB	0.00421953716860912	2198
mine	other	PVALB_chr13_110774494	13	110774494	MDD	MDD_MDD2025	PVALB	PVALB	0.00409537601154208	2535
mine	other	PVALB_chr9_19844957	9	19844957	LBD	LBD_Chia2021	PVALB	PVALB	0.00404414374752354	1979
mine	other	PVALB_chr11_106517883	11	106517883	SCZ	SCZ_Trubetskoy2022	PVALB	PVALB	0.00399976053311461	1866
mine	other	PVALB_chr4_176257894	4	176257894	LBD	LBD_Chia2021	PVALB	PVALB	0.00387836558219428	1776
mine	other	PVALB_chr12_91367815	12	91367815	MDD	MDD_MDD2025	PVALB	PVALB	0.00384068153628949	1551
mine	other	PVALB_chr5_165504883	5	165504883	LBD	LBD_Chia2021	PVALB	PVALB	0.0038345705866367	1636
mine	other	PVALB_chr5_21129935	5	21129935	PD	PD_Nalls2019	PVALB	PVALB	0.00378831797448656	1545
mine	other	PVALB_chr22_33230309	22	33230309	AD	AD_Bellenguez2022	PVALB	PVALB	0.00363070835408266	3023
mine	other	PVALB_chr3_171459794	3	171459794	LBD	LBD_Chia2021	PVALB	PVALB	0.00355368335089996	1491
mine	other	PVALB_chr2_125643126	2	125643126	MDD	MDD_MDD2025	PVALB	PVALB	0.00353428227341624	1770
mine	other	PVALB_chr12_91367815	12	91367815	PD	PD_Nalls2019	PVALB	PVALB	0.00350007487987947	1906
mine	other	PVALB_chr8_79519035	8	79519035	AD	AD_Bellenguez2022	PVALB	PVALB	0.00346754602273798	2141
mine	other	PVALB_chr5_21129935	5	21129935	LBD	LBD_Chia2021	PVALB	PVALB	0.00346425988957472	1717
mine	other	PVALB_chr1_230195713	1	230195713	BD	BD_bip2024	PVALB	PVALB	0.00321115375484768	1767
mine	other	PVALB_chr7_66537523	7	66537523	SCZ	SCZ_Trubetskoy2022	PVALB	PVALB	0.00311416313968676	2303
mine	other	PVALB_chr20_46558199	20	46558199	SCZ	SCZ_Trubetskoy2022	PVALB	PVALB	0.00309695845259084	2186
mine	other	PVALB_chr18_62914953	18	62914953	SCZ	SCZ_Trubetskoy2022	PVALB	PVALB	0.00305499205499734	1725
mine	other	PVALB_chr1_240784200	1	240784200	BD	BD_bip2024	PVALB	PVALB	0.0030194434034327	2218
mine	other	PVALB_chr18_62914953	18	62914953	LBD	LBD_Chia2021	PVALB	PVALB	0.00293774711692371	1815
mine	other	PVALB_chr4_176257894	4	176257894	AD	AD_Bellenguez2022	PVALB	PVALB	0.00288415049927138	2185
mine	other	PVALB_chr12_91367815	12	91367815	LBD	LBD_Chia2021	PVALB	PVALB	0.00283460004227416	1648
mine	other	PVALB_chr18_62914953	18	62914953	PD	PD_Nalls2019	PVALB	PVALB	0.00281436490626147	1918
mine	other	PVALB_chr1_94674726	1	94674726	AD	AD_Bellenguez2022	PVALB	PVALB	0.00277747277243369	2319
mine	other	PVALB_chr1_11228268	1	11228268	BD	BD_bip2024	PVALB	PVALB	0.00275257668750986	1722
mine	other	PVALB_chr3_171459794	3	171459794	AD	AD_Bellenguez2022	PVALB	PVALB	0.00273699601674114	2337
mine	other	PVALB_chr9_19844957	9	19844957	SCZ	SCZ_Trubetskoy2022	PVALB	PVALB	0.00267566167025448	1946
mine	other	PVALB_chr22_43903671	22	43903671	MDD	MDD_MDD2025	PVALB	PVALB	0.002593511354325	2231
mine	other	PVALB_chr1_219199997	1	219199997	BD	BD_bip2024	PVALB	PVALB	0.00257561414258136	2055
mine	other	PVALB_chr2_179100073	2	179100073	PD	PD_Nalls2019	PVALB	PVALB	0.0025387729436733	1836
mine	other	PVALB_chr1_219199997	1	219199997	AD	AD_Bellenguez2022	PVALB	PVALB	0.00253676076420574	2440
mine	other	PVALB_chr2_125643126	2	125643126	SCZ	SCZ_Trubetskoy2022	PVALB	PVALB	0.0023329270517189	1808
mine	other	PVALB_chr2_125643126	2	125643126	LBD	LBD_Chia2021	PVALB	PVALB	0.0022234099132391	1759
mine	other	PVALB_chr9_94968007	9	94968007	AD	AD_Bellenguez2022	PVALB	PVALB	0.00214412246682787	2092
mine	other	PVALB_chr6_170906821	6	170906821	PD	PD_Nalls2019	PVALB	PVALB	0.00212083715099264	1419
mine	other	PVALB_chr20_19061318	20	19061318	MDD	MDD_MDD2025	PVALB	PVALB	0.00208169932090904	1856
mine	other	PVALB_chr1_219199997	1	219199997	SCZ	SCZ_Trubetskoy2022	PVALB	PVALB	0.00204631913396276	2100
mine	other	PVALB_chr18_62914953	18	62914953	AD	AD_Bellenguez2022	PVALB	PVALB	0.00191884606352561	2176
mine	other	PVALB_chr3_171459794	3	171459794	SCZ	SCZ_Trubetskoy2022	PVALB	PVALB	0.00186954901527399	1909
mine	other	PVALB_chr5_21129935	5	21129935	AD	AD_Bellenguez2022	PVALB	PVALB	0.00186068259005649	1873
mine	TMEM106B	PVALB_chr7_12284378	7	12284378	BD	BD_bip2024	PVALB	PVALB	0.00180800798350844	3231
mine	other	PVALB_chr2_125643126	2	125643126	BD	BD_bip2024	PVALB	PVALB	0.00177523751295548	1789
mine	other	PVALB_chr7_350287	7	350287	MDD	MDD_MDD2025	PVALB	PVALB	0.00177361244977254	1530
mine	other	PVALB_chr2_179100073	2	179100073	SCZ	SCZ_Trubetskoy2022	PVALB	PVALB	0.00176875265806079	1625
mine	other	PVALB_chr6_22334921	6	22334921	MDD	MDD_MDD2025	PVALB	PVALB	0.00175248648976236	2276
mine	other	PVALB_chr8_79519035	8	79519035	MDD	MDD_MDD2025	PVALB	PVALB	0.00175178495821698	1762
mine	other	PVALB_chr22_33230309	22	33230309	BD	BD_bip2024	PVALB	PVALB	0.00164631702597861	2203
mine	other	PVALB_chr6_170906821	6	170906821	LBD	LBD_Chia2021	PVALB	PVALB	0.0016398736597793	1257
mine	other	PVALB_chr18_62914953	18	62914953	MDD	MDD_MDD2025	PVALB	PVALB	0.00157785477596345	1557
mine	other	PVALB_chr20_46558199	20	46558199	MDD	MDD_MDD2025	PVALB	PVALB	0.00152335701733912	2049
mine	other	PVALB_chr6_170906821	6	170906821	AD	AD_Bellenguez2022	PVALB	PVALB	0.00148598032723601	1458
mine	other	PVALB_chr9_19844957	9	19844957	BD	BD_bip2024	PVALB	PVALB	0.001262564742134	1898
mine	other	PVALB_chr9_19844957	9	19844957	MDD	MDD_MDD2025	PVALB	PVALB	0.00120260663217507	1864
mine	other	PVALB_chr4_185462237	4	185462237	MDD	MDD_MDD2025	PVALB	PVALB	0.00118763009054156	2557
mine	other	PVALB_chr3_171459794	3	171459794	MDD	MDD_MDD2025	PVALB	PVALB	0.00115373031324947	1785
mine	other	PVALB_chr1_94674726	1	94674726	MDD	MDD_MDD2025	PVALB	PVALB	0.0011391063796569	1848
mine	other	PVALB_chr9_94968007	9	94968007	BD	BD_bip2024	PVALB	PVALB	0.001105324896047	1723
mine	other	PVALB_chr12_91367815	12	91367815	BD	BD_bip2024	PVALB	PVALB	0.00104630642271327	1600
mine	other	PVALB_chr4_84470864	4	84470864	MDD	MDD_MDD2025	PVALB	PVALB	0.00103483828846533	1806
mine	other	PVALB_chr1_11228268	1	11228268	MDD	MDD_MDD2025	PVALB	PVALB	0.000946653051928399	1698
mine	other	PVALB_chr12_91367815	12	91367815	SCZ	SCZ_Trubetskoy2022	PVALB	PVALB	0.000905151134454912	1614
mine	other	PVALB_chr3_171459794	3	171459794	BD	BD_bip2024	PVALB	PVALB	0.000886098015063053	1780
mine	other	PVALB_chr18_62914953	18	62914953	BD	BD_bip2024	PVALB	PVALB	0.000883209378664421	1663
mine	other	PVALB_chr5_21129935	5	21129935	SCZ	SCZ_Trubetskoy2022	PVALB	PVALB	0.000710852597021087	1444
mine	other	PVALB_chr21_11067987	21	11067987	PD	PD_Nalls2019	PVALB	PVALB	0.000670070102029457	74
mine	other	PVALB_chr6_170906821	6	170906821	BD	BD_bip2024	PVALB	PVALB	0.000643526470891507	1256
mine	other	PVALB_chr2_179100073	2	179100073	BD	BD_bip2024	PVALB	PVALB	0.000553009799204566	1580
mine	other	PVALB_chr9_94968007	9	94968007	MDD	MDD_MDD2025	PVALB	PVALB	0.000484295294807701	1711
mine	other	PVALB_chr22_33230309	22	33230309	MDD	MDD_MDD2025	PVALB	PVALB	0.000454442223218794	2166
mine	other	PVALB_chr5_21129935	5	21129935	BD	BD_bip2024	PVALB	PVALB	0.000445655906500953	1325
mine	other	PVALB_chr1_240784200	1	240784200	MDD	MDD_MDD2025	PVALB	PVALB	0.000404460999456242	2164
mine	other	PVALB_chr2_179100073	2	179100073	MDD	MDD_MDD2025	PVALB	PVALB	0.000351583269670821	1617
mine	other	PVALB_chr6_170906821	6	170906821	MDD	MDD_MDD2025	PVALB	PVALB	0.000321951142263153	1216
mine	other	PVALB_chr5_21129935	5	21129935	MDD	MDD_MDD2025	PVALB	PVALB	0.000268459136815683	1323
mine	TMEM106B	Pericyte_chr7_12264737	7	12264737	MDD	MDD_MDD2025	Pericyte	Pericyte	0.978785873137118	3056
mine	TMEM106B	Pericyte_chr7_12264737	7	12264737	AD	AD_Bellenguez2022	Pericyte	Pericyte	0.901724468855515	4266
mine	other	Pericyte_chr2_135419794	2	135419794	AD	AD_Bellenguez2022	Pericyte	Pericyte	0.211744076328127	2099
mine	other	Pericyte_chr9_130273458	9	130273458	PD	PD_Nalls2019	Pericyte	Pericyte	0.186982461232159	1365
mine	other	Pericyte_chr21_44390956	21	44390956	LBD	LBD_Chia2021	Pericyte	Pericyte	0.171070233847545	1966
mine	other	Pericyte_chr9_24648997	9	24648997	PD	PD_Nalls2019	Pericyte	Pericyte	0.159202134434803	1986
mine	other	Pericyte_chr2_135419794	2	135419794	PD	PD_Nalls2019	Pericyte	Pericyte	0.125186997415243	1949
mine	other	Pericyte_chr14_84909306	14	84909306	LBD	LBD_Chia2021	Pericyte	Pericyte	0.0851482301395838	1889
mine	other	Pericyte_chr14_84909306	14	84909306	AD	AD_Bellenguez2022	Pericyte	Pericyte	0.0729324644602879	2365
mine	other	Pericyte_chr17_14747790	17	14747790	PD	PD_Nalls2019	Pericyte	Pericyte	0.0724784470705822	3170
mine	TMEM106B	Pericyte_chr7_12264737	7	12264737	LBD	LBD_Chia2021	Pericyte	Pericyte	0.0653707251380538	3450
mine	other	Pericyte_chr9_107718350	9	107718350	AD	AD_Bellenguez2022	Pericyte	Pericyte	0.0351607833758221	2932
mine	other	Pericyte_chr9_24648997	9	24648997	MDD	MDD_MDD2025	Pericyte	Pericyte	0.0334021142299762	1685
mine	TMEM106B	Pericyte_chr7_12264737	7	12264737	PD	PD_Nalls2019	Pericyte	Pericyte	0.0329003180657591	3948
mine	other	Pericyte_chr17_29062326	17	29062326	AD	AD_Bellenguez2022	Pericyte	Pericyte	0.0318715661531104	1737
mine	other	Pericyte_chr4_96384377	4	96384377	LBD	LBD_Chia2021	Pericyte	Pericyte	0.0278994063958927	1992
mine	other	Pericyte_chr2_227535983	2	227535983	LBD	LBD_Chia2021	Pericyte	Pericyte	0.0252109729935193	1523
mine	other	Pericyte_chr3_16549126	3	16549126	BD	BD_bip2024	Pericyte	Pericyte	0.0229670248268414	2340
mine	other	Pericyte_chr3_16549126	3	16549126	MDD	MDD_MDD2025	Pericyte	Pericyte	0.0225949181958608	2364
mine	other	Pericyte_chr3_16549126	3	16549126	SCZ	SCZ_Trubetskoy2022	Pericyte	Pericyte	0.0208911421324715	2447
mine	other	Pericyte_chr4_96384377	4	96384377	BD	BD_bip2024	Pericyte	Pericyte	0.0206421441917589	2227
mine	TMEM106B	Pericyte_chr7_12264737	7	12264737	SCZ	SCZ_Trubetskoy2022	Pericyte	Pericyte	0.0198247859738716	3326
mine	other	Pericyte_chr2_20189089	2	20189089	LBD	LBD_Chia2021	Pericyte	Pericyte	0.0185641029540351	2272
mine	other	Pericyte_chr14_84909306	14	84909306	PD	PD_Nalls2019	Pericyte	Pericyte	0.0173715438787425	2189
mine	other	Pericyte_chr17_29062326	17	29062326	SCZ	SCZ_Trubetskoy2022	Pericyte	Pericyte	0.0169600179814296	1066
mine	other	Pericyte_chr3_3324095	3	3324095	LBD	LBD_Chia2021	Pericyte	Pericyte	0.0168049497923314	2943
mine	other	Pericyte_chr2_41903077	2	41903077	LBD	LBD_Chia2021	Pericyte	Pericyte	0.0167393526639656	2710
mine	other	Pericyte_chr9_24648997	9	24648997	LBD	LBD_Chia2021	Pericyte	Pericyte	0.0165567861236787	1874
mine	other	Pericyte_chr11_5655697	11	5655697	PD	PD_Nalls2019	Pericyte	Pericyte	0.0165003264004601	3695
mine	other	Pericyte_chr17_14747790	17	14747790	LBD	LBD_Chia2021	Pericyte	Pericyte	0.0164644093823217	2810
mine	other	Pericyte_chr17_29062326	17	29062326	LBD	LBD_Chia2021	Pericyte	Pericyte	0.0163043167349622	1256
mine	other	Pericyte_chr2_227535983	2	227535983	PD	PD_Nalls2019	Pericyte	Pericyte	0.0158457706725035	1892
mine	other	Pericyte_chr9_24648997	9	24648997	BD	BD_bip2024	Pericyte	Pericyte	0.0154536958762768	1730
mine	other	Pericyte_chr9_130273458	9	130273458	LBD	LBD_Chia2021	Pericyte	Pericyte	0.0145024424988841	1034
mine	other	Pericyte_chr17_60340067	17	60340067	LBD	LBD_Chia2021	Pericyte	Pericyte	0.0125895759560255	1176
mine	other	Pericyte_chr2_135419794	2	135419794	LBD	LBD_Chia2021	Pericyte	Pericyte	0.0116775836607401	640
mine	other	Pericyte_chr21_44390956	21	44390956	SCZ	SCZ_Trubetskoy2022	Pericyte	Pericyte	0.0107909797442532	2709
mine	other	Pericyte_chr9_130273458	9	130273458	SCZ	SCZ_Trubetskoy2022	Pericyte	Pericyte	0.0103257405880713	1147
mine	other	Pericyte_chr2_20189089	2	20189089	PD	PD_Nalls2019	Pericyte	Pericyte	0.0101642473391973	2492
mine	other	Pericyte_chr4_96384377	4	96384377	AD	AD_Bellenguez2022	Pericyte	Pericyte	0.0100779561750133	2912
mine	other	Pericyte_chr4_96384377	4	96384377	PD	PD_Nalls2019	Pericyte	Pericyte	0.0100456935508899	2660
mine	other	Pericyte_chr2_135419794	2	135419794	BD	BD_bip2024	Pericyte	Pericyte	0.00992518482964781	1529
mine	other	Pericyte_chr2_227535983	2	227535983	AD	AD_Bellenguez2022	Pericyte	Pericyte	0.00983833709061112	2054
mine	other	Pericyte_chr2_227535983	2	227535983	SCZ	SCZ_Trubetskoy2022	Pericyte	Pericyte	0.00969182416654185	1607
mine	other	Pericyte_chr21_44390956	21	44390956	BD	BD_bip2024	Pericyte	Pericyte	0.00965931645765764	2624
mine	other	Pericyte_chr17_14747790	17	14747790	BD	BD_bip2024	Pericyte	Pericyte	0.0090185069688286	2703
mine	other	Pericyte_chr17_29062326	17	29062326	BD	BD_bip2024	Pericyte	Pericyte	0.00888321198392231	1041
mine	other	Pericyte_chr3_3324095	3	3324095	PD	PD_Nalls2019	Pericyte	Pericyte	0.00862510276604377	3316
mine	other	Pericyte_chr7_48311658	7	48311658	MDD	MDD_MDD2025	Pericyte	Pericyte	0.0086179263861123	2177
mine	other	Pericyte_chr21_44390956	21	44390956	PD	PD_Nalls2019	Pericyte	Pericyte	0.00822033684489643	3044
mine	other	Pericyte_chr4_96384377	4	96384377	MDD	MDD_MDD2025	Pericyte	Pericyte	0.00777334266511515	2048
mine	other	Pericyte_chr4_96384377	4	96384377	SCZ	SCZ_Trubetskoy2022	Pericyte	Pericyte	0.00756266348822261	2298
mine	other	Pericyte_chr9_24648997	9	24648997	SCZ	SCZ_Trubetskoy2022	Pericyte	Pericyte	0.00753758000589879	1815
mine	other	Pericyte_chr11_5655697	11	5655697	LBD	LBD_Chia2021	Pericyte	Pericyte	0.00750286563864494	3665
mine	other	Pericyte_chr4_84497565	4	84497565	BD	BD_bip2024	Pericyte	Pericyte	0.00715264032884379	1847
mine	other	Pericyte_chr2_227535983	2	227535983	BD	BD_bip2024	Pericyte	Pericyte	0.00628131921590711	1565
mine	other	Pericyte_chr9_107718350	9	107718350	LBD	LBD_Chia2021	Pericyte	Pericyte	0.00626315289549023	2475
mine	other	Pericyte_chr2_41903077	2	41903077	PD	PD_Nalls2019	Pericyte	Pericyte	0.00620413641892859	2925
mine	other	Pericyte_chr14_84909306	14	84909306	BD	BD_bip2024	Pericyte	Pericyte	0.00614130501127943	1888
mine	other	Pericyte_chr9_130273458	9	130273458	BD	BD_bip2024	Pericyte	Pericyte	0.00600393872013997	1118
mine	other	Pericyte_chr9_130273458	9	130273458	MDD	MDD_MDD2025	Pericyte	Pericyte	0.00582743434234554	1085
mine	other	Pericyte_chr4_84497565	4	84497565	PD	PD_Nalls2019	Pericyte	Pericyte	0.00574271203531824	2321
mine	other	Pericyte_chr21_44390956	21	44390956	AD	AD_Bellenguez2022	Pericyte	Pericyte	0.00573733626629689	2672
mine	other	Pericyte_chr17_14747790	17	14747790	AD	AD_Bellenguez2022	Pericyte	Pericyte	0.00571551584558904	3419
mine	other	Pericyte_chr7_48311658	7	48311658	LBD	LBD_Chia2021	Pericyte	Pericyte	0.0056907250080097	2330
mine	other	Pericyte_chr13_87132781	13	87132781	SCZ	SCZ_Trubetskoy2022	Pericyte	Pericyte	0.00551007543869051	2072
mine	other	Pericyte_chr13_25467021	13	25467021	PD	PD_Nalls2019	Pericyte	Pericyte	0.00543992986889156	2689
mine	other	Pericyte_chr17_60340067	17	60340067	AD	AD_Bellenguez2022	Pericyte	Pericyte	0.00530290013569075	1528
mine	other	Pericyte_chr2_20189089	2	20189089	AD	AD_Bellenguez2022	Pericyte	Pericyte	0.00521831449451215	2670
mine	other	Pericyte_chr17_60340067	17	60340067	PD	PD_Nalls2019	Pericyte	Pericyte	0.00515176993569311	1404
mine	other	Pericyte_chr4_84497565	4	84497565	SCZ	SCZ_Trubetskoy2022	Pericyte	Pericyte	0.00512271687342824	1868
mine	other	Pericyte_chr3_3324095	3	3324095	SCZ	SCZ_Trubetskoy2022	Pericyte	Pericyte	0.0051128402164415	2984
mine	other	Pericyte_chr13_25467021	13	25467021	LBD	LBD_Chia2021	Pericyte	Pericyte	0.00498773153716041	2628
mine	other	Pericyte_chr9_107718350	9	107718350	PD	PD_Nalls2019	Pericyte	Pericyte	0.00496985942200441	2704
mine	other	Pericyte_chr17_29062326	17	29062326	MDD	MDD_MDD2025	Pericyte	Pericyte	0.00477626137909848	1040
mine	other	Pericyte_chr3_16549126	3	16549126	LBD	LBD_Chia2021	Pericyte	Pericyte	0.00477168313420868	2391
mine	other	Pericyte_chr2_41903077	2	41903077	AD	AD_Bellenguez2022	Pericyte	Pericyte	0.00463586904766453	3176
mine	other	Pericyte_chr2_135419794	2	135419794	SCZ	SCZ_Trubetskoy2022	Pericyte	Pericyte	0.00455983459968684	1601
mine	other	Pericyte_chr13_87132781	13	87132781	BD	BD_bip2024	Pericyte	Pericyte	0.00452634581892622	2042
mine	other	Pericyte_chr17_14747790	17	14747790	SCZ	SCZ_Trubetskoy2022	Pericyte	Pericyte	0.00448980460136131	2805
mine	other	Pericyte_chr11_5655697	11	5655697	AD	AD_Bellenguez2022	Pericyte	Pericyte	0.00448411997897623	4176
mine	other	Pericyte_chr9_24648997	9	24648997	AD	AD_Bellenguez2022	Pericyte	Pericyte	0.00447553906840172	2305
mine	other	Pericyte_chr4_84497565	4	84497565	AD	AD_Bellenguez2022	Pericyte	Pericyte	0.00446216128661711	2510
mine	other	Pericyte_chr2_20189089	2	20189089	SCZ	SCZ_Trubetskoy2022	Pericyte	Pericyte	0.00443522781224111	2314
mine	other	Pericyte_chr17_29062326	17	29062326	PD	PD_Nalls2019	Pericyte	Pericyte	0.00440186628249831	1517
mine	other	Pericyte_chr21_44390956	21	44390956	MDD	MDD_MDD2025	Pericyte	Pericyte	0.00439838245420708	2441
mine	other	Pericyte_chr9_130273458	9	130273458	AD	AD_Bellenguez2022	Pericyte	Pericyte	0.00432306223150675	1467
mine	other	Pericyte_chr2_227535983	2	227535983	MDD	MDD_MDD2025	Pericyte	Pericyte	0.00422499533621824	1475
mine	other	Pericyte_chr13_87132781	13	87132781	PD	PD_Nalls2019	Pericyte	Pericyte	0.00392107481844171	2156
mine	other	Pericyte_chr11_5655697	11	5655697	BD	BD_bip2024	Pericyte	Pericyte	0.00389523142541683	3289
mine	other	Pericyte_chr2_20189089	2	20189089	BD	BD_bip2024	Pericyte	Pericyte	0.00387496783995293	2266
mine	other	Pericyte_chr7_48311658	7	48311658	PD	PD_Nalls2019	Pericyte	Pericyte	0.00384999705393125	2420
mine	other	Pericyte_chr3_16549126	3	16549126	AD	AD_Bellenguez2022	Pericyte	Pericyte	0.00379881654227445	2787
mine	other	Pericyte_chr3_16549126	3	16549126	PD	PD_Nalls2019	Pericyte	Pericyte	0.0037921399178603	2558
mine	other	Pericyte_chr7_48311658	7	48311658	SCZ	SCZ_Trubetskoy2022	Pericyte	Pericyte	0.00368467969275242	2189
mine	other	Pericyte_chr17_60340067	17	60340067	BD	BD_bip2024	Pericyte	Pericyte	0.00364798480533326	1125
mine	other	Pericyte_chr13_87132781	13	87132781	LBD	LBD_Chia2021	Pericyte	Pericyte	0.00353117464936747	1666
mine	other	Pericyte_chr17_60340067	17	60340067	SCZ	SCZ_Trubetskoy2022	Pericyte	Pericyte	0.00349844450831956	1146
mine	other	Pericyte_chr4_84497565	4	84497565	LBD	LBD_Chia2021	Pericyte	Pericyte	0.00348188951489517	1610
mine	other	Pericyte_chr13_87132781	13	87132781	AD	AD_Bellenguez2022	Pericyte	Pericyte	0.00338893048081509	2418
mine	other	Pericyte_chr13_25467021	13	25467021	AD	AD_Bellenguez2022	Pericyte	Pericyte	0.00332655455565301	3026
mine	other	Pericyte_chr3_3324095	3	3324095	AD	AD_Bellenguez2022	Pericyte	Pericyte	0.00324164145160584	3517
mine	other	Pericyte_chr7_48311658	7	48311658	AD	AD_Bellenguez2022	Pericyte	Pericyte	0.00300926646006933	2656
mine	other	Pericyte_chr11_5655697	11	5655697	SCZ	SCZ_Trubetskoy2022	Pericyte	Pericyte	0.00255277125215472	3339
mine	other	Pericyte_chr17_60340067	17	60340067	MDD	MDD_MDD2025	Pericyte	Pericyte	0.00246557025024836	1072
mine	other	Pericyte_chr2_41903077	2	41903077	SCZ	SCZ_Trubetskoy2022	Pericyte	Pericyte	0.00230668504621235	2690
mine	other	Pericyte_chr3_3324095	3	3324095	MDD	MDD_MDD2025	Pericyte	Pericyte	0.0021383274767334	2757
mine	other	Pericyte_chr3_3324095	3	3324095	BD	BD_bip2024	Pericyte	Pericyte	0.00212152266905066	2916
mine	other	Pericyte_chr2_41903077	2	41903077	BD	BD_bip2024	Pericyte	Pericyte	0.001814129710777	2605
mine	other	Pericyte_chr9_107718350	9	107718350	SCZ	SCZ_Trubetskoy2022	Pericyte	Pericyte	0.00181313367902434	2420
mine	other	Pericyte_chr14_84909306	14	84909306	MDD	MDD_MDD2025	Pericyte	Pericyte	0.00176674670407623	1914
mine	other	Pericyte_chr13_25467021	13	25467021	BD	BD_bip2024	Pericyte	Pericyte	0.00172680361873978	2386
mine	other	Pericyte_chr2_135419794	2	135419794	MDD	MDD_MDD2025	Pericyte	Pericyte	0.00171276100517803	1493
mine	other	Pericyte_chr2_41903077	2	41903077	MDD	MDD_MDD2025	Pericyte	Pericyte	0.00163396143192343	2606
mine	other	Pericyte_chr13_25467021	13	25467021	SCZ	SCZ_Trubetskoy2022	Pericyte	Pericyte	0.00156757243922973	2506
mine	other	Pericyte_chr2_20189089	2	20189089	MDD	MDD_MDD2025	Pericyte	Pericyte	0.00151659561212311	2176
mine	other	Pericyte_chr7_48311658	7	48311658	BD	BD_bip2024	Pericyte	Pericyte	0.001446188620059	2155
mine	other	Pericyte_chr9_107718350	9	107718350	BD	BD_bip2024	Pericyte	Pericyte	0.00126345780110502	2370
mine	other	Pericyte_chr17_14747790	17	14747790	MDD	MDD_MDD2025	Pericyte	Pericyte	0.00112900114888936	2609
mine	other	Pericyte_chr13_25467021	13	25467021	MDD	MDD_MDD2025	Pericyte	Pericyte	0.00106885124891417	2417
mine	other	Pericyte_chr14_84909306	14	84909306	SCZ	SCZ_Trubetskoy2022	Pericyte	Pericyte	0.00103805784238985	1973
mine	other	Pericyte_chr9_107718350	9	107718350	MDD	MDD_MDD2025	Pericyte	Pericyte	0.000857319001829649	2347
mine	other	Pericyte_chr11_5655697	11	5655697	MDD	MDD_MDD2025	Pericyte	Pericyte	0.000741653577279373	3269
mine	other	Pericyte_chr4_84497565	4	84497565	MDD	MDD_MDD2025	Pericyte	Pericyte	0.000417333119282204	1833
mine	other	Pericyte_chr13_87132781	13	87132781	MDD	MDD_MDD2025	Pericyte	Pericyte	0.00033255726317262	2001
mine	TMEM106B	Pericyte_chr7_12264737	7	12264737	BD	BD_bip2024	Pericyte	Pericyte	0.000281420214372509	3211
mine	other	SST_chr3_117899821	3	117899821	MDD	MDD_MDD2025	SST	SST	0.115324149032293	1826
mine	other	SST_chr8_58757418	8	58757418	LBD	LBD_Chia2021	SST	SST	0.0930339643200195	2142
mine	other	SST_chr17_5123755	17	5123755	SCZ	SCZ_Trubetskoy2022	SST	SST	0.0920993583189545	2258
mine	other	SST_chr7_149312558	7	149312558	PD	PD_Nalls2019	SST	SST	0.0857020996211641	2134
mine	other	SST_chr1_234082394	1	234082394	LBD	LBD_Chia2021	SST	SST	0.0314758067858015	2324
mine	other	SST_chr12_29569011	12	29569011	SCZ	SCZ_Trubetskoy2022	SST	SST	0.0306872599958408	2492
mine	other	SST_chr10_71648422	10	71648422	BD	BD_bip2024	SST	SST	0.029970846427165	2501
mine	other	SST_chr17_5123755	17	5123755	AD	AD_Bellenguez2022	SST	SST	0.0270100797514982	2673
mine	other	SST_chr4_4675114	4	4675114	PD	PD_Nalls2019	SST	SST	0.0241054651612904	3025
mine	other	SST_chr6_102008823	6	102008823	AD	AD_Bellenguez2022	SST	SST	0.0240278416256549	2335
mine	other	SST_chr3_117899821	3	117899821	SCZ	SCZ_Trubetskoy2022	SST	SST	0.0233797640536311	1870
mine	other	SST_chr1_29584056	1	29584056	PD	PD_Nalls2019	SST	SST	0.0222808130453379	1636
mine	other	SST_chr12_68204397	12	68204397	PD	PD_Nalls2019	SST	SST	0.021327355662478	2285
mine	other	SST_chr1_10702814	1	10702814	LBD	LBD_Chia2021	SST	SST	0.0200793106938689	1682
mine	other	SST_chr1_29584056	1	29584056	AD	AD_Bellenguez2022	SST	SST	0.0197127864439057	1754
mine	other	SST_chr6_102008823	6	102008823	LBD	LBD_Chia2021	SST	SST	0.0193813286834138	1990
mine	other	SST_chr14_106158265	14	106158265	AD	AD_Bellenguez2022	SST	SST	0.0188402273590344	996
mine	other	SST_chr6_102008823	6	102008823	PD	PD_Nalls2019	SST	SST	0.0185555244495569	2142
mine	other	SST_chr17_5123755	17	5123755	MDD	MDD_MDD2025	SST	SST	0.0177088959841835	2155
mine	other	SST_chr12_68204397	12	68204397	AD	AD_Bellenguez2022	SST	SST	0.0175389285949651	2441
mine	other	SST_chr9_12481723	9	12481723	BD	BD_bip2024	SST	SST	0.0171274174043303	2461
mine	other	SST_chr1_242749919	1	242749919	SCZ	SCZ_Trubetskoy2022	SST	SST	0.0149854647803612	2350
mine	other	SST_chr15_44244184	15	44244184	SCZ	SCZ_Trubetskoy2022	SST	SST	0.0141244368199417	671
mine	other	SST_chr9_12481723	9	12481723	LBD	LBD_Chia2021	SST	SST	0.013603758685116	2168
mine	other	SST_chr7_99749487	7	99749487	BD	BD_bip2024	SST	SST	0.013458038793207	901
mine	other	SST_chr10_86757633	10	86757633	LBD	LBD_Chia2021	SST	SST	0.0132503433981877	2533
mine	other	SST_chr8_58757418	8	58757418	PD	PD_Nalls2019	SST	SST	0.012889272077238	2395
mine	other	SST_chr1_242749919	1	242749919	LBD	LBD_Chia2021	SST	SST	0.0128505163431312	2522
mine	other	SST_chr3_117899821	3	117899821	BD	BD_bip2024	SST	SST	0.0128471588838662	1829
mine	other	SST_chr1_29584056	1	29584056	LBD	LBD_Chia2021	SST	SST	0.0125789535281873	1359
mine	other	SST_chr1_234082394	1	234082394	PD	PD_Nalls2019	SST	SST	0.012489147687767	2577
mine	other	SST_chr4_60077394	4	60077394	LBD	LBD_Chia2021	SST	SST	0.0123089150455212	2410
mine	other	SST_chr7_99749487	7	99749487	AD	AD_Bellenguez2022	SST	SST	0.0120820454547861	1228
mine	other	SST_chr17_5123755	17	5123755	LBD	LBD_Chia2021	SST	SST	0.0119387400419359	2311
mine	other	SST_chr10_71648422	10	71648422	SCZ	SCZ_Trubetskoy2022	SST	SST	0.0118346038229091	2560
mine	other	SST_chr1_234082394	1	234082394	SCZ	SCZ_Trubetskoy2022	SST	SST	0.0115478900949231	2349
mine	other	SST_chr17_67461017	17	67461017	LBD	LBD_Chia2021	SST	SST	0.011316248846857	1549
mine	other	SST_chr10_71648422	10	71648422	PD	PD_Nalls2019	SST	SST	0.0112922119756833	2778
mine	other	SST_chr1_10702814	1	10702814	PD	PD_Nalls2019	SST	SST	0.0110509441307331	1919
mine	other	SST_chr9_12481723	9	12481723	AD	AD_Bellenguez2022	SST	SST	0.010808238540674	3075
mine	other	SST_chr10_71648422	10	71648422	LBD	LBD_Chia2021	SST	SST	0.0107024695622872	2392
mine	other	SST_chr4_60077394	4	60077394	MDD	MDD_MDD2025	SST	SST	0.0106508883572038	2414
mine	other	SST_chr7_149312558	7	149312558	LBD	LBD_Chia2021	SST	SST	0.0102504737089245	1841
mine	other	SST_chr12_29569011	12	29569011	PD	PD_Nalls2019	SST	SST	0.00989063226223384	2822
mine	other	SST_chr6_102008823	6	102008823	BD	BD_bip2024	SST	SST	0.00988545990321046	1856
mine	other	SST_chr8_58757418	8	58757418	AD	AD_Bellenguez2022	SST	SST	0.00913277556018458	2575
mine	other	SST_chr14_106158265	14	106158265	PD	PD_Nalls2019	SST	SST	0.00898560718309055	1490
mine	other	SST_chr1_242749919	1	242749919	PD	PD_Nalls2019	SST	SST	0.00898557861030799	2768
mine	other	SST_chr4_139392860	4	139392860	LBD	LBD_Chia2021	SST	SST	0.00888984255461168	2233
mine	other	SST_chr17_67461017	17	67461017	PD	PD_Nalls2019	SST	SST	0.00810245907728053	1733
mine	other	SST_chr9_12481723	9	12481723	PD	PD_Nalls2019	SST	SST	0.00777850948853673	2846
mine	other	SST_chr6_102008823	6	102008823	SCZ	SCZ_Trubetskoy2022	SST	SST	0.00770162248838464	1909
mine	other	SST_chr4_4675114	4	4675114	SCZ	SCZ_Trubetskoy2022	SST	SST	0.00738583501814729	2695
mine	other	SST_chr18_13370714	18	13370714	PD	PD_Nalls2019	SST	SST	0.00735513598275511	2217
mine	other	SST_chr1_242749919	1	242749919	MDD	MDD_MDD2025	SST	SST	0.00711716830103439	2261
mine	other	SST_chr1_29584056	1	29584056	SCZ	SCZ_Trubetskoy2022	SST	SST	0.00692962644204437	1419
mine	other	SST_chr12_29569011	12	29569011	LBD	LBD_Chia2021	SST	SST	0.00670678001797445	2625
mine	other	SST_chr1_29584056	1	29584056	BD	BD_bip2024	SST	SST	0.00670001892685391	1367
mine	other	SST_chr12_29569011	12	29569011	BD	BD_bip2024	SST	SST	0.00662563689297303	2456
mine	other	SST_chr1_10702814	1	10702814	SCZ	SCZ_Trubetskoy2022	SST	SST	0.00652776485832383	1596
mine	other	SST_chr4_4675114	4	4675114	AD	AD_Bellenguez2022	SST	SST	0.00643861100295357	3191
mine	other	SST_chr1_242749919	1	242749919	BD	BD_bip2024	SST	SST	0.00640217035574336	2298
mine	other	SST_chr9_12481723	9	12481723	MDD	MDD_MDD2025	SST	SST	0.0063182956113625	2231
mine	other	SST_chr17_67461017	17	67461017	SCZ	SCZ_Trubetskoy2022	SST	SST	0.00609903070975626	1478
mine	other	SST_chr18_13370714	18	13370714	LBD	LBD_Chia2021	SST	SST	0.00605806663029505	1791
mine	other	SST_chr10_71648422	10	71648422	AD	AD_Bellenguez2022	SST	SST	0.00591853001980043	2888
mine	other	SST_chr6_102008823	6	102008823	MDD	MDD_MDD2025	SST	SST	0.0057372282912009	1830
mine	other	SST_chr17_5123755	17	5123755	PD	PD_Nalls2019	SST	SST	0.00565468767098331	2476
mine	other	SST_chr10_86757633	10	86757633	AD	AD_Bellenguez2022	SST	SST	0.00561173313211013	2973
mine	other	SST_chr4_139392860	4	139392860	PD	PD_Nalls2019	SST	SST	0.00555935928714999	2294
mine	other	SST_chr3_148488659	3	148488659	AD	AD_Bellenguez2022	SST	SST	0.00548057966928574	2469
mine	other	SST_chr1_242749919	1	242749919	AD	AD_Bellenguez2022	SST	SST	0.00543458142552541	3140
mine	other	SST_chr7_99749487	7	99749487	SCZ	SCZ_Trubetskoy2022	SST	SST	0.00542241654721682	932
mine	other	SST_chr7_99749487	7	99749487	MDD	MDD_MDD2025	SST	SST	0.00521437460205087	900
mine	other	SST_chr8_58757418	8	58757418	BD	BD_bip2024	SST	SST	0.00512678208989269	2101
mine	other	SST_chr4_60077394	4	60077394	SCZ	SCZ_Trubetskoy2022	SST	SST	0.00505880125393397	2457
mine	other	SST_chr4_4675114	4	4675114	LBD	LBD_Chia2021	SST	SST	0.00504174493159186	2652
mine	other	SST_chr4_60077394	4	60077394	PD	PD_Nalls2019	SST	SST	0.00503296995755963	2658
mine	other	SST_chr7_149312558	7	149312558	AD	AD_Bellenguez2022	SST	SST	0.00503277155060929	2257
mine	other	SST_chr10_86757633	10	86757633	PD	PD_Nalls2019	SST	SST	0.00495162842427287	2672
mine	other	SST_chr1_234082394	1	234082394	BD	BD_bip2024	SST	SST	0.00488381056350821	2271
mine	other	SST_chr7_26416638	7	26416638	PD	PD_Nalls2019	SST	SST	0.00486753212856638	2298
mine	other	SST_chr4_60077394	4	60077394	AD	AD_Bellenguez2022	SST	SST	0.00478650899317307	2964
mine	other	SST_chr3_148488659	3	148488659	PD	PD_Nalls2019	SST	SST	0.00468962989588445	2278
mine	other	SST_chr3_148488659	3	148488659	MDD	MDD_MDD2025	SST	SST	0.00465979759737953	1875
mine	other	SST_chr7_26416638	7	26416638	LBD	LBD_Chia2021	SST	SST	0.00443729951370873	1889
mine	other	SST_chr4_139392860	4	139392860	MDD	MDD_MDD2025	SST	SST	0.00434261468816435	2033
mine	other	SST_chr1_234082394	1	234082394	AD	AD_Bellenguez2022	SST	SST	0.00431637142641476	2762
mine	other	SST_chr8_58757418	8	58757418	SCZ	SCZ_Trubetskoy2022	SST	SST	0.00414803884122	2129
mine	other	SST_chr3_117899821	3	117899821	PD	PD_Nalls2019	SST	SST	0.00412200264540901	2061
mine	other	SST_chr18_13370714	18	13370714	AD	AD_Bellenguez2022	SST	SST	0.00403889985090564	2372
mine	other	SST_chr3_148488659	3	148488659	LBD	LBD_Chia2021	SST	SST	0.00385977650200957	1913
mine	other	SST_chr1_10702814	1	10702814	AD	AD_Bellenguez2022	SST	SST	0.00378199641500993	2066
mine	other	SST_chr3_117899821	3	117899821	LBD	LBD_Chia2021	SST	SST	0.00366343837743687	1819
mine	other	SST_chr4_139392860	4	139392860	AD	AD_Bellenguez2022	SST	SST	0.00355709180080988	2476
mine	other	SST_chr4_4675114	4	4675114	BD	BD_bip2024	SST	SST	0.00338102857195213	2663
mine	other	SST_chr12_68204397	12	68204397	LBD	LBD_Chia2021	SST	SST	0.00334241192593077	2022
mine	other	SST_chr17_67461017	17	67461017	AD	AD_Bellenguez2022	SST	SST	0.00328266195071023	1862
mine	other	SST_chr7_26416638	7	26416638	AD	AD_Bellenguez2022	SST	SST	0.00321449863985707	2457
mine	other	SST_chr9_12481723	9	12481723	SCZ	SCZ_Trubetskoy2022	SST	SST	0.0031973350478346	2509
mine	other	SST_chr4_60077394	4	60077394	BD	BD_bip2024	SST	SST	0.00319613780946921	2408
mine	other	SST_chr7_149312558	7	149312558	BD	BD_bip2024	SST	SST	0.00308705882323372	1786
mine	other	SST_chr1_29584056	1	29584056	MDD	MDD_MDD2025	SST	SST	0.00304217243685929	1369
mine	other	SST_chr12_29569011	12	29569011	AD	AD_Bellenguez2022	SST	SST	0.00296646684679672	3104
mine	other	SST_chr4_139392860	4	139392860	SCZ	SCZ_Trubetskoy2022	SST	SST	0.00296463448509981	2134
mine	other	SST_chr7_149312558	7	149312558	SCZ	SCZ_Trubetskoy2022	SST	SST	0.00291492899998485	1860
mine	other	SST_chr1_10702814	1	10702814	BD	BD_bip2024	SST	SST	0.0028484083450243	1551
mine	other	SST_chr17_67461017	17	67461017	BD	BD_bip2024	SST	SST	0.00282205367418331	1439
mine	other	SST_chr3_117899821	3	117899821	AD	AD_Bellenguez2022	SST	SST	0.00275698986425342	2235
mine	other	SST_chr8_58757418	8	58757418	MDD	MDD_MDD2025	SST	SST	0.00271923643517661	2112
mine	other	SST_chr1_234082394	1	234082394	MDD	MDD_MDD2025	SST	SST	0.00258341831677549	2258
mine	other	SST_chr10_86757633	10	86757633	SCZ	SCZ_Trubetskoy2022	SST	SST	0.00251604743132561	2445
mine	other	SST_chr1_10702814	1	10702814	MDD	MDD_MDD2025	SST	SST	0.00251099323699684	1535
mine	other	SST_chr4_139392860	4	139392860	BD	BD_bip2024	SST	SST	0.00248812508298745	2084
mine	other	SST_chr15_44244184	15	44244184	BD	BD_bip2024	SST	SST	0.00232941686829375	650
mine	other	SST_chr7_99749487	7	99749487	PD	PD_Nalls2019	SST	SST	0.00222941564313719	1141
mine	other	SST_chr3_148488659	3	148488659	SCZ	SCZ_Trubetskoy2022	SST	SST	0.00217088389597887	1976
mine	other	SST_chr15_44244184	15	44244184	PD	PD_Nalls2019	SST	SST	0.00208495494698665	807
mine	other	SST_chr17_5123755	17	5123755	BD	BD_bip2024	SST	SST	0.00208017082083005	2202
mine	other	SST_chr7_99749487	7	99749487	LBD	LBD_Chia2021	SST	SST	0.00204591801100976	981
mine	other	SST_chr7_26416638	7	26416638	SCZ	SCZ_Trubetskoy2022	SST	SST	0.00197551441894102	2015
mine	other	SST_chr10_71648422	10	71648422	MDD	MDD_MDD2025	SST	SST	0.00197418597463396	2490
mine	other	SST_chr18_13370714	18	13370714	SCZ	SCZ_Trubetskoy2022	SST	SST	0.00195586725255054	1912
mine	other	SST_chr12_68204397	12	68204397	BD	BD_bip2024	SST	SST	0.00175381995305493	1988
mine	other	SST_chr10_86757633	10	86757633	MDD	MDD_MDD2025	SST	SST	0.00174286118392738	2396
mine	other	SST_chr4_4675114	4	4675114	MDD	MDD_MDD2025	SST	SST	0.00150509572078814	2609
mine	other	SST_chr14_106158265	14	106158265	SCZ	SCZ_Trubetskoy2022	SST	SST	0.0014881609134676	552
mine	other	SST_chr7_26416638	7	26416638	MDD	MDD_MDD2025	SST	SST	0.00138955085573837	1944
mine	other	SST_chr10_86757633	10	86757633	BD	BD_bip2024	SST	SST	0.0013690837109717	2399
mine	other	SST_chr12_68204397	12	68204397	SCZ	SCZ_Trubetskoy2022	SST	SST	0.00136781553476191	2034
mine	other	SST_chr15_44244184	15	44244184	AD	AD_Bellenguez2022	SST	SST	0.00136165366267768	834
mine	other	SST_chr18_13370714	18	13370714	MDD	MDD_MDD2025	SST	SST	0.00134298271864516	1815
mine	other	SST_chr18_13370714	18	13370714	BD	BD_bip2024	SST	SST	0.00126617620544456	1862
mine	other	SST_chr7_149312558	7	149312558	MDD	MDD_MDD2025	SST	SST	0.00121482534369199	1702
mine	other	SST_chr7_26416638	7	26416638	BD	BD_bip2024	SST	SST	0.00118517399640949	1965
mine	other	SST_chr3_148488659	3	148488659	BD	BD_bip2024	SST	SST	0.000845452876206824	1929
mine	other	SST_chr15_44244184	15	44244184	LBD	LBD_Chia2021	SST	SST	0.000826220702072562	284
mine	other	SST_chr17_67461017	17	67461017	MDD	MDD_MDD2025	SST	SST	0.000819709743822851	1371
mine	other	SST_chr12_29569011	12	29569011	MDD	MDD_MDD2025	SST	SST	0.000813460897037887	2435
mine	other	SST_chr15_44244184	15	44244184	MDD	MDD_MDD2025	SST	SST	0.000806969203060847	626
mine	other	SST_chr12_68204397	12	68204397	MDD	MDD_MDD2025	SST	SST	0.000453159148211017	1941
mine	other	SST_chr14_106158265	14	106158265	LBD	LBD_Chia2021	SST	SST	0.000369059763738752	190
mine	other	SST_chr14_106158265	14	106158265	BD	BD_bip2024	SST	SST	0.00024675323511644	324
mine	other	SST_chr14_106158265	14	106158265	MDD	MDD_MDD2025	SST	SST	9.25918800256681e-05	277
mine	TMEM106B	VIP_chr7_12264737	7	12264737	AD	AD_Bellenguez2022	VIP	VIP	0.853004522465859	4266
mine	other	VIP_chr3_117899821	3	117899821	MDD	MDD_MDD2025	VIP	VIP	0.444939165688827	1826
mine	other	VIP_chr9_91646662	9	91646662	MDD	MDD_MDD2025	VIP	VIP	0.342392802581366	2036
mine	TMEM106B	VIP_chr7_12264737	7	12264737	MDD	MDD_MDD2025	VIP	VIP	0.286947110468491	3056
mine	other	VIP_chr9_91646662	9	91646662	AD	AD_Bellenguez2022	VIP	VIP	0.191855322854089	2542
mine	other	VIP_chr11_62666109	11	62666109	MDD	MDD_MDD2025	VIP	VIP	0.122785743381387	1319
mine	other	VIP_chr3_1207065	3	1207065	BD	BD_bip2024	VIP	VIP	0.100279428494243	2772
mine	TMEM106B	VIP_chr7_12264737	7	12264737	LBD	LBD_Chia2021	VIP	VIP	0.0678037990303103	3450
mine	other	VIP_chr4_69334414	4	69334414	LBD	LBD_Chia2021	VIP	VIP	0.0597844602185405	1654
mine	other	VIP_chr7_90957471	7	90957471	BD	BD_bip2024	VIP	VIP	0.0548155436637661	1455
mine	other	VIP_chr2_59958823	2	59958823	LBD	LBD_Chia2021	VIP	VIP	0.0475740695736359	1588
mine	other	VIP_chr6_16019212	6	16019212	SCZ	SCZ_Trubetskoy2022	VIP	VIP	0.0469144208095882	1943
mine	other	VIP_chr3_117899821	3	117899821	SCZ	SCZ_Trubetskoy2022	VIP	VIP	0.0441855433307949	1870
mine	other	VIP_chr15_85456043	15	85456043	BD	BD_bip2024	VIP	VIP	0.0426077826556909	1448
mine	other	VIP_chr8_82351375	8	82351375	PD	PD_Nalls2019	VIP	VIP	0.0383221459892145	1999
mine	other	VIP_chr9_91646662	9	91646662	LBD	LBD_Chia2021	VIP	VIP	0.036619047174131	1777
mine	other	VIP_chr4_86478410	4	86478410	BD	BD_bip2024	VIP	VIP	0.0351522973424214	2341
mine	other	VIP_chr3_117899821	3	117899821	BD	BD_bip2024	VIP	VIP	0.0335344784000826	1829
mine	other	VIP_chr10_86750198	10	86750198	AD	AD_Bellenguez2022	VIP	VIP	0.033421317433453	2961
mine	TMEM106B	VIP_chr7_12264737	7	12264737	PD	PD_Nalls2019	VIP	VIP	0.0328333314526447	3948
mine	other	VIP_chr1_22617572	1	22617572	LBD	LBD_Chia2021	VIP	VIP	0.0322513987937617	2051
mine	other	VIP_chr2_7875249	2	7875249	LBD	LBD_Chia2021	VIP	VIP	0.0309723139851549	1717
mine	other	VIP_chr2_59958823	2	59958823	MDD	MDD_MDD2025	VIP	VIP	0.0276261148166938	1575
mine	other	VIP_chr19_41087279	19	41087279	AD	AD_Bellenguez2022	VIP	VIP	0.0276210742573399	2189
mine	other	VIP_chr13_59794494	13	59794494	LBD	LBD_Chia2021	VIP	VIP	0.0264193260000693	2044
mine	other	VIP_chr8_82351375	8	82351375	LBD	LBD_Chia2021	VIP	VIP	0.0261625977946974	1792
mine	other	VIP_chr18_52386279	18	52386279	MDD	MDD_MDD2025	VIP	VIP	0.0248092645467255	1635
mine	other	VIP_chr2_59958823	2	59958823	PD	PD_Nalls2019	VIP	VIP	0.0232701849078421	1793
mine	other	VIP_chr15_85456043	15	85456043	SCZ	SCZ_Trubetskoy2022	VIP	VIP	0.0230827624031841	1579
mine	other	VIP_chr1_22617572	1	22617572	PD	PD_Nalls2019	VIP	VIP	0.0227956171593921	2323
mine	other	VIP_chr19_41087279	19	41087279	LBD	LBD_Chia2021	VIP	VIP	0.0223408549128031	1715
mine	other	VIP_chr2_59958823	2	59958823	BD	BD_bip2024	VIP	VIP	0.0212086363933245	1592
mine	other	VIP_chr4_69334414	4	69334414	PD	PD_Nalls2019	VIP	VIP	0.020783758941797	2452
mine	other	VIP_chr7_90957471	7	90957471	LBD	LBD_Chia2021	VIP	VIP	0.0206151462681235	1525
mine	TMEM106B	VIP_chr7_12264737	7	12264737	SCZ	SCZ_Trubetskoy2022	VIP	VIP	0.0205577790326403	3326
mine	other	VIP_chr2_154440521	2	154440521	AD	AD_Bellenguez2022	VIP	VIP	0.0197537302217685	2582
mine	other	VIP_chr13_59794494	13	59794494	MDD	MDD_MDD2025	VIP	VIP	0.0185583500197367	1903
mine	other	VIP_chr12_13606483	12	13606483	LBD	LBD_Chia2021	VIP	VIP	0.0180498047162378	2114
mine	other	VIP_chr8_10401237	8	10401237	SCZ	SCZ_Trubetskoy2022	VIP	VIP	0.0176862098425132	2711
mine	other	VIP_chr1_48970642	1	48970642	LBD	LBD_Chia2021	VIP	VIP	0.0169430205932222	1546
mine	other	VIP_chr1_48970642	1	48970642	PD	PD_Nalls2019	VIP	VIP	0.0164923155790522	1746
mine	other	VIP_chr7_90957471	7	90957471	PD	PD_Nalls2019	VIP	VIP	0.0163778196671455	1621
mine	other	VIP_chr5_148525355	5	148525355	AD	AD_Bellenguez2022	VIP	VIP	0.0163621625648247	2305
mine	other	VIP_chr1_48970642	1	48970642	AD	AD_Bellenguez2022	VIP	VIP	0.0162509136541678	1943
mine	other	VIP_chr3_1207065	3	1207065	LBD	LBD_Chia2021	VIP	VIP	0.0159878992484885	3007
mine	other	VIP_chr6_16019212	6	16019212	LBD	LBD_Chia2021	VIP	VIP	0.0159029045737476	1991
mine	other	VIP_chr2_154440521	2	154440521	LBD	LBD_Chia2021	VIP	VIP	0.0155549927432218	2412
mine	other	VIP_chr3_1207065	3	1207065	PD	PD_Nalls2019	VIP	VIP	0.0154046256846881	3197
mine	other	VIP_chr1_48970642	1	48970642	MDD	MDD_MDD2025	VIP	VIP	0.0143626113574802	1455
mine	other	VIP_chr4_69334414	4	69334414	BD	BD_bip2024	VIP	VIP	0.0142774174636464	1957
mine	other	VIP_chr11_62666109	11	62666109	PD	PD_Nalls2019	VIP	VIP	0.0141484578071504	1664
mine	other	VIP_chr4_86478410	4	86478410	LBD	LBD_Chia2021	VIP	VIP	0.0137686566300007	2377
mine	other	VIP_chr10_86750198	10	86750198	LBD	LBD_Chia2021	VIP	VIP	0.0136907656440995	2528
mine	other	VIP_chr8_10401237	8	10401237	BD	BD_bip2024	VIP	VIP	0.0136355103997512	2644
mine	other	VIP_chr11_62666109	11	62666109	AD	AD_Bellenguez2022	VIP	VIP	0.0136238242694017	1880
mine	other	VIP_chr11_62666109	11	62666109	LBD	LBD_Chia2021	VIP	VIP	0.0135368689589589	1424
mine	other	VIP_chr2_59958823	2	59958823	SCZ	SCZ_Trubetskoy2022	VIP	VIP	0.0133779962625675	1622
mine	other	VIP_chr2_7875249	2	7875249	PD	PD_Nalls2019	VIP	VIP	0.0133433890971641	2029
mine	other	VIP_chr18_52386279	18	52386279	BD	BD_bip2024	VIP	VIP	0.0121985520995065	1655
mine	other	VIP_chr18_52386279	18	52386279	SCZ	SCZ_Trubetskoy2022	VIP	VIP	0.0118792334720277	1682
mine	other	VIP_chr3_117899821	3	117899821	PD	PD_Nalls2019	VIP	VIP	0.0116965214253356	2061
mine	other	VIP_chr19_41087279	19	41087279	SCZ	SCZ_Trubetskoy2022	VIP	VIP	0.011679986127054	1774
mine	other	VIP_chr8_10401237	8	10401237	AD	AD_Bellenguez2022	VIP	VIP	0.011441007707235	3152
mine	other	VIP_chr2_154440521	2	154440521	MDD	MDD_MDD2025	VIP	VIP	0.0108509609896198	2037
mine	other	VIP_chr4_69334414	4	69334414	SCZ	SCZ_Trubetskoy2022	VIP	VIP	0.0103940750863006	2022
mine	other	VIP_chr6_16019212	6	16019212	PD	PD_Nalls2019	VIP	VIP	0.00997184625191363	2122
mine	other	VIP_chr1_22617572	1	22617572	SCZ	SCZ_Trubetskoy2022	VIP	VIP	0.00967626835200283	2067
mine	other	VIP_chr19_41087279	19	41087279	PD	PD_Nalls2019	VIP	VIP	0.00954750085987264	1947
mine	other	VIP_chr4_86478410	4	86478410	PD	PD_Nalls2019	VIP	VIP	0.00894227692967487	2686
mine	other	VIP_chr4_86478410	4	86478410	AD	AD_Bellenguez2022	VIP	VIP	0.00887650410609701	2803
mine	other	VIP_chr2_154440521	2	154440521	BD	BD_bip2024	VIP	VIP	0.00857659207274532	2207
mine	other	VIP_chr2_154440521	2	154440521	PD	PD_Nalls2019	VIP	VIP	0.00845266430327129	2306
mine	other	VIP_chr4_69334414	4	69334414	AD	AD_Bellenguez2022	VIP	VIP	0.00812355948320211	2591
mine	other	VIP_chr4_86478410	4	86478410	SCZ	SCZ_Trubetskoy2022	VIP	VIP	0.00808869891205475	2377
mine	other	VIP_chr9_91646662	9	91646662	PD	PD_Nalls2019	VIP	VIP	0.00804223539371215	2364
mine	other	VIP_chr12_13606483	12	13606483	BD	BD_bip2024	VIP	VIP	0.00801675805726991	2060
mine	other	VIP_chr12_13606483	12	13606483	SCZ	SCZ_Trubetskoy2022	VIP	VIP	0.0077733278039017	2116
mine	other	VIP_chr1_22617572	1	22617572	BD	BD_bip2024	VIP	VIP	0.00771394817181661	2002
mine	other	VIP_chr2_59958823	2	59958823	AD	AD_Bellenguez2022	VIP	VIP	0.00732021241752429	1915
mine	other	VIP_chr8_10401237	8	10401237	LBD	LBD_Chia2021	VIP	VIP	0.00728995274646393	2585
mine	other	VIP_chr3_1207065	3	1207065	SCZ	SCZ_Trubetskoy2022	VIP	VIP	0.00712966922037994	2826
mine	other	VIP_chr10_86750198	10	86750198	PD	PD_Nalls2019	VIP	VIP	0.00711584127882845	2662
mine	other	VIP_chr3_117899821	3	117899821	LBD	LBD_Chia2021	VIP	VIP	0.00710448177154328	1819
mine	other	VIP_chr3_1207065	3	1207065	AD	AD_Bellenguez2022	VIP	VIP	0.00693816672834584	3508
mine	other	VIP_chr8_10401237	8	10401237	PD	PD_Nalls2019	VIP	VIP	0.00671699644230577	3030
mine	other	VIP_chr8_82351375	8	82351375	AD	AD_Bellenguez2022	VIP	VIP	0.0065581402391614	2159
mine	other	VIP_chr18_52386279	18	52386279	PD	PD_Nalls2019	VIP	VIP	0.00618161652420673	1880
mine	other	VIP_chr13_59794494	13	59794494	PD	PD_Nalls2019	VIP	VIP	0.00608399660942412	2224
mine	other	VIP_chr7_90957471	7	90957471	SCZ	SCZ_Trubetskoy2022	VIP	VIP	0.00599894645050979	1475
mine	other	VIP_chr6_20552849	6	20552849	SCZ	SCZ_Trubetskoy2022	VIP	VIP	0.00597084245514867	2027
mine	other	VIP_chr10_86750198	10	86750198	SCZ	SCZ_Trubetskoy2022	VIP	VIP	0.00594598009546218	2441
mine	other	VIP_chr2_7875249	2	7875249	AD	AD_Bellenguez2022	VIP	VIP	0.00562289896192642	2186
mine	other	VIP_chr12_13606483	12	13606483	PD	PD_Nalls2019	VIP	VIP	0.0052854595378245	2382
mine	other	VIP_chr2_7875249	2	7875249	BD	BD_bip2024	VIP	VIP	0.00519063496013398	1722
mine	other	VIP_chr2_7875249	2	7875249	SCZ	SCZ_Trubetskoy2022	VIP	VIP	0.00511986880305389	1750
mine	other	VIP_chr7_90957471	7	90957471	AD	AD_Bellenguez2022	VIP	VIP	0.00502638132137728	1762
mine	other	VIP_chr6_16019212	6	16019212	AD	AD_Bellenguez2022	VIP	VIP	0.0048720977201343	2264
mine	other	VIP_chr12_13606483	12	13606483	MDD	MDD_MDD2025	VIP	VIP	0.00472147725812482	1993
mine	other	VIP_chr9_91646662	9	91646662	SCZ	SCZ_Trubetskoy2022	VIP	VIP	0.004697256715668	2134
mine	other	VIP_chr11_62666109	11	62666109	BD	BD_bip2024	VIP	VIP	0.00469147529793061	1256
mine	other	VIP_chr1_48970642	1	48970642	SCZ	SCZ_Trubetskoy2022	VIP	VIP	0.00454144365264587	1487
mine	other	VIP_chr11_62666109	11	62666109	SCZ	SCZ_Trubetskoy2022	VIP	VIP	0.00441765452456264	1303
mine	other	VIP_chr5_148525355	5	148525355	LBD	LBD_Chia2021	VIP	VIP	0.00437732836812371	1877
mine	other	VIP_chr6_20552849	6	20552849	PD	PD_Nalls2019	VIP	VIP	0.00436271195439041	2304
mine	other	VIP_chr9_91646662	9	91646662	BD	BD_bip2024	VIP	VIP	0.00432093423528302	2095
mine	other	VIP_chr1_48970642	1	48970642	BD	BD_bip2024	VIP	VIP	0.00417791306360882	1443
mine	other	VIP_chr8_10401237	8	10401237	MDD	MDD_MDD2025	VIP	VIP	0.00410322359283953	2598
mine	other	VIP_chr18_52386279	18	52386279	LBD	LBD_Chia2021	VIP	VIP	0.00405524943016642	1536
mine	other	VIP_chr6_20552849	6	20552849	LBD	LBD_Chia2021	VIP	VIP	0.00391629360144516	1973
mine	other	VIP_chr1_22617572	1	22617572	AD	AD_Bellenguez2022	VIP	VIP	0.00390282697660637	2477
mine	other	VIP_chr2_154440521	2	154440521	SCZ	SCZ_Trubetskoy2022	VIP	VIP	0.00374860786222559	2236
mine	other	VIP_chr8_82351375	8	82351375	SCZ	SCZ_Trubetskoy2022	VIP	VIP	0.0036560006507542	1806
mine	other	VIP_chr3_117899821	3	117899821	AD	AD_Bellenguez2022	VIP	VIP	0.00356845514892453	2235
mine	other	VIP_chr6_20552849	6	20552849	MDD	MDD_MDD2025	VIP	VIP	0.00347119606395075	1832
mine	other	VIP_chr5_148525355	5	148525355	PD	PD_Nalls2019	VIP	VIP	0.00345608623022463	2137
mine	other	VIP_chr19_41087279	19	41087279	BD	BD_bip2024	VIP	VIP	0.00344114889450522	1718
mine	other	VIP_chr12_13606483	12	13606483	AD	AD_Bellenguez2022	VIP	VIP	0.00324384201067599	2504
mine	other	VIP_chr6_20552849	6	20552849	AD	AD_Bellenguez2022	VIP	VIP	0.00306453968328323	2416
mine	other	VIP_chr18_52386279	18	52386279	AD	AD_Bellenguez2022	VIP	VIP	0.00305644823935505	2000
mine	other	VIP_chr13_59794494	13	59794494	BD	BD_bip2024	VIP	VIP	0.00298488137746316	2026
mine	other	VIP_chr6_16019212	6	16019212	BD	BD_bip2024	VIP	VIP	0.00278649559227724	1876
mine	other	VIP_chr13_59794494	13	59794494	AD	AD_Bellenguez2022	VIP	VIP	0.00275568482178248	2406
mine	other	VIP_chr13_59794494	13	59794494	SCZ	SCZ_Trubetskoy2022	VIP	VIP	0.00270685505194072	2059
mine	other	VIP_chr4_69334414	4	69334414	MDD	MDD_MDD2025	VIP	VIP	0.00270223693814228	1792
mine	other	VIP_chr15_85456043	15	85456043	LBD	LBD_Chia2021	VIP	VIP	0.00260017906901823	1671
mine	other	VIP_chr15_85456043	15	85456043	PD	PD_Nalls2019	VIP	VIP	0.00237328690606222	1692
mine	other	VIP_chr10_86750198	10	86750198	BD	BD_bip2024	VIP	VIP	0.0023714190899168	2395
mine	other	VIP_chr8_82351375	8	82351375	MDD	MDD_MDD2025	VIP	VIP	0.00231011803998496	1778
mine	other	VIP_chr5_148525355	5	148525355	BD	BD_bip2024	VIP	VIP	0.00229205122096805	1781
mine	other	VIP_chr7_90957471	7	90957471	MDD	MDD_MDD2025	VIP	VIP	0.00205339831780334	1430
mine	other	VIP_chr10_86750198	10	86750198	MDD	MDD_MDD2025	VIP	VIP	0.00187443406133924	2391
mine	other	VIP_chr2_7875249	2	7875249	MDD	MDD_MDD2025	VIP	VIP	0.00178097548154355	1598
mine	other	VIP_chr6_20552849	6	20552849	BD	BD_bip2024	VIP	VIP	0.00169019659881068	1968
mine	other	VIP_chr3_1207065	3	1207065	MDD	MDD_MDD2025	VIP	VIP	0.00165697644237933	2762
mine	other	VIP_chr15_85456043	15	85456043	AD	AD_Bellenguez2022	VIP	VIP	0.00141338639048394	1836
mine	other	VIP_chr6_16019212	6	16019212	MDD	MDD_MDD2025	VIP	VIP	0.00139709380797823	1808
mine	other	VIP_chr19_41087279	19	41087279	MDD	MDD_MDD2025	VIP	VIP	0.00133137537565751	1682
mine	other	VIP_chr1_22617572	1	22617572	MDD	MDD_MDD2025	VIP	VIP	0.00116805030311755	1983
mine	other	VIP_chr5_148525355	5	148525355	SCZ	SCZ_Trubetskoy2022	VIP	VIP	0.00106351018024467	1884
mine	other	VIP_chr5_148525355	5	148525355	MDD	MDD_MDD2025	VIP	VIP	0.000722474153633999	1775
mine	other	VIP_chr15_85456043	15	85456043	MDD	MDD_MDD2025	VIP	VIP	0.000559873775206975	1546
mine	other	VIP_chr4_86478410	4	86478410	MDD	MDD_MDD2025	VIP	VIP	0.000396228890717139	2342
mine	other	VIP_chr8_82351375	8	82351375	BD	BD_bip2024	VIP	VIP	0.000234785863854755	1773
mine	TMEM106B	VIP_chr7_12264737	7	12264737	BD	BD_bip2024	VIP	VIP	1.78665132270611e-06	3211
mine	TMEM106B	VLMC_chr7_12252119	7	12252119	MDD	MDD_MDD2025	VLMC	VLMC	0.922550147152188	3077
mine	TMEM106B	VLMC_chr7_12252119	7	12252119	AD	AD_Bellenguez2022	VLMC	VLMC	0.885502629948242	4279
mine	other	VLMC_chr6_88547515	6	88547515	MDD	MDD_MDD2025	VLMC	VLMC	0.378639813682215	1766
mine	other	VLMC_chr12_121436376	12	121436376	SCZ	SCZ_Trubetskoy2022	VLMC	VLMC	0.147124718290244	2191
mine	other	VLMC_chr6_32900406	6	32900406	MDD	MDD_MDD2025	VLMC	VLMC	0.105710336623899	4991
mine	other	VLMC_chr6_102024369	6	102024369	PD	PD_Nalls2019	VLMC	VLMC	0.091433016890191	2101
mine	TMEM106B	VLMC_chr7_12252119	7	12252119	LBD	LBD_Chia2021	VLMC	VLMC	0.0598969183028407	3467
mine	other	VLMC_chr17_14747790	17	14747790	PD	PD_Nalls2019	VLMC	VLMC	0.0472309161233727	3170
mine	other	VLMC_chr4_185481542	4	185481542	BD	BD_bip2024	VLMC	VLMC	0.0444139942933086	2619
mine	other	VLMC_chr13_90642534	13	90642534	PD	PD_Nalls2019	VLMC	VLMC	0.0407281129958621	2706
mine	TMEM106B	VLMC_chr7_12252119	7	12252119	PD	PD_Nalls2019	VLMC	VLMC	0.0405376485444201	3962
mine	other	VLMC_chr11_25313804	11	25313804	SCZ	SCZ_Trubetskoy2022	VLMC	VLMC	0.0390961366952846	2788
mine	other	VLMC_chr19_6873081	19	6873081	LBD	LBD_Chia2021	VLMC	VLMC	0.0290952823032422	2414
mine	other	VLMC_chr9_15547189	9	15547189	SCZ	SCZ_Trubetskoy2022	VLMC	VLMC	0.0232344883747958	1940
mine	other	VLMC_chr19_6873081	19	6873081	BD	BD_bip2024	VLMC	VLMC	0.0223283193632803	2376
mine	other	VLMC_chr3_33546760	3	33546760	SCZ	SCZ_Trubetskoy2022	VLMC	VLMC	0.0214156094576538	1632
mine	other	VLMC_chr9_15547189	9	15547189	LBD	LBD_Chia2021	VLMC	VLMC	0.0213814041361082	2054
mine	other	VLMC_chr12_121436376	12	121436376	LBD	LBD_Chia2021	VLMC	VLMC	0.020522561087969	2117
mine	other	VLMC_chr6_32900406	6	32900406	SCZ	SCZ_Trubetskoy2022	VLMC	VLMC	0.0205013463333619	6433
mine	other	VLMC_chr6_32900406	6	32900406	BD	BD_bip2024	VLMC	VLMC	0.0203879176677033	5545
mine	other	VLMC_chr4_185481542	4	185481542	AD	AD_Bellenguez2022	VLMC	VLMC	0.019765150584043	3324
mine	other	VLMC_chr4_42624233	4	42624233	BD	BD_bip2024	VLMC	VLMC	0.0187982574337004	2143
mine	other	VLMC_chr2_20173255	2	20173255	LBD	LBD_Chia2021	VLMC	VLMC	0.0185026474992431	2270
mine	other	VLMC_chr7_54777744	7	54777744	LBD	LBD_Chia2021	VLMC	VLMC	0.0177284526472377	2244
mine	other	VLMC_chr19_6873081	19	6873081	AD	AD_Bellenguez2022	VLMC	VLMC	0.0175312455278607	3039
mine	other	VLMC_chr6_32900406	6	32900406	AD	AD_Bellenguez2022	VLMC	VLMC	0.0174767692881822	7093
mine	TMEM106B	VLMC_chr7_12252119	7	12252119	SCZ	SCZ_Trubetskoy2022	VLMC	VLMC	0.0174015771946052	3338
mine	other	VLMC_chr17_14747790	17	14747790	LBD	LBD_Chia2021	VLMC	VLMC	0.0165134794189181	2810
mine	other	VLMC_chr4_42624233	4	42624233	LBD	LBD_Chia2021	VLMC	VLMC	0.0163691680945851	2143
mine	other	VLMC_chr19_6873081	19	6873081	PD	PD_Nalls2019	VLMC	VLMC	0.0159950192989776	2718
mine	other	VLMC_chr4_42624233	4	42624233	PD	PD_Nalls2019	VLMC	VLMC	0.0158864379783744	2505
mine	other	VLMC_chr6_102024369	6	102024369	LBD	LBD_Chia2021	VLMC	VLMC	0.0158558043923902	1959
mine	other	VLMC_chr4_185481542	4	185481542	LBD	LBD_Chia2021	VLMC	VLMC	0.0154389369777227	2723
mine	other	VLMC_chr4_8774285	4	8774285	LBD	LBD_Chia2021	VLMC	VLMC	0.0153610907024871	2109
mine	other	VLMC_chr6_102024369	6	102024369	SCZ	SCZ_Trubetskoy2022	VLMC	VLMC	0.0148689807794304	1882
mine	other	VLMC_chr13_90642534	13	90642534	LBD	LBD_Chia2021	VLMC	VLMC	0.0144043606209134	2707
mine	other	VLMC_chr4_8774285	4	8774285	PD	PD_Nalls2019	VLMC	VLMC	0.0142791304000049	2601
mine	other	VLMC_chr6_32900406	6	32900406	PD	PD_Nalls2019	VLMC	VLMC	0.0138966305135314	6566
mine	other	VLMC_chr6_88547515	6	88547515	LBD	LBD_Chia2021	VLMC	VLMC	0.0134200996018416	1769
mine	other	VLMC_chr13_90642534	13	90642534	BD	BD_bip2024	VLMC	VLMC	0.0123341835953905	2471
mine	other	VLMC_chr6_88547515	6	88547515	BD	BD_bip2024	VLMC	VLMC	0.0121870977630795	1796
mine	other	VLMC_chr7_54777744	7	54777744	AD	AD_Bellenguez2022	VLMC	VLMC	0.0118271479230212	2848
mine	other	VLMC_chr1_216837341	1	216837341	SCZ	SCZ_Trubetskoy2022	VLMC	VLMC	0.0117158276877176	1860
mine	other	VLMC_chr2_20173255	2	20173255	PD	PD_Nalls2019	VLMC	VLMC	0.0115198319150939	2484
mine	other	VLMC_chr12_121436376	12	121436376	AD	AD_Bellenguez2022	VLMC	VLMC	0.011247755242354	2572
mine	other	VLMC_chr14_45202023	14	45202023	PD	PD_Nalls2019	VLMC	VLMC	0.0112290333130592	1976
mine	other	VLMC_chr9_15547189	9	15547189	BD	BD_bip2024	VLMC	VLMC	0.0106305517868993	1904
mine	other	VLMC_chr9_15547189	9	15547189	PD	PD_Nalls2019	VLMC	VLMC	0.0106148880550638	2289
mine	other	VLMC_chr1_216837341	1	216837341	MDD	MDD_MDD2025	VLMC	VLMC	0.0105539555684934	1732
mine	other	VLMC_chr6_32900406	6	32900406	LBD	LBD_Chia2021	VLMC	VLMC	0.0105031914566385	4914
mine	other	VLMC_chr7_54777744	7	54777744	PD	PD_Nalls2019	VLMC	VLMC	0.00973814860707229	2582
mine	other	VLMC_chr11_25313804	11	25313804	PD	PD_Nalls2019	VLMC	VLMC	0.00962382182678061	3198
mine	other	VLMC_chr14_45202023	14	45202023	LBD	LBD_Chia2021	VLMC	VLMC	0.009540083891071	1639
mine	other	VLMC_chr4_84497565	4	84497565	BD	BD_bip2024	VLMC	VLMC	0.00945867092847826	1847
mine	other	VLMC_chr9_15547189	9	15547189	AD	AD_Bellenguez2022	VLMC	VLMC	0.00922170181508968	2581
mine	other	VLMC_chr4_185481542	4	185481542	SCZ	SCZ_Trubetskoy2022	VLMC	VLMC	0.00919863532651528	2666
mine	other	VLMC_chr4_185481542	4	185481542	PD	PD_Nalls2019	VLMC	VLMC	0.00870823495089987	3154
mine	other	VLMC_chr4_8774285	4	8774285	SCZ	SCZ_Trubetskoy2022	VLMC	VLMC	0.00868493421370308	2223
mine	other	VLMC_chr11_25313804	11	25313804	LBD	LBD_Chia2021	VLMC	VLMC	0.00837042383708959	2776
mine	other	VLMC_chr6_88547515	6	88547515	PD	PD_Nalls2019	VLMC	VLMC	0.0083516229392787	2123
mine	other	VLMC_chr12_121436376	12	121436376	PD	PD_Nalls2019	VLMC	VLMC	0.00830113727528867	2508
mine	other	VLMC_chr1_216837341	1	216837341	LBD	LBD_Chia2021	VLMC	VLMC	0.00791972907068714	1847
mine	other	VLMC_chr6_10906955	6	10906955	LBD	LBD_Chia2021	VLMC	VLMC	0.00770136154691278	1722
mine	other	VLMC_chr19_6873081	19	6873081	SCZ	SCZ_Trubetskoy2022	VLMC	VLMC	0.00734136106472979	2467
mine	other	VLMC_chr6_1483763	6	1483763	SCZ	SCZ_Trubetskoy2022	VLMC	VLMC	0.00722896066736362	2511
mine	other	VLMC_chr6_10906955	6	10906955	PD	PD_Nalls2019	VLMC	VLMC	0.00717666003568115	2179
mine	other	VLMC_chr6_88547515	6	88547515	SCZ	SCZ_Trubetskoy2022	VLMC	VLMC	0.0065305773440031	1825
mine	other	VLMC_chr2_20173255	2	20173255	SCZ	SCZ_Trubetskoy2022	VLMC	VLMC	0.00645113618951823	2309
mine	other	VLMC_chr4_8774285	4	8774285	AD	AD_Bellenguez2022	VLMC	VLMC	0.00641962859896614	2527
mine	other	VLMC_chr4_42624233	4	42624233	SCZ	SCZ_Trubetskoy2022	VLMC	VLMC	0.00602968693455445	2247
mine	other	VLMC_chr1_216837341	1	216837341	PD	PD_Nalls2019	VLMC	VLMC	0.00597143104343138	2051
mine	other	VLMC_chr2_20173255	2	20173255	BD	BD_bip2024	VLMC	VLMC	0.0057154185473955	2262
mine	other	VLMC_chr10_95438610	10	95438610	LBD	LBD_Chia2021	VLMC	VLMC	0.00561135358108199	2140
mine	other	VLMC_chr6_1483763	6	1483763	PD	PD_Nalls2019	VLMC	VLMC	0.00558520122041576	2769
mine	other	VLMC_chr1_216837341	1	216837341	AD	AD_Bellenguez2022	VLMC	VLMC	0.00552988430033755	2206
mine	other	VLMC_chr17_14747790	17	14747790	AD	AD_Bellenguez2022	VLMC	VLMC	0.00545880252573156	3419
mine	other	VLMC_chr6_1483763	6	1483763	LBD	LBD_Chia2021	VLMC	VLMC	0.00543611028550353	2423
mine	other	VLMC_chr4_84497565	4	84497565	PD	PD_Nalls2019	VLMC	VLMC	0.00527818207894608	2321
mine	other	VLMC_chr6_88547515	6	88547515	AD	AD_Bellenguez2022	VLMC	VLMC	0.00519132928160027	2250
mine	other	VLMC_chr7_54777744	7	54777744	MDD	MDD_MDD2025	VLMC	VLMC	0.00513431011396811	2248
mine	other	VLMC_chr6_102024369	6	102024369	AD	AD_Bellenguez2022	VLMC	VLMC	0.00512527866723768	2295
mine	other	VLMC_chr4_84497565	4	84497565	SCZ	SCZ_Trubetskoy2022	VLMC	VLMC	0.00503509916065987	1868
mine	other	VLMC_chr7_54777744	7	54777744	BD	BD_bip2024	VLMC	VLMC	0.00493571265582575	2241
mine	other	VLMC_chr4_42624233	4	42624233	AD	AD_Bellenguez2022	VLMC	VLMC	0.00487874205924807	2703
mine	other	VLMC_chr4_84497565	4	84497565	AD	AD_Bellenguez2022	VLMC	VLMC	0.00473649991097685	2510
mine	other	VLMC_chr10_95438610	10	95438610	AD	AD_Bellenguez2022	VLMC	VLMC	0.00461540129537617	2733
mine	other	VLMC_chr3_33546760	3	33546760	LBD	LBD_Chia2021	VLMC	VLMC	0.00459274070699143	1669
mine	other	VLMC_chr10_95438610	10	95438610	PD	PD_Nalls2019	VLMC	VLMC	0.00447780952574021	2487
mine	other	VLMC_chr13_90642534	13	90642534	AD	AD_Bellenguez2022	VLMC	VLMC	0.00446780335256046	2934
mine	other	VLMC_chr2_20173255	2	20173255	AD	AD_Bellenguez2022	VLMC	VLMC	0.00436748035230611	2663
mine	other	VLMC_chr14_45202023	14	45202023	BD	BD_bip2024	VLMC	VLMC	0.00429503266480987	1637
mine	other	VLMC_chr10_38137514	10	38137514	LBD	LBD_Chia2021	VLMC	VLMC	0.00425706463364782	1501
mine	other	VLMC_chr14_45202023	14	45202023	SCZ	SCZ_Trubetskoy2022	VLMC	VLMC	0.00422923903192381	1700
mine	other	VLMC_chr17_14747790	17	14747790	BD	BD_bip2024	VLMC	VLMC	0.00421084012055173	2703
mine	other	VLMC_chr7_54777744	7	54777744	SCZ	SCZ_Trubetskoy2022	VLMC	VLMC	0.00416455659778222	2284
mine	other	VLMC_chr13_90642534	13	90642534	SCZ	SCZ_Trubetskoy2022	VLMC	VLMC	0.00412714592984254	2519
mine	other	VLMC_chr6_102024369	6	102024369	BD	BD_bip2024	VLMC	VLMC	0.00401839837076153	1830
mine	other	VLMC_chr6_10906955	6	10906955	AD	AD_Bellenguez2022	VLMC	VLMC	0.00400681256934405	2318
mine	other	VLMC_chr13_90642534	13	90642534	MDD	MDD_MDD2025	VLMC	VLMC	0.00399053081105061	2453
mine	other	VLMC_chr4_8774285	4	8774285	BD	BD_bip2024	VLMC	VLMC	0.00380552133014005	2026
mine	other	VLMC_chr11_25313804	11	25313804	AD	AD_Bellenguez2022	VLMC	VLMC	0.00370170696572045	3466
mine	other	VLMC_chr6_1483763	6	1483763	AD	AD_Bellenguez2022	VLMC	VLMC	0.00368372391664952	2961
mine	other	VLMC_chr10_38137514	10	38137514	PD	PD_Nalls2019	VLMC	VLMC	0.00367051345486806	2077
mine	other	VLMC_chr4_84497565	4	84497565	LBD	LBD_Chia2021	VLMC	VLMC	0.00361138786838107	1610
mine	other	VLMC_chr14_45202023	14	45202023	AD	AD_Bellenguez2022	VLMC	VLMC	0.00345908516884253	2194
mine	other	VLMC_chr17_14747790	17	14747790	SCZ	SCZ_Trubetskoy2022	VLMC	VLMC	0.00336999206987216	2805
mine	other	VLMC_chr6_10906955	6	10906955	SCZ	SCZ_Trubetskoy2022	VLMC	VLMC	0.00331934163260355	1787
mine	other	VLMC_chr3_33546760	3	33546760	PD	PD_Nalls2019	VLMC	VLMC	0.00329902629106406	1888
mine	other	VLMC_chr3_33546760	3	33546760	AD	AD_Bellenguez2022	VLMC	VLMC	0.00326747169327178	2008
mine	other	VLMC_chr6_10906955	6	10906955	BD	BD_bip2024	VLMC	VLMC	0.00307255960663943	1741
mine	other	VLMC_chr10_38137514	10	38137514	MDD	MDD_MDD2025	VLMC	VLMC	0.0027591596585113	2030
mine	other	VLMC_chr9_15547189	9	15547189	MDD	MDD_MDD2025	VLMC	VLMC	0.00273312417399003	1810
mine	other	VLMC_chr19_6873081	19	6873081	MDD	MDD_MDD2025	VLMC	VLMC	0.00243653752950127	2348
mine	other	VLMC_chr6_102024369	6	102024369	MDD	MDD_MDD2025	VLMC	VLMC	0.00223045957902428	1810
mine	other	VLMC_chr12_121436376	12	121436376	BD	BD_bip2024	VLMC	VLMC	0.00218147948954638	2035
mine	other	VLMC_chr1_216837341	1	216837341	BD	BD_bip2024	VLMC	VLMC	0.00198543889123242	1785
mine	other	VLMC_chr6_1483763	6	1483763	BD	BD_bip2024	VLMC	VLMC	0.00176751978448555	2455
mine	other	VLMC_chr11_25313804	11	25313804	BD	BD_bip2024	VLMC	VLMC	0.00161105778566527	2580
mine	other	VLMC_chr4_185481542	4	185481542	MDD	MDD_MDD2025	VLMC	VLMC	0.00160017362131225	2578
mine	other	VLMC_chr4_42624233	4	42624233	MDD	MDD_MDD2025	VLMC	VLMC	0.00157933619254485	2128
mine	other	VLMC_chr2_20173255	2	20173255	MDD	MDD_MDD2025	VLMC	VLMC	0.00152710095721839	2171
mine	other	VLMC_chr3_33546760	3	33546760	BD	BD_bip2024	VLMC	VLMC	0.00125289699911173	1587
mine	other	VLMC_chr10_38137514	10	38137514	SCZ	SCZ_Trubetskoy2022	VLMC	VLMC	0.00122976784434518	2052
mine	other	VLMC_chr10_95438610	10	95438610	SCZ	SCZ_Trubetskoy2022	VLMC	VLMC	0.00120674013196239	2139
mine	other	VLMC_chr6_10906955	6	10906955	MDD	MDD_MDD2025	VLMC	VLMC	0.00119123496900147	1710
mine	other	VLMC_chr12_121436376	12	121436376	MDD	MDD_MDD2025	VLMC	VLMC	0.00115041613044785	2060
mine	other	VLMC_chr10_95438610	10	95438610	BD	BD_bip2024	VLMC	VLMC	0.00114861109661581	2087
mine	other	VLMC_chr3_33546760	3	33546760	MDD	MDD_MDD2025	VLMC	VLMC	0.00113643438615709	1323
mine	other	VLMC_chr6_1483763	6	1483763	MDD	MDD_MDD2025	VLMC	VLMC	0.00110318756182238	2401
mine	other	VLMC_chr10_38137514	10	38137514	AD	AD_Bellenguez2022	VLMC	VLMC	0.00108752489310081	2393
mine	other	VLMC_chr14_45202023	14	45202023	MDD	MDD_MDD2025	VLMC	VLMC	0.000901581654030593	1651
mine	other	VLMC_chr11_25313804	11	25313804	MDD	MDD_MDD2025	VLMC	VLMC	0.000874681275711077	2529
mine	other	VLMC_chr17_14747790	17	14747790	MDD	MDD_MDD2025	VLMC	VLMC	0.000832750293099345	2609
mine	other	VLMC_chr10_38137514	10	38137514	BD	BD_bip2024	VLMC	VLMC	0.000667503475971584	1990
mine	other	VLMC_chr10_95438610	10	95438610	MDD	MDD_MDD2025	VLMC	VLMC	0.000499171084539352	2071
mine	other	VLMC_chr4_8774285	4	8774285	MDD	MDD_MDD2025	VLMC	VLMC	0.000452077085889909	1234
mine	other	VLMC_chr4_84497565	4	84497565	MDD	MDD_MDD2025	VLMC	VLMC	0.000283397416734627	1833
mine	TMEM106B	VLMC_chr7_12252119	7	12252119	BD	BD_bip2024	VLMC	VLMC	0.000182195331212808	3221
his	GRN/FAM171A2	GRN_FAM171A2	NA	NA	AD	AD_Bellenguez2022	Sst_19	SST	0.999940236453293	2050
his	TMEM106B	TMEM106B	NA	NA	AD	AD_Bellenguez2022	Lamp5_5	LAMP5	0.914766427318206	5334
his	TMEM106B	TMEM106B	NA	NA	MDD	MDD_2025_Clin	Lamp5_5	LAMP5	0.581898782531772	4465
his	chr19_15.1Mb	chr19_15.1Mb	NA	NA	SCZ	SCZ_PGC3	L5_IT_6	IT	0.514097378451016	2996
his	chr4_31.1Mb	chr4_31.1Mb	NA	NA	SCZ	SCZ_PGC3	Sst_23	SST	0.376329810311224	3017
his	GRN/FAM171A2	GRN_FAM171A2	NA	NA	PD	PD_Nalls2019	Sst_19	SST	0.307481573970624	1913
his	chr19_3.4Mb	chr19_3.4Mb	NA	NA	PD	PD_Nalls2019	Sst_19	SST	0.156220428866834	2082
his	chr17_74.4Mb	chr17_74.4Mb	NA	NA	BD	BD_2024	Sst_25	SST	0.110616721090787	2188
his	GRN/FAM171A2	GRN_FAM171A2	NA	NA	SCZ	SCZ_PGC3	Sst_19	SST	0.0920741958614105	1803
his	chr19_15.1Mb	chr19_15.1Mb	NA	NA	LBD	LBD_Chia2021	L5_IT_6	IT	0.0813676886526317	2871
his	chr20_64.1Mb	chr20_64.1Mb	NA	NA	AD	AD_Bellenguez2022	L2_3_IT_8	IT	0.0791316190186413	1856
his	TMEM106B	TMEM106B	NA	NA	LBD	LBD_Chia2021	Lamp5_5	LAMP5	0.0655318594239235	4626
his	chr17_74.4Mb	chr17_74.4Mb	NA	NA	AD	AD_Bellenguez2022	Sst_25	SST	0.0643936880743543	2826
his	chr4_31.1Mb	chr4_31.1Mb	NA	NA	ADHD	ADHD_2022	Sst_23	SST	0.0634211845732807	2947
his	chr17_74.4Mb	chr17_74.4Mb	NA	NA	PD	PD_Nalls2019	Sst_25	SST	0.0600105709704106	2684
his	chr20_64.1Mb	chr20_64.1Mb	NA	NA	SCZ	SCZ_Bigdeli2026	L2_3_IT_8	IT	0.0593205492852293	2131
his	chr3_61.6Mb	chr3_61.6Mb	NA	NA	LBD	LBD_Chia2021	Pvalb_5	PVALB	0.054541095820327	3113
his	chr20_64.1Mb	chr20_64.1Mb	NA	NA	PD	PD_Nalls2019	L2_3_IT_8	IT	0.0524373024959581	1726
his	chr4_31.1Mb	chr4_31.1Mb	NA	NA	BD	BD_2024	Sst_23	SST	0.0518758313471798	2689
his	chr17_74.4Mb	chr17_74.4Mb	NA	NA	LBD	LBD_Chia2021	Sst_25	SST	0.0453835795095331	2376
his	chr13_68.4Mb	chr13_68.4Mb	NA	NA	SCZ	SCZ_Bigdeli2026	Sst_20	SST	0.0449411803357453	3183
his	chr17_74.4Mb	chr17_74.4Mb	NA	NA	CP_Lee2018	CP_Lee2018	Sst_25	SST	0.042058263035761	2613
his	chr20_64.1Mb	chr20_64.1Mb	NA	NA	SCZ	SCZ_PGC3	L2_3_IT_8	IT	0.0383876056446192	1676
his	chr20_64.1Mb	chr20_64.1Mb	NA	NA	LBD	LBD_Chia2021	L2_3_IT_8	IT	0.0357672899203191	1601
his	chr19_15.1Mb	chr19_15.1Mb	NA	NA	PD	PD_Nalls2019	L5_IT_6	IT	0.0353635387181113	3136
his	chr4_31.1Mb	chr4_31.1Mb	NA	NA	IQ_Savage2018	IQ_Savage2018	Sst_23	SST	0.0341525732453218	3015
his	TMEM106B	TMEM106B	NA	NA	PD	PD_Nalls2019	Lamp5_5	LAMP5	0.0328851077518178	4893
his	chr20_64.1Mb	chr20_64.1Mb	NA	NA	IQ_Savage2018	IQ_Savage2018	L2_3_IT_8	IT	0.0297744532151878	1672
his	chr19_15.1Mb	chr19_15.1Mb	NA	NA	BD	BD_2024	L5_IT_6	IT	0.0285059649442034	2773
his	chr19_15.1Mb	chr19_15.1Mb	NA	NA	SCZ	SCZ_Bigdeli2026	L5_IT_6	IT	0.0282305917986539	3999
his	chr3_61.6Mb	chr3_61.6Mb	NA	NA	PD	PD_Nalls2019	Pvalb_5	PVALB	0.0279366151542044	3126
his	chr19_3.4Mb	chr19_3.4Mb	NA	NA	LBD	LBD_Chia2021	Sst_19	SST	0.0277863034247765	2035
his	chr19_15.1Mb	chr19_15.1Mb	NA	NA	AD	AD_Bellenguez2022	L5_IT_6	IT	0.0269200022301083	3382
his	chr4_31.1Mb	chr4_31.1Mb	NA	NA	LBD	LBD_Chia2021	Sst_23	SST	0.0247841635641058	2938
his	TMEM106B	TMEM106B	NA	NA	SCZ	SCZ_PGC3	Lamp5_5	LAMP5	0.023373864375456	4480
his	GRN/FAM171A2	GRN_FAM171A2	NA	NA	LBD	LBD_Chia2021	Sst_19	SST	0.0218520390145396	1824
his	GRN/FAM171A2	GRN_FAM171A2	NA	NA	SCZ	SCZ_Bigdeli2026	Sst_19	SST	0.020090306407279	2434
his	chr20_64.1Mb	chr20_64.1Mb	NA	NA	MDD	MDD_2025_Clin	L2_3_IT_8	IT	0.0172100465376601	1669
his	chr17_74.4Mb	chr17_74.4Mb	NA	NA	MDD	MDD_2025_Clin	Sst_25	SST	0.0159530384404769	2440
his	chr13_68.4Mb	chr13_68.4Mb	NA	NA	CP_Lee2018	CP_Lee2018	Sst_20	SST	0.0158962776805006	2618
his	chr19_15.1Mb	chr19_15.1Mb	NA	NA	ADHD	ADHD_2022	L5_IT_6	IT	0.0151696588709683	2894
his	chr19_15.1Mb	chr19_15.1Mb	NA	NA	MDD	MDD_2025_Clin	L5_IT_6	IT	0.0148866265728389	2959
his	chr19_3.4Mb	chr19_3.4Mb	NA	NA	MDD	MDD_2025_Clin	Sst_19	SST	0.0143860127275418	2033
his	chr20_64.1Mb	chr20_64.1Mb	NA	NA	CP_Lee2018	CP_Lee2018	L2_3_IT_8	IT	0.0142158420362131	1682
his	chr17_74.4Mb	chr17_74.4Mb	NA	NA	IQ_Savage2018	IQ_Savage2018	Sst_25	SST	0.013569427303623	2578
his	chr19_15.1Mb	chr19_15.1Mb	NA	NA	IQ_Savage2018	IQ_Savage2018	L5_IT_6	IT	0.0118669063312748	3076
his	chr4_31.1Mb	chr4_31.1Mb	NA	NA	MDD	MDD_2025_Clin	Sst_23	SST	0.0118392140620023	3007
his	GRN/FAM171A2	GRN_FAM171A2	NA	NA	MDD	MDD_2025_Clin	Sst_19	SST	0.0108056314788243	1796
his	chr3_61.6Mb	chr3_61.6Mb	NA	NA	ADHD	ADHD_2022	Pvalb_5	PVALB	0.0107794574239019	2916
his	chr17_74.4Mb	chr17_74.4Mb	NA	NA	ADHD	ADHD_2022	Sst_25	SST	0.00959733877103886	2289
his	chr19_3.4Mb	chr19_3.4Mb	NA	NA	SCZ	SCZ_PGC3	Sst_19	SST	0.00952417827520368	2046
his	chr4_31.1Mb	chr4_31.1Mb	NA	NA	SCZ	SCZ_Bigdeli2026	Sst_23	SST	0.00951004593623452	3726
his	GRN/FAM171A2	GRN_FAM171A2	NA	NA	ADHD	ADHD_2022	Sst_19	SST	0.00935280625132537	1717
his	chr3_61.6Mb	chr3_61.6Mb	NA	NA	AD	AD_Bellenguez2022	Pvalb_5	PVALB	0.00918276959710687	3412
his	chr13_68.4Mb	chr13_68.4Mb	NA	NA	IQ_Savage2018	IQ_Savage2018	Sst_20	SST	0.00864935562306569	2589
his	chr19_3.4Mb	chr19_3.4Mb	NA	NA	AD	AD_Bellenguez2022	Sst_19	SST	0.00804886655359239	2223
his	chr4_31.1Mb	chr4_31.1Mb	NA	NA	AD	AD_Bellenguez2022	Sst_23	SST	0.00802094036951242	3339
his	chr3_61.6Mb	chr3_61.6Mb	NA	NA	MDD	MDD_2025_Clin	Pvalb_5	PVALB	0.00800905122051392	2935
his	chr17_74.4Mb	chr17_74.4Mb	NA	NA	SCZ	SCZ_PGC3	Sst_25	SST	0.00794388358283621	2489
his	chr19_3.4Mb	chr19_3.4Mb	NA	NA	SCZ	SCZ_Bigdeli2026	Sst_19	SST	0.00773035650251175	2629
his	chr19_3.4Mb	chr19_3.4Mb	NA	NA	BD	BD_2024	Sst_19	SST	0.00749199208561621	1887
his	chr4_31.1Mb	chr4_31.1Mb	NA	NA	PD	PD_Nalls2019	Sst_23	SST	0.00729204219797209	3132
his	GRN/FAM171A2	GRN_FAM171A2	NA	NA	CP_Lee2018	CP_Lee2018	Sst_19	SST	0.00719094722950821	1887
his	chr19_3.4Mb	chr19_3.4Mb	NA	NA	IQ_Savage2018	IQ_Savage2018	Sst_19	SST	0.0069578970540419	1913
his	chr4_31.1Mb	chr4_31.1Mb	NA	NA	CP_Lee2018	CP_Lee2018	Sst_23	SST	0.00693744331748134	3061
his	chr20_64.1Mb	chr20_64.1Mb	NA	NA	BD	BD_2024	L2_3_IT_8	IT	0.00693567002783223	1557
his	chr13_68.4Mb	chr13_68.4Mb	NA	NA	PD	PD_Nalls2019	Sst_20	SST	0.00678709483703098	2683
his	chr17_74.4Mb	chr17_74.4Mb	NA	NA	SCZ	SCZ_Bigdeli2026	Sst_25	SST	0.00673865152321217	3227
his	TMEM106B	TMEM106B	NA	NA	ADHD	ADHD_2022	Lamp5_5	LAMP5	0.00603471662628429	4356
his	chr20_64.1Mb	chr20_64.1Mb	NA	NA	ADHD	ADHD_2022	L2_3_IT_8	IT	0.00602372201240604	1001
his	TMEM106B	TMEM106B	NA	NA	SCZ	SCZ_Bigdeli2026	Lamp5_5	LAMP5	0.00589722698179094	5598
his	chr3_61.6Mb	chr3_61.6Mb	NA	NA	SCZ	SCZ_Bigdeli2026	Pvalb_5	PVALB	0.00585785383055458	3825
his	chr19_15.1Mb	chr19_15.1Mb	NA	NA	CP_Lee2018	CP_Lee2018	L5_IT_6	IT	0.0057929737669835	3084
his	chr19_3.4Mb	chr19_3.4Mb	NA	NA	CP_Lee2018	CP_Lee2018	Sst_19	SST	0.00478257794048172	2053
his	chr3_61.6Mb	chr3_61.6Mb	NA	NA	BD	BD_2024	Pvalb_5	PVALB	0.0047605427966921	2662
his	chr13_68.4Mb	chr13_68.4Mb	NA	NA	LBD	LBD_Chia2021	Sst_20	SST	0.00464932272403836	2284
his	chr13_68.4Mb	chr13_68.4Mb	NA	NA	AD	AD_Bellenguez2022	Sst_20	SST	0.00455425285317779	2953
his	chr13_68.4Mb	chr13_68.4Mb	NA	NA	MDD	MDD_2025_Clin	Sst_20	SST	0.004264970025887	2408
his	TMEM106B	TMEM106B	NA	NA	CP_Lee2018	CP_Lee2018	Lamp5_5	LAMP5	0.00410242718678656	4727
his	chr3_61.6Mb	chr3_61.6Mb	NA	NA	IQ_Savage2018	IQ_Savage2018	Pvalb_5	PVALB	0.00405579652601388	3001
his	chr3_61.6Mb	chr3_61.6Mb	NA	NA	SCZ	SCZ_PGC3	Pvalb_5	PVALB	0.003820686480546	2977
his	chr3_61.6Mb	chr3_61.6Mb	NA	NA	CP_Lee2018	CP_Lee2018	Pvalb_5	PVALB	0.00336042503636623	3047
his	TMEM106B	TMEM106B	NA	NA	IQ_Savage2018	IQ_Savage2018	Lamp5_5	LAMP5	0.00226360853043592	4725
his	chr13_68.4Mb	chr13_68.4Mb	NA	NA	ADHD	ADHD_2022	Sst_20	SST	0.00223861747472737	2359
his	chr13_68.4Mb	chr13_68.4Mb	NA	NA	SCZ	SCZ_PGC3	Sst_20	SST	0.00181326814449427	2425
his	chr13_68.4Mb	chr13_68.4Mb	NA	NA	BD	BD_2024	Sst_20	SST	0.000880896718581778	2214
his	chr19_3.4Mb	chr19_3.4Mb	NA	NA	ADHD	ADHD_2022	Sst_19	SST	0.000768238066153088	966
his	GRN/FAM171A2	GRN_FAM171A2	NA	NA	IQ_Savage2018	IQ_Savage2018	Sst_19	SST	0.000450181543584007	1849
his	GRN/FAM171A2	GRN_FAM171A2	NA	NA	BD	BD_2024	Sst_19	SST	2.5268490954529e-06	1555
his	TMEM106B	TMEM106B	NA	NA	BD	BD_2024	Lamp5_5	LAMP5	7.03204299577828e-07	4007
