cohort	FID	IID	ancestry
ROSMAP	SM-CJEFQ	SM-CJEFQ	EUR
ROSMAP	SM-CJEFS	SM-CJEFS	EUR
ROSMAP	SM-CJEFU	SM-CJEFU	EUR
ROSMAP	SM-CJEFX	SM-CJEFX	EUR
ROSMAP	SM-CJEG1	SM-CJEG1	EUR
ROSMAP	SM-CJEG3	SM-CJEG3	EUR
ROSMAP	SM-CJEG4	SM-CJEG4	EUR
ROSMAP	SM-CJEG7	SM-CJEG7	EUR
ROSMAP	SM-CJEG8	SM-CJEG8	EUR
ROSMAP	SM-CJEG9	SM-CJEG9	EUR
ROSMAP	SM-CJEGA	SM-CJEGA	EUR
ROSMAP	SM-CJEGB	SM-CJEGB	EUR
ROSMAP	SM-CJEGE	SM-CJEGE	EUR
ROSMAP	SM-CJEGH	SM-CJEGH	EUR
ROSMAP	SM-CJEGI	SM-CJEGI	EUR
ROSMAP	SM-CJEGJ	SM-CJEGJ	EUR
ROSMAP	SM-CJEGK	SM-CJEGK	EUR
ROSMAP	SM-CJEGM	SM-CJEGM	EUR
ROSMAP	SM-CJEGN	SM-CJEGN	EUR
ROSMAP	SM-CJEGP	SM-CJEGP	EUR
ROSMAP	SM-CJEGS	SM-CJEGS	EUR
ROSMAP	SM-CJEGX	SM-CJEGX	EUR
ROSMAP	SM-CJEH2	SM-CJEH2	EUR
ROSMAP	SM-CJEH3	SM-CJEH3	EUR
ROSMAP	SM-CJEH6	SM-CJEH6	EUR
ROSMAP	SM-CJEHD	SM-CJEHD	EUR
ROSMAP	SM-CJEHF	SM-CJEHF	EUR
ROSMAP	SM-CJEHH	SM-CJEHH	EUR
ROSMAP	SM-CJEHK	SM-CJEHK	EUR
ROSMAP	SM-CJEHL	SM-CJEHL	EUR
ROSMAP	SM-CJEHM	SM-CJEHM	EUR
ROSMAP	SM-CJEHN	SM-CJEHN	EUR
ROSMAP	SM-CJEHP	SM-CJEHP	EUR
ROSMAP	SM-CJEHQ	SM-CJEHQ	EUR
ROSMAP	SM-CJEHR	SM-CJEHR	EUR
ROSMAP	SM-CJEHS	SM-CJEHS	EUR
ROSMAP	SM-CJEHT	SM-CJEHT	EUR
ROSMAP	SM-CJEHU	SM-CJEHU	EUR
ROSMAP	SM-CJEHY	SM-CJEHY	EUR
ROSMAP	SM-CJEI1	SM-CJEI1	EUR
ROSMAP	SM-CJEI2	SM-CJEI2	EUR
ROSMAP	SM-CJEI3	SM-CJEI3	EUR
ROSMAP	SM-CJEI5	SM-CJEI5	EUR
ROSMAP	SM-CJEI6	SM-CJEI6	EUR
ROSMAP	SM-CJEIA	SM-CJEIA	EUR
ROSMAP	SM-CJEIB	SM-CJEIB	EUR
ROSMAP	SM-CJEIC	SM-CJEIC	EUR
ROSMAP	SM-CJEIE	SM-CJEIE	EUR
ROSMAP	SM-CJEIH	SM-CJEIH	EUR
ROSMAP	SM-CJEIJ	SM-CJEIJ	EUR
ROSMAP	SM-CJEIL	SM-CJEIL	EUR
ROSMAP	SM-CJEIM	SM-CJEIM	EUR
ROSMAP	SM-CJEIN	SM-CJEIN	EUR
ROSMAP	SM-CJEIP	SM-CJEIP	EUR
ROSMAP	SM-CJEIR	SM-CJEIR	EUR
ROSMAP	SM-CJEIS	SM-CJEIS	EUR
ROSMAP	SM-CJEIU	SM-CJEIU	EUR
ROSMAP	SM-CJEIW	SM-CJEIW	EUR
ROSMAP	SM-CJEIX	SM-CJEIX	EUR
ROSMAP	SM-CJEJ4	SM-CJEJ4	EUR
ROSMAP	SM-CJEJ5	SM-CJEJ5	EUR
ROSMAP	SM-CJEJA	SM-CJEJA	EUR
ROSMAP	SM-CJEJB	SM-CJEJB	EUR
ROSMAP	SM-CJEJG	SM-CJEJG	EUR
ROSMAP	SM-CJEJH	SM-CJEJH	EUR
ROSMAP	SM-CJEJJ	SM-CJEJJ	EUR
ROSMAP	SM-CJEJK	SM-CJEJK	EUR
ROSMAP	SM-CJEJM	SM-CJEJM	EUR
ROSMAP	SM-CJEJN	SM-CJEJN	EUR
ROSMAP	SM-CJEJO	SM-CJEJO	EUR
ROSMAP	SM-CJEJQ	SM-CJEJQ	EUR
ROSMAP	SM-CJEJR	SM-CJEJR	EUR
ROSMAP	SM-CJEJS	SM-CJEJS	EUR
ROSMAP	SM-CJEJT	SM-CJEJT	EUR
ROSMAP	SM-CJEJY	SM-CJEJY	EUR
ROSMAP	SM-CJEK3	SM-CJEK3	EUR
ROSMAP	SM-CJEK4	SM-CJEK4	EUR
ROSMAP	SM-CJEK5	SM-CJEK5	EUR
ROSMAP	SM-CJEK6	SM-CJEK6	EUR
ROSMAP	SM-CJEK7	SM-CJEK7	EUR
ROSMAP	SM-CJEKA	SM-CJEKA	EUR
ROSMAP	SM-CJEKE	SM-CJEKE	EUR
ROSMAP	SM-CJEKF	SM-CJEKF	EUR
ROSMAP	SM-CJEKG	SM-CJEKG	EUR
ROSMAP	SM-CJEKJ	SM-CJEKJ	EUR
ROSMAP	SM-CJEKL	SM-CJEKL	EUR
ROSMAP	SM-CJEKN	SM-CJEKN	EUR
ROSMAP	SM-CJEKO	SM-CJEKO	EUR
ROSMAP	SM-CJEKP	SM-CJEKP	EUR
ROSMAP	SM-CJEKQ	SM-CJEKQ	EUR
ROSMAP	SM-CJEKR	SM-CJEKR	EUR
ROSMAP	SM-CJEKS	SM-CJEKS	EUR
ROSMAP	SM-CJEKV	SM-CJEKV	EUR
ROSMAP	SM-CJEKW	SM-CJEKW	EUR
ROSMAP	SM-CJEKX	SM-CJEKX	EUR
ROSMAP	SM-CJEKY	SM-CJEKY	EUR
ROSMAP	SM-CJEKZ	SM-CJEKZ	EUR
ROSMAP	SM-CJEL2	SM-CJEL2	EUR
ROSMAP	SM-CJEL6	SM-CJEL6	EUR
ROSMAP	SM-CJEL7	SM-CJEL7	EUR
ROSMAP	SM-CJFK4	SM-CJFK4	EUR
ROSMAP	SM-CJFK5	SM-CJFK5	EUR
ROSMAP	SM-CJFK6	SM-CJFK6	EUR
ROSMAP	SM-CJFK7	SM-CJFK7	EUR
ROSMAP	SM-CJFK8	SM-CJFK8	EUR
ROSMAP	SM-CJFK9	SM-CJFK9	EUR
ROSMAP	SM-CJFKA	SM-CJFKA	EUR
ROSMAP	SM-CJFKB	SM-CJFKB	EUR
ROSMAP	SM-CJFKD	SM-CJFKD	EUR
ROSMAP	SM-CJFKE	SM-CJFKE	EUR
ROSMAP	SM-CJFKF	SM-CJFKF	EUR
ROSMAP	SM-CJFKG	SM-CJFKG	EUR
ROSMAP	SM-CJFKH	SM-CJFKH	EUR
ROSMAP	SM-CJFKI	SM-CJFKI	EUR
ROSMAP	SM-CJFKJ	SM-CJFKJ	EUR
ROSMAP	SM-CJFKK	SM-CJFKK	EUR
ROSMAP	SM-CJFKM	SM-CJFKM	EUR
ROSMAP	SM-CJFKO	SM-CJFKO	EUR
ROSMAP	SM-CJFKP	SM-CJFKP	EUR
ROSMAP	SM-CJFKQ	SM-CJFKQ	EUR
ROSMAP	SM-CJFKR	SM-CJFKR	EUR
ROSMAP	SM-CJFKS	SM-CJFKS	EUR
ROSMAP	SM-CJFKT	SM-CJFKT	EUR
ROSMAP	SM-CJFKU	SM-CJFKU	EUR
ROSMAP	SM-CJFKV	SM-CJFKV	EUR
ROSMAP	SM-CJFKY	SM-CJFKY	EUR
ROSMAP	SM-CJFKZ	SM-CJFKZ	EUR
ROSMAP	SM-CJFL3	SM-CJFL3	EUR
ROSMAP	SM-CJFL4	SM-CJFL4	EUR
ROSMAP	SM-CJFL5	SM-CJFL5	EUR
ROSMAP	SM-CJFL7	SM-CJFL7	EUR
ROSMAP	SM-CJFL8	SM-CJFL8	EUR
ROSMAP	SM-CJFL9	SM-CJFL9	EUR
ROSMAP	SM-CJFLC	SM-CJFLC	EUR
ROSMAP	SM-CJFLE	SM-CJFLE	EUR
ROSMAP	SM-CJFLF	SM-CJFLF	EUR
ROSMAP	SM-CJFLG	SM-CJFLG	EUR
ROSMAP	SM-CJFLL	SM-CJFLL	EUR
ROSMAP	SM-CJFLM	SM-CJFLM	EUR
ROSMAP	SM-CJFLO	SM-CJFLO	EUR
ROSMAP	SM-CJFLQ	SM-CJFLQ	EUR
ROSMAP	SM-CJFLR	SM-CJFLR	EUR
ROSMAP	SM-CJFLS	SM-CJFLS	EUR
ROSMAP	SM-CJFLT	SM-CJFLT	EUR
ROSMAP	SM-CJFLV	SM-CJFLV	EUR
ROSMAP	SM-CJFLW	SM-CJFLW	EUR
ROSMAP	SM-CJFLX	SM-CJFLX	EUR
ROSMAP	SM-CJFLY	SM-CJFLY	EUR
ROSMAP	SM-CJFM1	SM-CJFM1	EUR
ROSMAP	SM-CJFM3	SM-CJFM3	EUR
ROSMAP	SM-CJFM5	SM-CJFM5	EUR
ROSMAP	SM-CJFM7	SM-CJFM7	EUR
ROSMAP	SM-CJFM8	SM-CJFM8	EUR
ROSMAP	SM-CJFM9	SM-CJFM9	EUR
ROSMAP	SM-CJFMA	SM-CJFMA	EUR
ROSMAP	SM-CJFMD	SM-CJFMD	EUR
ROSMAP	SM-CJFME	SM-CJFME	EUR
ROSMAP	SM-CJFMH	SM-CJFMH	EUR
ROSMAP	SM-CJFMJ	SM-CJFMJ	EUR
ROSMAP	SM-CJFMK	SM-CJFMK	EUR
ROSMAP	SM-CJFMO	SM-CJFMO	EUR
ROSMAP	SM-CJFMP	SM-CJFMP	EUR
ROSMAP	SM-CJFMU	SM-CJFMU	EUR
ROSMAP	SM-CJFMV	SM-CJFMV	EUR
ROSMAP	SM-CJFMY	SM-CJFMY	EUR
ROSMAP	SM-CJFMZ	SM-CJFMZ	EUR
ROSMAP	SM-CJFN2	SM-CJFN2	EUR
ROSMAP	SM-CJFN3	SM-CJFN3	EUR
ROSMAP	SM-CJFN5	SM-CJFN5	EUR
ROSMAP	SM-CJFN6	SM-CJFN6	EUR
ROSMAP	SM-CJFN8	SM-CJFN8	EUR
ROSMAP	SM-CJFN9	SM-CJFN9	EUR
ROSMAP	SM-CJFNB	SM-CJFNB	EUR
ROSMAP	SM-CJFNF	SM-CJFNF	EUR
ROSMAP	SM-CJFNH	SM-CJFNH	EUR
ROSMAP	SM-CJFNI	SM-CJFNI	EUR
ROSMAP	SM-CJFNJ	SM-CJFNJ	EUR
ROSMAP	SM-CJFNK	SM-CJFNK	EUR
ROSMAP	SM-CJFNL	SM-CJFNL	EUR
ROSMAP	SM-CJFNM	SM-CJFNM	EUR
ROSMAP	SM-CJFNO	SM-CJFNO	EUR
ROSMAP	SM-CJFNQ	SM-CJFNQ	EUR
ROSMAP	SM-CJFNR	SM-CJFNR	EUR
ROSMAP	SM-CJFNS	SM-CJFNS	EUR
ROSMAP	SM-CJFNU	SM-CJFNU	EUR
ROSMAP	SM-CJFNV	SM-CJFNV	EUR
ROSMAP	SM-CJFNY	SM-CJFNY	EUR
ROSMAP	SM-CJFO1	SM-CJFO1	EUR
ROSMAP	SM-CJFO3	SM-CJFO3	EUR
ROSMAP	SM-CJFO4	SM-CJFO4	EUR
ROSMAP	SM-CJFO5	SM-CJFO5	EUR
ROSMAP	SM-CJFO7	SM-CJFO7	EUR
ROSMAP	SM-CJFO8	SM-CJFO8	EUR
ROSMAP	SM-CJFO9	SM-CJFO9	EUR
ROSMAP	SM-CJFOF	SM-CJFOF	EUR
ROSMAP	SM-CJFOH	SM-CJFOH	EUR
ROSMAP	SM-CJFOI	SM-CJFOI	EUR
ROSMAP	SM-CJFOK	SM-CJFOK	EUR
ROSMAP	SM-CJFOL	SM-CJFOL	EUR
ROSMAP	SM-CJFON	SM-CJFON	EUR
ROSMAP	SM-CJFOP	SM-CJFOP	EUR
ROSMAP	SM-CJFOQ	SM-CJFOQ	EUR
ROSMAP	SM-CJFOR	SM-CJFOR	EUR
ROSMAP	SM-CJFOS	SM-CJFOS	EUR
ROSMAP	SM-CJFOW	SM-CJFOW	EUR
ROSMAP	SM-CJFP4	SM-CJFP4	EUR
ROSMAP	SM-CJFP6	SM-CJFP6	EUR
ROSMAP	SM-CJFP7	SM-CJFP7	EUR
ROSMAP	SM-CJFPE	SM-CJFPE	EUR
ROSMAP	SM-CJFPF	SM-CJFPF	EUR
ROSMAP	SM-CJFPH	SM-CJFPH	EUR
ROSMAP	SM-CJGGK	SM-CJGGK	EUR
ROSMAP	SM-CJGGL	SM-CJGGL	EUR
ROSMAP	SM-CJGGM	SM-CJGGM	EUR
ROSMAP	SM-CJGGN	SM-CJGGN	EUR
ROSMAP	SM-CJGGO	SM-CJGGO	EUR
ROSMAP	SM-CJGGP	SM-CJGGP	EUR
ROSMAP	SM-CJGGQ	SM-CJGGQ	EUR
ROSMAP	SM-CJGGR	SM-CJGGR	EUR
ROSMAP	SM-CJGGT	SM-CJGGT	EUR
ROSMAP	SM-CJGGU	SM-CJGGU	EUR
ROSMAP	SM-CJGGV	SM-CJGGV	EUR
ROSMAP	SM-CJGGW	SM-CJGGW	EUR
ROSMAP	SM-CJGGY	SM-CJGGY	EUR
ROSMAP	SM-CJGGZ	SM-CJGGZ	EUR
ROSMAP	SM-CJGH1	SM-CJGH1	EUR
ROSMAP	SM-CJGH2	SM-CJGH2	EUR
ROSMAP	SM-CJGH6	SM-CJGH6	EUR
ROSMAP	SM-CJGH7	SM-CJGH7	EUR
ROSMAP	SM-CJGH8	SM-CJGH8	EUR
ROSMAP	SM-CJGH9	SM-CJGH9	EUR
ROSMAP	SM-CJGHA	SM-CJGHA	EUR
ROSMAP	SM-CJGHB	SM-CJGHB	EUR
ROSMAP	SM-CJGHD	SM-CJGHD	EUR
ROSMAP	SM-CJGHE	SM-CJGHE	EUR
ROSMAP	SM-CJGHF	SM-CJGHF	EUR
ROSMAP	SM-CJGHG	SM-CJGHG	EUR
ROSMAP	SM-CJGHH	SM-CJGHH	EUR
ROSMAP	SM-CJGHI	SM-CJGHI	EUR
ROSMAP	SM-CJGHJ	SM-CJGHJ	EUR
ROSMAP	SM-CJGHN	SM-CJGHN	EUR
ROSMAP	SM-CJGHO	SM-CJGHO	EUR
ROSMAP	SM-CJGHP	SM-CJGHP	EUR
ROSMAP	SM-CJGHQ	SM-CJGHQ	EUR
ROSMAP	SM-CJGHS	SM-CJGHS	EUR
ROSMAP	SM-CJGHV	SM-CJGHV	EUR
ROSMAP	SM-CJGHW	SM-CJGHW	EUR
ROSMAP	SM-CJGHX	SM-CJGHX	EUR
ROSMAP	SM-CJGHY	SM-CJGHY	EUR
ROSMAP	SM-CJGHZ	SM-CJGHZ	EUR
ROSMAP	SM-CJGI1	SM-CJGI1	EUR
ROSMAP	SM-CJGI4	SM-CJGI4	EUR
ROSMAP	SM-CJGI5	SM-CJGI5	EUR
ROSMAP	SM-CJGI8	SM-CJGI8	EUR
ROSMAP	SM-CJGI9	SM-CJGI9	EUR
ROSMAP	SM-CJGIA	SM-CJGIA	EUR
ROSMAP	SM-CJGIB	SM-CJGIB	EUR
ROSMAP	SM-CJGID	SM-CJGID	EUR
ROSMAP	SM-CJGIE	SM-CJGIE	EUR
ROSMAP	SM-CJGIF	SM-CJGIF	EUR
ROSMAP	SM-CJGIG	SM-CJGIG	EUR
ROSMAP	SM-CJGIH	SM-CJGIH	EUR
ROSMAP	SM-CJGII	SM-CJGII	EUR
ROSMAP	SM-CJGIJ	SM-CJGIJ	EUR
ROSMAP	SM-CJGIL	SM-CJGIL	EUR
ROSMAP	SM-CJGIM	SM-CJGIM	EUR
ROSMAP	SM-CJGIN	SM-CJGIN	EUR
ROSMAP	SM-CJGIQ	SM-CJGIQ	EUR
ROSMAP	SM-CJGIR	SM-CJGIR	EUR
ROSMAP	SM-CJGIS	SM-CJGIS	EUR
ROSMAP	SM-CJGIT	SM-CJGIT	EUR
ROSMAP	SM-CJGIV	SM-CJGIV	EUR
ROSMAP	SM-CJGIW	SM-CJGIW	EUR
ROSMAP	SM-CJGIX	SM-CJGIX	EUR
ROSMAP	SM-CJGIY	SM-CJGIY	EUR
ROSMAP	SM-CJGIZ	SM-CJGIZ	EUR
ROSMAP	SM-CJGJ1	SM-CJGJ1	EUR
ROSMAP	SM-CJGJ2	SM-CJGJ2	EUR
ROSMAP	SM-CJGJ3	SM-CJGJ3	EUR
ROSMAP	SM-CJGJ4	SM-CJGJ4	EUR
ROSMAP	SM-CJGJ5	SM-CJGJ5	EUR
ROSMAP	SM-CJGJ7	SM-CJGJ7	EUR
ROSMAP	SM-CJGJ8	SM-CJGJ8	EUR
ROSMAP	SM-CJGJ9	SM-CJGJ9	EUR
ROSMAP	SM-CJGLD	SM-CJGLD	EUR
ROSMAP	SM-CJGLE	SM-CJGLE	EUR
ROSMAP	SM-CJGLF	SM-CJGLF	EUR
ROSMAP	SM-CJGLG	SM-CJGLG	EUR
ROSMAP	SM-CJGLH	SM-CJGLH	EUR
ROSMAP	SM-CJGLJ	SM-CJGLJ	EUR
ROSMAP	SM-CJGLM	SM-CJGLM	EUR
ROSMAP	SM-CJGLP	SM-CJGLP	EUR
ROSMAP	SM-CJGLR	SM-CJGLR	EUR
ROSMAP	SM-CJGLS	SM-CJGLS	EUR
ROSMAP	SM-CJGLT	SM-CJGLT	EUR
ROSMAP	SM-CJGLU	SM-CJGLU	EUR
ROSMAP	SM-CJGLV	SM-CJGLV	EUR
ROSMAP	SM-CJGLZ	SM-CJGLZ	EUR
ROSMAP	SM-CJGM3	SM-CJGM3	EUR
ROSMAP	SM-CJGM4	SM-CJGM4	EUR
ROSMAP	SM-CJGM5	SM-CJGM5	EUR
ROSMAP	SM-CJGM7	SM-CJGM7	EUR
ROSMAP	SM-CJGM9	SM-CJGM9	EUR
ROSMAP	SM-CJGMG	SM-CJGMG	EUR
ROSMAP	SM-CJGMH	SM-CJGMH	EUR
ROSMAP	SM-CJGMI	SM-CJGMI	EUR
ROSMAP	SM-CJGMJ	SM-CJGMJ	EUR
ROSMAP	SM-CJGMK	SM-CJGMK	EUR
ROSMAP	SM-CJGML	SM-CJGML	EUR
ROSMAP	SM-CJGMN	SM-CJGMN	EUR
ROSMAP	SM-CJGMO	SM-CJGMO	EUR
ROSMAP	SM-CJGMP	SM-CJGMP	EUR
ROSMAP	SM-CJGMQ	SM-CJGMQ	EUR
ROSMAP	SM-CJGMR	SM-CJGMR	EUR
ROSMAP	SM-CJGMS	SM-CJGMS	EUR
ROSMAP	SM-CJGMT	SM-CJGMT	EUR
ROSMAP	SM-CJGMU	SM-CJGMU	EUR
ROSMAP	SM-CJGMV	SM-CJGMV	EUR
ROSMAP	SM-CJGMX	SM-CJGMX	EUR
ROSMAP	SM-CJGMZ	SM-CJGMZ	EUR
ROSMAP	SM-CJGN1	SM-CJGN1	EUR
ROSMAP	SM-CJGN2	SM-CJGN2	EUR
ROSMAP	SM-CJGN3	SM-CJGN3	EUR
ROSMAP	SM-CJGN4	SM-CJGN4	EUR
ROSMAP	SM-CJGN5	SM-CJGN5	EUR
ROSMAP	SM-CJGN7	SM-CJGN7	EUR
ROSMAP	SM-CJGN9	SM-CJGN9	EUR
ROSMAP	SM-CJGNB	SM-CJGNB	EUR
ROSMAP	SM-CJGNC	SM-CJGNC	EUR
ROSMAP	SM-CJGNE	SM-CJGNE	EUR
ROSMAP	SM-CJGNF	SM-CJGNF	EUR
ROSMAP	SM-CJGNG	SM-CJGNG	EUR
ROSMAP	SM-CJGNI	SM-CJGNI	EUR
ROSMAP	SM-CJGNJ	SM-CJGNJ	EUR
ROSMAP	SM-CJGNK	SM-CJGNK	EUR
ROSMAP	SM-CJGNM	SM-CJGNM	EUR
ROSMAP	SM-CJGNN	SM-CJGNN	EUR
ROSMAP	SM-CJGNO	SM-CJGNO	EUR
ROSMAP	SM-CJGNP	SM-CJGNP	EUR
ROSMAP	SM-CJGNQ	SM-CJGNQ	EUR
ROSMAP	SM-CJGNS	SM-CJGNS	EUR
ROSMAP	SM-CJGNT	SM-CJGNT	EUR
ROSMAP	SM-CJGNX	SM-CJGNX	EUR
ROSMAP	SM-CJGNZ	SM-CJGNZ	EUR
ROSMAP	SM-CJGO3	SM-CJGO3	EUR
ROSMAP	SM-CJIWS	SM-CJIWS	EUR
ROSMAP	SM-CJIWT	SM-CJIWT	EUR
ROSMAP	SM-CJIWU	SM-CJIWU	EUR
ROSMAP	SM-CJIWV	SM-CJIWV	EUR
ROSMAP	SM-CJIWW	SM-CJIWW	EUR
ROSMAP	SM-CJIWX	SM-CJIWX	EUR
ROSMAP	SM-CJIWY	SM-CJIWY	EUR
ROSMAP	SM-CJIX1	SM-CJIX1	EUR
ROSMAP	SM-CJIX3	SM-CJIX3	EUR
ROSMAP	SM-CJIX4	SM-CJIX4	EUR
ROSMAP	SM-CJIX5	SM-CJIX5	EUR
ROSMAP	SM-CJIX6	SM-CJIX6	EUR
ROSMAP	SM-CJIX9	SM-CJIX9	EUR
ROSMAP	SM-CJIXA	SM-CJIXA	EUR
ROSMAP	SM-CJIXC	SM-CJIXC	EUR
ROSMAP	SM-CJIXD	SM-CJIXD	EUR
ROSMAP	SM-CJIXG	SM-CJIXG	EUR
ROSMAP	SM-CJIXH	SM-CJIXH	EUR
ROSMAP	SM-CJIXI	SM-CJIXI	EUR
ROSMAP	SM-CJIXJ	SM-CJIXJ	EUR
ROSMAP	SM-CJIXK	SM-CJIXK	EUR
ROSMAP	SM-CJIXL	SM-CJIXL	EUR
ROSMAP	SM-CJIXM	SM-CJIXM	EUR
ROSMAP	SM-CJIXO	SM-CJIXO	EUR
ROSMAP	SM-CJIXP	SM-CJIXP	EUR
ROSMAP	SM-CJIXQ	SM-CJIXQ	EUR
ROSMAP	SM-CJIXR	SM-CJIXR	EUR
ROSMAP	SM-CJIXS	SM-CJIXS	EUR
ROSMAP	SM-CJIXU	SM-CJIXU	EUR
ROSMAP	SM-CJIXW	SM-CJIXW	EUR
ROSMAP	SM-CJIXY	SM-CJIXY	EUR
ROSMAP	SM-CJIXZ	SM-CJIXZ	EUR
ROSMAP	SM-CJIY1	SM-CJIY1	EUR
ROSMAP	SM-CJIY2	SM-CJIY2	EUR
ROSMAP	SM-CJIY3	SM-CJIY3	EUR
ROSMAP	SM-CJIY5	SM-CJIY5	EUR
ROSMAP	SM-CJIY6	SM-CJIY6	EUR
ROSMAP	SM-CJIY7	SM-CJIY7	EUR
ROSMAP	SM-CJIY8	SM-CJIY8	EUR
ROSMAP	SM-CJIY9	SM-CJIY9	EUR
ROSMAP	SM-CJIYA	SM-CJIYA	EUR
ROSMAP	SM-CJIYC	SM-CJIYC	EUR
ROSMAP	SM-CJIYE	SM-CJIYE	EUR
ROSMAP	SM-CJIYF	SM-CJIYF	EUR
ROSMAP	SM-CJIYG	SM-CJIYG	EUR
ROSMAP	SM-CJIYI	SM-CJIYI	EUR
ROSMAP	SM-CJIYJ	SM-CJIYJ	EUR
ROSMAP	SM-CJIYK	SM-CJIYK	EUR
ROSMAP	SM-CJIYM	SM-CJIYM	EUR
ROSMAP	SM-CJIYQ	SM-CJIYQ	EUR
ROSMAP	SM-CJIYU	SM-CJIYU	EUR
ROSMAP	SM-CJIYV	SM-CJIYV	EUR
ROSMAP	SM-CJIYW	SM-CJIYW	EUR
ROSMAP	SM-CJIYX	SM-CJIYX	EUR
ROSMAP	SM-CJIYZ	SM-CJIYZ	EUR
ROSMAP	SM-CJIZ1	SM-CJIZ1	EUR
ROSMAP	SM-CJIZ5	SM-CJIZ5	EUR
ROSMAP	SM-CJIZF	SM-CJIZF	EUR
ROSMAP	SM-CJIZH	SM-CJIZH	EUR
ROSMAP	SM-CJIZI	SM-CJIZI	EUR
ROSMAP	SM-CJIZJ	SM-CJIZJ	EUR
ROSMAP	SM-CJIZK	SM-CJIZK	EUR
ROSMAP	SM-CJIZL	SM-CJIZL	EUR
ROSMAP	SM-CJIZM	SM-CJIZM	EUR
ROSMAP	SM-CJIZO	SM-CJIZO	EUR
ROSMAP	SM-CJIZP	SM-CJIZP	EUR
ROSMAP	SM-CJIZQ	SM-CJIZQ	EUR
ROSMAP	SM-CJIZR	SM-CJIZR	EUR
ROSMAP	SM-CJIZS	SM-CJIZS	EUR
ROSMAP	SM-CJIZT	SM-CJIZT	EUR
ROSMAP	SM-CJIZV	SM-CJIZV	EUR
ROSMAP	SM-CJIZX	SM-CJIZX	EUR
ROSMAP	SM-CJIZY	SM-CJIZY	EUR
ROSMAP	SM-CJIZZ	SM-CJIZZ	EUR
ROSMAP	SM-CJJ11	SM-CJJ11	EUR
ROSMAP	SM-CJJ13	SM-CJJ13	EUR
ROSMAP	SM-CJJ14	SM-CJJ14	EUR
ROSMAP	SM-CJJ15	SM-CJJ15	EUR
ROSMAP	SM-CJJ17	SM-CJJ17	EUR
ROSMAP	SM-CJJ18	SM-CJJ18	EUR
ROSMAP	SM-CJJ19	SM-CJJ19	EUR
ROSMAP	SM-CJJ1A	SM-CJJ1A	EUR
ROSMAP	SM-CJJ1B	SM-CJJ1B	EUR
ROSMAP	SM-CJJ1C	SM-CJJ1C	EUR
ROSMAP	SM-CJJ1D	SM-CJJ1D	EUR
ROSMAP	SM-CJJ1E	SM-CJJ1E	EUR
ROSMAP	SM-CJJ1F	SM-CJJ1F	EUR
ROSMAP	SM-CJJ1G	SM-CJJ1G	EUR
ROSMAP	SM-CJJ1H	SM-CJJ1H	EUR
ROSMAP	SM-CJJ1J	SM-CJJ1J	EUR
ROSMAP	SM-CJJ1K	SM-CJJ1K	EUR
ROSMAP	SM-CJJ1L	SM-CJJ1L	EUR
ROSMAP	SM-CJJ1M	SM-CJJ1M	EUR
ROSMAP	SM-CJJ1N	SM-CJJ1N	EUR
ROSMAP	SM-CJJ1O	SM-CJJ1O	EUR
ROSMAP	SM-CJJ1P	SM-CJJ1P	EUR
ROSMAP	SM-CJJ1Q	SM-CJJ1Q	EUR
ROSMAP	SM-CJJ1R	SM-CJJ1R	EUR
ROSMAP	SM-CJJ1S	SM-CJJ1S	EUR
ROSMAP	SM-CJJ1X	SM-CJJ1X	EUR
ROSMAP	SM-CJJ22	SM-CJJ22	EUR
ROSMAP	SM-CJJ23	SM-CJJ23	EUR
ROSMAP	SM-CJJ24	SM-CJJ24	EUR
ROSMAP	SM-CJJ25	SM-CJJ25	EUR
ROSMAP	SM-CJJ26	SM-CJJ26	EUR
ROSMAP	SM-CJJ27	SM-CJJ27	EUR
ROSMAP	SM-CJJ28	SM-CJJ28	EUR
ROSMAP	SM-CJJ29	SM-CJJ29	EUR
ROSMAP	SM-CJJ2B	SM-CJJ2B	EUR
ROSMAP	SM-CJJ2D	SM-CJJ2D	EUR
ROSMAP	SM-CJJ2F	SM-CJJ2F	EUR
ROSMAP	SM-CJJ2G	SM-CJJ2G	EUR
ROSMAP	SM-CJJ2J	SM-CJJ2J	EUR
ROSMAP	SM-CJJ2M	SM-CJJ2M	EUR
ROSMAP	SM-CJJ2N	SM-CJJ2N	EUR
ROSMAP	SM-CJJ2O	SM-CJJ2O	EUR
ROSMAP	SM-CJJ2P	SM-CJJ2P	EUR
ROSMAP	SM-CJJ2R	SM-CJJ2R	EUR
ROSMAP	SM-CJJ2T	SM-CJJ2T	EUR
ROSMAP	SM-CJJ2U	SM-CJJ2U	EUR
ROSMAP	SM-CJJ2V	SM-CJJ2V	EUR
ROSMAP	SM-CJJ2X	SM-CJJ2X	EUR
ROSMAP	SM-CJJ2Z	SM-CJJ2Z	EUR
ROSMAP	SM-CJJ31	SM-CJJ31	EUR
ROSMAP	SM-CJJ32	SM-CJJ32	EUR
ROSMAP	SM-CJJ35	SM-CJJ35	EUR
ROSMAP	SM-CJJ38	SM-CJJ38	EUR
ROSMAP	SM-CJK3B	SM-CJK3B	EUR
ROSMAP	SM-CJK3C	SM-CJK3C	EUR
ROSMAP	SM-CJK3D	SM-CJK3D	EUR
ROSMAP	SM-CJK3E	SM-CJK3E	EUR
ROSMAP	SM-CJK3I	SM-CJK3I	EUR
ROSMAP	SM-CJK3J	SM-CJK3J	EUR
ROSMAP	SM-CJK3L	SM-CJK3L	EUR
ROSMAP	SM-CJK3O	SM-CJK3O	EUR
ROSMAP	SM-CJK3P	SM-CJK3P	EUR
ROSMAP	SM-CJK3S	SM-CJK3S	EUR
ROSMAP	SM-CJK3W	SM-CJK3W	EUR
ROSMAP	SM-CJK3X	SM-CJK3X	EUR
ROSMAP	SM-CJK42	SM-CJK42	EUR
ROSMAP	SM-CJK43	SM-CJK43	EUR
ROSMAP	SM-CJK45	SM-CJK45	EUR
ROSMAP	SM-CJK46	SM-CJK46	EUR
ROSMAP	SM-CJK4A	SM-CJK4A	EUR
ROSMAP	SM-CJK4C	SM-CJK4C	EUR
ROSMAP	SM-CJK4H	SM-CJK4H	EUR
ROSMAP	SM-CJK4I	SM-CJK4I	EUR
ROSMAP	SM-CJK4J	SM-CJK4J	EUR
ROSMAP	SM-CJK4L	SM-CJK4L	EUR
ROSMAP	SM-CJK4M	SM-CJK4M	EUR
ROSMAP	SM-CJK4Q	SM-CJK4Q	EUR
ROSMAP	SM-CJK4R	SM-CJK4R	EUR
ROSMAP	SM-CJK4S	SM-CJK4S	EUR
ROSMAP	SM-CJK4U	SM-CJK4U	EUR
ROSMAP	SM-CJK4V	SM-CJK4V	EUR
ROSMAP	SM-CJK4W	SM-CJK4W	EUR
ROSMAP	SM-CJK4X	SM-CJK4X	EUR
ROSMAP	SM-CJK4Y	SM-CJK4Y	EUR
ROSMAP	SM-CJK4Z	SM-CJK4Z	EUR
ROSMAP	SM-CJK51	SM-CJK51	EUR
ROSMAP	SM-CJK52	SM-CJK52	EUR
ROSMAP	SM-CJK53	SM-CJK53	EUR
ROSMAP	SM-CJK54	SM-CJK54	EUR
ROSMAP	SM-CJK55	SM-CJK55	EUR
ROSMAP	SM-CJK57	SM-CJK57	EUR
ROSMAP	SM-CJK58	SM-CJK58	EUR
ROSMAP	SM-CJK59	SM-CJK59	EUR
ROSMAP	SM-CJK5A	SM-CJK5A	EUR
ROSMAP	SM-CJK5B	SM-CJK5B	EUR
ROSMAP	SM-CJK5C	SM-CJK5C	EUR
ROSMAP	SM-CJK5D	SM-CJK5D	EUR
ROSMAP	SM-CJK5F	SM-CJK5F	EUR
ROSMAP	SM-CJK5G	SM-CJK5G	EUR
ROSMAP	SM-CJK5H	SM-CJK5H	EUR
ROSMAP	SM-CJK5I	SM-CJK5I	EUR
ROSMAP	SM-CJK5J	SM-CJK5J	EUR
ROSMAP	SM-CJK5K	SM-CJK5K	EUR
ROSMAP	SM-CJK5N	SM-CJK5N	EUR
ROSMAP	SM-CJK5P	SM-CJK5P	EUR
ROSMAP	SM-CJK5Q	SM-CJK5Q	EUR
ROSMAP	SM-CTDQE	SM-CTDQE	EUR
ROSMAP	SM-CTDQF	SM-CTDQF	EUR
ROSMAP	SM-CTDQG	SM-CTDQG	EUR
ROSMAP	SM-CTDQH	SM-CTDQH	EUR
ROSMAP	SM-CTDQI	SM-CTDQI	EUR
ROSMAP	SM-CTDQJ	SM-CTDQJ	EUR
ROSMAP	SM-CTDQK	SM-CTDQK	EUR
ROSMAP	SM-CTDQM	SM-CTDQM	EUR
ROSMAP	SM-CTDQN	SM-CTDQN	EUR
ROSMAP	SM-CTDQO	SM-CTDQO	EUR
ROSMAP	SM-CTDQP	SM-CTDQP	EUR
ROSMAP	SM-CTDQQ	SM-CTDQQ	EUR
ROSMAP	SM-CTDQR	SM-CTDQR	EUR
ROSMAP	SM-CTDQS	SM-CTDQS	EUR
ROSMAP	SM-CTDQT	SM-CTDQT	EUR
ROSMAP	SM-CTDQU	SM-CTDQU	EUR
ROSMAP	SM-CTDQV	SM-CTDQV	EUR
ROSMAP	SM-CTDQW	SM-CTDQW	EUR
ROSMAP	SM-CTDQX	SM-CTDQX	EUR
ROSMAP	SM-CTDQY	SM-CTDQY	EUR
ROSMAP	SM-CTDQZ	SM-CTDQZ	EUR
ROSMAP	SM-CTDR1	SM-CTDR1	EUR
ROSMAP	SM-CTDR2	SM-CTDR2	EUR
ROSMAP	SM-CTDR3	SM-CTDR3	EUR
ROSMAP	SM-CTDR4	SM-CTDR4	EUR
ROSMAP	SM-CTDR5	SM-CTDR5	EUR
ROSMAP	SM-CTDR6	SM-CTDR6	EUR
ROSMAP	SM-CTDR7	SM-CTDR7	EUR
ROSMAP	SM-CTDR8	SM-CTDR8	EUR
ROSMAP	SM-CTDR9	SM-CTDR9	EUR
ROSMAP	SM-CTDRA	SM-CTDRA	EUR
ROSMAP	SM-CTDRB	SM-CTDRB	EUR
ROSMAP	SM-CTDRC	SM-CTDRC	EUR
ROSMAP	SM-CTDRD	SM-CTDRD	EUR
ROSMAP	SM-CTDRE	SM-CTDRE	EUR
ROSMAP	SM-CTDRF	SM-CTDRF	EUR
ROSMAP	SM-CTDRG	SM-CTDRG	EUR
ROSMAP	SM-CTDRH	SM-CTDRH	EUR
ROSMAP	SM-CTDRI	SM-CTDRI	EUR
ROSMAP	SM-CTDRJ	SM-CTDRJ	EUR
ROSMAP	SM-CTDRM	SM-CTDRM	EUR
ROSMAP	SM-CTDRN	SM-CTDRN	EUR
ROSMAP	SM-CTDRO	SM-CTDRO	EUR
ROSMAP	SM-CTDS3	SM-CTDS3	EUR
ROSMAP	SM-CTDS4	SM-CTDS4	EUR
ROSMAP	SM-CTDS5	SM-CTDS5	EUR
ROSMAP	SM-CTDS6	SM-CTDS6	EUR
ROSMAP	SM-CTDS7	SM-CTDS7	EUR
ROSMAP	SM-CTDS8	SM-CTDS8	EUR
ROSMAP	SM-CTDS9	SM-CTDS9	EUR
ROSMAP	SM-CTDSA	SM-CTDSA	EUR
ROSMAP	SM-CTDSB	SM-CTDSB	EUR
ROSMAP	SM-CTDSC	SM-CTDSC	EUR
ROSMAP	SM-CTDSD	SM-CTDSD	EUR
ROSMAP	SM-CTDSF	SM-CTDSF	EUR
ROSMAP	SM-CTDSG	SM-CTDSG	EUR
ROSMAP	SM-CTDSH	SM-CTDSH	EUR
ROSMAP	SM-CTDSI	SM-CTDSI	EUR
ROSMAP	SM-CTDSJ	SM-CTDSJ	EUR
ROSMAP	SM-CTDSK	SM-CTDSK	EUR
ROSMAP	SM-CTDSL	SM-CTDSL	EUR
ROSMAP	SM-CTDSM	SM-CTDSM	EUR
ROSMAP	SM-CTDSN	SM-CTDSN	EUR
ROSMAP	SM-CTDSO	SM-CTDSO	EUR
ROSMAP	SM-CTDSP	SM-CTDSP	EUR
ROSMAP	SM-CTDSR	SM-CTDSR	EUR
ROSMAP	SM-CTDSS	SM-CTDSS	EUR
ROSMAP	SM-CTDST	SM-CTDST	EUR
ROSMAP	SM-CTDSU	SM-CTDSU	EUR
ROSMAP	SM-CTDSV	SM-CTDSV	EUR
ROSMAP	SM-CTDSW	SM-CTDSW	EUR
ROSMAP	SM-CTDSY	SM-CTDSY	EUR
ROSMAP	SM-CTDT1	SM-CTDT1	EUR
ROSMAP	SM-CTDT2	SM-CTDT2	EUR
ROSMAP	SM-CTDT5	SM-CTDT5	EUR
ROSMAP	SM-CTDT7	SM-CTDT7	EUR
ROSMAP	SM-CTDT8	SM-CTDT8	EUR
ROSMAP	SM-CTDT9	SM-CTDT9	EUR
ROSMAP	SM-CTDTA	SM-CTDTA	EUR
ROSMAP	SM-CTDTE	SM-CTDTE	EUR
ROSMAP	SM-CTDTF	SM-CTDTF	EUR
ROSMAP	SM-CTDTG	SM-CTDTG	EUR
ROSMAP	SM-CTDTH	SM-CTDTH	EUR
ROSMAP	SM-CTDTJ	SM-CTDTJ	EUR
ROSMAP	SM-CTDTK	SM-CTDTK	EUR
ROSMAP	SM-CTDTL	SM-CTDTL	EUR
ROSMAP	SM-CTDTM	SM-CTDTM	EUR
ROSMAP	SM-CTDTN	SM-CTDTN	EUR
ROSMAP	SM-CTDTO	SM-CTDTO	EUR
ROSMAP	SM-CTDTP	SM-CTDTP	EUR
ROSMAP	SM-CTDTQ	SM-CTDTQ	EUR
ROSMAP	SM-CTDTR	SM-CTDTR	EUR
ROSMAP	SM-CTDTS	SM-CTDTS	EUR
ROSMAP	SM-CTDTV	SM-CTDTV	EUR
ROSMAP	SM-CTDTW	SM-CTDTW	EUR
ROSMAP	SM-CTDTX	SM-CTDTX	EUR
ROSMAP	SM-CTDTY	SM-CTDTY	EUR
ROSMAP	SM-CTDTZ	SM-CTDTZ	EUR
ROSMAP	SM-CTDU1	SM-CTDU1	EUR
ROSMAP	SM-CTDU2	SM-CTDU2	EUR
ROSMAP	SM-CTDU4	SM-CTDU4	EUR
ROSMAP	SM-CTDU7	SM-CTDU7	EUR
ROSMAP	SM-CTDU8	SM-CTDU8	EUR
ROSMAP	SM-CTDU9	SM-CTDU9	EUR
ROSMAP	SM-CTDUB	SM-CTDUB	EUR
ROSMAP	SM-CTDUD	SM-CTDUD	EUR
ROSMAP	SM-CTDUE	SM-CTDUE	EUR
ROSMAP	SM-CTDUF	SM-CTDUF	EUR
ROSMAP	SM-CTDUG	SM-CTDUG	EUR
ROSMAP	SM-CTDUH	SM-CTDUH	EUR
ROSMAP	SM-CTDUI	SM-CTDUI	EUR
ROSMAP	SM-CTDUJ	SM-CTDUJ	EUR
ROSMAP	SM-CTDUL	SM-CTDUL	EUR
ROSMAP	SM-CTDUM	SM-CTDUM	EUR
ROSMAP	SM-CTDUN	SM-CTDUN	EUR
ROSMAP	SM-CTDUP	SM-CTDUP	EUR
ROSMAP	SM-CTDUR	SM-CTDUR	EUR
ROSMAP	SM-CTDUT	SM-CTDUT	EUR
ROSMAP	SM-CTDUU	SM-CTDUU	EUR
ROSMAP	SM-CTDUV	SM-CTDUV	EUR
ROSMAP	SM-CTDUW	SM-CTDUW	EUR
ROSMAP	SM-CTDUX	SM-CTDUX	EUR
ROSMAP	SM-CTDV1	SM-CTDV1	EUR
ROSMAP	SM-CTDV2	SM-CTDV2	EUR
ROSMAP	SM-CTDV3	SM-CTDV3	EUR
ROSMAP	SM-CTDV4	SM-CTDV4	EUR
ROSMAP	SM-CTDV5	SM-CTDV5	EUR
ROSMAP	SM-CTDV6	SM-CTDV6	EUR
ROSMAP	SM-CTDV7	SM-CTDV7	EUR
ROSMAP	SM-CTDV8	SM-CTDV8	EUR
ROSMAP	SM-CTDV9	SM-CTDV9	EUR
ROSMAP	SM-CTDVA	SM-CTDVA	EUR
ROSMAP	SM-CTDVB	SM-CTDVB	EUR
ROSMAP	SM-CTDVC	SM-CTDVC	EUR
ROSMAP	SM-CTDVD	SM-CTDVD	EUR
ROSMAP	SM-CTDVE	SM-CTDVE	EUR
ROSMAP	SM-CTDVF	SM-CTDVF	EUR
ROSMAP	SM-CTDVG	SM-CTDVG	EUR
ROSMAP	SM-CTDVH	SM-CTDVH	EUR
ROSMAP	SM-CTDVI	SM-CTDVI	EUR
ROSMAP	SM-CTDVJ	SM-CTDVJ	EUR
ROSMAP	SM-CTDVK	SM-CTDVK	EUR
ROSMAP	SM-CTDVL	SM-CTDVL	EUR
ROSMAP	SM-CTDVO	SM-CTDVO	EUR
ROSMAP	SM-CTDVR	SM-CTDVR	EUR
ROSMAP	SM-CTECE	SM-CTECE	EUR
ROSMAP	SM-CTECF	SM-CTECF	EUR
ROSMAP	SM-CTECH	SM-CTECH	EUR
ROSMAP	SM-CTECI	SM-CTECI	EUR
ROSMAP	SM-CTECL	SM-CTECL	EUR
ROSMAP	SM-CTECQ	SM-CTECQ	EUR
ROSMAP	SM-CTECR	SM-CTECR	EUR
ROSMAP	SM-CTECT	SM-CTECT	EUR
ROSMAP	SM-CTECV	SM-CTECV	EUR
ROSMAP	SM-CTECX	SM-CTECX	EUR
ROSMAP	SM-CTED1	SM-CTED1	EUR
ROSMAP	SM-CTED2	SM-CTED2	EUR
ROSMAP	SM-CTED3	SM-CTED3	EUR
ROSMAP	SM-CTED4	SM-CTED4	EUR
ROSMAP	SM-CTED5	SM-CTED5	EUR
ROSMAP	SM-CTED6	SM-CTED6	EUR
ROSMAP	SM-CTED7	SM-CTED7	EUR
ROSMAP	SM-CTED8	SM-CTED8	EUR
ROSMAP	SM-CTEDA	SM-CTEDA	EUR
ROSMAP	SM-CTEDC	SM-CTEDC	EUR
ROSMAP	SM-CTEDE	SM-CTEDE	EUR
ROSMAP	SM-CTEDG	SM-CTEDG	EUR
ROSMAP	SM-CTEDK	SM-CTEDK	EUR
ROSMAP	SM-CTEDM	SM-CTEDM	EUR
ROSMAP	SM-CTEDN	SM-CTEDN	EUR
ROSMAP	SM-CTEDO	SM-CTEDO	EUR
ROSMAP	SM-CTEDP	SM-CTEDP	EUR
ROSMAP	SM-CTEDQ	SM-CTEDQ	EUR
ROSMAP	SM-CTEDS	SM-CTEDS	EUR
ROSMAP	SM-CTEDU	SM-CTEDU	EUR
ROSMAP	SM-CTEDW	SM-CTEDW	EUR
ROSMAP	SM-CTEDZ	SM-CTEDZ	EUR
ROSMAP	SM-CTEE4	SM-CTEE4	EUR
ROSMAP	SM-CTEE6	SM-CTEE6	EUR
ROSMAP	SM-CTEE8	SM-CTEE8	EUR
ROSMAP	SM-CTEEA	SM-CTEEA	EUR
ROSMAP	SM-CTEEC	SM-CTEEC	EUR
ROSMAP	SM-CTEEF	SM-CTEEF	EUR
ROSMAP	SM-CTEEG	SM-CTEEG	EUR
ROSMAP	SM-CTEEH	SM-CTEEH	EUR
ROSMAP	SM-CTEEM	SM-CTEEM	EUR
ROSMAP	SM-CTEEN	SM-CTEEN	EUR
ROSMAP	SM-CTEEQ	SM-CTEEQ	EUR
ROSMAP	SM-CTEER	SM-CTEER	EUR
ROSMAP	SM-CTEET	SM-CTEET	EUR
ROSMAP	SM-CTEEU	SM-CTEEU	EUR
ROSMAP	SM-CTEEY	SM-CTEEY	EUR
ROSMAP	SM-CTEEZ	SM-CTEEZ	EUR
ROSMAP	SM-CTEF2	SM-CTEF2	EUR
ROSMAP	SM-CTEF4	SM-CTEF4	EUR
ROSMAP	SM-CTEF7	SM-CTEF7	EUR
ROSMAP	SM-CTEFA	SM-CTEFA	EUR
ROSMAP	SM-CTEFC	SM-CTEFC	EUR
ROSMAP	SM-CTEFD	SM-CTEFD	EUR
ROSMAP	SM-CTEFE	SM-CTEFE	EUR
ROSMAP	SM-CTEFF	SM-CTEFF	EUR
ROSMAP	SM-CTEFG	SM-CTEFG	EUR
ROSMAP	SM-CTEFH	SM-CTEFH	EUR
ROSMAP	SM-CTEFJ	SM-CTEFJ	EUR
ROSMAP	SM-CTEFK	SM-CTEFK	EUR
ROSMAP	SM-CTEFL	SM-CTEFL	EUR
ROSMAP	SM-CTEFM	SM-CTEFM	EUR
ROSMAP	SM-CTEFO	SM-CTEFO	EUR
ROSMAP	SM-CTEFP	SM-CTEFP	EUR
ROSMAP	SM-CTEFQ	SM-CTEFQ	EUR
ROSMAP	SM-CTEFS	SM-CTEFS	EUR
ROSMAP	SM-CTEFT	SM-CTEFT	EUR
ROSMAP	SM-CTEFU	SM-CTEFU	EUR
ROSMAP	SM-CTEFV	SM-CTEFV	EUR
ROSMAP	SM-CTEFW	SM-CTEFW	EUR
ROSMAP	SM-CTEFX	SM-CTEFX	EUR
ROSMAP	SM-CTEFZ	SM-CTEFZ	EUR
ROSMAP	SM-CTEG2	SM-CTEG2	EUR
ROSMAP	SM-CTEG4	SM-CTEG4	EUR
ROSMAP	SM-CTEG5	SM-CTEG5	EUR
ROSMAP	SM-CTEG7	SM-CTEG7	EUR
ROSMAP	SM-CTEG8	SM-CTEG8	EUR
ROSMAP	SM-CTEG9	SM-CTEG9	EUR
ROSMAP	SM-CTEGD	SM-CTEGD	EUR
ROSMAP	SM-CTEGE	SM-CTEGE	EUR
ROSMAP	SM-CTEGF	SM-CTEGF	EUR
ROSMAP	SM-CTEGG	SM-CTEGG	EUR
ROSMAP	SM-CTEGH	SM-CTEGH	EUR
ROSMAP	SM-CTEGI	SM-CTEGI	EUR
ROSMAP	SM-CTEGK	SM-CTEGK	EUR
ROSMAP	SM-CTEGL	SM-CTEGL	EUR
ROSMAP	SM-CTEGM	SM-CTEGM	EUR
ROSMAP	SM-CTEGO	SM-CTEGO	EUR
ROSMAP	SM-CTEGP	SM-CTEGP	EUR
ROSMAP	SM-CTEGQ	SM-CTEGQ	EUR
ROSMAP	SM-CTEGR	SM-CTEGR	EUR
ROSMAP	SM-CTEGS	SM-CTEGS	EUR
ROSMAP	SM-CTEGT	SM-CTEGT	EUR
ROSMAP	SM-CTEGU	SM-CTEGU	EUR
ROSMAP	SM-CTEGV	SM-CTEGV	EUR
ROSMAP	SM-CTEGW	SM-CTEGW	EUR
ROSMAP	SM-CTEI5	SM-CTEI5	EUR
ROSMAP	SM-CTEI7	SM-CTEI7	EUR
ROSMAP	SM-CTEIL	SM-CTEIL	EUR
ROSMAP	SM-CTEIP	SM-CTEIP	EUR
ROSMAP	SM-CTEIQ	SM-CTEIQ	EUR
ROSMAP	SM-CTEIR	SM-CTEIR	EUR
ROSMAP	SM-CTELS	SM-CTELS	EUR
ROSMAP	SM-CTELU	SM-CTELU	EUR
ROSMAP	SM-CTELV	SM-CTELV	EUR
ROSMAP	SM-CTELW	SM-CTELW	EUR
ROSMAP	SM-CTEM2	SM-CTEM2	EUR
ROSMAP	SM-CTEM5	SM-CTEM5	EUR
ROSMAP	SM-CTEM6	SM-CTEM6	EUR
ROSMAP	SM-CTEMG	SM-CTEMG	EUR
ROSMAP	SM-CTEMJ	SM-CTEMJ	EUR
ROSMAP	SM-CTEMK	SM-CTEMK	EUR
ROSMAP	SM-CTEML	SM-CTEML	EUR
ROSMAP	SM-CTEMM	SM-CTEMM	EUR
ROSMAP	SM-CTEMO	SM-CTEMO	EUR
ROSMAP	SM-CTEMS	SM-CTEMS	EUR
ROSMAP	SM-CTEMU	SM-CTEMU	EUR
ROSMAP	SM-CTEMW	SM-CTEMW	EUR
ROSMAP	SM-CTEMY	SM-CTEMY	EUR
ROSMAP	SM-CTEN2	SM-CTEN2	EUR
ROSMAP	SM-CTEN5	SM-CTEN5	EUR
ROSMAP	SM-CTEN7	SM-CTEN7	EUR
ROSMAP	SM-CTEND	SM-CTEND	EUR
ROSMAP	SM-CTENE	SM-CTENE	EUR
ROSMAP	SM-CTENF	SM-CTENF	EUR
ROSMAP	SM-CTENG	SM-CTENG	EUR
ROSMAP_array	MAP00696418	MAP00696418	EUR
ROSMAP_array	MAP02188675	MAP02188675	EUR
ROSMAP_array	MAP03380931	MAP03380931	EUR
ROSMAP_array	MAP03889845	MAP03889845	EUR
ROSMAP_array	MAP04330337	MAP04330337	EUR
ROSMAP_array	MAP04981936	MAP04981936	EUR
ROSMAP_array	MAP06804844	MAP06804844	EUR
ROSMAP_array	MAP08682642	MAP08682642	EUR
ROSMAP_array	MAP09061779	MAP09061779	EUR
ROSMAP_array	MAP09841821	MAP09841821	EUR
ROSMAP_array	MAP12788806	MAP12788806	EUR
ROSMAP_array	MAP12799845	MAP12799845	EUR
ROSMAP_array	MAP13747771	MAP13747771	EUR
ROSMAP_array	MAP14030021	MAP14030021	EUR
ROSMAP_array	MAP14696573	MAP14696573	EUR
ROSMAP_array	MAP15373321	MAP15373321	EUR
ROSMAP_array	MAP16583691	MAP16583691	EUR
ROSMAP_array	MAP17233356	MAP17233356	EUR
ROSMAP_array	MAP18455382	MAP18455382	EUR
ROSMAP_array	MAP18643192	MAP18643192	EUR
ROSMAP_array	MAP19429100	MAP19429100	EUR
ROSMAP_array	MAP22644848	MAP22644848	EUR
ROSMAP_array	MAP23892088	MAP23892088	EUR
ROSMAP_array	MAP24644776	MAP24644776	EUR
ROSMAP_array	MAP24680888	MAP24680888	EUR
ROSMAP_array	MAP24930281	MAP24930281	EUR
ROSMAP_array	MAP31504924	MAP31504924	EUR
ROSMAP_array	MAP31813134	MAP31813134	EUR
ROSMAP_array	MAP32959281	MAP32959281	EUR
ROSMAP_array	MAP33062311	MAP33062311	EUR
ROSMAP_array	MAP33400773	MAP33400773	EUR
ROSMAP_array	MAP33646937	MAP33646937	EUR
ROSMAP_array	MAP33679954	MAP33679954	EUR
ROSMAP_array	MAP34108468	MAP34108468	EUR
ROSMAP_array	MAP35170130	MAP35170130	EUR
ROSMAP_array	MAP37065652	MAP37065652	EUR
ROSMAP_array	MAP39316600	MAP39316600	EUR
ROSMAP_array	MAP39680713	MAP39680713	EUR
ROSMAP_array	MAP41265021	MAP41265021	EUR
ROSMAP_array	MAP41417981	MAP41417981	EUR
ROSMAP_array	MAP43536587	MAP43536587	EUR
ROSMAP_array	MAP45800230	MAP45800230	EUR
ROSMAP_array	MAP47520485	MAP47520485	EUR
ROSMAP_array	MAP48480640	MAP48480640	EUR
ROSMAP_array	MAP50103417	MAP50103417	EUR
ROSMAP_array	MAP50105851	MAP50105851	EUR
ROSMAP_array	MAP50107295	MAP50107295	EUR
ROSMAP_array	MAP50300534	MAP50300534	EUR
ROSMAP_array	MAP50300958	MAP50300958	EUR
ROSMAP_array	MAP50301701	MAP50301701	EUR
ROSMAP_array	MAP50302266	MAP50302266	EUR
ROSMAP_array	MAP50303019	MAP50303019	EUR
ROSMAP_array	MAP50304024	MAP50304024	EUR
ROSMAP_array	MAP50403996	MAP50403996	EUR
ROSMAP_array	MAP50404299	MAP50404299	EUR
ROSMAP_array	MAP50404749	MAP50404749	EUR
ROSMAP_array	MAP50408653	MAP50408653	EUR
ROSMAP_array	MAP50500424	MAP50500424	EUR
ROSMAP_array	MAP51903261	MAP51903261	EUR
ROSMAP_array	MAP53355949	MAP53355949	EUR
ROSMAP_array	MAP54739607	MAP54739607	EUR
ROSMAP_array	MAP56102646	MAP56102646	EUR
ROSMAP_array	MAP56670427	MAP56670427	EUR
ROSMAP_array	MAP57002539	MAP57002539	EUR
ROSMAP_array	MAP57597479	MAP57597479	EUR
ROSMAP_array	MAP57978468	MAP57978468	EUR
ROSMAP_array	MAP59618707	MAP59618707	EUR
ROSMAP_array	MAP60248664	MAP60248664	EUR
ROSMAP_array	MAP61389630	MAP61389630	EUR
ROSMAP_array	MAP62301938	MAP62301938	EUR
ROSMAP_array	MAP62404688	MAP62404688	EUR
ROSMAP_array	MAP63649283	MAP63649283	EUR
ROSMAP_array	MAP64150173	MAP64150173	EUR
ROSMAP_array	MAP64291829	MAP64291829	EUR
ROSMAP_array	MAP64997274	MAP64997274	EUR
ROSMAP_array	MAP65214844	MAP65214844	EUR
ROSMAP_array	MAP65309742	MAP65309742	EUR
ROSMAP_array	MAP66394957	MAP66394957	EUR
ROSMAP_array	MAP66447233	MAP66447233	EUR
ROSMAP_array	MAP67266328	MAP67266328	EUR
ROSMAP_array	MAP67946467	MAP67946467	EUR
ROSMAP_array	MAP69660076	MAP69660076	EUR
ROSMAP_array	MAP73177635	MAP73177635	EUR
ROSMAP_array	MAP73549281	MAP73549281	EUR
ROSMAP_array	MAP73943687	MAP73943687	EUR
ROSMAP_array	MAP75169847	MAP75169847	EUR
ROSMAP_array	MAP76431098	MAP76431098	EUR
ROSMAP_array	MAP78410089	MAP78410089	EUR
ROSMAP_array	MAP79501267	MAP79501267	EUR
ROSMAP_array	MAP79692387	MAP79692387	EUR
ROSMAP_array	MAP79938680	MAP79938680	EUR
ROSMAP_array	MAP80606718	MAP80606718	EUR
ROSMAP_array	MAP82325110	MAP82325110	EUR
ROSMAP_array	MAP82728899	MAP82728899	EUR
ROSMAP_array	MAP83944153	MAP83944153	EUR
ROSMAP_array	MAP84916951	MAP84916951	EUR
ROSMAP_array	MAP87038802	MAP87038802	EUR
ROSMAP_array	MAP87195990	MAP87195990	EUR
ROSMAP_array	MAP87208386	MAP87208386	EUR
ROSMAP_array	MAP89377194	MAP89377194	EUR
ROSMAP_array	MAP89437343	MAP89437343	EUR
ROSMAP_array	MAP89968269	MAP89968269	EUR
ROSMAP_array	MAP91349809	MAP91349809	EUR
ROSMAP_array	MAP91897758	MAP91897758	EUR
ROSMAP_array	MAP92427316	MAP92427316	EUR
ROSMAP_array	MAP93103023	MAP93103023	EUR
ROSMAP_array	MAP94630355	MAP94630355	EUR
ROSMAP_array	MAP94974890	MAP94974890	EUR
ROSMAP_array	MAP95185625	MAP95185625	EUR
ROSMAP_array	MAP96016939	MAP96016939	EUR
ROSMAP_array	MAP96091926	MAP96091926	EUR
ROSMAP_array	MAP97130008	MAP97130008	EUR
ROSMAP_array	MAP97220113	MAP97220113	EUR
ROSMAP_array	ROS10202507	ROS10202507	UNKNOWN
ROSMAP_array	ROS10205532	ROS10205532	UNKNOWN
ROSMAP_array	ROS10288185	ROS10288185	UNKNOWN
ROSMAP_array	ROS10424475	ROS10424475	UNKNOWN
ROSMAP_array	ROS10502798	ROS10502798	UNKNOWN
ROSMAP_array	ROS10536568	ROS10536568	UNKNOWN
ROSMAP_array	ROS10580684	ROS10580684	UNKNOWN
ROSMAP_array	ROS11120276	ROS11120276	UNKNOWN
ROSMAP_array	ROS11145865	ROS11145865	UNKNOWN
ROSMAP_array	ROS11205014	ROS11205014	UNKNOWN
ROSMAP_array	ROS11322762	ROS11322762	UNKNOWN
ROSMAP_array	ROS11342432	ROS11342432	UNKNOWN
ROSMAP_array	ROS11395417	ROS11395417	UNKNOWN
ROSMAP_array	ROS11464261	ROS11464261	UNKNOWN
ROSMAP_array	ROS11466029	ROS11466029	UNKNOWN
ROSMAP_array	ROS11624423	ROS11624423	UNKNOWN
ROSMAP_array	ROS15103261	ROS15103261	UNKNOWN
ROSMAP_array	ROS15161351	ROS15161351	UNKNOWN
ROSMAP_array	ROS20148879	ROS20148879	UNKNOWN
ROSMAP_array	ROS20149910	ROS20149910	UNKNOWN
ROSMAP_array	ROS20174533	ROS20174533	UNKNOWN
ROSMAP_array	ROS20244554	ROS20244554	UNKNOWN
ROSMAP_array	ROS20260734	ROS20260734	UNKNOWN
ROSMAP_array	ROS20264936	ROS20264936	UNKNOWN
ROSMAP_array	ROS20503840	ROS20503840	UNKNOWN
ROSMAP_array	ROS20549538	ROS20549538	UNKNOWN
ROSMAP_array	ROS20616100	ROS20616100	UNKNOWN
ROSMAP_array	ROS20701008	ROS20701008	UNKNOWN
ROSMAP_array	ROS20718719	ROS20718719	UNKNOWN
ROSMAP_array	ROS20769648	ROS20769648	UNKNOWN
ROSMAP_array	ROS20886846	ROS20886846	UNKNOWN
ROSMAP_array	ROS20950807	ROS20950807	UNKNOWN
ROSMAP_array	ROS20956605	ROS20956605	UNKNOWN
ROSMAP_array	ROS20963866	ROS20963866	UNKNOWN
ROSMAP_array	ROS20966477	ROS20966477	UNKNOWN
ROSMAP_array	ROS21002074	ROS21002074	UNKNOWN
ROSMAP_array	ROS21126085	ROS21126085	UNKNOWN
ROSMAP_array	ROS21137312	ROS21137312	UNKNOWN
ROSMAP_array	ROS21138327	ROS21138327	UNKNOWN
ROSMAP_array	ROS21156103	ROS21156103	UNKNOWN
ROSMAP_array	ROS21160753	ROS21160753	UNKNOWN
ROSMAP_array	ROS21188403	ROS21188403	UNKNOWN
ROSMAP_array	ROS21246218	ROS21246218	UNKNOWN
ROSMAP_array	ROS43596435	ROS43596435	UNKNOWN
ROSMAP_array	ROS58542820	ROS58542820	UNKNOWN
ROSMAP_array	ROS59796318	ROS59796318	UNKNOWN
ROSMAP_array	ROS62937100	ROS62937100	UNKNOWN
ROSMAP_array	ROS74522154	ROS74522154	UNKNOWN
ROSMAP_array	ROS75142238	ROS75142238	UNKNOWN
Mayo	1005	1005	EUR
Mayo	1010	1010	EUR
Mayo	1015	1015	EUR
Mayo	1019	1019	EUR
Mayo	1029	1029	EUR
Mayo	1034	1034	EUR
Mayo	1036	1036	EUR
Mayo	1045	1045	EUR
Mayo	1046	1046	EUR
Mayo	1047	1047	EUR
Mayo	1052	1052	EUR
Mayo	1058	1058	EUR
Mayo	1078	1078	EUR
Mayo	1085	1085	EUR
Mayo	1089	1089	EUR
Mayo	1098	1098	EUR
Mayo	1103	1103	EUR
Mayo	1104	1104	EUR
Mayo	1105	1105	EUR
Mayo	1114	1114	EUR
Mayo	1119	1119	EUR
Mayo	1121	1121	EUR
Mayo	1123	1123	EUR
Mayo	11249	11249	EUR
Mayo	11253	11253	EUR
Mayo	11254	11254	EUR
Mayo	11255	11255	EUR
Mayo	11258	11258	EUR
Mayo	11259	11259	EUR
Mayo	11263	11263	EUR
Mayo	11264	11264	EUR
Mayo	11265	11265	EUR
Mayo	11266	11266	EUR
Mayo	11267	11267	EUR
Mayo	11271	11271	EUR
Mayo	11275	11275	EUR
Mayo	11276	11276	EUR
Mayo	11279	11279	EUR
Mayo	11281	11281	EUR
Mayo	11285	11285	EUR
Mayo	11287	11287	EUR
Mayo	11288	11288	EUR
Mayo	1129	1129	EUR
Mayo	11290	11290	EUR
Mayo	11291	11291	EUR
Mayo	11293	11293	EUR
Mayo	11294	11294	EUR
Mayo	11295	11295	EUR
Mayo	11298	11298	EUR
Mayo	11300	11300	EUR
Mayo	11303	11303	EUR
Mayo	11305	11305	EUR
Mayo	11306	11306	EUR
Mayo	11307	11307	EUR
Mayo	11309	11309	EUR
Mayo	11312	11312	EUR
Mayo	11313	11313	EUR
Mayo	11314	11314	EUR
Mayo	11316	11316	EUR
Mayo	11317	11317	EUR
Mayo	11319	11319	EUR
Mayo	11320	11320	EUR
Mayo	11321	11321	EUR
Mayo	11322	11322	EUR
Mayo	11323	11323	EUR
Mayo	11325	11325	EUR
Mayo	11327	11327	EUR
Mayo	11328	11328	EUR
Mayo	11329	11329	EUR
Mayo	11330	11330	EUR
Mayo	11331	11331	EUR
Mayo	11333	11333	EUR
Mayo	11334	11334	EUR
Mayo	11337	11337	EUR
Mayo	11338	11338	EUR
Mayo	11340	11340	EUR
Mayo	11341	11341	EUR
Mayo	11344	11344	EUR
Mayo	11345	11345	EUR
Mayo	11346	11346	EUR
Mayo	11349	11349	EUR
Mayo	11353	11353	EUR
Mayo	11355	11355	EUR
Mayo	11357	11357	EUR
Mayo	11358	11358	EUR
Mayo	1137	1137	EUR
Mayo	11370	11370	EUR
Mayo	11371	11371	EUR
Mayo	11372	11372	EUR
Mayo	11374	11374	EUR
Mayo	11377	11377	EUR
Mayo	11381	11381	EUR
Mayo	11383	11383	EUR
Mayo	11385	11385	EUR
Mayo	11389	11389	EUR
Mayo	11393	11393	EUR
Mayo	11394	11394	EUR
Mayo	11395	11395	EUR
Mayo	11396	11396	EUR
Mayo	11397	11397	EUR
Mayo	11398	11398	EUR
Mayo	11399	11399	EUR
Mayo	11400	11400	EUR
Mayo	11402	11402	EUR
Mayo	11403	11403	EUR
Mayo	11404	11404	EUR
Mayo	11408	11408	EUR
Mayo	11410	11410	EUR
Mayo	11412	11412	EUR
Mayo	11417	11417	EUR
Mayo	11422	11422	EUR
Mayo	11423	11423	EUR
Mayo	11424	11424	EUR
Mayo	11425	11425	EUR
Mayo	11426	11426	EUR
Mayo	11427	11427	EUR
Mayo	11428	11428	EUR
Mayo	11429	11429	EUR
Mayo	11430	11430	EUR
Mayo	11431	11431	EUR
Mayo	11433	11433	EUR
Mayo	11440	11440	EUR
Mayo	11443	11443	EUR
Mayo	11445	11445	EUR
Mayo	11447	11447	EUR
Mayo	11448	11448	EUR
Mayo	11449	11449	EUR
Mayo	11452	11452	EUR
Mayo	11456	11456	EUR
Mayo	11457	11457	EUR
Mayo	11460	11460	EUR
Mayo	11463	11463	EUR
Mayo	11464	11464	EUR
Mayo	11465	11465	EUR
Mayo	11468	11468	EUR
Mayo	11469	11469	EUR
Mayo	11470	11470	EUR
Mayo	11471	11471	EUR
Mayo	11472	11472	EUR
Mayo	11474	11474	EUR
Mayo	11476	11476	EUR
Mayo	11480	11480	EUR
Mayo	11481	11481	EUR
Mayo	11482	11482	EUR
Mayo	11483	11483	EUR
Mayo	11485	11485	EUR
Mayo	11486	11486	EUR
Mayo	11489	11489	EUR
Mayo	11491	11491	EUR
Mayo	11492	11492	EUR
Mayo	11493	11493	EUR
Mayo	11494	11494	EUR
Mayo	11495	11495	EUR
Mayo	11497	11497	EUR
Mayo	11498	11498	EUR
Mayo	11499	11499	EUR
Mayo	11500	11500	EUR
Mayo	11502	11502	EUR
Mayo	11505	11505	EUR
Mayo	11506	11506	EUR
Mayo	11507	11507	EUR
Mayo	1166	1166	EUR
Mayo	1172	1172	EUR
Mayo	1183	1183	EUR
Mayo	1195	1195	EUR
Mayo	1200	1200	EUR
Mayo	1214	1214	EUR
Mayo	1239	1239	EUR
Mayo	1271	1271	EUR
Mayo	1275	1275	EUR
Mayo	129	129	EUR
Mayo	1302	1302	EUR
Mayo	134	134	EUR
Mayo	135	135	EUR
Mayo	141	141	EUR
Mayo	142	142	EUR
Mayo	149	149	EUR
Mayo	1919	1919	EUR
Mayo	1926	1926	EUR
Mayo	1929	1929	EUR
Mayo	1931	1931	EUR
Mayo	1932	1932	EUR
Mayo	1933	1933	EUR
Mayo	1935	1935	EUR
Mayo	1936	1936	EUR
Mayo	1937	1937	EUR
Mayo	1941	1941	EUR
Mayo	1942	1942	EUR
Mayo	1943	1943	EUR
Mayo	1944	1944	EUR
Mayo	1945	1945	EUR
Mayo	1951	1951	EUR
Mayo	1952	1952	EUR
Mayo	1955	1955	EUR
Mayo	1956	1956	EUR
Mayo	1959	1959	EUR
Mayo	1960	1960	EUR
Mayo	1963	1963	EUR
Mayo	1964	1964	EUR
Mayo	6810	6810	EUR
Mayo	6819	6819	EUR
Mayo	6821	6821	EUR
Mayo	6863	6863	EUR
Mayo	6870	6870	EUR
Mayo	6872	6872	EUR
Mayo	6880	6880	EUR
Mayo	6894	6894	EUR
Mayo	6913	6913	EUR
Mayo	6914	6914	EUR
Mayo	6925	6925	EUR
Mayo	6929	6929	EUR
Mayo	6952	6952	EUR
Mayo	6976	6976	EUR
Mayo	7000	7000	EUR
Mayo	7015	7015	EUR
Mayo	7016	7016	EUR
Mayo	7095	7095	EUR
Mayo	7098	7098	EUR
Mayo	7099	7099	EUR
Mayo	731	731	EUR
Mayo	732	732	EUR
Mayo	736	736	EUR
Mayo	742	742	EUR
Mayo	744	744	EUR
Mayo	746	746	EUR
Mayo	751	751	EUR
Mayo	766	766	EUR
Mayo	775	775	EUR
Mayo	777	777	EUR
Mayo	783	783	EUR
Mayo	786	786	EUR
Mayo	787	787	EUR
Mayo	791	791	EUR
Mayo	797	797	EUR
Mayo	812	812	EUR
Mayo	813	813	EUR
Mayo	816	816	EUR
Mayo	828	828	EUR
Mayo	834	834	EUR
Mayo	843	843	EUR
Mayo	850	850	EUR
Mayo	851	851	EUR
Mayo	859	859	EUR
Mayo	871	871	EUR
Mayo	886	886	EUR
Mayo	892	892	EUR
Mayo	894	894	EUR
Mayo	896	896	EUR
Mayo	933	933	EUR
Mayo	946	946	EUR
Mayo	948	948	EUR
Mayo	952	952	EUR
Mayo	962	962	EUR
Mayo	966	966	EUR
Mayo	976	976	EUR
Mayo	981	981	EUR
Mayo	991	991	EUR
MSBB	68411	68411	AFR
MSBB	68420	68420	EUR
MSBB	68422	68422	EUR
MSBB	68424	68424	AMR
MSBB	68425	68425	EUR
MSBB	68427	68427	EUR
MSBB	68428	68428	EUR
MSBB	68430	68430	EUR
MSBB	68433	68433	AFR
MSBB	68434	68434	EUR
MSBB	68435	68435	AMR
MSBB	68454	68454	EUR
MSBB	68455	68455	EUR
MSBB	68515	68515	EUR
MSBB	68522	68522	EUR
MSBB	68624	68624	EUR
MSBB	68637	68637	EUR
MSBB	68658	68658	EUR
MSBB	68682	68682	EUR
MSBB	70460	70460	EUR
MSBB	70475	70475	AFR
MSBB	70485	70485	EUR
MSBB	70490	70490	EUR
MSBB	70524	70524	AMR
MSBB	70568	70568	EUR
MSBB	70579	70579	EUR
MSBB	70609	70609	EUR
MSBB	70614	70614	EUR
MSBB	70635	70635	EAS
MSBB	70659	70659	AFR
MSBB	70665	70665	EUR
MSBB	70672	70672	EUR
MSBB	70696	70696	EUR
MSBB	71673	71673	EUR
MSBB	71674	71674	EUR
MSBB	71675	71675	EUR
MSBB	71677	71677	EUR
MSBB	71684	71684	EUR
MSBB	71685	71685	EUR
MSBB	71688	71688	EUR
MSBB	71689	71689	EUR
MSBB	71690	71690	EUR
MSBB	71692	71692	EUR
MSBB	71693	71693	AFR
MSBB	71697	71697	EUR
MSBB	71699	71699	EUR
MSBB	71701	71701	EUR
MSBB	71702	71702	EUR
MSBB	71704	71704	EUR
MSBB	71705	71705	EUR
MSBB	71706	71706	EUR
MSBB	71708	71708	EUR
MSBB	71709	71709	EUR
MSBB	71712	71712	EUR
MSBB	71714	71714	AFR
MSBB	71715	71715	EUR
MSBB	71716	71716	EUR
MSBB	71718	71718	AFR
MSBB	71719	71719	EUR
MSBB	71720	71720	OTHER
MSBB	71721	71721	EUR
MSBB	71722	71722	AMR
MSBB	71723	71723	EUR
MSBB	71724	71724	EUR
MSBB	71725	71725	EUR
MSBB	71726	71726	EUR
MSBB	71727	71727	EUR
MSBB	71728	71728	EUR
MSBB	71730	71730	EUR
MSBB	71731	71731	EUR
MSBB	71733	71733	EUR
MSBB	71734	71734	EUR
MSBB	71735	71735	EUR
MSBB	71736	71736	AFR
MSBB	71737	71737	EUR
MSBB	71739	71739	EUR
MSBB	71740	71740	EUR
MSBB	71741	71741	EUR
MSBB	71742	71742	EUR
MSBB	71745	71745	EUR
MSBB	71746	71746	EUR
MSBB	71747	71747	EUR
MSBB	71749	71749	EUR
MSBB	71750	71750	EUR
MSBB	71751	71751	EUR
MSBB	71752	71752	EUR
MSBB	71753	71753	AFR
MSBB	71754	71754	EUR
MSBB	71755	71755	EUR
MSBB	71756	71756	EUR
MSBB	71757	71757	EUR
MSBB	71760	71760	EUR
MSBB	71762	71762	EUR
MSBB	71763	71763	EUR
MSBB	71764	71764	EUR
MSBB	71765	71765	EUR
MSBB	71766	71766	EUR
MSBB	71767	71767	EUR
MSBB	71768	71768	EUR
MSBB	71769	71769	EUR
MSBB	71770	71770	EUR
MSBB	71773	71773	EUR
MSBB	71775	71775	EUR
MSBB	71778	71778	EUR
MSBB	71782	71782	EUR
MSBB	71784	71784	EUR
MSBB	71787	71787	EUR
MSBB	71791	71791	EUR
MSBB	71792	71792	EUR
MSBB	71793	71793	EUR
MSBB	71794	71794	EUR
MSBB	71795	71795	EUR
MSBB	71796	71796	AFR
MSBB	71799	71799	EUR
MSBB	71800	71800	EUR
MSBB	71801	71801	EUR
MSBB	71802	71802	EUR
MSBB	71803	71803	EUR
MSBB	71804	71804	EUR
MSBB	71805	71805	AFR
MSBB	71806	71806	EUR
MSBB	71807	71807	EUR
MSBB	71810	71810	AMR
MSBB	71811	71811	EUR
MSBB	71812	71812	EUR
MSBB	71814	71814	EUR
MSBB	71815	71815	EUR
MSBB	71816	71816	EUR
MSBB	71817	71817	EUR
MSBB	71819	71819	EUR
MSBB	71824	71824	EUR
MSBB	71825	71825	EUR
MSBB	71826	71826	EUR
MSBB	71828	71828	AFR
MSBB	71831	71831	AMR
MSBB	71832	71832	EUR
MSBB	71833	71833	EUR
MSBB	71834	71834	EUR
MSBB	71836	71836	EUR
MSBB	71838	71838	EUR
MSBB	71839	71839	EUR
MSBB	71841	71841	EUR
MSBB	71842	71842	AMR
MSBB	71846	71846	AFR
MSBB	71847	71847	EUR
MSBB	71848	71848	EUR
MSBB	71850	71850	EUR
MSBB	71851	71851	EUR
MSBB	71852	71852	EUR
MSBB	71855	71855	EUR
MSBB	71856	71856	AFR
MSBB	71857	71857	AFR
MSBB	71858	71858	EUR
MSBB	71860	71860	EUR
MSBB	71863	71863	EUR
MSBB	71865	71865	EUR
MSBB	71867	71867	AMR
MSBB	71868	71868	EUR
MSBB	71870	71870	AMR
MSBB	71871	71871	EUR
MSBB	71875	71875	AFR
MSBB	71876	71876	AFR
MSBB	71878	71878	AFR
MSBB	71879	71879	EUR
MSBB	71880	71880	EUR
MSBB	71881	71881	EUR
MSBB	71882	71882	EUR
MSBB	71883	71883	EUR
MSBB	71884	71884	EUR
MSBB	71885	71885	EUR
MSBB	71887	71887	EUR
MSBB	71890	71890	EUR
MSBB	71891	71891	EUR
MSBB	71893	71893	EUR
MSBB	71895	71895	EUR
MSBB	71896	71896	EUR
MSBB	71898	71898	AFR
MSBB	71899	71899	EUR
MSBB	71901	71901	EUR
MSBB	71903	71903	EUR
MSBB	71904	71904	EUR
MSBB	71907	71907	AMR
MSBB	71908	71908	EUR
MSBB	71909	71909	AMR
MSBB	71910	71910	EUR
MSBB	71911	71911	EUR
MSBB	71912	71912	EUR
MSBB	71913	71913	AMR
MSBB	71917	71917	EUR
MSBB	71918	71918	EUR
MSBB	71919	71919	EUR
MSBB	71920	71920	AFR
MSBB	71922	71922	EUR
MSBB	71923	71923	EUR
MSBB	71924	71924	EUR
MSBB	71927	71927	EUR
MSBB	71928	71928	AFR
MSBB	71930	71930	AMR
MSBB	71931	71931	EUR
MSBB	71932	71932	EUR
MSBB	71934	71934	AMR
MSBB	71935	71935	EUR
MSBB	71936	71936	EUR
MSBB	71937	71937	EUR
MSBB	71938	71938	EUR
MSBB	71940	71940	EUR
MSBB	71942	71942	EUR
MSBB	71944	71944	AFR
MSBB	71945	71945	AFR
MSBB	71946	71946	EUR
MSBB	71947	71947	EUR
MSBB	71949	71949	EUR
MSBB	71951	71951	EUR
MSBB	71952	71952	EUR
MSBB	71954	71954	EUR
MSBB	71955	71955	EUR
MSBB	71960	71960	EUR
MSBB	71961	71961	EUR
MSBB	71963	71963	EUR
MSBB	71964	71964	EUR
MSBB	71965	71965	AFR
MSBB	71967	71967	EUR
MSBB	71968	71968	AMR
MSBB	71969	71969	AFR
MSBB	71970	71970	AMR
MSBB	71971	71971	AFR
MSBB	71972	71972	EUR
MSBB	71973	71973	EUR
MSBB	71974	71974	EUR
MSBB	71976	71976	EUR
MSBB	71977	71977	EUR
MSBB	71978	71978	EUR
MSBB	71979	71979	AFR
MSBB	71980	71980	EUR
MSBB	71981	71981	EUR
MSBB	71983	71983	EUR
MSBB	71984	71984	EUR
MSBB	71986	71986	EUR
MSBB	71987	71987	EUR
MSBB	71988	71988	EUR
MSBB	71991	71991	EUR
MSBB	71992	71992	EUR
MSBB	71993	71993	EUR
MSBB	71994	71994	EUR
MSBB	71995	71995	EUR
MSBB	71996	71996	AMR
MSBB	74458	74458	EUR
MSBB	76348	76348	EUR
MSBB	76349	76349	AFR
MSBB	76351	76351	EUR
MSBB	76352	76352	EUR
MSBB	76353	76353	EUR
CMC_MSSM	0_MSSM_100	0_MSSM_100	EUR
CMC_MSSM	0_MSSM_101	0_MSSM_101	EUR
CMC_MSSM	0_MSSM_102	0_MSSM_102	EUR
CMC_MSSM	0_MSSM_108	0_MSSM_108	EUR
CMC_MSSM	0_MSSM_109	0_MSSM_109	EUR
CMC_MSSM	0_MSSM_111	0_MSSM_111	EUR
CMC_MSSM	0_MSSM_112	0_MSSM_112	EUR
CMC_MSSM	0_MSSM_113	0_MSSM_113	EUR
CMC_MSSM	0_MSSM_114	0_MSSM_114	EUR
CMC_MSSM	0_MSSM_116	0_MSSM_116	EUR
CMC_MSSM	0_MSSM_117	0_MSSM_117	EUR
CMC_MSSM	0_MSSM_118	0_MSSM_118	EUR
CMC_MSSM	0_MSSM_119	0_MSSM_119	EUR
CMC_MSSM	0_MSSM_12	0_MSSM_12	EUR
CMC_MSSM	0_MSSM_120	0_MSSM_120	EUR
CMC_MSSM	0_MSSM_123	0_MSSM_123	EUR
CMC_MSSM	0_MSSM_124	0_MSSM_124	EUR
CMC_MSSM	0_MSSM_125	0_MSSM_125	EUR
CMC_MSSM	0_MSSM_126	0_MSSM_126	EUR
CMC_MSSM	0_MSSM_127	0_MSSM_127	EUR
CMC_MSSM	0_MSSM_13	0_MSSM_13	EUR
CMC_MSSM	0_MSSM_132	0_MSSM_132	EUR
CMC_MSSM	0_MSSM_133	0_MSSM_133	EUR
CMC_MSSM	0_MSSM_134	0_MSSM_134	EUR
CMC_MSSM	0_MSSM_135	0_MSSM_135	EUR
CMC_MSSM	0_MSSM_141	0_MSSM_141	EUR
CMC_MSSM	0_MSSM_142	0_MSSM_142	EUR
CMC_MSSM	0_MSSM_143	0_MSSM_143	EUR
CMC_MSSM	0_MSSM_144	0_MSSM_144	EUR
CMC_MSSM	0_MSSM_147	0_MSSM_147	EUR
CMC_MSSM	0_MSSM_148	0_MSSM_148	EUR
CMC_MSSM	0_MSSM_149	0_MSSM_149	EUR
CMC_MSSM	0_MSSM_15	0_MSSM_15	EUR
CMC_MSSM	0_MSSM_152	0_MSSM_152	EUR
CMC_MSSM	0_MSSM_153	0_MSSM_153	EUR
CMC_MSSM	0_MSSM_157	0_MSSM_157	EUR
CMC_MSSM	0_MSSM_158	0_MSSM_158	EUR
CMC_MSSM	0_MSSM_16	0_MSSM_16	EUR
CMC_MSSM	0_MSSM_160	0_MSSM_160	EUR
CMC_MSSM	0_MSSM_161	0_MSSM_161	EUR
CMC_MSSM	0_MSSM_163	0_MSSM_163	EUR
CMC_MSSM	0_MSSM_164	0_MSSM_164	EUR
CMC_MSSM	0_MSSM_167	0_MSSM_167	EUR
CMC_MSSM	0_MSSM_168	0_MSSM_168	EUR
CMC_MSSM	0_MSSM_171	0_MSSM_171	EUR
CMC_MSSM	0_MSSM_172	0_MSSM_172	EUR
CMC_MSSM	0_MSSM_173	0_MSSM_173	EUR
CMC_MSSM	0_MSSM_174	0_MSSM_174	EUR
CMC_MSSM	0_MSSM_175	0_MSSM_175	EUR
CMC_MSSM	0_MSSM_176	0_MSSM_176	EUR
CMC_MSSM	0_MSSM_177	0_MSSM_177	EUR
CMC_MSSM	0_MSSM_179	0_MSSM_179	EUR
CMC_MSSM	0_MSSM_180	0_MSSM_180	EUR
CMC_MSSM	0_MSSM_181	0_MSSM_181	EUR
CMC_MSSM	0_MSSM_182	0_MSSM_182	EUR
CMC_MSSM	0_MSSM_183	0_MSSM_183	EUR
CMC_MSSM	0_MSSM_184	0_MSSM_184	EUR
CMC_MSSM	0_MSSM_186	0_MSSM_186	EUR
CMC_MSSM	0_MSSM_187	0_MSSM_187	EUR
CMC_MSSM	0_MSSM_189	0_MSSM_189	EUR
CMC_MSSM	0_MSSM_194	0_MSSM_194	EUR
CMC_MSSM	0_MSSM_2	0_MSSM_2	EUR
CMC_MSSM	0_MSSM_20	0_MSSM_20	EUR
CMC_MSSM	0_MSSM_201	0_MSSM_201	EUR
CMC_MSSM	0_MSSM_202	0_MSSM_202	EUR
CMC_MSSM	0_MSSM_204	0_MSSM_204	EUR
CMC_MSSM	0_MSSM_209	0_MSSM_209	AMR
CMC_MSSM	0_MSSM_210	0_MSSM_210	EUR
CMC_MSSM	0_MSSM_211	0_MSSM_211	EUR
CMC_MSSM	0_MSSM_212	0_MSSM_212	EUR
CMC_MSSM	0_MSSM_22	0_MSSM_22	EUR
CMC_MSSM	0_MSSM_220	0_MSSM_220	EUR
CMC_MSSM	0_MSSM_221	0_MSSM_221	EUR
CMC_MSSM	0_MSSM_223	0_MSSM_223	EUR
CMC_MSSM	0_MSSM_226	0_MSSM_226	EUR
CMC_MSSM	0_MSSM_228	0_MSSM_228	EUR
CMC_MSSM	0_MSSM_229	0_MSSM_229	EUR
CMC_MSSM	0_MSSM_232	0_MSSM_232	EUR
CMC_MSSM	0_MSSM_233	0_MSSM_233	EUR
CMC_MSSM	0_MSSM_234	0_MSSM_234	EUR
CMC_MSSM	0_MSSM_237	0_MSSM_237	EUR
CMC_MSSM	0_MSSM_238	0_MSSM_238	EUR
CMC_MSSM	0_MSSM_239	0_MSSM_239	EUR
CMC_MSSM	0_MSSM_240	0_MSSM_240	EUR
CMC_MSSM	0_MSSM_241	0_MSSM_241	EUR
CMC_MSSM	0_MSSM_242	0_MSSM_242	EUR
CMC_MSSM	0_MSSM_243	0_MSSM_243	EUR
CMC_MSSM	0_MSSM_245	0_MSSM_245	EUR
CMC_MSSM	0_MSSM_248	0_MSSM_248	EUR
CMC_MSSM	0_MSSM_25	0_MSSM_25	EUR
CMC_MSSM	0_MSSM_250	0_MSSM_250	EUR
CMC_MSSM	0_MSSM_251	0_MSSM_251	EUR
CMC_MSSM	0_MSSM_253	0_MSSM_253	EUR
CMC_MSSM	0_MSSM_254	0_MSSM_254	EUR
CMC_MSSM	0_MSSM_256	0_MSSM_256	EUR
CMC_MSSM	0_MSSM_257	0_MSSM_257	EUR
CMC_MSSM	0_MSSM_258	0_MSSM_258	EUR
CMC_MSSM	0_MSSM_26	0_MSSM_26	EUR
CMC_MSSM	0_MSSM_260	0_MSSM_260	EUR
CMC_MSSM	0_MSSM_261	0_MSSM_261	EUR
CMC_MSSM	0_MSSM_264	0_MSSM_264	EUR
CMC_MSSM	0_MSSM_265	0_MSSM_265	EUR
CMC_MSSM	0_MSSM_266	0_MSSM_266	EUR
CMC_MSSM	0_MSSM_269	0_MSSM_269	EUR
CMC_MSSM	0_MSSM_272	0_MSSM_272	EUR
CMC_MSSM	0_MSSM_273	0_MSSM_273	EUR
CMC_MSSM	0_MSSM_274	0_MSSM_274	EUR
CMC_MSSM	0_MSSM_277	0_MSSM_277	EUR
CMC_MSSM	0_MSSM_28	0_MSSM_28	EUR
CMC_MSSM	0_MSSM_280	0_MSSM_280	EUR
CMC_MSSM	0_MSSM_281	0_MSSM_281	EUR
CMC_MSSM	0_MSSM_282	0_MSSM_282	EUR
CMC_MSSM	0_MSSM_284	0_MSSM_284	EUR
CMC_MSSM	0_MSSM_286	0_MSSM_286	EUR
CMC_MSSM	0_MSSM_288	0_MSSM_288	EUR
CMC_MSSM	0_MSSM_289	0_MSSM_289	EUR
CMC_MSSM	0_MSSM_290	0_MSSM_290	EUR
CMC_MSSM	0_MSSM_291	0_MSSM_291	EUR
CMC_MSSM	0_MSSM_295	0_MSSM_295	EUR
CMC_MSSM	0_MSSM_297	0_MSSM_297	EUR
CMC_MSSM	0_MSSM_299	0_MSSM_299	EUR
CMC_MSSM	0_MSSM_3	0_MSSM_3	EUR
CMC_MSSM	0_MSSM_300	0_MSSM_300	EUR
CMC_MSSM	0_MSSM_301	0_MSSM_301	EUR
CMC_MSSM	0_MSSM_302	0_MSSM_302	EUR
CMC_MSSM	0_MSSM_303	0_MSSM_303	EUR
CMC_MSSM	0_MSSM_304	0_MSSM_304	EUR
CMC_MSSM	0_MSSM_305	0_MSSM_305	EUR
CMC_MSSM	0_MSSM_306	0_MSSM_306	EUR
CMC_MSSM	0_MSSM_308	0_MSSM_308	AFR
CMC_MSSM	0_MSSM_310	0_MSSM_310	EUR
CMC_MSSM	0_MSSM_311	0_MSSM_311	EUR
CMC_MSSM	0_MSSM_312	0_MSSM_312	EUR
CMC_MSSM	0_MSSM_313	0_MSSM_313	AFR
CMC_MSSM	0_MSSM_315	0_MSSM_315	EUR
CMC_MSSM	0_MSSM_316	0_MSSM_316	EUR
CMC_MSSM	0_MSSM_32	0_MSSM_32	EUR
CMC_MSSM	0_MSSM_320	0_MSSM_320	EUR
CMC_MSSM	0_MSSM_321	0_MSSM_321	AFR
CMC_MSSM	0_MSSM_326	0_MSSM_326	EUR
CMC_MSSM	0_MSSM_328	0_MSSM_328	EUR
CMC_MSSM	0_MSSM_329	0_MSSM_329	EUR
CMC_MSSM	0_MSSM_33	0_MSSM_33	EUR
CMC_MSSM	0_MSSM_330	0_MSSM_330	EUR
CMC_MSSM	0_MSSM_336	0_MSSM_336	EUR
CMC_MSSM	0_MSSM_337	0_MSSM_337	EUR
CMC_MSSM	0_MSSM_338	0_MSSM_338	AMR
CMC_MSSM	0_MSSM_34	0_MSSM_34	EUR
CMC_MSSM	0_MSSM_341	0_MSSM_341	EUR
CMC_MSSM	0_MSSM_342	0_MSSM_342	EUR
CMC_MSSM	0_MSSM_343	0_MSSM_343	EUR
CMC_MSSM	0_MSSM_344	0_MSSM_344	EUR
CMC_MSSM	0_MSSM_345	0_MSSM_345	EUR
CMC_MSSM	0_MSSM_346	0_MSSM_346	EUR
CMC_MSSM	0_MSSM_347	0_MSSM_347	EUR
CMC_MSSM	0_MSSM_348	0_MSSM_348	EUR
CMC_MSSM	0_MSSM_350	0_MSSM_350	EUR
CMC_MSSM	0_MSSM_351	0_MSSM_351	EUR
CMC_MSSM	0_MSSM_352	0_MSSM_352	EUR
CMC_MSSM	0_MSSM_353	0_MSSM_353	AFR
CMC_MSSM	0_MSSM_356	0_MSSM_356	EUR
CMC_MSSM	0_MSSM_357	0_MSSM_357	EUR
CMC_MSSM	0_MSSM_358	0_MSSM_358	EUR
CMC_MSSM	0_MSSM_359	0_MSSM_359	EUR
CMC_MSSM	0_MSSM_36	0_MSSM_36	AMR
CMC_MSSM	0_MSSM_360	0_MSSM_360	AFR
CMC_MSSM	0_MSSM_364	0_MSSM_364	EUR
CMC_MSSM	0_MSSM_367	0_MSSM_367	EUR
CMC_MSSM	0_MSSM_368	0_MSSM_368	EUR
CMC_MSSM	0_MSSM_371	0_MSSM_371	AFR
CMC_MSSM	0_MSSM_376	0_MSSM_376	EUR
CMC_MSSM	0_MSSM_377	0_MSSM_377	AMR
CMC_MSSM	0_MSSM_38	0_MSSM_38	EUR
CMC_MSSM	0_MSSM_380	0_MSSM_380	EUR
CMC_MSSM	0_MSSM_381	0_MSSM_381	AFR
CMC_MSSM	0_MSSM_382	0_MSSM_382	EUR
CMC_MSSM	0_MSSM_383	0_MSSM_383	AFR
CMC_MSSM	0_MSSM_388	0_MSSM_388	EUR
CMC_MSSM	0_MSSM_389	0_MSSM_389	EUR
CMC_MSSM	0_MSSM_39	0_MSSM_39	EUR
CMC_MSSM	0_MSSM_390	0_MSSM_390	EUR
CMC_MSSM	0_MSSM_391	0_MSSM_391	EUR
CMC_MSSM	0_MSSM_392	0_MSSM_392	AFR
CMC_MSSM	0_MSSM_394	0_MSSM_394	EUR
CMC_MSSM	0_MSSM_396	0_MSSM_396	EUR
CMC_MSSM	0_MSSM_397	0_MSSM_397	EUR
CMC_MSSM	0_MSSM_398	0_MSSM_398	EUR
CMC_MSSM	0_MSSM_399	0_MSSM_399	AMR
CMC_MSSM	0_MSSM_40	0_MSSM_40	EUR
CMC_MSSM	0_MSSM_41	0_MSSM_41	EUR
CMC_MSSM	0_MSSM_42	0_MSSM_42	EUR
CMC_MSSM	0_MSSM_43	0_MSSM_43	EUR
CMC_MSSM	0_MSSM_44	0_MSSM_44	EUR
CMC_MSSM	0_MSSM_45	0_MSSM_45	EUR
CMC_MSSM	0_MSSM_46	0_MSSM_46	EUR
CMC_MSSM	0_MSSM_47	0_MSSM_47	EUR
CMC_MSSM	0_MSSM_48	0_MSSM_48	EUR
CMC_MSSM	0_MSSM_50	0_MSSM_50	EUR
CMC_MSSM	0_MSSM_52	0_MSSM_52	EUR
CMC_MSSM	0_MSSM_53	0_MSSM_53	EUR
CMC_MSSM	0_MSSM_57	0_MSSM_57	EUR
CMC_MSSM	0_MSSM_59	0_MSSM_59	EUR
CMC_MSSM	0_MSSM_60	0_MSSM_60	EUR
CMC_MSSM	0_MSSM_61	0_MSSM_61	EUR
CMC_MSSM	0_MSSM_62	0_MSSM_62	EUR
CMC_MSSM	0_MSSM_63	0_MSSM_63	EUR
CMC_MSSM	0_MSSM_64	0_MSSM_64	EUR
CMC_MSSM	0_MSSM_65	0_MSSM_65	EUR
CMC_MSSM	0_MSSM_66	0_MSSM_66	AFR
CMC_MSSM	0_MSSM_67	0_MSSM_67	EUR
CMC_MSSM	0_MSSM_68	0_MSSM_68	EUR
CMC_MSSM	0_MSSM_69	0_MSSM_69	EUR
CMC_MSSM	0_MSSM_7	0_MSSM_7	EUR
CMC_MSSM	0_MSSM_79	0_MSSM_79	EUR
CMC_MSSM	0_MSSM_8	0_MSSM_8	EUR
CMC_MSSM	0_MSSM_80	0_MSSM_80	EUR
CMC_MSSM	0_MSSM_81	0_MSSM_81	EUR
CMC_MSSM	0_MSSM_84	0_MSSM_84	EUR
CMC_MSSM	0_MSSM_87	0_MSSM_87	EUR
CMC_MSSM	0_MSSM_89	0_MSSM_89	EUR
CMC_MSSM	0_MSSM_9	0_MSSM_9	EUR
CMC_MSSM	0_MSSM_91	0_MSSM_91	EUR
CMC_MSSM	0_MSSM_92	0_MSSM_92	EUR
CMC_MSSM	0_MSSM_95	0_MSSM_95	EUR
CMC_MSSM	0_MSSM_96	0_MSSM_96	EUR
CMC_MSSM	0_MSSM_97	0_MSSM_97	EUR
CMC_MSSM	0_MSSM_98	0_MSSM_98	EUR
CMC_MSSM	0_MSSM_BP_10	0_MSSM_BP_10	EUR
CMC_MSSM	0_MSSM_BP_11	0_MSSM_BP_11	EUR
CMC_MSSM	0_MSSM_BP_12	0_MSSM_BP_12	EUR
CMC_MSSM	0_MSSM_BP_13	0_MSSM_BP_13	EUR
CMC_MSSM	0_MSSM_BP_14	0_MSSM_BP_14	EUR
CMC_MSSM	0_MSSM_BP_15	0_MSSM_BP_15	EUR
CMC_MSSM	0_MSSM_BP_16	0_MSSM_BP_16	EUR
CMC_MSSM	0_MSSM_BP_17	0_MSSM_BP_17	EUR
CMC_MSSM	0_MSSM_BP_18	0_MSSM_BP_18	EUR
CMC_MSSM	0_MSSM_BP_19	0_MSSM_BP_19	EUR
CMC_MSSM	0_MSSM_BP_2	0_MSSM_BP_2	EUR
CMC_MSSM	0_MSSM_BP_20	0_MSSM_BP_20	EUR
CMC_MSSM	0_MSSM_BP_24	0_MSSM_BP_24	EUR
CMC_MSSM	0_MSSM_BP_4	0_MSSM_BP_4	EUR
CMC_MSSM	0_MSSM_BP_5	0_MSSM_BP_5	EUR
CMC_MSSM	0_MSSM_BP_6	0_MSSM_BP_6	EUR
CMC_MSSM	0_MSSM_BP_7	0_MSSM_BP_7	EUR
CMC_MSSM	0_MSSM_BP_9	0_MSSM_BP_9	EUR
CMC_PENN	0_PENN_1	0_PENN_1	EUR
CMC_PENN	0_PENN_10	0_PENN_10	AFR
CMC_PENN	0_PENN_100	0_PENN_100	EUR
CMC_PENN	0_PENN_101	0_PENN_101	EUR
CMC_PENN	0_PENN_103	0_PENN_103	EUR
CMC_PENN	0_PENN_104	0_PENN_104	EUR
CMC_PENN	0_PENN_105	0_PENN_105	EUR
CMC_PENN	0_PENN_106	0_PENN_106	EUR
CMC_PENN	0_PENN_107	0_PENN_107	EUR
CMC_PENN	0_PENN_108	0_PENN_108	EUR
CMC_PENN	0_PENN_109	0_PENN_109	EUR
CMC_PENN	0_PENN_11	0_PENN_11	EUR
CMC_PENN	0_PENN_12	0_PENN_12	AFR
CMC_PENN	0_PENN_14	0_PENN_14	EUR
CMC_PENN	0_PENN_16	0_PENN_16	OTHER
CMC_PENN	0_PENN_17	0_PENN_17	EUR
CMC_PENN	0_PENN_18	0_PENN_18	EUR
CMC_PENN	0_PENN_19	0_PENN_19	EUR
CMC_PENN	0_PENN_2	0_PENN_2	AFR
CMC_PENN	0_PENN_20	0_PENN_20	EUR
CMC_PENN	0_PENN_21	0_PENN_21	EUR
CMC_PENN	0_PENN_22	0_PENN_22	AFR
CMC_PENN	0_PENN_23	0_PENN_23	EUR
CMC_PENN	0_PENN_24	0_PENN_24	EUR
CMC_PENN	0_PENN_25	0_PENN_25	AFR
CMC_PENN	0_PENN_26	0_PENN_26	AFR
CMC_PENN	0_PENN_27	0_PENN_27	EUR
CMC_PENN	0_PENN_28	0_PENN_28	EUR
CMC_PENN	0_PENN_3	0_PENN_3	EUR
CMC_PENN	0_PENN_31	0_PENN_31	EUR
CMC_PENN	0_PENN_32	0_PENN_32	EUR
CMC_PENN	0_PENN_33	0_PENN_33	EUR
CMC_PENN	0_PENN_34	0_PENN_34	EUR
CMC_PENN	0_PENN_35	0_PENN_35	EUR
CMC_PENN	0_PENN_37	0_PENN_37	AFR
CMC_PENN	0_PENN_38	0_PENN_38	EUR
CMC_PENN	0_PENN_39	0_PENN_39	EUR
CMC_PENN	0_PENN_4	0_PENN_4	EUR
CMC_PENN	0_PENN_40	0_PENN_40	EUR
CMC_PENN	0_PENN_41	0_PENN_41	EUR
CMC_PENN	0_PENN_42	0_PENN_42	EUR
CMC_PENN	0_PENN_43	0_PENN_43	EUR
CMC_PENN	0_PENN_44	0_PENN_44	EUR
CMC_PENN	0_PENN_45	0_PENN_45	EUR
CMC_PENN	0_PENN_47	0_PENN_47	AFR
CMC_PENN	0_PENN_48	0_PENN_48	EUR
CMC_PENN	0_PENN_49	0_PENN_49	EUR
CMC_PENN	0_PENN_5	0_PENN_5	EUR
CMC_PENN	0_PENN_50	0_PENN_50	EUR
CMC_PENN	0_PENN_51	0_PENN_51	EUR
CMC_PENN	0_PENN_52	0_PENN_52	EUR
CMC_PENN	0_PENN_53	0_PENN_53	AFR
CMC_PENN	0_PENN_54	0_PENN_54	EUR
CMC_PENN	0_PENN_55	0_PENN_55	EUR
CMC_PENN	0_PENN_56	0_PENN_56	EUR
CMC_PENN	0_PENN_58	0_PENN_58	EUR
CMC_PENN	0_PENN_59	0_PENN_59	EUR
CMC_PENN	0_PENN_6	0_PENN_6	EUR
CMC_PENN	0_PENN_61	0_PENN_61	EUR
CMC_PENN	0_PENN_62	0_PENN_62	EUR
CMC_PENN	0_PENN_63	0_PENN_63	EUR
CMC_PENN	0_PENN_64	0_PENN_64	EUR
CMC_PENN	0_PENN_65	0_PENN_65	EUR
CMC_PENN	0_PENN_66	0_PENN_66	EUR
CMC_PENN	0_PENN_67	0_PENN_67	EUR
CMC_PENN	0_PENN_68	0_PENN_68	EUR
CMC_PENN	0_PENN_69	0_PENN_69	EUR
CMC_PENN	0_PENN_7	0_PENN_7	EUR
CMC_PENN	0_PENN_70	0_PENN_70	EUR
CMC_PENN	0_PENN_71	0_PENN_71	EUR
CMC_PENN	0_PENN_73	0_PENN_73	EUR
CMC_PENN	0_PENN_74	0_PENN_74	EUR
CMC_PENN	0_PENN_76	0_PENN_76	EUR
CMC_PENN	0_PENN_77	0_PENN_77	EUR
CMC_PENN	0_PENN_78	0_PENN_78	EUR
CMC_PENN	0_PENN_79	0_PENN_79	EUR
CMC_PENN	0_PENN_8	0_PENN_8	AFR
CMC_PENN	0_PENN_80	0_PENN_80	EUR
CMC_PENN	0_PENN_81	0_PENN_81	EUR
CMC_PENN	0_PENN_83	0_PENN_83	EUR
CMC_PENN	0_PENN_85	0_PENN_85	AFR
CMC_PENN	0_PENN_86	0_PENN_86	EUR
CMC_PENN	0_PENN_87	0_PENN_87	EUR
CMC_PENN	0_PENN_88	0_PENN_88	EUR
CMC_PENN	0_PENN_9	0_PENN_9	EUR
CMC_PENN	0_PENN_90	0_PENN_90	AFR
CMC_PENN	0_PENN_91	0_PENN_91	EUR
CMC_PENN	0_PENN_92	0_PENN_92	EUR
CMC_PENN	0_PENN_94	0_PENN_94	AFR
CMC_PENN	0_PENN_95	0_PENN_95	EUR
CMC_PENN	0_PENN_96	0_PENN_96	EUR
CMC_PENN	0_PENN_97	0_PENN_97	EUR
CMC_PENN	0_PENN_98	0_PENN_98	EUR
CMC_PENN	0_PENN_99	0_PENN_99	EUR
CMC_PITT	0_PITT_10005	0_PITT_10005	EUR
CMC_PITT	0_PITT_10020	0_PITT_10020	EUR
CMC_PITT	0_PITT_10023	0_PITT_10023	AFR
CMC_PITT	0_PITT_10024	0_PITT_10024	AFR
CMC_PITT	0_PITT_10025	0_PITT_10025	AFR
CMC_PITT	0_PITT_10026	0_PITT_10026	EUR
CMC_PITT	0_PITT_1026	0_PITT_1026	EUR
CMC_PITT	0_PITT_1088	0_PITT_1088	EUR
CMC_PITT	0_PITT_1099	0_PITT_1099	EUR
CMC_PITT	0_PITT_1105	0_PITT_1105	EUR
CMC_PITT	0_PITT_1122	0_PITT_1122	EUR
CMC_PITT	0_PITT_1173	0_PITT_1173	EUR
CMC_PITT	0_PITT_1178	0_PITT_1178	AFR
CMC_PITT	0_PITT_1188	0_PITT_1188	EUR
CMC_PITT	0_PITT_1189	0_PITT_1189	EUR
CMC_PITT	0_PITT_1191	0_PITT_1191	AFR
CMC_PITT	0_PITT_1201	0_PITT_1201	EUR
CMC_PITT	0_PITT_1209	0_PITT_1209	EUR
CMC_PITT	0_PITT_1211	0_PITT_1211	EUR
CMC_PITT	0_PITT_1222	0_PITT_1222	EUR
CMC_PITT	0_PITT_1230	0_PITT_1230	EUR
CMC_PITT	0_PITT_1240	0_PITT_1240	AFR
CMC_PITT	0_PITT_1256	0_PITT_1256	EUR
CMC_PITT	0_PITT_1263	0_PITT_1263	EUR
CMC_PITT	0_PITT_1268	0_PITT_1268	AFR
CMC_PITT	0_PITT_1270	0_PITT_1270	EUR
CMC_PITT	0_PITT_1284	0_PITT_1284	EUR
CMC_PITT	0_PITT_1307	0_PITT_1307	AFR
CMC_PITT	0_PITT_1314	0_PITT_1314	EUR
CMC_PITT	0_PITT_1326	0_PITT_1326	EUR
CMC_PITT	0_PITT_1336	0_PITT_1336	EUR
CMC_PITT	0_PITT_1341	0_PITT_1341	EUR
CMC_PITT	0_PITT_1350	0_PITT_1350	EUR
CMC_PITT	0_PITT_1361	0_PITT_1361	EUR
CMC_PITT	0_PITT_1367	0_PITT_1367	EUR
CMC_PITT	0_PITT_1372	0_PITT_1372	EUR
CMC_PITT	0_PITT_1386	0_PITT_1386	EUR
CMC_PITT	0_PITT_1420	0_PITT_1420	EUR
CMC_PITT	0_PITT_1433	0_PITT_1433	EUR
CMC_PITT	0_PITT_1453	0_PITT_1453	EUR
CMC_PITT	0_PITT_1454	0_PITT_1454	EUR
CMC_PITT	0_PITT_1455	0_PITT_1455	EUR
CMC_PITT	0_PITT_1466	0_PITT_1466	AFR
CMC_PITT	0_PITT_1472	0_PITT_1472	EUR
CMC_PITT	0_PITT_1474	0_PITT_1474	EUR
CMC_PITT	0_PITT_1506	0_PITT_1506	EUR
CMC_PITT	0_PITT_1518	0_PITT_1518	EUR
CMC_PITT	0_PITT_1524	0_PITT_1524	EUR
CMC_PITT	0_PITT_1542	0_PITT_1542	EUR
CMC_PITT	0_PITT_1543	0_PITT_1543	EUR
CMC_PITT	0_PITT_1554	0_PITT_1554	EUR
CMC_PITT	0_PITT_1555	0_PITT_1555	EUR
CMC_PITT	0_PITT_1558	0_PITT_1558	EUR
CMC_PITT	0_PITT_1579	0_PITT_1579	EUR
CMC_PITT	0_PITT_1581	0_PITT_1581	EUR
CMC_PITT	0_PITT_1583	0_PITT_1583	EUR
CMC_PITT	0_PITT_1635	0_PITT_1635	EUR
CMC_PITT	0_PITT_1649	0_PITT_1649	AFR
CMC_PITT	0_PITT_1686	0_PITT_1686	AFR
CMC_PITT	0_PITT_1691	0_PITT_1691	EUR
CMC_PITT	0_PITT_1706	0_PITT_1706	AFR
CMC_PITT	0_PITT_1712	0_PITT_1712	EUR
CMC_PITT	0_PITT_1734	0_PITT_1734	EUR
CMC_PITT	0_PITT_1792	0_PITT_1792	EUR
CMC_PITT	0_PITT_516	0_PITT_516	AFR
CMC_PITT	0_PITT_533	0_PITT_533	EUR
CMC_PITT	0_PITT_539	0_PITT_539	EUR
CMC_PITT	0_PITT_546	0_PITT_546	EUR
CMC_PITT	0_PITT_547	0_PITT_547	AFR
CMC_PITT	0_PITT_551	0_PITT_551	EUR
CMC_PITT	0_PITT_566	0_PITT_566	EUR
CMC_PITT	0_PITT_581	0_PITT_581	EUR
CMC_PITT	0_PITT_587	0_PITT_587	AFR
CMC_PITT	0_PITT_592	0_PITT_592	AFR
CMC_PITT	0_PITT_604	0_PITT_604	EUR
CMC_PITT	0_PITT_621	0_PITT_621	EUR
CMC_PITT	0_PITT_622	0_PITT_622	EUR
CMC_PITT	0_PITT_625	0_PITT_625	AFR
CMC_PITT	0_PITT_630	0_PITT_630	EUR
CMC_PITT	0_PITT_634	0_PITT_634	EUR
CMC_PITT	0_PITT_640	0_PITT_640	EUR
CMC_PITT	0_PITT_656	0_PITT_656	AFR
CMC_PITT	0_PITT_665	0_PITT_665	AFR
CMC_PITT	0_PITT_681	0_PITT_681	EUR
CMC_PITT	0_PITT_685	0_PITT_685	EUR
CMC_PITT	0_PITT_694	0_PITT_694	EUR
CMC_PITT	0_PITT_700	0_PITT_700	EUR
CMC_PITT	0_PITT_722	0_PITT_722	AFR
CMC_PITT	0_PITT_727	0_PITT_727	AFR
CMC_PITT	0_PITT_739	0_PITT_739	EUR
CMC_PITT	0_PITT_781	0_PITT_781	AFR
CMC_PITT	0_PITT_787	0_PITT_787	AFR
CMC_PITT	0_PITT_802	0_PITT_802	EUR
CMC_PITT	0_PITT_806	0_PITT_806	EUR
CMC_PITT	0_PITT_818	0_PITT_818	EUR
CMC_PITT	0_PITT_822	0_PITT_822	AFR
CMC_PITT	0_PITT_829	0_PITT_829	EUR
CMC_PITT	0_PITT_852	0_PITT_852	EUR
CMC_PITT	0_PITT_857	0_PITT_857	EUR
CMC_PITT	0_PITT_902	0_PITT_902	EUR
CMC_PITT	0_PITT_904	0_PITT_904	EUR
CMC_PITT	0_PITT_917	0_PITT_917	EUR
CMC_PITT	0_PITT_933	0_PITT_933	EUR
CMC_PITT	0_PITT_970	0_PITT_970	EUR
CMC_PITT	0_PITT_987	0_PITT_987	EUR
CMC_PITT	0_PITT_988	0_PITT_988	EUR
CMC_PITT	0_Pitt_BP_10004	0_Pitt_BP_10004	EUR
CMC_PITT	0_Pitt_BP_10006	0_Pitt_BP_10006	EUR
CMC_PITT	0_Pitt_BP_10014	0_Pitt_BP_10014	EUR
CMC_PITT	0_Pitt_BP_10019	0_Pitt_BP_10019	AFR
CMC_PITT	0_Pitt_BP_1020	0_Pitt_BP_1020	EUR
CMC_PITT	0_Pitt_BP_1031	0_Pitt_BP_1031	EUR
CMC_PITT	0_Pitt_BP_1044	0_Pitt_BP_1044	EUR
CMC_PITT	0_Pitt_BP_1048	0_Pitt_BP_1048	EUR
CMC_PITT	0_Pitt_BP_1069	0_Pitt_BP_1069	EUR
CMC_PITT	0_Pitt_BP_1081	0_Pitt_BP_1081	EUR
CMC_PITT	0_Pitt_BP_1102	0_Pitt_BP_1102	EUR
CMC_PITT	0_Pitt_BP_1121	0_Pitt_BP_1121	EUR
CMC_PITT	0_Pitt_BP_1130	0_Pitt_BP_1130	EUR
CMC_PITT	0_Pitt_BP_1153	0_Pitt_BP_1153	EUR
CMC_PITT	0_Pitt_BP_1180	0_Pitt_BP_1180	EUR
CMC_PITT	0_Pitt_BP_1181	0_Pitt_BP_1181	EUR
CMC_PITT	0_Pitt_BP_1196	0_Pitt_BP_1196	EUR
CMC_PITT	0_Pitt_BP_1207	0_Pitt_BP_1207	EUR
CMC_PITT	0_Pitt_BP_1244	0_Pitt_BP_1244	EUR
CMC_PITT	0_Pitt_BP_1293	0_Pitt_BP_1293	EUR
CMC_PITT	0_Pitt_BP_1298	0_Pitt_BP_1298	EUR
CMC_PITT	0_Pitt_BP_1328	0_Pitt_BP_1328	EUR
CMC_PITT	0_Pitt_BP_1394	0_Pitt_BP_1394	EUR
CMC_PITT	0_Pitt_BP_1403	0_Pitt_BP_1403	EUR
CMC_PITT	0_Pitt_BP_1429	0_Pitt_BP_1429	AFR
CMC_PITT	0_Pitt_BP_1444	0_Pitt_BP_1444	EUR
CMC_PITT	0_Pitt_BP_1449	0_Pitt_BP_1449	EUR
CMC_PITT	0_Pitt_BP_1461	0_Pitt_BP_1461	EUR
CMC_PITT	0_Pitt_BP_1473	0_Pitt_BP_1473	EUR
CMC_PITT	0_Pitt_BP_1482	0_Pitt_BP_1482	EUR
CMC_PITT	0_Pitt_BP_1483	0_Pitt_BP_1483	EUR
CMC_PITT	0_Pitt_BP_1489	0_Pitt_BP_1489	EUR
CMC_PITT	0_Pitt_BP_1537	0_Pitt_BP_1537	EUR
CMC_PITT	0_Pitt_BP_1565	0_Pitt_BP_1565	EUR
CMC_PITT	0_Pitt_BP_1573	0_Pitt_BP_1573	EUR
CMC_PITT	0_Pitt_BP_1584	0_Pitt_BP_1584	EUR
CMC_PITT	0_Pitt_BP_1589	0_Pitt_BP_1589	EUR
CMC_PITT	0_Pitt_BP_1598	0_Pitt_BP_1598	EUR
CMC_PITT	0_Pitt_BP_1603	0_Pitt_BP_1603	EUR
CMC_PITT	0_Pitt_BP_1605	0_Pitt_BP_1605	EUR
CMC_PITT	0_Pitt_BP_1632	0_Pitt_BP_1632	AFR
CMC_PITT	0_Pitt_BP_1637	0_Pitt_BP_1637	EUR
CMC_PITT	0_Pitt_BP_1694	0_Pitt_BP_1694	EUR
CMC_PITT	0_Pitt_BP_1695	0_Pitt_BP_1695	EUR
CMC_PITT	0_Pitt_BP_1770	0_Pitt_BP_1770	EUR
CMC_PITT	0_Pitt_BP_1783	0_Pitt_BP_1783	EUR
CMC_PITT	0_Pitt_BP_1789	0_Pitt_BP_1789	EUR
CMC_PITT	0_Pitt_BP_697	0_Pitt_BP_697	EUR
CMC_PITT	0_Pitt_BP_716	0_Pitt_BP_716	EUR
CMC_PITT	0_Pitt_BP_789	0_Pitt_BP_789	EUR
CMC_PITT	0_Pitt_BP_795	0_Pitt_BP_795	EUR
CMC_PITT	0_Pitt_BP_838	0_Pitt_BP_838	EUR
CMC_PITT	0_Pitt_BP_840	0_Pitt_BP_840	EUR
CMC_PITT	0_Pitt_BP_841	0_Pitt_BP_841	EUR
CMC_PITT	0_Pitt_BP_849	0_Pitt_BP_849	EUR
CMC_PITT	0_Pitt_BP_886	0_Pitt_BP_886	EUR
CMC_PITT	0_Pitt_BP_945	0_Pitt_BP_945	EUR
CMC_PITT	0_Pitt_BP_957	0_Pitt_BP_957	EUR
CMC_PITT	0_Pitt_BP_982	0_Pitt_BP_982	EUR
CMC_PITT	0_Pitt_BP_984	0_Pitt_BP_984	EUR
GTEx_v10	GTEX-1117F	GTEX-1117F	EUR
GTEx_v10	GTEX-111FC	GTEX-111FC	EUR
GTEx_v10	GTEX-113JC	GTEX-113JC	EUR
GTEx_v10	GTEX-117XS	GTEX-117XS	EUR
GTEx_v10	GTEX-1192W	GTEX-1192W	EUR
GTEx_v10	GTEX-1192X	GTEX-1192X	EUR
GTEx_v10	GTEX-11DXW	GTEX-11DXW	EUR
GTEx_v10	GTEX-11DXY	GTEX-11DXY	EUR
GTEx_v10	GTEX-11DYG	GTEX-11DYG	EUR
GTEx_v10	GTEX-11DZ1	GTEX-11DZ1	EUR
GTEx_v10	GTEX-11EI6	GTEX-11EI6	EUR
GTEx_v10	GTEX-11EMC	GTEX-11EMC	EUR
GTEx_v10	GTEX-11GS4	GTEX-11GS4	EUR
GTEx_v10	GTEX-11GSO	GTEX-11GSO	EUR
GTEx_v10	GTEX-11GSP	GTEX-11GSP	EUR
GTEx_v10	GTEX-11H98	GTEX-11H98	EUR
GTEx_v10	GTEX-11NUK	GTEX-11NUK	EUR
GTEx_v10	GTEX-11NV4	GTEX-11NV4	EUR
GTEx_v10	GTEX-11O72	GTEX-11O72	EUR
GTEx_v10	GTEX-11OF3	GTEX-11OF3	EUR
GTEx_v10	GTEX-11ONC	GTEX-11ONC	EUR
GTEx_v10	GTEX-11TTK	GTEX-11TTK	EUR
GTEx_v10	GTEX-11TUW	GTEX-11TUW	EUR
GTEx_v10	GTEX-11UD1	GTEX-11UD1	EUR
GTEx_v10	GTEX-11WQC	GTEX-11WQC	EUR
GTEx_v10	GTEX-11WQK	GTEX-11WQK	EUR
GTEx_v10	GTEX-11ZTS	GTEX-11ZTS	EUR
GTEx_v10	GTEX-11ZU8	GTEX-11ZU8	EUR
GTEx_v10	GTEX-11ZUS	GTEX-11ZUS	EUR
GTEx_v10	GTEX-12126	GTEX-12126	EUR
GTEx_v10	GTEX-1269C	GTEX-1269C	EUR
GTEx_v10	GTEX-12WS9	GTEX-12WS9	EUR
GTEx_v10	GTEX-12WSA	GTEX-12WSA	EUR
GTEx_v10	GTEX-12WSC	GTEX-12WSC	EUR
GTEx_v10	GTEX-12WSD	GTEX-12WSD	EUR
GTEx_v10	GTEX-12WSE	GTEX-12WSE	EUR
GTEx_v10	GTEX-12WSF	GTEX-12WSF	EUR
GTEx_v10	GTEX-12WSH	GTEX-12WSH	EUR
GTEx_v10	GTEX-12WSM	GTEX-12WSM	EUR
GTEx_v10	GTEX-12ZZW	GTEX-12ZZW	EUR
GTEx_v10	GTEX-12ZZX	GTEX-12ZZX	EUR
GTEx_v10	GTEX-12ZZY	GTEX-12ZZY	EUR
GTEx_v10	GTEX-12ZZZ	GTEX-12ZZZ	EUR
GTEx_v10	GTEX-13112	GTEX-13112	EUR
GTEx_v10	GTEX-1313W	GTEX-1313W	EUR
GTEx_v10	GTEX-131XW	GTEX-131XW	EUR
GTEx_v10	GTEX-131YS	GTEX-131YS	EUR
GTEx_v10	GTEX-132Q8	GTEX-132Q8	EUR
GTEx_v10	GTEX-1399T	GTEX-1399T	EUR
GTEx_v10	GTEX-139TS	GTEX-139TS	EUR
GTEx_v10	GTEX-139TT	GTEX-139TT	EUR
GTEx_v10	GTEX-13CZV	GTEX-13CZV	EUR
GTEx_v10	GTEX-13FHO	GTEX-13FHO	EUR
GTEx_v10	GTEX-13FHP	GTEX-13FHP	EUR
GTEx_v10	GTEX-13FLV	GTEX-13FLV	EUR
GTEx_v10	GTEX-13FLW	GTEX-13FLW	EUR
GTEx_v10	GTEX-13FTZ	GTEX-13FTZ	EUR
GTEx_v10	GTEX-13FXS	GTEX-13FXS	EUR
GTEx_v10	GTEX-13G51	GTEX-13G51	EUR
GTEx_v10	GTEX-13IVO	GTEX-13IVO	EUR
GTEx_v10	GTEX-13JUV	GTEX-13JUV	EUR
GTEx_v10	GTEX-13JVG	GTEX-13JVG	EUR
GTEx_v10	GTEX-13N2G	GTEX-13N2G	EUR
GTEx_v10	GTEX-13NYB	GTEX-13NYB	EUR
GTEx_v10	GTEX-13NYS	GTEX-13NYS	EUR
GTEx_v10	GTEX-13NZA	GTEX-13NZA	EUR
GTEx_v10	GTEX-13O3O	GTEX-13O3O	EUR
GTEx_v10	GTEX-13O3Q	GTEX-13O3Q	EUR
GTEx_v10	GTEX-13OVH	GTEX-13OVH	EUR
GTEx_v10	GTEX-13OVJ	GTEX-13OVJ	EUR
GTEx_v10	GTEX-13OVL	GTEX-13OVL	EUR
GTEx_v10	GTEX-13OW5	GTEX-13OW5	EUR
GTEx_v10	GTEX-13OW6	GTEX-13OW6	EUR
GTEx_v10	GTEX-13OW7	GTEX-13OW7	EUR
GTEx_v10	GTEX-13OW8	GTEX-13OW8	EUR
GTEx_v10	GTEX-13PLJ	GTEX-13PLJ	EUR
GTEx_v10	GTEX-13PVQ	GTEX-13PVQ	EUR
GTEx_v10	GTEX-13QIC	GTEX-13QIC	EUR
GTEx_v10	GTEX-13QJC	GTEX-13QJC	EUR
GTEx_v10	GTEX-13RTJ	GTEX-13RTJ	EUR
GTEx_v10	GTEX-13S7M	GTEX-13S7M	EUR
GTEx_v10	GTEX-13SLW	GTEX-13SLW	EUR
GTEx_v10	GTEX-13SLX	GTEX-13SLX	EUR
GTEx_v10	GTEX-13VXU	GTEX-13VXU	EUR
GTEx_v10	GTEX-13X6I	GTEX-13X6I	EUR
GTEx_v10	GTEX-13X6J	GTEX-13X6J	EUR
GTEx_v10	GTEX-13X6K	GTEX-13X6K	EUR
GTEx_v10	GTEX-1445S	GTEX-1445S	EUR
GTEx_v10	GTEX-144GL	GTEX-144GL	EUR
GTEx_v10	GTEX-145LS	GTEX-145LS	EUR
GTEx_v10	GTEX-145LU	GTEX-145LU	EUR
GTEx_v10	GTEX-145MG	GTEX-145MG	EUR
GTEx_v10	GTEX-145MH	GTEX-145MH	EUR
GTEx_v10	GTEX-145MI	GTEX-145MI	EUR
GTEx_v10	GTEX-14753	GTEX-14753	EUR
GTEx_v10	GTEX-1477Z	GTEX-1477Z	EUR
GTEx_v10	GTEX-147F4	GTEX-147F4	EUR
GTEx_v10	GTEX-147GR	GTEX-147GR	EUR
GTEx_v10	GTEX-148VJ	GTEX-148VJ	EUR
GTEx_v10	GTEX-14A5H	GTEX-14A5H	EUR
GTEx_v10	GTEX-14ABY	GTEX-14ABY	EUR
GTEx_v10	GTEX-14ASI	GTEX-14ASI	EUR
GTEx_v10	GTEX-14BIL	GTEX-14BIL	EUR
GTEx_v10	GTEX-14BIM	GTEX-14BIM	EUR
GTEx_v10	GTEX-14BIN	GTEX-14BIN	EUR
GTEx_v10	GTEX-14BMV	GTEX-14BMV	EUR
GTEx_v10	GTEX-14C39	GTEX-14C39	EUR
GTEx_v10	GTEX-14C5O	GTEX-14C5O	EUR
GTEx_v10	GTEX-14DAQ	GTEX-14DAQ	EUR
GTEx_v10	GTEX-14E6C	GTEX-14E6C	EUR
GTEx_v10	GTEX-14E6D	GTEX-14E6D	EUR
GTEx_v10	GTEX-14E7W	GTEX-14E7W	EUR
GTEx_v10	GTEX-14JFF	GTEX-14JFF	EUR
GTEx_v10	GTEX-14JG1	GTEX-14JG1	EUR
GTEx_v10	GTEX-14JIY	GTEX-14JIY	EUR
GTEx_v10	GTEX-14LLW	GTEX-14LLW	EUR
GTEx_v10	GTEX-14LZ3	GTEX-14LZ3	EUR
GTEx_v10	GTEX-14PHW	GTEX-14PHW	EUR
GTEx_v10	GTEX-14PJM	GTEX-14PJM	EUR
GTEx_v10	GTEX-14PJO	GTEX-14PJO	EUR
GTEx_v10	GTEX-14PN4	GTEX-14PN4	EUR
GTEx_v10	GTEX-14PQA	GTEX-14PQA	EUR
GTEx_v10	GTEX-15CHQ	GTEX-15CHQ	EUR
GTEx_v10	GTEX-15D1Q	GTEX-15D1Q	EUR
GTEx_v10	GTEX-15DCD	GTEX-15DCD	EUR
GTEx_v10	GTEX-15DDE	GTEX-15DDE	EUR
GTEx_v10	GTEX-15DYW	GTEX-15DYW	EUR
GTEx_v10	GTEX-15EO6	GTEX-15EO6	EUR
GTEx_v10	GTEX-15ER7	GTEX-15ER7	EUR
GTEx_v10	GTEX-15G19	GTEX-15G19	EUR
GTEx_v10	GTEX-15RJE	GTEX-15RJE	EUR
GTEx_v10	GTEX-15SHU	GTEX-15SHU	EUR
GTEx_v10	GTEX-15SZO	GTEX-15SZO	EUR
GTEx_v10	GTEX-15UF6	GTEX-15UF6	EUR
GTEx_v10	GTEX-16GPK	GTEX-16GPK	EUR
GTEx_v10	GTEX-16NPV	GTEX-16NPV	EUR
GTEx_v10	GTEX-16XZZ	GTEX-16XZZ	EUR
GTEx_v10	GTEX-16YQH	GTEX-16YQH	EUR
GTEx_v10	GTEX-16Z82	GTEX-16Z82	EUR
GTEx_v10	GTEX-17EVP	GTEX-17EVP	EUR
GTEx_v10	GTEX-17EVQ	GTEX-17EVQ	EUR
GTEx_v10	GTEX-17F97	GTEX-17F97	EUR
GTEx_v10	GTEX-17HG3	GTEX-17HG3	EUR
GTEx_v10	GTEX-17HII	GTEX-17HII	EUR
GTEx_v10	GTEX-17JCI	GTEX-17JCI	EUR
GTEx_v10	GTEX-18464	GTEX-18464	EUR
GTEx_v10	GTEX-18A6Q	GTEX-18A6Q	EUR
GTEx_v10	GTEX-1A3MX	GTEX-1A3MX	EUR
GTEx_v10	GTEX-1A8FM	GTEX-1A8FM	EUR
GTEx_v10	GTEX-1A8G6	GTEX-1A8G6	EUR
GTEx_v10	GTEX-1B8L1	GTEX-1B8L1	EUR
GTEx_v10	GTEX-1B8SF	GTEX-1B8SF	EUR
GTEx_v10	GTEX-1B933	GTEX-1B933	EUR
GTEx_v10	GTEX-1B996	GTEX-1B996	EUR
GTEx_v10	GTEX-1BAJH	GTEX-1BAJH	EUR
GTEx_v10	GTEX-1C6VQ	GTEX-1C6VQ	EUR
GTEx_v10	GTEX-1C6VR	GTEX-1C6VR	EUR
GTEx_v10	GTEX-1CAMQ	GTEX-1CAMQ	EUR
GTEx_v10	GTEX-1CAV2	GTEX-1CAV2	EUR
GTEx_v10	GTEX-1CB4G	GTEX-1CB4G	EUR
GTEx_v10	GTEX-1CB4H	GTEX-1CB4H	EUR
GTEx_v10	GTEX-1CB4J	GTEX-1CB4J	EUR
GTEx_v10	GTEX-1E1VI	GTEX-1E1VI	EUR
GTEx_v10	GTEX-1EH9U	GTEX-1EH9U	EUR
GTEx_v10	GTEX-1EMGI	GTEX-1EMGI	EUR
GTEx_v10	GTEX-1EX96	GTEX-1EX96	EUR
GTEx_v10	GTEX-1F48J	GTEX-1F48J	EUR
GTEx_v10	GTEX-1F6I4	GTEX-1F6I4	EUR
GTEx_v10	GTEX-1F6IF	GTEX-1F6IF	EUR
GTEx_v10	GTEX-1F75W	GTEX-1F75W	EUR
GTEx_v10	GTEX-1F7RK	GTEX-1F7RK	EUR
GTEx_v10	GTEX-1GF9V	GTEX-1GF9V	EUR
GTEx_v10	GTEX-1GF9W	GTEX-1GF9W	EUR
GTEx_v10	GTEX-1GMR8	GTEX-1GMR8	EUR
GTEx_v10	GTEX-1GMRU	GTEX-1GMRU	EUR
GTEx_v10	GTEX-1GN1U	GTEX-1GN1U	EUR
GTEx_v10	GTEX-1GN1V	GTEX-1GN1V	EUR
GTEx_v10	GTEX-1GN2E	GTEX-1GN2E	EUR
GTEx_v10	GTEX-1GN73	GTEX-1GN73	EUR
GTEx_v10	GTEX-1GTWX	GTEX-1GTWX	EUR
GTEx_v10	GTEX-1GZ2Q	GTEX-1GZ2Q	EUR
GTEx_v10	GTEX-1GZ4I	GTEX-1GZ4I	EUR
GTEx_v10	GTEX-1H1DG	GTEX-1H1DG	EUR
GTEx_v10	GTEX-1H1ZS	GTEX-1H1ZS	EUR
GTEx_v10	GTEX-1H23P	GTEX-1H23P	EUR
GTEx_v10	GTEX-1H3O1	GTEX-1H3O1	EUR
GTEx_v10	GTEX-1H3VE	GTEX-1H3VE	EUR
GTEx_v10	GTEX-1H4P4	GTEX-1H4P4	EUR
GTEx_v10	GTEX-1HB9E	GTEX-1HB9E	EUR
GTEx_v10	GTEX-1HBPH	GTEX-1HBPH	EUR
GTEx_v10	GTEX-1HBPI	GTEX-1HBPI	EUR
GTEx_v10	GTEX-1HBPM	GTEX-1HBPM	EUR
GTEx_v10	GTEX-1HCU6	GTEX-1HCU6	EUR
GTEx_v10	GTEX-1HCVE	GTEX-1HCVE	EUR
GTEx_v10	GTEX-1HFI6	GTEX-1HFI6	EUR
GTEx_v10	GTEX-1HGF4	GTEX-1HGF4	EUR
GTEx_v10	GTEX-1HR9M	GTEX-1HR9M	EUR
GTEx_v10	GTEX-1HSKV	GTEX-1HSKV	EUR
GTEx_v10	GTEX-1HSMO	GTEX-1HSMO	EUR
GTEx_v10	GTEX-1I1CD	GTEX-1I1CD	EUR
GTEx_v10	GTEX-1I1GV	GTEX-1I1GV	EUR
GTEx_v10	GTEX-1I1HK	GTEX-1I1HK	EUR
GTEx_v10	GTEX-1ICLZ	GTEX-1ICLZ	EUR
GTEx_v10	GTEX-1IDJH	GTEX-1IDJH	EUR
GTEx_v10	GTEX-1IKK5	GTEX-1IKK5	EUR
GTEx_v10	GTEX-1IOXB	GTEX-1IOXB	EUR
GTEx_v10	GTEX-1IY9M	GTEX-1IY9M	EUR
GTEx_v10	GTEX-1J1OQ	GTEX-1J1OQ	EUR
GTEx_v10	GTEX-1J8Q2	GTEX-1J8Q2	EUR
GTEx_v10	GTEX-1JJ6O	GTEX-1JJ6O	EUR
GTEx_v10	GTEX-1JMLX	GTEX-1JMLX	EUR
GTEx_v10	GTEX-1JMOU	GTEX-1JMOU	EUR
GTEx_v10	GTEX-1JMPZ	GTEX-1JMPZ	EUR
GTEx_v10	GTEX-1JMQJ	GTEX-1JMQJ	EUR
GTEx_v10	GTEX-1JMQK	GTEX-1JMQK	EUR
GTEx_v10	GTEX-1JMQL	GTEX-1JMQL	EUR
GTEx_v10	GTEX-1JN1M	GTEX-1JN1M	EUR
GTEx_v10	GTEX-1JN6P	GTEX-1JN6P	EUR
GTEx_v10	GTEX-1KANB	GTEX-1KANB	EUR
GTEx_v10	GTEX-1KD4Q	GTEX-1KD4Q	EUR
GTEx_v10	GTEX-1KD5A	GTEX-1KD5A	EUR
GTEx_v10	GTEX-1KWVE	GTEX-1KWVE	EUR
GTEx_v10	GTEX-1LC47	GTEX-1LC47	EUR
GTEx_v10	GTEX-1LG7Y	GTEX-1LG7Y	EUR
GTEx_v10	GTEX-1LH75	GTEX-1LH75	EUR
GTEx_v10	GTEX-1LSNL	GTEX-1LSNL	EUR
GTEx_v10	GTEX-1LSVX	GTEX-1LSVX	EUR
GTEx_v10	GTEX-1LVA9	GTEX-1LVA9	EUR
GTEx_v10	GTEX-1LVAO	GTEX-1LVAO	EUR
GTEx_v10	GTEX-1M4P7	GTEX-1M4P7	EUR
GTEx_v10	GTEX-1MA7X	GTEX-1MA7X	EUR
GTEx_v10	GTEX-1MCQQ	GTEX-1MCQQ	EUR
GTEx_v10	GTEX-1MJK2	GTEX-1MJK2	EUR
GTEx_v10	GTEX-1N2DW	GTEX-1N2DW	EUR
GTEx_v10	GTEX-1N2EE	GTEX-1N2EE	EUR
GTEx_v10	GTEX-1N2EF	GTEX-1N2EF	EUR
GTEx_v10	GTEX-1N5O9	GTEX-1N5O9	EUR
GTEx_v10	GTEX-1NV5F	GTEX-1NV5F	EUR
GTEx_v10	GTEX-1NV8Z	GTEX-1NV8Z	EUR
GTEx_v10	GTEX-1O9I2	GTEX-1O9I2	EUR
GTEx_v10	GTEX-1OJC4	GTEX-1OJC4	EUR
GTEx_v10	GTEX-1P4AB	GTEX-1P4AB	EUR
GTEx_v10	GTEX-1PIIG	GTEX-1PIIG	EUR
GTEx_v10	GTEX-1POEN	GTEX-1POEN	EUR
GTEx_v10	GTEX-1PPGY	GTEX-1PPGY	EUR
GTEx_v10	GTEX-1PPH6	GTEX-1PPH6	EUR
GTEx_v10	GTEX-1PWST	GTEX-1PWST	EUR
GTEx_v10	GTEX-1QEPI	GTEX-1QEPI	EUR
GTEx_v10	GTEX-1QMI2	GTEX-1QMI2	EUR
GTEx_v10	GTEX-1QP6S	GTEX-1QP6S	EUR
GTEx_v10	GTEX-1R46S	GTEX-1R46S	EUR
GTEx_v10	GTEX-1R9K4	GTEX-1R9K4	EUR
GTEx_v10	GTEX-1R9PO	GTEX-1R9PO	EUR
GTEx_v10	GTEX-1RAZS	GTEX-1RAZS	EUR
GTEx_v10	GTEX-1RDX4	GTEX-1RDX4	EUR
GTEx_v10	GTEX-1RLM8	GTEX-1RLM8	EUR
GTEx_v10	GTEX-1RNSC	GTEX-1RNSC	EUR
GTEx_v10	GTEX-1RQEC	GTEX-1RQEC	EUR
GTEx_v10	GTEX-1RQED	GTEX-1RQED	EUR
GTEx_v10	GTEX-N7MS	GTEX-N7MS	EUR
GTEx_v10	GTEX-N7MT	GTEX-N7MT	EUR
GTEx_v10	GTEX-NL3H	GTEX-NL3H	EUR
GTEx_v10	GTEX-NL4W	GTEX-NL4W	EUR
GTEx_v10	GTEX-NPJ7	GTEX-NPJ7	EUR
GTEx_v10	GTEX-NPJ8	GTEX-NPJ8	EUR
GTEx_v10	GTEX-OHPN	GTEX-OHPN	EUR
GTEx_v10	GTEX-OXRN	GTEX-OXRN	EUR
GTEx_v10	GTEX-OXRO	GTEX-OXRO	EUR
GTEx_v10	GTEX-P44G	GTEX-P44G	EUR
GTEx_v10	GTEX-P44H	GTEX-P44H	EUR
GTEx_v10	GTEX-PVOW	GTEX-PVOW	EUR
GTEx_v10	GTEX-PWO3	GTEX-PWO3	EUR
GTEx_v10	GTEX-Q2AG	GTEX-Q2AG	EUR
GTEx_v10	GTEX-QDT8	GTEX-QDT8	EUR
GTEx_v10	GTEX-QMR6	GTEX-QMR6	EUR
GTEx_v10	GTEX-QVJO	GTEX-QVJO	EUR
GTEx_v10	GTEX-QVUS	GTEX-QVUS	EUR
GTEx_v10	GTEX-S7SE	GTEX-S7SE	EUR
GTEx_v10	GTEX-T2IS	GTEX-T2IS	EUR
GTEx_v10	GTEX-T5JC	GTEX-T5JC	EUR
GTEx_v10	GTEX-T6MN	GTEX-T6MN	EUR
GTEx_v10	GTEX-TSE9	GTEX-TSE9	EUR
GTEx_v10	GTEX-UTHO	GTEX-UTHO	EUR
GTEx_v10	GTEX-WHSE	GTEX-WHSE	EUR
GTEx_v10	GTEX-WL46	GTEX-WL46	EUR
GTEx_v10	GTEX-WVLH	GTEX-WVLH	EUR
GTEx_v10	GTEX-WWYW	GTEX-WWYW	EUR
GTEx_v10	GTEX-WZTO	GTEX-WZTO	EUR
GTEx_v10	GTEX-X261	GTEX-X261	EUR
GTEx_v10	GTEX-X4EP	GTEX-X4EP	EUR
GTEx_v10	GTEX-X4XX	GTEX-X4XX	EUR
GTEx_v10	GTEX-X4XY	GTEX-X4XY	EUR
GTEx_v10	GTEX-XLM4	GTEX-XLM4	EUR
GTEx_v10	GTEX-XMD1	GTEX-XMD1	EUR
GTEx_v10	GTEX-Y8DK	GTEX-Y8DK	EUR
GTEx_v10	GTEX-YFC4	GTEX-YFC4	EUR
GTEx_v10	GTEX-YJ89	GTEX-YJ89	EUR
GTEx_v10	GTEX-Z93S	GTEX-Z93S	EUR
GTEx_v10	GTEX-ZAB4	GTEX-ZAB4	EUR
GTEx_v10	GTEX-ZAJG	GTEX-ZAJG	EUR
GTEx_v10	GTEX-ZAK1	GTEX-ZAK1	EUR
GTEx_v10	GTEX-ZDXO	GTEX-ZDXO	EUR
GTEx_v10	GTEX-ZE7O	GTEX-ZE7O	EUR
GTEx_v10	GTEX-ZF28	GTEX-ZF28	EUR
GTEx_v10	GTEX-ZUA1	GTEX-ZUA1	EUR
GTEx_v10	GTEX-ZV68	GTEX-ZV68	EUR
GTEx_v10	GTEX-ZVT3	GTEX-ZVT3	EUR
GTEx_v10	GTEX-ZVZQ	GTEX-ZVZQ	EUR
GTEx_v10	GTEX-ZXG5	GTEX-ZXG5	EUR
GTEx_v10	GTEX-ZYFD	GTEX-ZYFD	EUR
GTEx_v10	GTEX-ZYY3	GTEX-ZYY3	EUR
GTEx_v10	GTEX-ZZPT	GTEX-ZZPT	EUR
NABEC	SH-00-34	SH-00-34	EUR
NABEC	SH-00-38	SH-00-38	EUR
NABEC	SH-00-49	SH-00-49	EUR
NABEC	SH-01-31	SH-01-31	EUR
NABEC	SH-01-37	SH-01-37	EUR
NABEC	SH-02-08	SH-02-08	EUR
NABEC	SH-03-15	SH-03-15	EUR
NABEC	SH-03-17	SH-03-17	EUR
NABEC	SH-04-05	SH-04-05	EUR
NABEC	SH-04-08	SH-04-08	EUR
NABEC	SH-04-21	SH-04-21	EUR
NABEC	SH-05-10	SH-05-10	EUR
NABEC	SH-05-16	SH-05-16	EUR
NABEC	SH-05-36	SH-05-36	EUR
NABEC	SH-06-05	SH-06-05	EUR
NABEC	SH-06-25	SH-06-25	EUR
NABEC	SH-06-66	SH-06-66	EUR
NABEC	SH-07-28	SH-07-28	EUR
NABEC	SH-07-37	SH-07-37	EUR
NABEC	SH-07-46	SH-07-46	EUR
NABEC	SH-07-63	SH-07-63	EUR
NABEC	SH-08-04	SH-08-04	EUR
NABEC	SH-08-23	SH-08-23	EUR
NABEC	SH-08-44	SH-08-44	EUR
NABEC	SH-92-05	SH-92-05	EUR
NABEC	SH-92-14	SH-92-14	EUR
NABEC	SH-94-35	SH-94-35	EUR
NABEC	SH-95-02	SH-95-02	EUR
NABEC	SH-95-21	SH-95-21	EUR
NABEC	SH-95-34	SH-95-34	EUR
NABEC	SH-96-08	SH-96-08	EUR
NABEC	SH-96-22	SH-96-22	EUR
NABEC	SH-96-30	SH-96-30	EUR
NABEC	SH-96-32	SH-96-32	EUR
NABEC	SH-96-35	SH-96-35	EUR
NABEC	SH-96-38	SH-96-38	EUR
NABEC	SH-96-39	SH-96-39	EUR
NABEC	SH-97-09	SH-97-09	EUR
NABEC	SH-97-14	SH-97-14	EUR
NABEC	SH-97-19	SH-97-19	EUR
NABEC	SH-97-37	SH-97-37	EUR
NABEC	SH-97-53	SH-97-53	EUR
NABEC	SH-98-23	SH-98-23	EUR
NABEC	SH-98-32	SH-98-32	EUR
NABEC	SH-99-02	SH-99-02	EUR
NABEC	SH-99-14	SH-99-14	EUR
NABEC	SH-99-29	SH-99-29	EUR
NABEC	SH-99-31	SH-99-31	EUR
NABEC	SH-99-44	SH-99-44	EUR
NABEC	SH-99-54	SH-99-54	EUR
NABEC	UMARY-1013	UMARY-1013	EUR
NABEC	UMARY-1027	UMARY-1027	EUR
NABEC	UMARY-1028	UMARY-1028	EUR
NABEC	UMARY-1064	UMARY-1064	EUR
NABEC	UMARY-1076	UMARY-1076	EUR
NABEC	UMARY-1078	UMARY-1078	EUR
NABEC	UMARY-1079	UMARY-1079	EUR
NABEC	UMARY-1101	UMARY-1101	EUR
NABEC	UMARY-1104	UMARY-1104	EUR
NABEC	UMARY-1113	UMARY-1113	EUR
NABEC	UMARY-1114	UMARY-1114	EUR
NABEC	UMARY-1133	UMARY-1133	EUR
NABEC	UMARY-1134	UMARY-1134	EUR
NABEC	UMARY-1135	UMARY-1135	EUR
NABEC	UMARY-1158	UMARY-1158	EUR
NABEC	UMARY-1206	UMARY-1206	EUR
NABEC	UMARY-1213	UMARY-1213	EUR
NABEC	UMARY-1259	UMARY-1259	EUR
NABEC	UMARY-1266	UMARY-1266	EUR
NABEC	UMARY-1277	UMARY-1277	EUR
NABEC	UMARY-1279	UMARY-1279	EUR
NABEC	UMARY-1322	UMARY-1322	EUR
NABEC	UMARY-1323	UMARY-1323	EUR
NABEC	UMARY-1326	UMARY-1326	EUR
NABEC	UMARY-1347	UMARY-1347	EUR
NABEC	UMARY-1362	UMARY-1362	EUR
NABEC	UMARY-1363	UMARY-1363	EUR
NABEC	UMARY-1378	UMARY-1378	EUR
NABEC	UMARY-1379	UMARY-1379	EUR
NABEC	UMARY-1406	UMARY-1406	EUR
NABEC	UMARY-1410	UMARY-1410	EUR
NABEC	UMARY-143	UMARY-143	EUR
NABEC	UMARY-1442	UMARY-1442	EUR
NABEC	UMARY-1454	UMARY-1454	EUR
NABEC	UMARY-1455	UMARY-1455	EUR
NABEC	UMARY-1461	UMARY-1461	EUR
NABEC	UMARY-1464	UMARY-1464	EUR
NABEC	UMARY-1465	UMARY-1465	EUR
NABEC	UMARY-1475	UMARY-1475	EUR
NABEC	UMARY-1486	UMARY-1486	EUR
NABEC	UMARY-1496	UMARY-1496	EUR
NABEC	UMARY-1498	UMARY-1498	EUR
NABEC	UMARY-1535	UMARY-1535	EUR
NABEC	UMARY-1539	UMARY-1539	EUR
NABEC	UMARY-1540	UMARY-1540	EUR
NABEC	UMARY-1541	UMARY-1541	EUR
NABEC	UMARY-1543	UMARY-1543	EUR
NABEC	UMARY-1544	UMARY-1544	EUR
NABEC	UMARY-1545	UMARY-1545	EUR
NABEC	UMARY-1568	UMARY-1568	EUR
NABEC	UMARY-1569	UMARY-1569	EUR
NABEC	UMARY-1570	UMARY-1570	EUR
NABEC	UMARY-1571	UMARY-1571	EUR
NABEC	UMARY-1584	UMARY-1584	EUR
NABEC	UMARY-1607	UMARY-1607	EUR
NABEC	UMARY-1609	UMARY-1609	EUR
NABEC	UMARY-1612	UMARY-1612	EUR
NABEC	UMARY-164	UMARY-164	EUR
NABEC	UMARY-1648	UMARY-1648	EUR
NABEC	UMARY-165	UMARY-165	EUR
NABEC	UMARY-1652	UMARY-1652	EUR
NABEC	UMARY-1668	UMARY-1668	EUR
NABEC	UMARY-1672	UMARY-1672	EUR
NABEC	UMARY-1675	UMARY-1675	EUR
NABEC	UMARY-1710	UMARY-1710	EUR
NABEC	UMARY-1713	UMARY-1713	EUR
NABEC	UMARY-1743	UMARY-1743	EUR
NABEC	UMARY-177	UMARY-177	EUR
NABEC	UMARY-1789	UMARY-1789	EUR
NABEC	UMARY-1792	UMARY-1792	EUR
NABEC	UMARY-1794	UMARY-1794	EUR
NABEC	UMARY-1795	UMARY-1795	EUR
NABEC	UMARY-1796	UMARY-1796	EUR
NABEC	UMARY-1797	UMARY-1797	EUR
NABEC	UMARY-1818	UMARY-1818	EUR
NABEC	UMARY-1823	UMARY-1823	EUR
NABEC	UMARY-1827	UMARY-1827	EUR
NABEC	UMARY-1831	UMARY-1831	EUR
NABEC	UMARY-1841	UMARY-1841	EUR
NABEC	UMARY-1843	UMARY-1843	EUR
NABEC	UMARY-1845	UMARY-1845	EUR
NABEC	UMARY-1847	UMARY-1847	EUR
NABEC	UMARY-1849	UMARY-1849	EUR
NABEC	UMARY-1859	UMARY-1859	EUR
NABEC	UMARY-1861	UMARY-1861	EUR
NABEC	UMARY-1862	UMARY-1862	EUR
NABEC	UMARY-1865	UMARY-1865	EUR
NABEC	UMARY-1866	UMARY-1866	EUR
NABEC	UMARY-1902	UMARY-1902	EUR
NABEC	UMARY-1903	UMARY-1903	EUR
NABEC	UMARY-1909	UMARY-1909	EUR
NABEC	UMARY-1917	UMARY-1917	EUR
NABEC	UMARY-1935	UMARY-1935	EUR
NABEC	UMARY-240	UMARY-240	EUR
NABEC	UMARY-251	UMARY-251	EUR
NABEC	UMARY-26	UMARY-26	EUR
NABEC	UMARY-260	UMARY-260	EUR
NABEC	UMARY-288	UMARY-288	EUR
NABEC	UMARY-4228	UMARY-4228	EUR
NABEC	UMARY-4263	UMARY-4263	EUR
NABEC	UMARY-4540	UMARY-4540	EUR
NABEC	UMARY-4542	UMARY-4542	EUR
NABEC	UMARY-4546	UMARY-4546	EUR
NABEC	UMARY-4549	UMARY-4549	EUR
NABEC	UMARY-455	UMARY-455	EUR
NABEC	UMARY-4592	UMARY-4592	EUR
NABEC	UMARY-4593	UMARY-4593	EUR
NABEC	UMARY-4636	UMARY-4636	EUR
NABEC	UMARY-4638	UMARY-4638	EUR
NABEC	UMARY-4640	UMARY-4640	EUR
NABEC	UMARY-4643	UMARY-4643	EUR
NABEC	UMARY-4669	UMARY-4669	EUR
NABEC	UMARY-4724	UMARY-4724	EUR
NABEC	UMARY-4725	UMARY-4725	EUR
NABEC	UMARY-4726	UMARY-4726	EUR
NABEC	UMARY-4727	UMARY-4727	EUR
NABEC	UMARY-4728	UMARY-4728	EUR
NABEC	UMARY-4729	UMARY-4729	EUR
NABEC	UMARY-4735	UMARY-4735	EUR
NABEC	UMARY-4781	UMARY-4781	EUR
NABEC	UMARY-4782	UMARY-4782	EUR
NABEC	UMARY-4786	UMARY-4786	EUR
NABEC	UMARY-4789	UMARY-4789	EUR
NABEC	UMARY-4842	UMARY-4842	EUR
NABEC	UMARY-4903	UMARY-4903	EUR
NABEC	UMARY-4906	UMARY-4906	EUR
NABEC	UMARY-4915	UMARY-4915	EUR
NABEC	UMARY-4916	UMARY-4916	EUR
NABEC	UMARY-4924	UMARY-4924	EUR
NABEC	UMARY-5024	UMARY-5024	EUR
NABEC	UMARY-5077	UMARY-5077	EUR
NABEC	UMARY-5078	UMARY-5078	EUR
NABEC	UMARY-5079	UMARY-5079	EUR
NABEC	UMARY-5086	UMARY-5086	EUR
NABEC	UMARY-5087	UMARY-5087	EUR
NABEC	UMARY-5088	UMARY-5088	EUR
NABEC	UMARY-5114	UMARY-5114	EUR
NABEC	UMARY-5116	UMARY-5116	EUR
NABEC	UMARY-5117	UMARY-5117	EUR
NABEC	UMARY-5120	UMARY-5120	EUR
NABEC	UMARY-5123	UMARY-5123	EUR
NABEC	UMARY-5171	UMARY-5171	EUR
NABEC	UMARY-5179	UMARY-5179	EUR
NABEC	UMARY-544	UMARY-544	EUR
NABEC	UMARY-55	UMARY-55	EUR
NABEC	UMARY-602	UMARY-602	EUR
NABEC	UMARY-604	UMARY-604	EUR
NABEC	UMARY-630	UMARY-630	EUR
NABEC	UMARY-634	UMARY-634	EUR
NABEC	UMARY-650	UMARY-650	EUR
NABEC	UMARY-671	UMARY-671	EUR
NABEC	UMARY-72	UMARY-72	EUR
NABEC	UMARY-794	UMARY-794	EUR
NABEC	UMARY-813	UMARY-813	EUR
NABEC	UMARY-818	UMARY-818	EUR
NABEC	UMARY-819	UMARY-819	EUR
NABEC	UMARY-871	UMARY-871	EUR
NABEC	UMARY-879	UMARY-879	EUR
NABEC	UMARY-914	UMARY-914	EUR
NABEC	UMARY-933	UMARY-933	EUR
NIMH_HBCC_1M	0_4463344166_R01C02	0_4463344166_R01C02	AFR
NIMH_HBCC_1M	0_4463344194_R01C01	0_4463344194_R01C01	AFR
NIMH_HBCC_1M	0_4463344242_R01C01	0_4463344242_R01C01	EUR
NIMH_HBCC_1M	0_4463344242_R01C02	0_4463344242_R01C02	EUR
NIMH_HBCC_1M	0_4463344295_R01C01	0_4463344295_R01C01	EUR
NIMH_HBCC_1M	0_4463344334_R01C02	0_4463344334_R01C02	AFR
NIMH_HBCC_1M	0_4463344335_R01C02	0_4463344335_R01C02	EUR
NIMH_HBCC_1M	0_4463344373_R01C01	0_4463344373_R01C01	EAS
NIMH_HBCC_1M	0_4463344384_R01C02	0_4463344384_R01C02	AFR
NIMH_HBCC_1M	0_4463344439_R01C01	0_4463344439_R01C01	EUR
NIMH_HBCC_1M	0_4463344439_R01C02	0_4463344439_R01C02	EUR
NIMH_HBCC_1M	0_4463344451_R01C01	0_4463344451_R01C01	EUR
NIMH_HBCC_1M	0_4463344451_R01C02	0_4463344451_R01C02	EUR
NIMH_HBCC_1M	0_4463344452_R01C02	0_4463344452_R01C02	EUR
NIMH_HBCC_1M	0_4463344542_R01C01	0_4463344542_R01C01	AFR
NIMH_HBCC_1M	0_4463344542_R01C02	0_4463344542_R01C02	EAS
NIMH_HBCC_1M	0_4463344543_R01C02	0_4463344543_R01C02	AMR
NIMH_HBCC_1M	0_4463344553_R01C01	0_4463344553_R01C01	EUR
NIMH_HBCC_1M	0_4463344553_R01C02	0_4463344553_R01C02	AFR
NIMH_HBCC_1M	0_4463344575_R01C01	0_4463344575_R01C01	AFR
NIMH_HBCC_1M	0_4463344575_R01C02	0_4463344575_R01C02	AFR
NIMH_HBCC_1M	0_4463344576_R01C01	0_4463344576_R01C01	AFR
NIMH_HBCC_1M	0_4463344637_R01C01	0_4463344637_R01C01	AFR
NIMH_HBCC_1M	0_4463344638_R01C01	0_4463344638_R01C01	EUR
NIMH_HBCC_1M	0_4463344638_R01C02	0_4463344638_R01C02	AFR
NIMH_HBCC_1M	0_4562457033_R01C01	0_4562457033_R01C01	EUR
NIMH_HBCC_1M	0_4562457033_R01C02	0_4562457033_R01C02	EUR
NIMH_HBCC_1M	0_4572348063_R01C01	0_4572348063_R01C01	EUR
NIMH_HBCC_1M	0_4572348063_R01C02	0_4572348063_R01C02	AFR
NIMH_HBCC_1M	0_4572348233_R01C01	0_4572348233_R01C01	AFR
NIMH_HBCC_1M	0_4572348233_R01C02	0_4572348233_R01C02	AFR
NIMH_HBCC_1M	0_4572348278_R01C01	0_4572348278_R01C01	AFR
NIMH_HBCC_1M	0_4572348278_R01C02	0_4572348278_R01C02	AFR
NIMH_HBCC_1M	0_4572348320_R01C01	0_4572348320_R01C01	AFR
NIMH_HBCC_1M	0_4572348328_R01C01	0_4572348328_R01C01	EUR
NIMH_HBCC_1M	0_4572348330_R01C01	0_4572348330_R01C01	AFR
NIMH_HBCC_1M	0_4572348336_R01C01	0_4572348336_R01C01	AFR
NIMH_HBCC_1M	0_4572348338_R01C02	0_4572348338_R01C02	EUR
NIMH_HBCC_1M	0_4572348357_R01C01	0_4572348357_R01C01	EUR
NIMH_HBCC_1M	0_4572348357_R01C02	0_4572348357_R01C02	EUR
NIMH_HBCC_1M	0_4572348358_R01C01	0_4572348358_R01C01	AFR
NIMH_HBCC_1M	0_4572348358_R01C02	0_4572348358_R01C02	AFR
NIMH_HBCC_1M	0_4572348380_R01C01	0_4572348380_R01C01	EUR
NIMH_HBCC_1M	0_4572348402_R01C01	0_4572348402_R01C01	AFR
NIMH_HBCC_1M	0_4572348402_R01C02	0_4572348402_R01C02	AFR
NIMH_HBCC_1M	0_4572348403_R01C01	0_4572348403_R01C01	AFR
NIMH_HBCC_1M	0_4572348403_R01C02	0_4572348403_R01C02	AFR
NIMH_HBCC_1M	0_4572348425_R01C02	0_4572348425_R01C02	AFR
NIMH_HBCC_1M	0_4572348434_R01C02	0_4572348434_R01C02	AFR
NIMH_HBCC_1M	0_4572348442_R01C02	0_4572348442_R01C02	EUR
NIMH_HBCC_1M	0_4572348475_R01C02	0_4572348475_R01C02	EAS
NIMH_HBCC_1M	0_4572348476_R01C01	0_4572348476_R01C01	EUR
NIMH_HBCC_1M	0_4572348476_R01C02	0_4572348476_R01C02	EUR
NIMH_HBCC_1M	0_4572348483_R01C02	0_4572348483_R01C02	EUR
NIMH_HBCC_1M	0_4572348520_R01C01	0_4572348520_R01C01	AFR
NIMH_HBCC_1M	0_4572348521_R01C02	0_4572348521_R01C02	AFR
NIMH_HBCC_1M	0_4572348538_R01C02	0_4572348538_R01C02	AFR
NIMH_HBCC_1M	0_4572348557_R01C01	0_4572348557_R01C01	AFR
NIMH_HBCC_1M	0_4572348557_R01C02	0_4572348557_R01C02	EUR
NIMH_HBCC_1M	0_4572348603_R01C01	0_4572348603_R01C01	EUR
NIMH_HBCC_1M	0_4572348673_R01C02	0_4572348673_R01C02	AFR
NIMH_HBCC_1M	0_4572348702_R01C02	0_4572348702_R01C02	AFR
NIMH_HBCC_1M	0_4572348805_R01C02	0_4572348805_R01C02	AFR
NIMH_HBCC_1M	0_4572348818_R01C01	0_4572348818_R01C01	EAS
NIMH_HBCC_1M	0_4572348818_R01C02	0_4572348818_R01C02	EUR
NIMH_HBCC_1M	0_4572348819_R01C02	0_4572348819_R01C02	AFR
NIMH_HBCC_1M	0_4572348820_R01C01	0_4572348820_R01C01	AFR
NIMH_HBCC_1M	0_4572348821_R01C01	0_4572348821_R01C01	AFR
NIMH_HBCC_1M	0_4572348822_R01C01	0_4572348822_R01C01	AMR
NIMH_HBCC_1M	0_4572348823_R01C01	0_4572348823_R01C01	AFR
NIMH_HBCC_1M	0_4572348844_R01C01	0_4572348844_R01C01	EUR
NIMH_HBCC_1M	0_4572348845_R01C01	0_4572348845_R01C01	AFR
NIMH_HBCC_1M	0_4572348846_R01C01	0_4572348846_R01C01	EUR
NIMH_HBCC_1M	0_4572348847_R01C02	0_4572348847_R01C02	EUR
NIMH_HBCC_1M	0_4572348848_R01C01	0_4572348848_R01C01	EUR
NIMH_HBCC_1M	0_4572348848_R01C02	0_4572348848_R01C02	EUR
NIMH_HBCC_1M	0_4572348850_R01C02	0_4572348850_R01C02	AFR
NIMH_HBCC_1M	0_4572348852_R01C01	0_4572348852_R01C01	EUR
NIMH_HBCC_1M	0_4572348854_R01C01	0_4572348854_R01C01	EUR
NIMH_HBCC_1M	0_4572348854_R01C02	0_4572348854_R01C02	EUR
NIMH_HBCC_1M	0_4572348855_R01C01	0_4572348855_R01C01	EUR
NIMH_HBCC_1M	0_4572348856_R01C01	0_4572348856_R01C01	EUR
NIMH_HBCC_1M	0_4572348856_R01C02	0_4572348856_R01C02	AFR
NIMH_HBCC_1M	0_4572348878_R01C01	0_4572348878_R01C01	EUR
NIMH_HBCC_1M	0_4572348878_R01C02	0_4572348878_R01C02	AFR
NIMH_HBCC_1M	0_4578942040_R01C02	0_4578942040_R01C02	EUR
NIMH_HBCC_1M	0_4578942138_R01C01	0_4578942138_R01C01	AFR
NIMH_HBCC_1M	0_4578951090_R01C01	0_4578951090_R01C01	AFR
NIMH_HBCC_1M	0_4578951098_R01C01	0_4578951098_R01C01	AFR
NIMH_HBCC_1M	0_4578951098_R01C02	0_4578951098_R01C02	AFR
NIMH_HBCC_1M	0_4578951106_R01C01	0_4578951106_R01C01	AFR
NIMH_HBCC_1M	0_4578951108_R01C01	0_4578951108_R01C01	AFR
NIMH_HBCC_1M	0_4578951114_R01C02	0_4578951114_R01C02	AFR
NIMH_HBCC_1M	0_4578969017_R01C01	0_4578969017_R01C01	AFR
NIMH_HBCC_1M	0_4578969019_R01C01	0_4578969019_R01C01	EUR
NIMH_HBCC_1M	0_4578969056_R01C01	0_4578969056_R01C01	EUR
NIMH_HBCC_1M	0_4578969056_R01C02	0_4578969056_R01C02	EUR
NIMH_HBCC_1M	0_4578969057_R01C02	0_4578969057_R01C02	AFR
NIMH_HBCC_1M	0_4578969081_R01C01	0_4578969081_R01C01	AFR
NIMH_HBCC_1M	0_4578969111_R01C01	0_4578969111_R01C01	AFR
NIMH_HBCC_1M	0_4578969111_R01C02	0_4578969111_R01C02	AFR
NIMH_HBCC_1M	0_4578969141_R01C02	0_4578969141_R01C02	AFR
NIMH_HBCC_1M	0_4578969143_R01C02	0_4578969143_R01C02	EUR
NIMH_HBCC_1M	0_4578969151_R01C01	0_4578969151_R01C01	AMR
NIMH_HBCC_1M	0_4578969151_R01C02	0_4578969151_R01C02	EUR
NIMH_HBCC_1M	0_4578969154_R01C02	0_4578969154_R01C02	AFR
NIMH_HBCC_1M	0_4578977010_R01C01	0_4578977010_R01C01	AFR
NIMH_HBCC_1M	0_4578977010_R01C02	0_4578977010_R01C02	AFR
NIMH_HBCC_1M	0_4578977011_R01C01	0_4578977011_R01C01	AFR
NIMH_HBCC_1M	0_4578977011_R01C02	0_4578977011_R01C02	AFR
NIMH_HBCC_1M	0_4578977032_R01C01	0_4578977032_R01C01	EUR
NIMH_HBCC_1M	0_4578977036_R01C01	0_4578977036_R01C01	EUR
NIMH_HBCC_1M	0_4578977036_R01C02	0_4578977036_R01C02	AFR
NIMH_HBCC_1M	0_4578977042_R01C01	0_4578977042_R01C01	AFR
NIMH_HBCC_1M	0_4578977042_R01C02	0_4578977042_R01C02	AFR
NIMH_HBCC_1M	0_4578977063_R01C01	0_4578977063_R01C01	EUR
NIMH_HBCC_1M	0_4578977076_R01C01	0_4578977076_R01C01	AFR
NIMH_HBCC_1M	0_4578977076_R01C02	0_4578977076_R01C02	EAS
NIMH_HBCC_1M	0_4578977077_R01C01	0_4578977077_R01C01	EUR
NIMH_HBCC_1M	0_4578977115_R01C01	0_4578977115_R01C01	AFR
NIMH_HBCC_1M	0_4578977116_R01C01	0_4578977116_R01C01	AFR
NIMH_HBCC_1M	0_4578977116_R01C02	0_4578977116_R01C02	AFR
NIMH_HBCC_1M	0_4584656022_R01C01	0_4584656022_R01C01	AFR
NIMH_HBCC_1M	0_4584656023_R01C02	0_4584656023_R01C02	EUR
NIMH_HBCC_1M	0_4584656024_R01C01	0_4584656024_R01C01	AFR
NIMH_HBCC_1M	0_4584656092_R01C01	0_4584656092_R01C01	AFR
NIMH_HBCC_1M	0_4584656092_R01C02	0_4584656092_R01C02	AFR
NIMH_HBCC_1M	0_4584656093_R01C01	0_4584656093_R01C01	AFR
NIMH_HBCC_1M	0_4584656107_R01C01	0_4584656107_R01C01	AFR
NIMH_HBCC_1M	0_4584656109_R01C01	0_4584656109_R01C01	EUR
NIMH_HBCC_1M	0_4584656109_R01C02	0_4584656109_R01C02	EUR
NIMH_HBCC_1M	0_4584656126_R01C01	0_4584656126_R01C01	AFR
NIMH_HBCC_1M	0_4584656126_R01C02	0_4584656126_R01C02	AFR
NIMH_HBCC_1M	0_4584656165_R01C02	0_4584656165_R01C02	EUR
NIMH_HBCC_1M	0_4584664028_R01C01	0_4584664028_R01C01	AFR
NIMH_HBCC_1M	0_4584664028_R01C02	0_4584664028_R01C02	EUR
NIMH_HBCC_1M	0_4584664035_R01C01	0_4584664035_R01C01	AFR
NIMH_HBCC_1M	0_4584664035_R01C02	0_4584664035_R01C02	AFR
NIMH_HBCC_1M	0_4584664141_R01C02	0_4584664141_R01C02	AFR
NIMH_HBCC_1M	0_5421787064_R01C02	0_5421787064_R01C02	AFR
NIMH_HBCC_1M	0_5421787069_R01C01	0_5421787069_R01C01	AFR
NIMH_HBCC_1M	0_5421787069_R01C02	0_5421787069_R01C02	EUR
NIMH_HBCC_1M	0_5421787071_R01C01	0_5421787071_R01C01	EUR
NIMH_HBCC_1M	0_5421787071_R01C02	0_5421787071_R01C02	AFR
NIMH_HBCC_1M	0_5421787075_R01C01	0_5421787075_R01C01	EAS
NIMH_HBCC_1M	0_5421787084_R01C01	0_5421787084_R01C01	AFR
NIMH_HBCC_1M	0_5421787095_R01C02	0_5421787095_R01C02	AFR
NIMH_HBCC_1M	0_5421787145_R01C01	0_5421787145_R01C01	AFR
NIMH_HBCC_1M	0_5421787153_R01C01	0_5421787153_R01C01	AMR
NIMH_HBCC_1M	0_5421787153_R01C02	0_5421787153_R01C02	AFR
NIMH_HBCC_1M	0_5421787155_R01C02	0_5421787155_R01C02	AFR
NIMH_HBCC_1M	0_5421787160_R01C01	0_5421787160_R01C01	AFR
NIMH_HBCC_1M	0_5421787177_R01C02	0_5421787177_R01C02	AFR
NIMH_HBCC_1M	0_5421787238_R01C01	0_5421787238_R01C01	AFR
NIMH_HBCC_1M	0_5421787238_R01C02	0_5421787238_R01C02	AFR
NIMH_HBCC_1M	0_5421787251_R01C01	0_5421787251_R01C01	AFR
NIMH_HBCC_1M	0_5421787257_R01C01	0_5421787257_R01C01	EUR
NIMH_HBCC_1M	0_5421787257_R01C02	0_5421787257_R01C02	EUR
NIMH_HBCC_1M	0_5511192104_R01C01	0_5511192104_R01C01	EUR
NIMH_HBCC_1M	0_5511192105_R01C01	0_5511192105_R01C01	AFR
NIMH_HBCC_1M	0_5511192119_R01C01	0_5511192119_R01C01	EUR
NIMH_HBCC_1M	0_5511205011_R01C02	0_5511205011_R01C02	EUR
NIMH_HBCC_1M	0_5533017019_R01C01	0_5533017019_R01C01	EUR
NIMH_HBCC_1M	0_5535506145_R01C01	0_5535506145_R01C01	EUR
NIMH_HBCC_1M	0_5535522021_R01C02	0_5535522021_R01C02	EUR
NIMH_HBCC_1M	0_5535522091_R01C02	0_5535522091_R01C02	EAS
NIMH_HBCC_1M	0_5535522098_R01C01	0_5535522098_R01C01	EUR
NIMH_HBCC_1M	0_5535522104_R01C01	0_5535522104_R01C01	EUR
NIMH_HBCC_1M	0_5535522104_R01C02	0_5535522104_R01C02	EUR
NIMH_HBCC_1M	0_5535522105_R01C01	0_5535522105_R01C01	EAS
NIMH_HBCC_1M	0_5535522113_R01C01	0_5535522113_R01C01	AFR
NIMH_HBCC_1M	0_5535522118_R01C02	0_5535522118_R01C02	EUR
NIMH_HBCC_1M	0_5535522120_R01C01	0_5535522120_R01C01	EUR
NIMH_HBCC_1M	0_5535522120_R01C02	0_5535522120_R01C02	EUR
NIMH_HBCC_1M	0_5535522132_R01C01	0_5535522132_R01C01	EUR
NIMH_HBCC_1M	0_5535522135_R01C01	0_5535522135_R01C01	AFR
NIMH_HBCC_1M	0_5535522139_R01C01	0_5535522139_R01C01	EUR
NIMH_HBCC_1M	0_5535522139_R01C02	0_5535522139_R01C02	EUR
NIMH_HBCC_1M	0_5535522142_R01C01	0_5535522142_R01C01	EUR
NIMH_HBCC_1M	0_5535522147_R01C02	0_5535522147_R01C02	EUR
NIMH_HBCC_1M	0_5535522152_R01C01	0_5535522152_R01C01	EUR
NIMH_HBCC_1M	0_5535522158_R01C02	0_5535522158_R01C02	EUR
NIMH_HBCC_1M	0_5535522164_R01C01	0_5535522164_R01C01	AFR
NIMH_HBCC_1M	0_5535522165_R01C02	0_5535522165_R01C02	EUR
NIMH_HBCC_1M	0_5535549007_R01C01	0_5535549007_R01C01	EUR
NIMH_HBCC_1M	0_5535549007_R01C02	0_5535549007_R01C02	EUR
NIMH_HBCC_1M	0_5535549008_R01C01	0_5535549008_R01C01	AFR
NIMH_HBCC_1M	0_5535549017_R01C01	0_5535549017_R01C01	EUR
NIMH_HBCC_1M	0_5535549017_R01C02	0_5535549017_R01C02	AMR
NIMH_HBCC_1M	0_5535549018_R01C01	0_5535549018_R01C01	AFR
NIMH_HBCC_1M	0_5535549018_R01C02	0_5535549018_R01C02	AFR
NIMH_HBCC_1M	0_5535549019_R01C02	0_5535549019_R01C02	EUR
NIMH_HBCC_1M	0_5535549032_R01C01	0_5535549032_R01C01	EUR
NIMH_HBCC_1M	0_5535549054_R01C01	0_5535549054_R01C01	EUR
NIMH_HBCC_1M	0_5535549057_R01C02	0_5535549057_R01C02	EUR
NIMH_HBCC_1M	0_5535549058_R01C01	0_5535549058_R01C01	EUR
NIMH_HBCC_1M	0_5535549067_R01C02	0_5535549067_R01C02	EUR
NIMH_HBCC_1M	0_5535549069_R01C02	0_5535549069_R01C02	EUR
NIMH_HBCC_1M	0_5535549082_R01C01	0_5535549082_R01C01	EUR
NIMH_HBCC_1M	0_6051001028_R01C01	0_6051001028_R01C01	AFR
NIMH_HBCC_1M	0_6051001029_R01C02	0_6051001029_R01C02	AFR
NIMH_HBCC_1M	0_6051001032_R01C02	0_6051001032_R01C02	EUR
NIMH_HBCC_h650	0_4031091001_A	0_4031091001_A	EUR
NIMH_HBCC_h650	0_4031091005_A	0_4031091005_A	EUR
NIMH_HBCC_h650	0_4031091007_A	0_4031091007_A	EUR
NIMH_HBCC_h650	0_4031091010_A	0_4031091010_A	EUR
NIMH_HBCC_h650	0_4031091011_A	0_4031091011_A	EUR
NIMH_HBCC_h650	0_4031091012_A	0_4031091012_A	EUR
NIMH_HBCC_h650	0_4031091013_A	0_4031091013_A	EUR
NIMH_HBCC_h650	0_4031091015_A	0_4031091015_A	EUR
NIMH_HBCC_h650	0_4031091017_A	0_4031091017_A	EUR
NIMH_HBCC_h650	0_4031091026_A	0_4031091026_A	EUR
NIMH_HBCC_h650	0_4031091029_A	0_4031091029_A	AFR
NIMH_HBCC_h650	0_4031091031_A	0_4031091031_A	AFR
NIMH_HBCC_h650	0_4031091033_A	0_4031091033_A	EUR
NIMH_HBCC_h650	0_4031091035_A	0_4031091035_A	EUR
NIMH_HBCC_h650	0_4031091037_A	0_4031091037_A	AFR
NIMH_HBCC_h650	0_4031091038_A	0_4031091038_A	EUR
NIMH_HBCC_h650	0_4031091039_A	0_4031091039_A	EUR
NIMH_HBCC_h650	0_4031091047_A	0_4031091047_A	AFR
NIMH_HBCC_h650	0_4031091048_A	0_4031091048_A	EUR
NIMH_HBCC_h650	0_4031091059_A	0_4031091059_A	EUR
NIMH_HBCC_h650	0_4031091061_A	0_4031091061_A	EUR
NIMH_HBCC_h650	0_4031091090_A	0_4031091090_A	EUR
NIMH_HBCC_h650	0_4031091096_A	0_4031091096_A	EUR
NIMH_HBCC_h650	0_4031091109_A	0_4031091109_A	AMR
NIMH_HBCC_h650	0_4031091116_A	0_4031091116_A	AFR
NIMH_HBCC_h650	0_4040296001_A	0_4040296001_A	AFR
NIMH_HBCC_h650	0_4040296002_A	0_4040296002_A	AFR
NIMH_HBCC_h650	0_4040296003_A	0_4040296003_A	EUR
NIMH_HBCC_h650	0_4040296006_A	0_4040296006_A	AFR
NIMH_HBCC_h650	0_4040296008_A	0_4040296008_A	AFR
NIMH_HBCC_h650	0_4040296016_A	0_4040296016_A	AFR
NIMH_HBCC_h650	0_4040296018_A	0_4040296018_A	AFR
NIMH_HBCC_h650	0_4040296019_A	0_4040296019_A	AFR
NIMH_HBCC_h650	0_4040296020_A	0_4040296020_A	AFR
NIMH_HBCC_h650	0_4040296022_A	0_4040296022_A	AFR
NIMH_HBCC_h650	0_4040296030_A	0_4040296030_A	AFR
NIMH_HBCC_h650	0_4040296031_A	0_4040296031_A	AFR
NIMH_HBCC_h650	0_4040296033_A	0_4040296033_A	AFR
NIMH_HBCC_h650	0_4040296036_A	0_4040296036_A	EUR
NIMH_HBCC_h650	0_4040296037_A	0_4040296037_A	AFR
NIMH_HBCC_h650	0_4040296039_A	0_4040296039_A	AFR
NIMH_HBCC_h650	0_4040296041_A	0_4040296041_A	EUR
NIMH_HBCC_h650	0_4040296042_A	0_4040296042_A	EUR
NIMH_HBCC_h650	0_4040296043_A	0_4040296043_A	EUR
NIMH_HBCC_h650	0_4040296045_A	0_4040296045_A	AFR
NIMH_HBCC_h650	0_4040296055_A	0_4040296055_A	AFR
NIMH_HBCC_h650	0_4040296060_A	0_4040296060_A	AFR
NIMH_HBCC_h650	0_4040296064_A	0_4040296064_A	AFR
NIMH_HBCC_h650	0_4040296066_A	0_4040296066_A	AFR
NIMH_HBCC_h650	0_4040296067_A	0_4040296067_A	AFR
NIMH_HBCC_h650	0_4040296068_A	0_4040296068_A	AFR
NIMH_HBCC_h650	0_4040296069_A	0_4040296069_A	AFR
NIMH_HBCC_h650	0_4040296072_A	0_4040296072_A	EUR
NIMH_HBCC_h650	0_4040296073_A	0_4040296073_A	AFR
NIMH_HBCC_h650	0_4040296074_A	0_4040296074_A	EUR
NIMH_HBCC_h650	0_4040296078_A	0_4040296078_A	AFR
NIMH_HBCC_h650	0_4040296079_A	0_4040296079_A	AFR
NIMH_HBCC_h650	0_4040296080_A	0_4040296080_A	EUR
NIMH_HBCC_h650	0_4040296081_A	0_4040296081_A	EUR
NIMH_HBCC_h650	0_4040296082_A	0_4040296082_A	AFR
NIMH_HBCC_h650	0_4040296084_A	0_4040296084_A	AFR
NIMH_HBCC_h650	0_4040296087_A	0_4040296087_A	AFR
NIMH_HBCC_h650	0_4040296088_A	0_4040296088_A	AFR
NIMH_HBCC_h650	0_4040296089_A	0_4040296089_A	AFR
NIMH_HBCC_h650	0_4040296090_A	0_4040296090_A	AFR
NIMH_HBCC_h650	0_4040296091_A	0_4040296091_A	AFR
NIMH_HBCC_h650	0_4040296093_A	0_4040296093_A	EUR
NIMH_HBCC_h650	0_4040296094_A	0_4040296094_A	AFR
NIMH_HBCC_h650	0_4040296095_A	0_4040296095_A	AFR
NIMH_HBCC_h650	0_4040296096_A	0_4040296096_A	AFR
NIMH_HBCC_h650	0_4040296105_A	0_4040296105_A	AFR
NIMH_HBCC_h650	0_4256126040_A	0_4256126040_A	AMR
NIMH_HBCC_h650	0_4256126058_A	0_4256126058_A	EUR
NIMH_HBCC_h650	0_4256126104_A	0_4256126104_A	EUR
NIMH_HBCC_h650	0_4256126112_A	0_4256126112_A	EUR
NIMH_HBCC_h650	0_4256126117_A	0_4256126117_A	EUR
NIMH_HBCC_h650	0_4256126120_A	0_4256126120_A	EUR
NIMH_HBCC_h650	0_4256126121_A	0_4256126121_A	AFR
NIMH_HBCC_h650	0_4256126122_A	0_4256126122_A	AFR
NIMH_HBCC_h650	0_4256126133_A	0_4256126133_A	AFR
NIMH_HBCC_h650	0_4256126134_A	0_4256126134_A	EUR
NIMH_HBCC_h650	0_4256126145_A	0_4256126145_A	EUR
NIMH_HBCC_h650	0_4256126160_A	0_4256126160_A	AFR
NIMH_HBCC_h650	0_4256126161_A	0_4256126161_A	AFR
NIMH_HBCC_h650	0_4256126164_A	0_4256126164_A	AFR
NIMH_HBCC_h650	0_4256126165_A	0_4256126165_A	AFR
NIMH_HBCC_h650	0_4256126180_A	0_4256126180_A	EUR
NIMH_HBCC_h650	0_4256126181_A	0_4256126181_A	EUR
NIMH_HBCC_h650	0_4256126182_A	0_4256126182_A	EUR
NIMH_HBCC_h650	0_4256126191_A	0_4256126191_A	AFR
NIMH_HBCC_h650	0_4256126194_A	0_4256126194_A	AFR
NIMH_HBCC_h650	0_4256126197_A	0_4256126197_A	EUR
NIMH_HBCC_h650	0_4256126204_A	0_4256126204_A	AFR
NIMH_HBCC_h650	0_4256126241_A	0_4256126241_A	EUR
NIMH_HBCC_h650	0_4256126251_A	0_4256126251_A	AFR
NIMH_HBCC_h650	0_4256126252_A	0_4256126252_A	AFR
NIMH_HBCC_h650	0_4256126291_A	0_4256126291_A	EUR
NIMH_HBCC_Omni5M	0_200876190004_R01C01	0_200876190004_R01C01	EUR
NIMH_HBCC_Omni5M	0_200876190004_R02C01	0_200876190004_R02C01	AFR
NIMH_HBCC_Omni5M	0_200876190004_R03C01	0_200876190004_R03C01	EUR
NIMH_HBCC_Omni5M	0_200876190004_R04C01	0_200876190004_R04C01	EUR
NIMH_HBCC_Omni5M	0_200876190005_R01C01	0_200876190005_R01C01	AFR
NIMH_HBCC_Omni5M	0_200876190005_R02C01	0_200876190005_R02C01	AFR
NIMH_HBCC_Omni5M	0_200876190005_R03C01	0_200876190005_R03C01	EUR
NIMH_HBCC_Omni5M	0_200876190005_R04C01	0_200876190005_R04C01	EUR
NIMH_HBCC_Omni5M	0_200876190006_R03C01	0_200876190006_R03C01	EUR
NIMH_HBCC_Omni5M	0_202429290026_R01C01	0_202429290026_R01C01	AFR
NIMH_HBCC_Omni5M	0_202429290026_R04C01	0_202429290026_R04C01	EUR
NIMH_HBCC_Omni5M	0_202429290042_R01C01	0_202429290042_R01C01	EUR
NIMH_HBCC_Omni5M	0_202429290042_R03C01	0_202429290042_R03C01	EUR
NIMH_HBCC_Omni5M	0_202429290042_R04C01	0_202429290042_R04C01	AFR
NIMH_HBCC_Omni5M	0_3999338053_R01C01	0_3999338053_R01C01	EUR
NIMH_HBCC_Omni5M	0_3999338053_R02C01	0_3999338053_R02C01	AFR
NIMH_HBCC_Omni5M	0_3999338069_R03C01	0_3999338069_R03C01	EUR
NIMH_HBCC_Omni5M	0_3999338069_R04C01	0_3999338069_R04C01	EUR
NIMH_HBCC_Omni5M	0_3999338072_R02C01	0_3999338072_R02C01	AFR
NIMH_HBCC_Omni5M	0_3999338075_R02C01	0_3999338075_R02C01	EUR
NIMH_HBCC_Omni5M	0_3999338075_R04C01	0_3999338075_R04C01	EUR
NIMH_HBCC_Omni5M	0_3999338081_R01C01	0_3999338081_R01C01	EUR
NIMH_HBCC_Omni5M	0_3999338081_R02C01	0_3999338081_R02C01	EUR
NIMH_HBCC_Omni5M	0_3999338081_R04C01	0_3999338081_R04C01	AFR
NIMH_HBCC_Omni5M	0_3999338092_R01C01	0_3999338092_R01C01	AFR
NIMH_HBCC_Omni5M	0_3999338092_R04C01	0_3999338092_R04C01	EUR
NIMH_HBCC_Omni5M	0_3999338095_R02C01	0_3999338095_R02C01	AFR
NIMH_HBCC_Omni5M	0_3999338095_R03C01	0_3999338095_R03C01	AFR
NIMH_HBCC_Omni5M	0_3999338098_R03C01	0_3999338098_R03C01	EUR
NIMH_HBCC_Omni5M	0_3999338098_R04C01	0_3999338098_R04C01	EUR
NIMH_HBCC_Omni5M	0_3999338099_R02C01	0_3999338099_R02C01	EUR
NIMH_HBCC_Omni5M	0_3999338099_R03C01	0_3999338099_R03C01	EUR
NIMH_HBCC_Omni5M	0_3999338099_R04C01	0_3999338099_R04C01	EUR
NIMH_HBCC_Omni5M	0_3999338101_R04C01	0_3999338101_R04C01	AFR
NIMH_HBCC_Omni5M	0_3999338102_R01C01	0_3999338102_R01C01	EUR
NIMH_HBCC_Omni5M	0_3999338105_R01C01	0_3999338105_R01C01	EUR
NIMH_HBCC_Omni5M	0_3999495005_R02C01	0_3999495005_R02C01	EUR
NIMH_HBCC_Omni5M	0_3999495005_R03C01	0_3999495005_R03C01	EUR
NIMH_HBCC_Omni5M	0_3999495013_R02C01	0_3999495013_R02C01	EUR
NIMH_HBCC_Omni5M	0_3999495019_R04C01	0_3999495019_R04C01	AMR
NIMH_HBCC_Omni5M	0_3999495020_R04C01	0_3999495020_R04C01	AFR
NIMH_HBCC_Omni5M	0_3999495021_R01C01	0_3999495021_R01C01	EUR
NIMH_HBCC_Omni5M	0_3999495045_R04C01	0_3999495045_R04C01	AFR
NIMH_HBCC_Omni5M	0_3999495065_R01C01	0_3999495065_R01C01	EUR
NIMH_HBCC_Omni5M	0_3999495078_R03C01	0_3999495078_R03C01	AFR
NIMH_HBCC_Omni5M	0_3999495085_R01C01	0_3999495085_R01C01	EUR
NIMH_HBCC_Omni5M	0_3999495085_R03C01	0_3999495085_R03C01	EUR
NIMH_HBCC_Omni5M	0_3999495121_R04C01	0_3999495121_R04C01	AFR
NIMH_HBCC_Omni5M	0_3999495136_R01C01	0_3999495136_R01C01	AFR
NIMH_HBCC_Omni5M	0_3999495136_R03C01	0_3999495136_R03C01	AFR
NIMH_HBCC_Omni5M	0_3999495141_R02C01	0_3999495141_R02C01	EUR
NIMH_HBCC_Omni5M	0_3999495141_R04C01	0_3999495141_R04C01	EUR
NIMH_HBCC_Omni5M	0_3999495153_R01C01	0_3999495153_R01C01	EUR
NIMH_HBCC_Omni5M	0_3999495153_R02C01	0_3999495153_R02C01	EUR
NIMH_HBCC_Omni5M	0_3999495153_R03C01	0_3999495153_R03C01	EUR
NIMH_HBCC_Omni5M	0_3999513167_R01C01	0_3999513167_R01C01	AFR
NIMH_HBCC_Omni5M	0_3999514037_R01C01	0_3999514037_R01C01	EUR
NIMH_HBCC_Omni5M	0_3999514037_R04C01	0_3999514037_R04C01	EUR
NIMH_HBCC_Omni5M	0_3999514039_R01C01	0_3999514039_R01C01	EUR
NIMH_HBCC_Omni5M	0_3999514039_R02C01	0_3999514039_R02C01	EUR
NIMH_HBCC_Omni5M	0_3999514046_R04C01	0_3999514046_R04C01	EUR
NIMH_HBCC_Omni5M	0_3999514081_R02C01	0_3999514081_R02C01	AFR
NIMH_HBCC_Omni5M	0_3999514081_R03C01	0_3999514081_R03C01	EUR
NIMH_HBCC_Omni5M	0_3999514097_R02C01	0_3999514097_R02C01	AFR
NIMH_HBCC_Omni5M	0_3999514099_R01C01	0_3999514099_R01C01	EUR
NIMH_HBCC_Omni5M	0_3999514104_R01C01	0_3999514104_R01C01	EUR
NIMH_HBCC_Omni5M	0_3999514111_R03C01	0_3999514111_R03C01	EUR
NIMH_HBCC_Omni5M	0_3999514121_R01C01	0_3999514121_R01C01	AFR
NIMH_HBCC_Omni5M	0_3999514124_R02C01	0_3999514124_R02C01	EUR
NIMH_HBCC_Omni5M	0_3999514124_R04C01	0_3999514124_R04C01	AFR
NIMH_HBCC_Omni5M	0_3999514126_R01C01	0_3999514126_R01C01	EUR
NIMH_HBCC_Omni5M	0_3999514129_R01C01	0_3999514129_R01C01	EUR
NIMH_HBCC_Omni5M	0_3999514129_R02C01	0_3999514129_R02C01	EUR
NIMH_HBCC_Omni5M	0_9348679004_R01C01	0_9348679004_R01C01	AFR
NIMH_HBCC_Omni5M	0_9348679004_R04C01	0_9348679004_R04C01	AFR
NIMH_HBCC_Omni5M	0_9348679032_R01C01	0_9348679032_R01C01	AFR
NIMH_HBCC_Omni5M	0_9348679032_R03C01	0_9348679032_R03C01	AMR
NIMH_HBCC_Omni5M	0_9373408021_R03C01	0_9373408021_R03C01	EUR
NIMH_HBCC_Omni5M	0_9373408021_R04C01	0_9373408021_R04C01	AFR
GVEX	2014-2194	2014-2194	EUR
GVEX	2014-2195	2014-2195	EUR
GVEX	2014-2196	2014-2196	EUR
GVEX	2014-2197	2014-2197	EUR
GVEX	2014-2198	2014-2198	EUR
GVEX	2014-2199	2014-2199	EUR
GVEX	2014-2201	2014-2201	EUR
GVEX	2014-2621	2014-2621	EUR
GVEX	2014-2622	2014-2622	EUR
GVEX	2014-2625	2014-2625	AFR
GVEX	2014-2626	2014-2626	EUR
GVEX	2014-2627	2014-2627	AMR
GVEX	2014-2628	2014-2628	EUR
GVEX	2015-1332	2015-1332	EUR
GVEX	2015-1333	2015-1333	EUR
GVEX	2015-1334	2015-1334	EUR
GVEX	2015-1335	2015-1335	EUR
GVEX	2015-1336	2015-1336	EUR
GVEX	2015-1338	2015-1338	EUR
GVEX	2015-1339	2015-1339	EUR
GVEX	2015-1340	2015-1340	EUR
GVEX	2015-1341	2015-1341	EUR
GVEX	2015-1342	2015-1342	EUR
GVEX	2015-1343	2015-1343	EUR
GVEX	2015-1397	2015-1397	EUR
GVEX	2015-1398	2015-1398	EUR
GVEX	2015-1399	2015-1399	EUR
GVEX	2015-1400	2015-1400	EUR
GVEX	2015-1401	2015-1401	EUR
GVEX	2015-1402	2015-1402	EUR
GVEX	2015-1403	2015-1403	EUR
GVEX	2015-1404	2015-1404	EUR
GVEX	2015-1405	2015-1405	EUR
GVEX	2015-1406	2015-1406	EUR
GVEX	2015-1407	2015-1407	EUR
GVEX	2015-1408	2015-1408	EUR
GVEX	2015-1426	2015-1426	EUR
GVEX	2015-1427	2015-1427	EUR
GVEX	2015-1428	2015-1428	EUR
GVEX	2015-1429	2015-1429	EUR
GVEX	2015-1431	2015-1431	EUR
GVEX	2015-1432	2015-1432	EUR
GVEX	2015-1433	2015-1433	EUR
GVEX	2015-1434	2015-1434	EUR
GVEX	2015-1435	2015-1435	EUR
GVEX	2015-1436	2015-1436	EUR
GVEX	2015-1443	2015-1443	EUR
GVEX	2015-1444	2015-1444	EUR
GVEX	2015-1445	2015-1445	EUR
GVEX	2015-1446	2015-1446	EUR
GVEX	2015-1447	2015-1447	EUR
GVEX	2015-1448	2015-1448	EUR
GVEX	2015-1449	2015-1449	EUR
GVEX	2015-1450	2015-1450	EUR
GVEX	2015-1451	2015-1451	EUR
GVEX	2015-1452	2015-1452	EUR
GVEX	2015-1453	2015-1453	EUR
GVEX	2015-1454	2015-1454	EUR
GVEX	2015-1467	2015-1467	EUR
GVEX	2015-1468	2015-1468	EUR
GVEX	2015-1469	2015-1469	EUR
GVEX	2015-1471	2015-1471	EUR
GVEX	2015-1472	2015-1472	EUR
GVEX	2015-1473	2015-1473	EUR
GVEX	2015-1475	2015-1475	EUR
GVEX	2015-1476	2015-1476	EUR
GVEX	2015-1478	2015-1478	EUR
GVEX	2015-1503	2015-1503	EUR
GVEX	2015-1504	2015-1504	EUR
GVEX	2015-1505	2015-1505	EUR
GVEX	2015-1506	2015-1506	EUR
GVEX	2015-1507	2015-1507	EUR
GVEX	2015-1508	2015-1508	EUR
GVEX	2015-1509	2015-1509	EUR
GVEX	2015-1510	2015-1510	EUR
GVEX	2015-1511	2015-1511	EUR
GVEX	2015-1512	2015-1512	EUR
GVEX	2015-1513	2015-1513	EUR
GVEX	2015-1532	2015-1532	EUR
GVEX	2015-1533	2015-1533	EUR
GVEX	2015-1534	2015-1534	EUR
GVEX	2015-1535	2015-1535	EUR
GVEX	2015-1536	2015-1536	EUR
GVEX	2015-1537	2015-1537	EUR
GVEX	2015-1538	2015-1538	EUR
GVEX	2015-1539	2015-1539	EUR
GVEX	2015-1540	2015-1540	EUR
GVEX	2015-1541	2015-1541	EUR
GVEX	2015-1543	2015-1543	EUR
GVEX	2015-1552	2015-1552	EUR
GVEX	2015-1553	2015-1553	EUR
GVEX	2015-1554	2015-1554	EUR
GVEX	2015-1555	2015-1555	EUR
GVEX	2015-1556	2015-1556	EUR
GVEX	2015-1557	2015-1557	EUR
GVEX	2015-17	2015-17	EUR
GVEX	2015-18	2015-18	AMR
GVEX	2015-19	2015-19	EUR
GVEX	2015-20	2015-20	EUR
GVEX	2015-21	2015-21	EUR
GVEX	2015-22	2015-22	EUR
GVEX	2015-243	2015-243	EUR
GVEX	2015-244	2015-244	EUR
GVEX	2015-245	2015-245	EUR
GVEX	2015-246	2015-246	EUR
GVEX	2015-247	2015-247	EUR
GVEX	2015-248	2015-248	EUR
GVEX	2015-249	2015-249	EUR
GVEX	2015-250	2015-250	EUR
GVEX	2015-251	2015-251	EUR
GVEX	2015-2572	2015-2572	EUR
GVEX	2015-2573	2015-2573	EUR
GVEX	2015-2574	2015-2574	EUR
GVEX	2015-2575	2015-2575	EUR
GVEX	2015-2576	2015-2576	EUR
GVEX	2015-2577	2015-2577	EUR
GVEX	2015-2578	2015-2578	EUR
GVEX	2015-2580	2015-2580	EUR
GVEX	2015-2581	2015-2581	EUR
GVEX	2015-2582	2015-2582	EUR
GVEX	2015-2583	2015-2583	EUR
GVEX	2015-2584	2015-2584	EUR
GVEX	2015-2585	2015-2585	EUR
GVEX	2015-2586	2015-2586	EUR
GVEX	2015-2587	2015-2587	EUR
GVEX	2015-2588	2015-2588	EUR
GVEX	2015-2589	2015-2589	EUR
GVEX	2015-2590	2015-2590	EUR
GVEX	2015-2591	2015-2591	EUR
GVEX	2015-2592	2015-2592	EUR
GVEX	2015-2593	2015-2593	EUR
GVEX	2015-2594	2015-2594	EUR
GVEX	2015-2595	2015-2595	EUR
GVEX	2015-2603	2015-2603	EUR
GVEX	2015-2604	2015-2604	EUR
GVEX	2015-2605	2015-2605	OTHER
GVEX	2015-2606	2015-2606	EUR
GVEX	2015-2607	2015-2607	EUR
GVEX	2015-2608	2015-2608	EUR
GVEX	2015-2609	2015-2609	EUR
GVEX	2015-2610	2015-2610	EUR
GVEX	2015-2623	2015-2623	EUR
GVEX	2015-2625	2015-2625	EUR
GVEX	2015-2626	2015-2626	EUR
GVEX	2015-2627	2015-2627	EUR
GVEX	2015-2628	2015-2628	EUR
GVEX	2015-2629	2015-2629	EUR
GVEX	2015-2630	2015-2630	EUR
GVEX	2015-280	2015-280	EUR
GVEX	2015-281	2015-281	EUR
GVEX	2015-282	2015-282	EUR
GVEX	2015-283	2015-283	EUR
GVEX	2015-284	2015-284	EUR
GVEX	2015-285	2015-285	EUR
GVEX	2015-286	2015-286	EUR
GVEX	2015-287	2015-287	EUR
GVEX	2015-2881	2015-2881	EUR
GVEX	2015-2882	2015-2882	EUR
GVEX	2015-2883	2015-2883	EUR
GVEX	2015-2884	2015-2884	EUR
GVEX	2015-2885	2015-2885	EUR
GVEX	2015-2886	2015-2886	EUR
GVEX	2015-2887	2015-2887	EUR
GVEX	2015-2888	2015-2888	EUR
GVEX	2015-2917	2015-2917	EUR
GVEX	2015-2918	2015-2918	EUR
GVEX	2015-2919	2015-2919	EUR
GVEX	2015-2921	2015-2921	EUR
GVEX	2015-2922	2015-2922	EUR
GVEX	2015-2923	2015-2923	EUR
GVEX	2015-2924	2015-2924	EUR
GVEX	2015-2945	2015-2945	EUR
GVEX	2015-2946	2015-2946	EUR
GVEX	2015-2947	2015-2947	EUR
GVEX	2015-2948	2015-2948	EUR
GVEX	2015-2949	2015-2949	EUR
GVEX	2015-2950	2015-2950	EUR
GVEX	2015-2951	2015-2951	EUR
GVEX	2015-2952	2015-2952	OTHER
GVEX	2015-3079	2015-3079	EUR
GVEX	2015-3080	2015-3080	EUR
GVEX	2015-3081	2015-3081	EUR
GVEX	2015-3082	2015-3082	EUR
GVEX	2015-3083	2015-3083	EUR
GVEX	2015-3084	2015-3084	EUR
GVEX	2015-3085	2015-3085	EUR
GVEX	2015-3086	2015-3086	EUR
GVEX	2015-3164	2015-3164	EUR
GVEX	2015-3165	2015-3165	EUR
GVEX	2015-3166	2015-3166	EUR
GVEX	2015-3167	2015-3167	EUR
GVEX	2015-3168	2015-3168	EUR
GVEX	2015-3169	2015-3169	EUR
GVEX	2015-3170	2015-3170	EUR
GVEX	2015-3227	2015-3227	EUR
GVEX	2015-3228	2015-3228	EUR
GVEX	2015-3229	2015-3229	EUR
GVEX	2015-3230	2015-3230	EUR
GVEX	2015-3231	2015-3231	EUR
GVEX	2015-3232	2015-3232	EUR
GVEX	2015-3233	2015-3233	EUR
GVEX	2015-3234	2015-3234	EUR
GVEX	2015-3235	2015-3235	EUR
GVEX	2015-3236	2015-3236	EUR
GVEX	2015-3237	2015-3237	EUR
GVEX	2015-3238	2015-3238	EUR
GVEX	2015-3275	2015-3275	EUR
GVEX	2015-3276	2015-3276	EUR
GVEX	2015-3277	2015-3277	EUR
GVEX	2015-3278	2015-3278	EUR
GVEX	2015-3279	2015-3279	EUR
GVEX	2015-3280	2015-3280	EUR
GVEX	2015-3281	2015-3281	EUR
GVEX	2015-3282	2015-3282	EUR
GVEX	2015-3283	2015-3283	EUR
GVEX	2015-3284	2015-3284	EUR
GVEX	2015-35	2015-35	EUR
GVEX	2015-350	2015-350	EUR
GVEX	2015-351	2015-351	EUR
GVEX	2015-352	2015-352	EUR
GVEX	2015-353	2015-353	EUR
GVEX	2015-354	2015-354	EUR
GVEX	2015-355	2015-355	EUR
GVEX	2015-36	2015-36	EUR
GVEX	2015-37	2015-37	EUR
GVEX	2015-39	2015-39	EUR
GVEX	2015-4	2015-4	EUR
GVEX	2015-40	2015-40	EUR
GVEX	2015-41	2015-41	EUR
GVEX	2015-42	2015-42	EUR
GVEX	2015-43	2015-43	EUR
GVEX	2015-45	2015-45	EUR
GVEX	2015-46	2015-46	EUR
GVEX	2015-477	2015-477	EUR
GVEX	2015-478	2015-478	EUR
GVEX	2015-479	2015-479	EUR
GVEX	2015-480	2015-480	EUR
GVEX	2015-481	2015-481	EUR
GVEX	2015-482	2015-482	EUR
GVEX	2015-483	2015-483	EUR
GVEX	2015-509	2015-509	EUR
GVEX	2015-510	2015-510	EUR
GVEX	2015-511	2015-511	EUR
GVEX	2015-513	2015-513	EUR
GVEX	2015-515	2015-515	EUR
GVEX	2015-516	2015-516	EUR
GVEX	2015-517	2015-517	EUR
GVEX	2015-518	2015-518	EUR
GVEX	2015-519	2015-519	EUR
GVEX	2015-520	2015-520	EUR
GVEX	2015-6	2015-6	EUR
GVEX	2015-7	2015-7	EUR
GVEX	2015-733	2015-733	EUR
GVEX	2015-734	2015-734	EUR
GVEX	2015-735	2015-735	EUR
GVEX	2015-736	2015-736	EUR
GVEX	2015-737	2015-737	EUR
GVEX	2015-738	2015-738	EUR
GVEX	2015-739	2015-739	OTHER
GVEX	2015-740	2015-740	EUR
GVEX	2015-766	2015-766	EUR
GVEX	2015-767	2015-767	EUR
GVEX	2015-768	2015-768	EUR
GVEX	2015-769	2015-769	EUR
GVEX	2015-770	2015-770	EUR
GVEX	2015-771	2015-771	EUR
GVEX	2015-772	2015-772	EUR
GVEX	2015-773	2015-773	EUR
GVEX	2015-774	2015-774	EUR
GVEX	2015-775	2015-775	EUR
GVEX	2015-776	2015-776	EUR
GVEX	2015-777	2015-777	EUR
GVEX	2015-8	2015-8	EUR
GVEX	2015-802	2015-802	EUR
GVEX	2015-803	2015-803	EUR
GVEX	2015-805	2015-805	EUR
GVEX	2015-806	2015-806	EUR
GVEX	2015-807	2015-807	EUR
GVEX	2015-808	2015-808	EUR
GVEX	2015-809	2015-809	EUR
GVEX	2015-810	2015-810	EUR
GVEX	2015-812	2015-812	EUR
GVEX	2015-856	2015-856	EUR
GVEX	2015-857	2015-857	EUR
GVEX	2015-858	2015-858	EUR
GVEX	2015-859	2015-859	EUR
GVEX	2015-860	2015-860	EUR
GVEX	2015-861	2015-861	EUR
GVEX	2015-862	2015-862	EUR
GVEX	2015-863	2015-863	EUR
GVEX	2015-864	2015-864	EUR
GVEX	2015-865	2015-865	EUR
GVEX	2015-891	2015-891	EUR
GVEX	2015-893	2015-893	EUR
GVEX	2015-894	2015-894	EUR
GVEX	2015-895	2015-895	EUR
GVEX	2015-900	2015-900	EUR
GVEX	2015-901	2015-901	EUR
GVEX	2015-902	2015-902	EUR
GVEX	2015-917	2015-917	EUR
GVEX	2015-918	2015-918	EUR
GVEX	2015-919	2015-919	EUR
GVEX	2015-920	2015-920	EUR
GVEX	2015-921	2015-921	EUR
GVEX	2015-922	2015-922	EUR
GVEX	2015-923	2015-923	EUR
GVEX	2015-924	2015-924	EUR
GVEX	2015-925	2015-925	EUR
GVEX	2015-926	2015-926	EUR
GVEX	2015-927	2015-927	EUR
GVEX	2016-790	2016-790	EUR
GVEX	2016-791	2016-791	EUR
GVEX	2016-792	2016-792	EUR
GVEX	2016-793	2016-793	EUR
GVEX	2016-794	2016-794	EUR
GVEX	2016-795	2016-795	EUR
GVEX	2016-796	2016-796	EUR
GVEX	2016-797	2016-797	EUR
GVEX	2016-798	2016-798	EUR
GVEX	2016-799	2016-799	EUR
GVEX	2016-800	2016-800	EUR
GVEX	2016-801	2016-801	EUR
GVEX	2016-823	2016-823	EUR
GVEX	2016-824	2016-824	EUR
GVEX	2016-825	2016-825	EUR
GVEX	2016-826	2016-826	EUR
GVEX	2016-827	2016-827	EUR
GVEX	2016-828	2016-828	EUR
GVEX	2016-829	2016-829	EUR
GVEX	2016-830	2016-830	EUR
GVEX	2016-831	2016-831	EUR
GVEX	2016-832	2016-832	EUR
GVEX	2016-833	2016-833	EUR
GVEX	2016-834	2016-834	EUR
GVEX	2016-862	2016-862	EUR
GVEX	2016-863	2016-863	EUR
GVEX	2016-864	2016-864	EUR
GVEX	2016-865	2016-865	EUR
GVEX	2016-866	2016-866	EUR
GVEX	2016-867	2016-867	EUR
GVEX	2016-868	2016-868	EUR
GVEX	2016-869	2016-869	EUR
GVEX	2016-870	2016-870	EUR
GVEX	2016-871	2016-871	EUR
GVEX	2016-872	2016-872	EUR
GVEX	2016-885	2016-885	EUR
GVEX	2016-887	2016-887	EUR
GVEX	2016-888	2016-888	EUR
GVEX	2016-889	2016-889	EUR
GVEX	2016-890	2016-890	EUR
GVEX	2016-891	2016-891	EUR
GVEX	2016-892	2016-892	EUR
GVEX	2016-893	2016-893	EUR
GVEX	2016-894	2016-894	EUR
GVEX	2016-895	2016-895	EUR
GVEX	2016-896	2016-896	EUR
GVEX	2016-922	2016-922	EUR
GVEX	2016-923	2016-923	EUR
GVEX	2016-924	2016-924	EUR
GVEX	2016-925	2016-925	EUR
GVEX	2016-926	2016-926	EUR
GVEX	2016-927	2016-927	EUR
GVEX	2016-928	2016-928	EUR
GVEX	2016-929	2016-929	EUR
GVEX	2016-930	2016-930	EUR
GVEX	2016-931	2016-931	EUR
GVEX	2016-932	2016-932	EUR
GVEX	2016-933	2016-933	EUR
GVEX	2016-934	2016-934	EUR
GVEX	2016-935	2016-935	EUR
GVEX	2016-936	2016-936	EUR
GVEX	2016-937	2016-937	EUR
GVEX	2016-938	2016-938	EUR
GVEX	2016-940	2016-940	EUR
GVEX	2016-942	2016-942	EUR
GVEX	2016-944	2016-944	EUR
GVEX	2016-945	2016-945	EUR
GVEX	2016-946	2016-946	EUR
GVEX	2016-947	2016-947	EUR
GVEX	2016-948	2016-948	EUR
GVEX	2016-950	2016-950	EUR
GVEX	2016-952	2016-952	EUR
GVEX	2016-953	2016-953	EUR
GVEX	2016-954	2016-954	EUR
GVEX	2016-955	2016-955	EUR
GVEX	2016-956	2016-956	EUR
GVEX	2016-957	2016-957	EUR
GVEX	2016-958	2016-958	EUR
GVEX	2016-959	2016-959	EUR
GVEX	2016-960	2016-960	EUR
GVEX	2016-961	2016-961	EUR
GVEX	2016-962	2016-962	EUR
GVEX	2016-963	2016-963	EUR
GVEX	2016-964	2016-964	EUR
AMP_AD_Rush	R1121548	R1121548	AFR
AMP_AD_Rush	R1207203	R1207203	AMR
AMP_AD_Rush	R1220651	R1220651	AMR
AMP_AD_Rush	R1224782	R1224782	AMR
AMP_AD_Rush	R1461021	R1461021	AFR
AMP_AD_Rush	R1555511	R1555511	AMR
AMP_AD_Rush	R1752583	R1752583	AFR
AMP_AD_Rush	R1775931	R1775931	EUR
AMP_AD_Rush	R1780449	R1780449	AMR
AMP_AD_Rush	R1787342	R1787342	EUR
AMP_AD_Rush	R1896573	R1896573	AFR
AMP_AD_Rush	R1912270	R1912270	EUR
AMP_AD_Rush	R2009543	R2009543	AFR
AMP_AD_Rush	R2102232	R2102232	AFR
AMP_AD_Rush	R2249549	R2249549	AFR
AMP_AD_Rush	R2323911	R2323911	AMR
AMP_AD_Rush	R2375144	R2375144	AMR
AMP_AD_Rush	R2492875	R2492875	UNKNOWN
AMP_AD_Rush	R2573360	R2573360	EUR
AMP_AD_Rush	R2697449	R2697449	AFR
AMP_AD_Rush	R2742141	R2742141	AFR
AMP_AD_Rush	R2795633	R2795633	AFR
AMP_AD_Rush	R2868393	R2868393	AFR
AMP_AD_Rush	R2871843	R2871843	EUR
AMP_AD_Rush	R3028211	R3028211	AFR
AMP_AD_Rush	R3045685	R3045685	AMR
AMP_AD_Rush	R3050973	R3050973	AMR
AMP_AD_Rush	R3057101	R3057101	AFR
AMP_AD_Rush	R3058355	R3058355	AMR
AMP_AD_Rush	R3240819	R3240819	AFR
AMP_AD_Rush	R3305639	R3305639	AFR
AMP_AD_Rush	R3489336	R3489336	AFR
AMP_AD_Rush	R3682722	R3682722	AFR
AMP_AD_Rush	R3799220	R3799220	EUR
AMP_AD_Rush	R3850139	R3850139	EUR
AMP_AD_Rush	R3914030	R3914030	AMR
AMP_AD_Rush	R3928849	R3928849	AFR
AMP_AD_Rush	R4083785	R4083785	AMR
AMP_AD_Rush	R4262244	R4262244	AFR
AMP_AD_Rush	R4292948	R4292948	AFR
AMP_AD_Rush	R4461274	R4461274	AFR
AMP_AD_Rush	R4465525	R4465525	EUR
AMP_AD_Rush	R4484622	R4484622	AFR
AMP_AD_Rush	R4674788	R4674788	AMR
AMP_AD_Rush	R4689636	R4689636	AMR
AMP_AD_Rush	R4696657	R4696657	AFR
AMP_AD_Rush	R4747113	R4747113	AFR
AMP_AD_Rush	R4895572	R4895572	AFR
AMP_AD_Rush	R4980436	R4980436	AFR
AMP_AD_Rush	R4983313	R4983313	AFR
AMP_AD_Rush	R5009796	R5009796	AMR
AMP_AD_Rush	R5081958	R5081958	AMR
AMP_AD_Rush	R5121037	R5121037	AFR
AMP_AD_Rush	R5143011	R5143011	AFR
AMP_AD_Rush	R5243938	R5243938	AFR
AMP_AD_Rush	R5253161	R5253161	EUR
AMP_AD_Rush	R5255909	R5255909	EAS
AMP_AD_Rush	R5260417	R5260417	EUR
AMP_AD_Rush	R5267750	R5267750	EAS
AMP_AD_Rush	R5384481	R5384481	EAS
AMP_AD_Rush	R5396892	R5396892	EUR
AMP_AD_Rush	R5409609	R5409609	EUR
AMP_AD_Rush	R5422277	R5422277	AMR
AMP_AD_Rush	R5508487	R5508487	AFR
AMP_AD_Rush	R5695074	R5695074	AFR
AMP_AD_Rush	R5738585	R5738585	AFR
AMP_AD_Rush	R5832753	R5832753	AFR
AMP_AD_Rush	R5909439	R5909439	AFR
AMP_AD_Rush	R5955913	R5955913	EUR
AMP_AD_Rush	R5980667	R5980667	AMR
AMP_AD_Rush	R6084066	R6084066	EUR
AMP_AD_Rush	R6162454	R6162454	EUR
AMP_AD_Rush	R6163593	R6163593	AFR
AMP_AD_Rush	R6274902	R6274902	AMR
AMP_AD_Rush	R6277114	R6277114	AFR
AMP_AD_Rush	R6291376	R6291376	AFR
AMP_AD_Rush	R6619132	R6619132	AMR
AMP_AD_Rush	R6686111	R6686111	UNKNOWN
AMP_AD_Rush	R6692433	R6692433	EUR
AMP_AD_Rush	R6803329	R6803329	EUR
AMP_AD_Rush	R6877756	R6877756	EUR
AMP_AD_Rush	R6898471	R6898471	AFR
AMP_AD_Rush	R6917940	R6917940	AMR
AMP_AD_Rush	R7033218	R7033218	AFR
AMP_AD_Rush	R7184994	R7184994	EUR
AMP_AD_Rush	R7200691	R7200691	EUR
AMP_AD_Rush	R7235905	R7235905	EUR
AMP_AD_Rush	R7298955	R7298955	AMR
AMP_AD_Rush	R7574129	R7574129	AFR
AMP_AD_Rush	R7586085	R7586085	AMR
AMP_AD_Rush	R7630088	R7630088	AFR
AMP_AD_Rush	R7647669	R7647669	EUR
AMP_AD_Rush	R7727675	R7727675	AMR
AMP_AD_Rush	R7788887	R7788887	AFR
AMP_AD_Rush	R7833589	R7833589	AFR
AMP_AD_Rush	R7891149	R7891149	AFR
AMP_AD_Rush	R8129442	R8129442	AMR
AMP_AD_Rush	R8205767	R8205767	EAS
AMP_AD_Rush	R8233178	R8233178	AFR
AMP_AD_Rush	R8237974	R8237974	EUR
AMP_AD_Rush	R8291518	R8291518	AMR
AMP_AD_Rush	R8293681	R8293681	AFR
AMP_AD_Rush	R8378207	R8378207	EAS
AMP_AD_Rush	R8420357	R8420357	AFR
AMP_AD_Rush	R8430140	R8430140	AFR
AMP_AD_Rush	R8477085	R8477085	AFR
AMP_AD_Rush	R8546169	R8546169	AFR
AMP_AD_Rush	R8594936	R8594936	AFR
AMP_AD_Rush	R8627329	R8627329	AMR
AMP_AD_Rush	R8650235	R8650235	AFR
AMP_AD_Rush	R8697065	R8697065	AFR
AMP_AD_Rush	R8705042	R8705042	AFR
AMP_AD_Rush	R8767513	R8767513	AMR
AMP_AD_Rush	R8831192	R8831192	AMR
AMP_AD_Rush	R8944569	R8944569	AFR
AMP_AD_Rush	R8960454	R8960454	EAS
AMP_AD_Rush	R8969080	R8969080	EAS
AMP_AD_Rush	R9002617	R9002617	EUR
AMP_AD_Rush	R9160194	R9160194	AFR
AMP_AD_Rush	R9217634	R9217634	AMR
AMP_AD_Rush	R9239723	R9239723	AFR
AMP_AD_Rush	R9307768	R9307768	AFR
AMP_AD_Rush	R9464766	R9464766	AFR
AMP_AD_Rush	R9500594	R9500594	AMR
AMP_AD_Rush	R9514303	R9514303	AFR
AMP_AD_Rush	R9609047	R9609047	AFR
AMP_AD_Rush	R9693165	R9693165	AMR
AMP_AD_Rush	R9853632	R9853632	AMR
AMP_AD_Rush	R9858682	R9858682	EAS
AMP_AD_Rush	R9912143	R9912143	AMR
AMP_AD_Rush	R9918347	R9918347	EUR
AMP_AD_Rush	R9939622	R9939622	AFR
AMP_AD_Rush	R9991868	R9991868	AFR
AMP_AD_Mayo	11387_DLPFC_WGS	11387_DLPFC_WGS	AMR
AMP_AD_Mayo	114_DLPFC_WGS	114_DLPFC_WGS	AMR
AMP_AD_Mayo	11735_DLPFC_WGS	11735_DLPFC_WGS	AMR
AMP_AD_Mayo	11800_DLPFC_WGS	11800_DLPFC_WGS	AMR
AMP_AD_Mayo	11859_DLPFC_WGS	11859_DLPFC_WGS	AMR
AMP_AD_Mayo	11868_DLPFC_WGS	11868_DLPFC_WGS	AMR
AMP_AD_Mayo	11965_DLPFC_WGS	11965_DLPFC_WGS	AMR
AMP_AD_Mayo	12195_DLPFC_WGS	12195_DLPFC_WGS	AMR
AMP_AD_Mayo	12249_DLPFC_WGS	12249_DLPFC_WGS	AMR
AMP_AD_Mayo	12281_DLPFC_WGS	12281_DLPFC_WGS	AMR
AMP_AD_Mayo	123_DLPFC_WGS	123_DLPFC_WGS	AMR
AMP_AD_Mayo	1236_DLPFC_WGS	1236_DLPFC_WGS	AFR
AMP_AD_Mayo	1375_DLPFC_WGS	1375_DLPFC_WGS	AFR
AMP_AD_Mayo	138_DLPFC_WGS	138_DLPFC_WGS	AMR
AMP_AD_Mayo	14545_DLPFC_WGS	14545_DLPFC_WGS	AMR
AMP_AD_Mayo	1463_DLPFC_WGS	1463_DLPFC_WGS	AFR
AMP_AD_Mayo	1512_DLPFC_WGS	1512_DLPFC_WGS	AFR
AMP_AD_Mayo	18207_DLPFC_WGS	18207_DLPFC_WGS	AFR
AMP_AD_Mayo	18807_DLPFC_WGS	18807_DLPFC_WGS	AMR
AMP_AD_Mayo	18855_DLPFC_WGS	18855_DLPFC_WGS	AFR
AMP_AD_Mayo	18867_DLPFC_WGS	18867_DLPFC_WGS	AMR
AMP_AD_Mayo	18903_DLPFC_WGS	18903_DLPFC_WGS	AFR
AMP_AD_Mayo	1946_DLPFC_WGS	1946_DLPFC_WGS	AMR
AMP_AD_Mayo	20250_DLPFC_WGS	20250_DLPFC_WGS	AMR
AMP_AD_Mayo	20297_DLPFC_WGS	20297_DLPFC_WGS	AMR
AMP_AD_Mayo	20302_DLPFC_WGS	20302_DLPFC_WGS	AMR
AMP_AD_Mayo	20781_DLPFC_WGS	20781_DLPFC_WGS	AMR
AMP_AD_Mayo	21156_DLPFC_WGS	21156_DLPFC_WGS	AMR
AMP_AD_Mayo	21164_DLPFC_WGS	21164_DLPFC_WGS	AMR
AMP_AD_Mayo	21207_DLPFC_WGS	21207_DLPFC_WGS	AMR
AMP_AD_Mayo	21211_DLPFC_WGS	21211_DLPFC_WGS	AMR
AMP_AD_Mayo	21438_DLPFC_WGS	21438_DLPFC_WGS	AFR
AMP_AD_Mayo	28791_DLPFC_WGS	28791_DLPFC_WGS	AMR
AMP_AD_Mayo	28833_DLPFC_WGS	28833_DLPFC_WGS	AMR
AMP_AD_Mayo	28871_DLPFC_WGS	28871_DLPFC_WGS	AMR
AMP_AD_Mayo	28876_DLPFC_WGS	28876_DLPFC_WGS	AMR
AMP_AD_Mayo	28890_DLPFC_WGS	28890_DLPFC_WGS	AFR
AMP_AD_Mayo	28958_DLPFC_WGS	28958_DLPFC_WGS	AMR
AMP_AD_Mayo	29004_DLPFC_WGS	29004_DLPFC_WGS	AFR
AMP_AD_Mayo	29534_DLPFC_WGS	29534_DLPFC_WGS	AFR
AMP_AD_Mayo	29536_DLPFC_WGS	29536_DLPFC_WGS	AMR
AMP_AD_Mayo	29537_DLPFC_WGS	29537_DLPFC_WGS	AMR
AMP_AD_Mayo	29538_DLPFC_WGS	29538_DLPFC_WGS	AMR
AMP_AD_Mayo	29539_DLPFC_WGS	29539_DLPFC_WGS	AMR
AMP_AD_Mayo	29540_DLPFC_WGS	29540_DLPFC_WGS	AMR
AMP_AD_Mayo	29541_DLPFC_WGS	29541_DLPFC_WGS	AMR
AMP_AD_Mayo	29542_DLPFC_WGS	29542_DLPFC_WGS	AMR
AMP_AD_Mayo	29543_DLPFC_WGS	29543_DLPFC_WGS	AMR
AMP_AD_Mayo	29544_DLPFC_WGS	29544_DLPFC_WGS	AMR
AMP_AD_Mayo	29545_DLPFC_WGS	29545_DLPFC_WGS	AMR
AMP_AD_Mayo	29546_DLPFC_WGS	29546_DLPFC_WGS	AMR
AMP_AD_Mayo	29547_DLPFC_WGS	29547_DLPFC_WGS	AMR
AMP_AD_Mayo	29548_DLPFC_WGS	29548_DLPFC_WGS	AMR
AMP_AD_Mayo	29549_DLPFC_WGS	29549_DLPFC_WGS	AMR
AMP_AD_Mayo	29550_DLPFC_WGS	29550_DLPFC_WGS	AMR
AMP_AD_Mayo	29551_DLPFC_WGS	29551_DLPFC_WGS	AMR
AMP_AD_Mayo	29552_DLPFC_WGS	29552_DLPFC_WGS	AMR
AMP_AD_Mayo	29553_DLPFC_WGS	29553_DLPFC_WGS	AMR
AMP_AD_Mayo	29554_DLPFC_WGS	29554_DLPFC_WGS	AMR
AMP_AD_Mayo	29555_DLPFC_WGS	29555_DLPFC_WGS	AMR
AMP_AD_Mayo	29556_DLPFC_WGS	29556_DLPFC_WGS	AFR
AMP_AD_Mayo	29557_DLPFC_WGS	29557_DLPFC_WGS	AFR
AMP_AD_Mayo	29558_DLPFC_WGS	29558_DLPFC_WGS	AMR
AMP_AD_Mayo	29560_DLPFC_WGS	29560_DLPFC_WGS	AMR
AMP_AD_Mayo	29561_DLPFC_WGS	29561_DLPFC_WGS	AMR
AMP_AD_Mayo	29562_DLPFC_WGS	29562_DLPFC_WGS	AFR
AMP_AD_Mayo	29563_DLPFC_WGS	29563_DLPFC_WGS	AFR
AMP_AD_Mayo	29564_DLPFC_WGS	29564_DLPFC_WGS	AMR
AMP_AD_Mayo	29565_DLPFC_WGS	29565_DLPFC_WGS	AMR
AMP_AD_Mayo	29566_DLPFC_WGS	29566_DLPFC_WGS	AMR
AMP_AD_Mayo	29567_DLPFC_WGS	29567_DLPFC_WGS	AMR
AMP_AD_Mayo	29568_DLPFC_WGS	29568_DLPFC_WGS	AMR
AMP_AD_Mayo	29569_DLPFC_WGS	29569_DLPFC_WGS	AFR
AMP_AD_Mayo	29570_DLPFC_WGS	29570_DLPFC_WGS	AMR
AMP_AD_Mayo	29571_DLPFC_WGS	29571_DLPFC_WGS	AMR
AMP_AD_Mayo	29572_DLPFC_WGS	29572_DLPFC_WGS	AMR
AMP_AD_Mayo	29574_DLPFC_WGS	29574_DLPFC_WGS	AMR
AMP_AD_Mayo	29575_DLPFC_WGS	29575_DLPFC_WGS	AMR
AMP_AD_Mayo	29576_DLPFC_WGS	29576_DLPFC_WGS	AMR
AMP_AD_Mayo	29577_DLPFC_WGS	29577_DLPFC_WGS	AMR
AMP_AD_Mayo	29578_DLPFC_WGS	29578_DLPFC_WGS	AMR
AMP_AD_Mayo	29579_DLPFC_WGS	29579_DLPFC_WGS	AFR
AMP_AD_Mayo	29580_DLPFC_WGS	29580_DLPFC_WGS	AMR
AMP_AD_Mayo	29581_DLPFC_WGS	29581_DLPFC_WGS	AMR
AMP_AD_Mayo	29582_DLPFC_WGS	29582_DLPFC_WGS	AFR
AMP_AD_Mayo	29583_DLPFC_WGS	29583_DLPFC_WGS	AMR
AMP_AD_Mayo	29584_DLPFC_WGS	29584_DLPFC_WGS	AMR
AMP_AD_Mayo	29585_DLPFC_WGS	29585_DLPFC_WGS	AFR
AMP_AD_Mayo	29586_DLPFC_WGS	29586_DLPFC_WGS	AFR
AMP_AD_Mayo	29587_DLPFC_WGS	29587_DLPFC_WGS	AMR
AMP_AD_Mayo	29588_DLPFC_WGS	29588_DLPFC_WGS	AMR
AMP_AD_Mayo	29589_DLPFC_WGS	29589_DLPFC_WGS	AMR
AMP_AD_Mayo	29590_DLPFC_WGS	29590_DLPFC_WGS	AMR
AMP_AD_Mayo	29591_DLPFC_WGS	29591_DLPFC_WGS	AMR
AMP_AD_Mayo	29592_DLPFC_WGS	29592_DLPFC_WGS	AMR
AMP_AD_Mayo	29593_DLPFC_WGS	29593_DLPFC_WGS	AMR
AMP_AD_Mayo	29594_DLPFC_WGS	29594_DLPFC_WGS	AMR
AMP_AD_Mayo	29595_DLPFC_WGS	29595_DLPFC_WGS	AMR
AMP_AD_Mayo	29596_DLPFC_WGS	29596_DLPFC_WGS	AMR
AMP_AD_Mayo	29597_DLPFC_WGS	29597_DLPFC_WGS	AFR
AMP_AD_Mayo	29598_DLPFC_WGS	29598_DLPFC_WGS	AMR
AMP_AD_Mayo	29599_DLPFC_WGS	29599_DLPFC_WGS	AMR
AMP_AD_Mayo	29600_DLPFC_WGS	29600_DLPFC_WGS	AFR
AMP_AD_Mayo	29601_DLPFC_WGS	29601_DLPFC_WGS	AMR
AMP_AD_Mayo	29602_DLPFC_WGS	29602_DLPFC_WGS	AMR
AMP_AD_Mayo	29603_DLPFC_WGS	29603_DLPFC_WGS	AMR
AMP_AD_Mayo	29604_DLPFC_WGS	29604_DLPFC_WGS	AMR
AMP_AD_Mayo	29605_DLPFC_WGS	29605_DLPFC_WGS	AMR
AMP_AD_Mayo	29606_DLPFC_WGS	29606_DLPFC_WGS	AFR
AMP_AD_Mayo	29607_DLPFC_WGS	29607_DLPFC_WGS	AMR
AMP_AD_Mayo	29608_DLPFC_WGS	29608_DLPFC_WGS	AMR
AMP_AD_Mayo	29609_DLPFC_WGS	29609_DLPFC_WGS	AMR
AMP_AD_Mayo	29610_DLPFC_WGS	29610_DLPFC_WGS	AMR
AMP_AD_Mayo	29611_DLPFC_WGS	29611_DLPFC_WGS	AFR
AMP_AD_Mayo	29612_DLPFC_WGS	29612_DLPFC_WGS	AFR
AMP_AD_Mayo	29613_DLPFC_WGS	29613_DLPFC_WGS	AMR
AMP_AD_Mayo	29614_DLPFC_WGS	29614_DLPFC_WGS	AMR
AMP_AD_Mayo	29615_DLPFC_WGS	29615_DLPFC_WGS	AFR
AMP_AD_Mayo	29616_DLPFC_WGS	29616_DLPFC_WGS	AMR
AMP_AD_Mayo	29617_DLPFC_WGS	29617_DLPFC_WGS	AMR
AMP_AD_Mayo	29618_DLPFC_WGS	29618_DLPFC_WGS	AMR
AMP_AD_Mayo	29619_DLPFC_WGS	29619_DLPFC_WGS	AMR
AMP_AD_Mayo	29620_DLPFC_WGS	29620_DLPFC_WGS	AMR
AMP_AD_Mayo	29621_DLPFC_WGS	29621_DLPFC_WGS	AFR
AMP_AD_Mayo	29622_DLPFC_WGS	29622_DLPFC_WGS	AMR
AMP_AD_Mayo	29623_DLPFC_WGS	29623_DLPFC_WGS	AMR
AMP_AD_Mayo	29624_DLPFC_WGS	29624_DLPFC_WGS	AFR
AMP_AD_Mayo	29625_DLPFC_WGS	29625_DLPFC_WGS	AMR
AMP_AD_Mayo	29626_DLPFC_WGS	29626_DLPFC_WGS	AMR
AMP_AD_Mayo	29627_DLPFC_WGS	29627_DLPFC_WGS	AMR
AMP_AD_Mayo	29628_DLPFC_WGS	29628_DLPFC_WGS	AMR
AMP_AD_Mayo	29629_DLPFC_WGS	29629_DLPFC_WGS	AMR
AMP_AD_Mayo	29630_DLPFC_WGS	29630_DLPFC_WGS	AMR
AMP_AD_Mayo	29631_DLPFC_WGS	29631_DLPFC_WGS	AMR
AMP_AD_Mayo	29632_DLPFC_WGS	29632_DLPFC_WGS	AMR
AMP_AD_Mayo	29633_DLPFC_WGS	29633_DLPFC_WGS	AMR
AMP_AD_Mayo	29634_DLPFC_WGS	29634_DLPFC_WGS	AMR
AMP_AD_Mayo	29635_DLPFC_WGS	29635_DLPFC_WGS	AMR
AMP_AD_Mayo	29636_DLPFC_WGS	29636_DLPFC_WGS	AMR
AMP_AD_Mayo	29637_DLPFC_WGS	29637_DLPFC_WGS	AMR
AMP_AD_Mayo	29638_DLPFC_WGS	29638_DLPFC_WGS	AMR
AMP_AD_Mayo	29639_DLPFC_WGS	29639_DLPFC_WGS	AFR
AMP_AD_Mayo	29640_DLPFC_WGS	29640_DLPFC_WGS	AMR
AMP_AD_Mayo	29641_DLPFC_WGS	29641_DLPFC_WGS	AMR
AMP_AD_Mayo	29642_DLPFC_WGS	29642_DLPFC_WGS	AMR
AMP_AD_Mayo	29643_DLPFC_WGS	29643_DLPFC_WGS	AMR
AMP_AD_Mayo	29644_DLPFC_WGS	29644_DLPFC_WGS	AFR
AMP_AD_Mayo	29645_DLPFC_WGS	29645_DLPFC_WGS	AMR
AMP_AD_Mayo	29646_DLPFC_WGS	29646_DLPFC_WGS	AMR
AMP_AD_Mayo	29647_DLPFC_WGS	29647_DLPFC_WGS	AMR
AMP_AD_Mayo	29648_DLPFC_WGS	29648_DLPFC_WGS	AFR
AMP_AD_Mayo	29649_DLPFC_WGS	29649_DLPFC_WGS	AFR
AMP_AD_Mayo	29650_DLPFC_WGS	29650_DLPFC_WGS	AFR
AMP_AD_Mayo	29651_DLPFC_WGS	29651_DLPFC_WGS	AMR
AMP_AD_Mayo	29652_DLPFC_WGS	29652_DLPFC_WGS	AMR
AMP_AD_Mayo	29653_DLPFC_WGS	29653_DLPFC_WGS	AMR
AMP_AD_Mayo	29654_DLPFC_WGS	29654_DLPFC_WGS	AMR
AMP_AD_Mayo	29655_DLPFC_WGS	29655_DLPFC_WGS	AMR
AMP_AD_Mayo	29656_DLPFC_WGS	29656_DLPFC_WGS	AMR
AMP_AD_Mayo	29657_DLPFC_WGS	29657_DLPFC_WGS	AFR
AMP_AD_Mayo	29658_DLPFC_WGS	29658_DLPFC_WGS	AMR
AMP_AD_Mayo	29659_DLPFC_WGS	29659_DLPFC_WGS	AMR
AMP_AD_Mayo	29660_DLPFC_WGS	29660_DLPFC_WGS	AMR
AMP_AD_Mayo	29661_DLPFC_WGS	29661_DLPFC_WGS	AMR
AMP_AD_Mayo	29662_DLPFC_WGS	29662_DLPFC_WGS	AMR
AMP_AD_Mayo	29663_DLPFC_WGS	29663_DLPFC_WGS	AMR
AMP_AD_Mayo	29664_DLPFC_WGS	29664_DLPFC_WGS	AFR
AMP_AD_Mayo	29665_DLPFC_WGS	29665_DLPFC_WGS	AMR
AMP_AD_Mayo	29666_DLPFC_WGS	29666_DLPFC_WGS	AFR
AMP_AD_Mayo	29668_DLPFC_WGS	29668_DLPFC_WGS	AMR
AMP_AD_Mayo	29669_DLPFC_WGS	29669_DLPFC_WGS	AMR
AMP_AD_Mayo	29670_DLPFC_WGS	29670_DLPFC_WGS	AFR
AMP_AD_Mayo	29671_DLPFC_WGS	29671_DLPFC_WGS	AFR
AMP_AD_Mayo	29672_DLPFC_WGS	29672_DLPFC_WGS	AMR
AMP_AD_Mayo	29673_DLPFC_WGS	29673_DLPFC_WGS	AMR
AMP_AD_Mayo	29674_DLPFC_WGS	29674_DLPFC_WGS	AFR
AMP_AD_Mayo	29675_DLPFC_WGS	29675_DLPFC_WGS	AMR
AMP_AD_Mayo	29677_DLPFC_WGS	29677_DLPFC_WGS	AFR
AMP_AD_Mayo	29678_DLPFC_WGS	29678_DLPFC_WGS	AFR
AMP_AD_Mayo	29679_DLPFC_WGS	29679_DLPFC_WGS	AMR
AMP_AD_Mayo	29681_DLPFC_WGS	29681_DLPFC_WGS	AMR
AMP_AD_Mayo	29682_DLPFC_WGS	29682_DLPFC_WGS	AMR
AMP_AD_Mayo	29683_DLPFC_WGS	29683_DLPFC_WGS	AMR
AMP_AD_Mayo	29684_DLPFC_WGS	29684_DLPFC_WGS	AMR
AMP_AD_Mayo	29685_DLPFC_WGS	29685_DLPFC_WGS	AMR
AMP_AD_Mayo	29686_DLPFC_WGS	29686_DLPFC_WGS	AMR
AMP_AD_Mayo	29687_DLPFC_WGS	29687_DLPFC_WGS	AMR
AMP_AD_Mayo	29688_DLPFC_WGS	29688_DLPFC_WGS	AFR
AMP_AD_Mayo	29689_DLPFC_WGS	29689_DLPFC_WGS	AMR
AMP_AD_Mayo	29690_DLPFC_WGS	29690_DLPFC_WGS	AFR
AMP_AD_Mayo	29691_DLPFC_WGS	29691_DLPFC_WGS	AMR
AMP_AD_Mayo	29692_DLPFC_WGS	29692_DLPFC_WGS	AFR
AMP_AD_Mayo	29693_DLPFC_WGS	29693_DLPFC_WGS	AMR
AMP_AD_Mayo	29694_DLPFC_WGS	29694_DLPFC_WGS	AMR
AMP_AD_Mayo	29695_DLPFC_WGS	29695_DLPFC_WGS	AMR
AMP_AD_Mayo	29696_DLPFC_WGS	29696_DLPFC_WGS	AFR
AMP_AD_Mayo	29697_DLPFC_WGS	29697_DLPFC_WGS	AFR
AMP_AD_Mayo	29698_DLPFC_WGS	29698_DLPFC_WGS	AMR
AMP_AD_Mayo	29699_DLPFC_WGS	29699_DLPFC_WGS	AMR
AMP_AD_Mayo	29700_DLPFC_WGS	29700_DLPFC_WGS	AFR
AMP_AD_Mayo	29701_DLPFC_WGS	29701_DLPFC_WGS	AMR
AMP_AD_Mayo	6018_DLPFC_WGS	6018_DLPFC_WGS	AMR
AMP_AD_Mayo	6100_DLPFC_WGS	6100_DLPFC_WGS	AMR
AMP_AD_Mayo	6108_DLPFC_WGS	6108_DLPFC_WGS	AMR
AMP_AD_Mayo	6125_DLPFC_WGS	6125_DLPFC_WGS	AMR
AMP_AD_Mayo	6130_DLPFC_WGS	6130_DLPFC_WGS	AMR
AMP_AD_Mayo	6143_DLPFC_WGS	6143_DLPFC_WGS	AFR
AMP_AD_Mayo	6177_DLPFC_WGS	6177_DLPFC_WGS	AFR
AMP_AD_Mayo	6210_DLPFC_WGS	6210_DLPFC_WGS	AMR
AMP_AD_Mayo	6220_DLPFC_WGS	6220_DLPFC_WGS	AMR
AMP_AD_Mayo	6235_DLPFC_WGS	6235_DLPFC_WGS	AMR
AMP_AD_Mayo	6244_DLPFC_WGS	6244_DLPFC_WGS	AMR
AMP_AD_Mayo	6261_DLPFC_WGS	6261_DLPFC_WGS	AMR
AMP_AD_Mayo	6267_DLPFC_WGS	6267_DLPFC_WGS	AFR
AMP_AD_Mayo	6281_DLPFC_WGS	6281_DLPFC_WGS	AFR
AMP_AD_Mayo	6376_DLPFC_WGS	6376_DLPFC_WGS	AMR
AMP_AD_Mayo	6434_DLPFC_WGS	6434_DLPFC_WGS	AMR
AMP_AD_Mayo	6472_DLPFC_WGS	6472_DLPFC_WGS	AFR
AMP_AD_Mayo	6483_DLPFC_WGS	6483_DLPFC_WGS	AMR
AMP_AD_Mayo	6493_DLPFC_WGS	6493_DLPFC_WGS	AMR
AMP_AD_Mayo	6494_DLPFC_WGS	6494_DLPFC_WGS	AMR
AMP_AD_Mayo	6537_DLPFC_WGS	6537_DLPFC_WGS	AMR
AMP_AD_Mayo	6735_DLPFC_WGS	6735_DLPFC_WGS	AMR
AMP_AD_Mayo	6802_DLPFC_WGS	6802_DLPFC_WGS	AMR
AMP_AD_Mayo	6860_DLPFC_WGS	6860_DLPFC_WGS	AMR
AMP_AD_Mayo	6921_DLPFC_WGS	6921_DLPFC_WGS	AMR
AMP_AD_Mayo	6987_DLPFC_WGS	6987_DLPFC_WGS	AMR
AMP_AD_Mayo	7073_DLPFC_WGS	7073_DLPFC_WGS	AMR
AMP_AD_Mayo	7074_DLPFC_WGS	7074_DLPFC_WGS	AMR
AMP_AD_Mayo	7082_DLPFC_WGS	7082_DLPFC_WGS	AMR
