dataset	donor	n_nuclei	depth_all	depth_exc	depth_inh	wm_frac
SEAAD_DFC_2026	H19.33.004	14500	0.5060067120296908	0.4390768922089324	0.4756303530011207	0.1451446010390157
SEAAD_DFC_2026	H20.33.001	28063	0.5164665870905304	0.4332437822916164	0.41843709468144663	0.18469727813992534
SEAAD_DFC_2026	H20.33.002	16081	0.5001884337324316	0.44400715863629525	0.4169259039550368	0.15291564262501783
SEAAD_DFC_2026	H20.33.004	17124	0.4857693786395012	0.4429773135944108	0.4079067799570423	0.12882941877919857
SEAAD_DFC_2026	H20.33.005	23963	0.502953801737693	0.4742817073512051	0.44668028755392836	0.11605700152041265
SEAAD_DFC_2026	H20.33.008	18258	0.5821744400671309	0.4781859371921634	0.4585065953076883	0.2595708510754571
SEAAD_DFC_2026	H20.33.011	21692	0.49270135989926944	0.4149586129563811	0.4106368783833345	0.15512503379718734
SEAAD_DFC_2026	H20.33.012	18414	0.46537674477673924	0.4054486398835414	0.3991290499569433	0.13685318846988995
SEAAD_DFC_2026	H20.33.013	20991	0.5485186560895097	0.45275294655465	0.4204416386852683	0.2187244947828847
SEAAD_DFC_2026	H20.33.014	17058	0.5559952168532506	0.44592694738162963	0.4236705916712749	0.2673969076575632
SEAAD_DFC_2026	H20.33.015	25309	0.5422463245120248	0.48893605923779493	0.4869718622112701	0.15651366001794512
SEAAD_DFC_2026	H20.33.016	17810	0.5232972205658439	0.4845712970031454	0.4594572997099212	0.133425002745783
SEAAD_DFC_2026	H20.33.017	24417	0.5818777622534274	0.4558739202883267	0.43301329170299785	0.2862804350168774
SEAAD_DFC_2026	H20.33.018	15544	0.4953500802427299	0.4347140215152668	0.4531277691807391	0.13203749829919398
SEAAD_DFC_2026	H20.33.019	30277	0.49647741899925096	0.43823348658408506	0.4400735184836182	0.14620075570145205
SEAAD_DFC_2026	H20.33.020	17070	0.45103095550033434	0.36046826999231946	0.40133259325852044	0.1332061324501945
SEAAD_DFC_2026	H20.33.024	18454	0.47764190862498157	0.44314362600294305	0.4185406047546299	0.11311548651340074
SEAAD_DFC_2026	H20.33.025	24733	0.5031469174148561	0.4073620197901388	0.4183768143211427	0.18107599726455173
SEAAD_DFC_2026	H20.33.026	28142	0.5376656850773986	0.48236800317529505	0.44367925308286804	0.18313986189748607
SEAAD_DFC_2026	H20.33.027	25684	0.5509396078716254	0.4867355544462088	0.49548906061699505	0.16116020394873265
SEAAD_DFC_2026	H20.33.028	10564	0.5326630190592537	0.48061576970176045	0.4524683086589646	0.14964618772041158
SEAAD_DFC_2026	H20.33.029	15182	0.5305133174794108	0.4528383508344923	0.4419189644713841	0.17319212576440568
SEAAD_DFC_2026	H20.33.030	16472	0.5094608202555111	0.4392208308599457	0.4191896840611614	0.17984083989144137
SEAAD_DFC_2026	H20.33.031	16104	0.5499277134493276	0.5016579713232064	0.45844739715668464	0.17520694222231087
SEAAD_DFC_2026	H20.33.032	17949	0.5170096079865296	0.3843670741602462	0.38538070903900257	0.22478352090226003
SEAAD_DFC_2026	H20.33.033	13057	0.5269629784053051	0.474219026905622	0.4479491756261077	0.1681209614477197
SEAAD_DFC_2026	H20.33.034	14546	0.5128720269673648	0.434873114084836	0.4260573684837448	0.1582328149262433
SEAAD_DFC_2026	H20.33.035	19127	0.5422337266923009	0.4882436992852111	0.44162658856659265	0.1749616663968827
SEAAD_DFC_2026	H20.33.036	9405	0.5040467284535325	0.4558594488928233	0.4716183378566923	0.11810520792449826
SEAAD_DFC_2026	H20.33.037	16870	0.5009091339472566	0.48191848472094917	0.466491883763762	0.10010114939322085
SEAAD_DFC_2026	H20.33.038	8121	0.5651729990807123	0.532439098289968	0.4512653246317174	0.1754741995608288
SEAAD_DFC_2026	H20.33.039	22143	0.5582754950431512	0.5208661713444387	0.4789687303442023	0.15833193265579554
SEAAD_DFC_2026	H20.33.040	20027	0.5365485560746676	0.4961717242784642	0.45759174263070035	0.14966436357619436
SEAAD_DFC_2026	H20.33.041	15114	0.5296808127256906	0.4844914921286031	0.4573927592113024	0.13197823399600161
SEAAD_DFC_2026	H20.33.044	17080	0.5181310612867587	0.45290186617566863	0.4396005870038753	0.15914798430728766
SEAAD_DFC_2026	H20.33.045	11483	0.5137144588316142	0.4775612684696898	0.4338484090204243	0.14967350865831722
SEAAD_DFC_2026	H20.33.046	13719	0.5519409361427261	0.4962173435853881	0.4769131459752754	0.18981714578973977
SEAAD_DFC_2026	H21.33.001	19598	0.5282378821823572	0.446844590903374	0.4534383470225289	0.16820210654425083
SEAAD_DFC_2026	H21.33.002	20693	0.5446448898571777	0.5107273482623661	0.44133801434859465	0.17282041710316012
SEAAD_DFC_2026	H21.33.003	26314	0.5519532630746571	0.45503502371943205	0.422626393497864	0.2506005162210621
SEAAD_DFC_2026	H21.33.004	21098	0.5750251169686829	0.4534565908928221	0.421634597502898	0.2408465701595571
SEAAD_DFC_2026	H21.33.005	15363	0.5465662262008081	0.5222813078530875	0.46617833403758346	0.14953774009387183
SEAAD_DFC_2026	H21.33.006	16771	0.5654259637474188	0.47963059489978277	0.47441244059109466	0.20806004783844653
SEAAD_DFC_2026	H21.33.007	16694	0.5105907908811366	0.47752539629769764	0.45512028691866174	0.14302728853309393
SEAAD_DFC_2026	H21.33.008	13249	0.5364782497265865	0.5093617938470439	0.473609737981071	0.16392960748493388
SEAAD_DFC_2026	H21.33.011	17962	0.6084520036249849	0.4886392934579714	0.4493750146244	0.29464662767008437
SEAAD_DFC_2026	H21.33.012	14190	0.47464944759983035	0.40290772228103633	0.41944909383445	0.1220476726332724
SEAAD_DFC_2026	H21.33.013	15598	0.5474561705297589	0.49143144592992355	0.46096572749423675	0.16026413625052935
SEAAD_DFC_2026	H21.33.014	13053	0.5107013832433499	0.46759046770154344	0.43546261053250224	0.13535657776900376
SEAAD_DFC_2026	H21.33.015	17809	0.5011593910009737	0.4168433263362057	0.4061114267395715	0.17012095033936145
SEAAD_DFC_2026	H21.33.016	14097	0.5437426672934926	0.4893419955404213	0.46238092180520296	0.1553220270731677
SEAAD_DFC_2026	H21.33.017	15164	0.5612122638248397	0.4988749723826767	0.44736431135659116	0.2076029265837951
SEAAD_DFC_2026	H21.33.018	14873	0.48139352565159554	0.4305406443173332	0.43485275265431855	0.12460786364802726
SEAAD_DFC_2026	H21.33.019	16199	0.4580577326326314	0.39459536306429704	0.380709598826895	0.13822789512705227
SEAAD_DFC_2026	H21.33.020	4977	0.5256968674510667	0.5508609363881355	0.48139782161290473	0.07751925210782276
SEAAD_DFC_2026	H21.33.021	13216	0.4843265769132273	0.47134120072275987	0.45153429393976785	0.10105279222842203
SEAAD_DFC_2026	H21.33.022	15489	0.5190782018465936	0.471046879986804	0.4440915141136361	0.15691690608951056
SEAAD_DFC_2026	H21.33.023	13566	0.48432020209648	0.42256146700668723	0.4262761611770821	0.13039760396189287
SEAAD_DFC_2026	H21.33.025	10883	0.5269934730863465	0.4941216703139141	0.4929149747723903	0.12625477721924908
SEAAD_DFC_2026	H21.33.026	15964	0.5066323736991677	0.4479323887997262	0.4530796681301844	0.12351620879708455
SEAAD_DFC_2026	H21.33.027	18805	0.5490777574490283	0.47455198396231657	0.4523717120375448	0.17262646334973072
SEAAD_DFC_2026	H21.33.028	12561	0.5534139728809971	0.5078999640992349	0.4678650929407152	0.1860824086793402
SEAAD_DFC_2026	H21.33.029	13214	0.5657096163829819	0.5234243616880794	0.48492665674694857	0.1836428560009019
SEAAD_DFC_2026	H21.33.030	15438	0.5137779510598186	0.4300676267867294	0.4275791104101634	0.16046087159672487
SEAAD_DFC_2026	H21.33.031	12900	0.48368555280046643	0.42726904621642653	0.426796764108646	0.11952062283861463
SEAAD_DFC_2026	H21.33.032	26396	0.45718210313830304	0.3930706637412099	0.39702603684459803	0.10936006017627437
SEAAD_DFC_2026	H21.33.033	11951	0.5147453294188777	0.47514206112771157	0.47594930411768355	0.13372509718877323
SEAAD_DFC_2026	H21.33.034	5648	0.5042129164051515	0.53575146168155	0.45973065059850804	0.08095453176699371
SEAAD_DFC_2026	H21.33.035	15837	0.5370798860334908	0.4715029509214664	0.4548035313219766	0.18246537930209905
SEAAD_DFC_2026	H21.33.036	13061	0.5284864412788913	0.49819692095212054	0.4309526522315149	0.149230923073252
SEAAD_DFC_2026	H21.33.037	18741	0.5327432244821274	0.4983663626368384	0.43895928247220284	0.12756696407892057
SEAAD_DFC_2026	H21.33.038	12188	0.5630124481364385	0.5148549120837933	0.47017722009265817	0.18450183564364314
SEAAD_DFC_2026	H21.33.040	17337	0.46691005045235867	0.4094890289105505	0.41818112668416585	0.10837396205126851
SEAAD_DFC_2026	H21.33.041	10267	0.4869623797803163	0.41529347259507976	0.4269208686481597	0.12881551454728005
SEAAD_DFC_2026	H21.33.042	13982	0.5249297390680316	0.4806368095526945	0.49440961522125576	0.12595293412442526
SEAAD_DFC_2026	H21.33.043	16282	0.5562631201241913	0.46026743896236844	0.46938415361933516	0.2098418324348555
SEAAD_DFC_2026	H21.33.044	10469	0.4256096456503641	0.37534977430279626	0.38961818481844046	0.08963808888046874
SEAAD_DFC_2026	H21.33.045	8638	0.4417018376719424	0.4563920804290287	0.3662872199071471	0.0790252293337251
SEAAD_DFC_2026	H21.33.046	13245	0.45258405653148215	0.4080514183431967	0.4195479473903599	0.0869475414455185
SEAAD_DFC_2026	H21.33.047	11480	0.5309598755488047	0.47049923954103257	0.43343159357386307	0.15189551113875155
Batiuk	TLP000001	8295	0.459727964776129	0.45953344973583243	0.4564789976410099	0.04855601955611969
Batiuk	TLP000002	11176	0.3716557280782131	0.3551201814129647	0.3840248509480399	0.03248648234541244
Batiuk	TLP000003	10163	0.49847586023711155	0.5179038973329664	0.45828871443655	0.06364199198621516
Batiuk	TLP000004	9136	0.4259593391920047	0.4291138026556933	0.415882924615321	0.0400236074300415
Batiuk	TLP000005	9790	0.4628026693572494	0.47069480951669784	0.442656040329481	0.05179169181292625
Batiuk	TLP000006	10120	0.466413661773864	0.4746063154213879	0.450577514029334	0.05109592087961957
Batiuk	TLP000007	7185	0.44882247797810076	0.45291097331169405	0.43900990429934905	0.045079203258198065
Batiuk	TLP000008	9175	0.4567560518433714	0.48275198140852804	0.4227635674226718	0.058676635162657344
Batiuk	TLP000009	9717	0.44803490414907154	0.46005774466110916	0.41410384995863847	0.054551813971189266
Batiuk	TLP000010	9076	0.6105968995560704	0.5505567774796344	0.4497819004877247	0.2913783054460842
Batiuk	TLP000011	9696	0.4692195020343773	0.4932961270756698	0.42228637992452167	0.03970020990066408
Batiuk	TLP000012	8552	0.4099569290503379	0.41332011815042474	0.4003436217499846	0.03730003531447589
Batiuk	TLP000013	10164	0.5126893918817618	0.5335128620259213	0.471323379514252	0.049826267616740895
Batiuk	TLP000014	4351	0.514042457619486	0.43591752541193496	0.4796915239569469	0.16426361564692638
Batiuk	TLP000015	6991	0.49332436168905663	0.42471671465895267	0.37574479702521707	0.15509235708568395
Batiuk	TLP000016	3549	0.5085599354870388	0.5261628192231529	0.4635273257082254	0.08373277537388925
Batiuk	TLP000017	7725	0.40265482679342807	0.3997901849509642	0.3994853138828482	0.03860518276899804
Batiuk	TLP000018	4856	0.3380665855337983	0.34551679813353287	0.303872776945156	0.036547978510988566
Batiuk	TLP000019	5466	0.413023331960714	0.3916460234715875	0.44754088406623727	0.03631009253492318
Batiuk	TLP000020	7841	0.44245954524693143	0.43222077397707576	0.45486975634723537	0.049850233944025275
Batiuk	TLP000021	9580	0.3444727146326561	0.3288436387322396	0.36705702397788986	0.029360433430174734
Batiuk	TLP000022	1708	0.3372090777841438	0.33603312318859513	0.294027326492573	0.03435261396568029
Batiuk	TLP000023	10174	0.4587705704950625	0.46655142949098716	0.4440846156657981	0.050983112107127616
BrainSCOPE_CMC	TLP000616	8541	0.6096174887936172	0.3930431121548077	0.4428896733173866	0.34898203345156487
BrainSCOPE_CMC	TLP000617	320	0.41707749485504814	0.3629179671288144		0.08940172819109585
BrainSCOPE_CMC	TLP000621	5080	0.43754296850740126	0.37981497145362764	0.38640484434228356	0.1022009705074664
BrainSCOPE_CMC	TLP000624	3184	0.5470684997086935	0.4230972164105339	0.3952884668166637	0.2359116993589032
BrainSCOPE_CMC	TLP000627	3386	0.38600636776056313	0.2979881186722293	0.4639436527684219	0.06220901524490946
BrainSCOPE_CMC	TLP000628	4783	0.6055497381931609	0.3084338839924634	0.44234145572820305	0.3659011395379407
BrainSCOPE_CMC	TLP000634	2494	0.3657778092810083	0.32780428718134547	0.4615351368200219	0.03546081705551129
BrainSCOPE_CMC	TLP000652	222	0.38199600706487985	0.200146022991663		0.16387576246461644
BrainSCOPE_CMC	TLP000654	1758	0.4539534611338171	0.3142721783568941	0.40928758939844145	0.15231957012165773
BrainSCOPE_CMC	TLP000655	339	0.35012271745594953	0.1919707901948373	0.4239685681849851	0.09335737871499288
BrainSCOPE_CMC	TLP000656	187	0.4460478768792575	0.4274318224885796		0.023383642592256053
BrainSCOPE_CMC	TLP000659	7153	0.5252198896228283	0.3192834026686502	0.43479482183921664	0.24605416627394672
BrainSCOPE_CMC	TLP000660	3286	0.4663123939896944	0.42707454855734117	0.4655682215213983	0.07256726750498793
BrainSCOPE_CMC	TLP000661	5662	0.3326025099773049	0.2541186595027176	0.3991992381960053	0.057743974784219616
BrainSCOPE_CMC	TLP000662	7238	0.3845913025690935	0.23444786487030334	0.3995092255798601	0.11635632014682126
BrainSCOPE_CMC	TLP000664	3155	0.49729695107373867	0.3671561227081982	0.42368480037445866	0.1971508368695402
BrainSCOPE_CMC	TLP000666	5548	0.42048297897476106	0.38903578525842125	0.3554760456755433	0.0708193561182359
BrainSCOPE_CMC	TLP000675	4219	0.6378090553477591	0.380070625270629	0.4539827498213787	0.41000965673518336
BrainSCOPE_CMC	TLP000676	5936	0.4042455784989741	0.278082461601717	0.41572668719300665	0.12237648680655636
BrainSCOPE_CMC	TLP000677	767	0.5777985030404763	0.20104996770812159	0.4596379620603317	0.3609491733506418
BrainSCOPE_CMC	TLP000681	3600	0.569910355605775	0.4377001078460203	0.3939656937513676	0.28255976348622
BrainSCOPE_CMC	TLP000682	3643	0.6430168578691963	0.3109752085252609	0.33157489524569117	0.471261619337914
BrainSCOPE_CMC	TLP000685	6425	0.33299727215829217	0.310716558875396	0.2962199891542269	0.0401722541349352
BrainSCOPE_CMC	TLP000686	5802	0.3663960704379833	0.282267588826036	0.3947807007856469	0.07115145100393352
BrainSCOPE_CMC	TLP000687	602	0.6644397784965892	0.3636236407083028	0.4619252719671222	0.4275027453961477
BrainSCOPE_CMC	TLP000691	2905	0.5525240178006703	0.3610821774907942	0.4072835437656724	0.2691703265517159
BrainSCOPE_CMC	TLP000694	990	0.24038741507735506	0.19322963832808193		0.02875923322956925
BrainSCOPE_CMC	TLP000695	1518	0.2654856249282589	0.20448493449854865	0.4864779212041852	0.017563985481468005
BrainSCOPE_CMC	TLP000696	2527	0.4038600866080698	0.23418982911610478	0.42750404959456223	0.16910837859357974
BrainSCOPE_CMC	TLP000699	5091	0.5073865619585582	0.33109018814171276	0.39804901217468214	0.2433024726163325
BrainSCOPE_CMC	TLP000700	4890	0.5620424274483643	0.35246138037901753	0.469816357854175	0.2911670238965244
BrainSCOPE_CMC	TLP000701	5077	0.5096040993647749	0.3753048716507852	0.38192552652964595	0.20877474698165607
BrainSCOPE_CMC	TLP000702	4140	0.4105187379751853	0.32554869091626204	0.44140424178810767	0.07902596888926286
BrainSCOPE_CMC	TLP000709	6150	0.5638792226252368	0.36613145436594674	0.4068353221185465	0.32003954015593206
BrainSCOPE_CMC	TLP000711	10254	0.5942867134306197	0.3897809890248599	0.4243634534037183	0.29699560182336227
BrainSCOPE_CMC	TLP000712	3021	0.4531643709625881	0.2571760742226921	0.3851379512729105	0.21542179859713642
BrainSCOPE_CMC	TLP000717	6668	0.5376428154584044	0.41644451896606816	0.3729831664564478	0.2330655663552546
BrainSCOPE_CMC	TLP000719	10796	0.4532366082371747	0.37304371276738063	0.4186182752865392	0.11754141332138657
BrainSCOPE_CMC	TLP000721	1341	0.5464833816218402	0.3412166842204896	0.48302969068643825	0.2855201812883707
BrainSCOPE_CMC	TLP000726	5797	0.5920023441458063	0.40090869508003524	0.41657385829357185	0.2603534151113504
BrainSCOPE_CMC	TLP002195	2402	0.4294717003981302	0.3040463960362962	0.4102820874153479	0.12806905187980766
BrainSCOPE_CMC	TLP002205	1969	0.4489136437080108	0.3746863976168085	0.47760875563162986	0.09738918766056044
BrainSCOPE_CMC	TLP002209	113	0.5178931757885081			0.2667713067799093
BrainSCOPE_CMC	TLP002215	2080	0.6295788357680588	0.43348111799378464	0.3611882884655337	0.4031304056382625
BrainSCOPE_CMC	TLP003146	3240	0.7714005600714116	0.35678253973107577	0.41105231925259633	0.6589373902000607
BrainSCOPE_CMC	TLP003157	9554	0.35770992138278546	0.27542504556738656	0.4227759428720447	0.0567077953188678
BrainSCOPE_CMC	TLP003170	1091	0.5021934504292275	0.47849195512099907	0.4466035587216838	0.06453254984498179
BrainSCOPE_CMC	TLP003203	7251	0.7083213317899659	0.36927555441679083	0.4199293161671652	0.5193548196228343
BrainSCOPE_CMC	TLP003213	4444	0.5241534695490144	0.3148365656923755	0.451762541939678	0.2323028936278344
BrainSCOPE_CMC	TLP003227	3051	0.4720915151478966	0.3626700338991457	0.40885145580225657	0.14088704133018704
BrainSCOPE_CMC	TLP003229	2181	0.4426974082109599	0.28905551379249916	0.4431502151884026	0.14331217901662072
BrainSCOPE_CMC	TLP003243	10590	0.6636406217661873	0.4191170881007123	0.4350622923157908	0.41928206957974695
BrainSCOPE_CMC	TLP003257	1338	0.5932509195400902	0.2971758341091988	0.4169233883645615	0.40224067320185825
BrainSCOPE_CMC	TLP003273	3202	0.6461544497356543	0.31697120888667246	0.40583613100809934	0.46473335931376336
BrainSCOPE_CMC	TLP003287	3514	0.36651735178012884	0.22638522385069823	0.3931754520496607	0.11750475634430675
BrainSCOPE_CMC	TLP003294	2998	0.46270442419630375	0.38561014417089734	0.40431759030474407	0.1229712675238175
BrainSCOPE_CMC	TLP003377	6968	0.46594029585213714	0.4047800552659464	0.39145637243440723	0.11976720174752188
BrainSCOPE_CMC	TLP003413	3788	0.441551507583067	0.28645873412942935	0.40121093594102064	0.13275921894963325
BrainSCOPE_CMC	TLP003466	2155	0.664529783698288	0.3206205635305258	0.4277893699600299	0.4732612004350544
BrainSCOPE_CMC	TLP003484	2597	0.474403155509412	0.4086182497435106	0.5004154542643792	0.09066831777847532
BrainSCOPE_CMC	TLP003492	5949	0.4296753871728073	0.3972683605333944	0.440238973919321	0.046137066271875055
BrainSCOPE_CMC	TLP003511	7163	0.5492555968773202	0.3700666349754994	0.4497264722286852	0.265996053642429
BrainSCOPE_CMC	TLP003518	7096	0.49364040959789035	0.4578418076618423	0.44761978111266043	0.09562258399947086
BrainSCOPE_CMC	TLP003565	4844	0.4315055965218018	0.3568004854917313	0.4175299609073531	0.09185352207065053
BrainSCOPE_CMC	TLP003566	9326	0.5008155850472976	0.28091772321982295	0.4028918885053545	0.24944116931311167
BrainSCOPE_CMC	TLP003603	399	0.34849246780864995	0.31782877289462874	0.38622049183399476	0.021689374717235907
BrainSCOPE_CMC	TLP003631	7481	0.41456283420374473	0.33453395662378477	0.3771182060239098	0.09654002612975683
BrainSCOPE_CMC	TLP003649	9622	0.5804265787418941	0.27216957588132473	0.4042416883794796	0.3875773378484145
BrainSCOPE_CMC	TLP003650	1278	0.4594951226115769	0.24044402204379167	0.4722386190143709	0.18248842954245825
BrainSCOPE_CMC	TLP003696	3921	0.4229432441733134	0.3284476846249914	0.3612452873012644	0.12272502064889969
BrainSCOPE_CMC	TLP003698	2711	0.7144793927206804	0.3289762856326514	0.4226702091780039	0.549507285812945
BrainSCOPE_CMC	TLP003699	3826	0.4267451294915766	0.361254895827975	0.43238058170709737	0.08779539886065185
BrainSCOPE_CMC	TLP003701	1062	0.47554750469661144	0.3531141982444822	0.37526810082754664	0.1888239547947659
BrainSCOPE_CMC	TLP003711	3538	0.4880271328051943	0.4197496845305345	0.43578080798178126	0.1302062189424453
BrainSCOPE_CMC	TLP003732	3830	0.6433194782146481	0.36807583917184183	0.4184349300255258	0.43226030596108767
BrainSCOPE_CMC	TLP003737	5275	0.6859622661273567	0.3865030539952147	0.3829475536587291	0.5257295678240257
BrainSCOPE_CMC	TLP003746	7282	0.41805093745040073	0.28902083785436966	0.36556853483034446	0.13338120669571565
BrainSCOPE_CMC	TLP003757	6867	0.6473990628741747	0.4066061648309852	0.4257735247913385	0.37199656406314713
BrainSCOPE_CMC	TLP003772	5842	0.5732243923422462	0.2701118012651508	0.4093031816968763	0.3439761620838248
BrainSCOPE_CMC	TLP003804	969	0.5865968804484997	0.3911370451591548	0.4915119924381075	0.31089606269707537
BrainSCOPE_CMC	TLP003806	7603	0.7173651171065317	0.31443657224530785	0.4079509738478029	0.483589194405463
BrainSCOPE_CMC	TLP003820	9954	0.43462463083896996	0.38668519170530513	0.4339041583418084	0.07297293503892283
BrainSCOPE_CMC	TLP003828	16941	0.534417237600514	0.37432250188730887	0.41197887793071136	0.23578433947590827
BrainSCOPE_CMC	TLP003833	11363	0.5834614730869522	0.2593774601062136	0.43758284389864105	0.3755722349042606
BrainSCOPE_CMC	TLP003836	2029	0.3995407286255668	0.2459882584930783	0.40704724980580753	0.12953498462357255
BrainSCOPE_CMC	TLP003838	913	0.4282936766816551	0.3920539385915472	0.46757144492248437	0.058846624813523096
BrainSCOPE_CMC	TLP003855	2820	0.6017510754973141	0.4086145030924086	0.3518624653956012	0.36899325617007256
BrainSCOPE_CMC	TLP003871	7712	0.6631883433643203	0.4481176574905678	0.4484834195777768	0.4308369884792391
BrainSCOPE_CMC	TLP003877	7092	0.5398008751189498	0.3217392139398137	0.3683085950334596	0.3298520037598277
BrainSCOPE_CMC	TLP003922	1211	0.3436841416603577	0.2642877839750111	0.4672239586669598	0.0583358222350806
BrainSCOPE_CMC	TLP003956	5170	0.5122065020746891	0.32728353567886925	0.3384689583244003	0.26549132592086044
BrainSCOPE_CMC	TLP003959	8696	0.49437642021234063	0.39509682088728393	0.35974344789076823	0.19270232638496204
BrainSCOPE_CMC	TLP003968	10324	0.5738270991325178	0.44215706421847545	0.4457050944157308	0.2665058550123574
BrainSCOPE_CMC	TLP003971	9397	0.46816770812203945	0.36829847255533243	0.3849820158785411	0.16327645685986622
BrainSCOPE_CMC	TLP003975	171	0.5786230524763991	0.3045706445478099		0.26777965966218814
BrainSCOPE_CMC	TLP004011	913	0.533953307829444	0.42884236986467267	0.4609238827006308	0.18585154778572802
BrainSCOPE_CMC	TLP004017	4963	0.6198812609411163	0.39197999815518414	0.34695580484561106	0.33643215318982195
BrainSCOPE_CMC	TLP004018	8584	0.454038461775793	0.37156520235746154	0.3823123065040499	0.11314825101421941
BrainSCOPE_CMC	TLP005782	395	0.4933280957747669	0.257376581240415		0.20032989302573415
BrainSCOPE_CMC	TLP005783	1386	0.4975728848886583	0.4306204437397624	0.45365215686294463	0.11697934097117381
BrainSCOPE_Multiome	TLP002564	2925	0.46985249002418206	0.39660664988649685	0.43863025492231505	0.09506256232995562
BrainSCOPE_Multiome	TLP002566	5685	0.6735847439045427	0.4762840816770121	0.42307900835694323	0.4342820758186979
BrainSCOPE_Multiome	TLP002567	3609	0.5899723376233214	0.39562720913505744	0.36546385983208424	0.31268662443191636
BrainSCOPE_Multiome	TLP002568	3005	0.6166731021137579	0.41134295244000435	0.4149380550899679	0.35111490309729965
BrainSCOPE_Multiome	TLP002569	9367	0.6824046147714173	0.5599983038043986	0.4801920954326992	0.3996474816663503
BrainSCOPE_Multiome	TLP002570	5114	0.5797014098462996	0.4618858118987007	0.41290620120890664	0.27918638259049644
BrainSCOPE_Multiome	TLP002572	6808	0.5850466180558719	0.47544615164049203	0.426195273531637	0.2812261336381979
BrainSCOPE_Multiome	TLP002573	14138	0.42596163790181213	0.30471385914297544	0.43152778502731826	0.09099398952168543
BrainSCOPE_Multiome	TLP002574	6294	0.7638925374637342	0.5627692682106697	0.496652178740455	0.5925377939645146
BrainSCOPE_Multiome	TLP002575	6267	0.6007945514897747	0.5055389276683795	0.46201900560050835	0.2752310586578662
BrainSCOPE_Multiome	TLP002576	7832	0.5389988596079984	0.4385760619836015	0.3966444491884944	0.21443870297150855
BrainSCOPE_Multiome	TLP002577	5825	0.5679066927128831	0.3859076607842323	0.34677117058450846	0.31838457414911486
BrainSCOPE_Multiome	TLP002876	7752	0.7578221444544885	0.6273848467889804	0.4926506978442075	0.5548255608453663
BrainSCOPE_Multiome	TLP002913	4030	0.717130949447194	0.5693648662176748	0.4550832534978232	0.49645456010579425
BrainSCOPE_Multiome	TLP002931	6778	0.4983246390225448	0.376390783912371	0.3750855645630826	0.18483607808458288
BrainSCOPE_Multiome	TLP002972	7581	0.8800485120469946	0.7292967498550573	0.6329938278336696	0.8494111010719169
BrainSCOPE_Multiome	TLP002987	6517	0.7021873151031327	0.49514224672116525	0.4453022821394731	0.4983035338838873
BrainSCOPE_Multiome	TLP003067	8577	0.5234532658331513	0.4227729589611396	0.38256172804749033	0.20283696468314588
BrainSCOPE_Multiome	TLP003074	9564	0.5068700265935036	0.41473097725317276	0.3732814164739987	0.18604028568377026
BrainSCOPE_Multiome	TLP003106	5854	0.7193395944443047	0.49161350650777275	0.40142019172923915	0.5363970659896147
BrainSCOPE_UCLA	TLP000089	37797	0.6733017560644772	0.39999576367512363	0.4469159310103269	0.3998706566929249
BrainSCOPE_UCLA	TLP000090	6272	0.557316573486235	0.4866274101603856	0.46172670104771235	0.19826690280932155
BrainSCOPE_UCLA	TLP000091	12777	0.5489125152461124	0.43413568224525	0.4224836362856366	0.2415928856248383
BrainSCOPE_UCLA	TLP000092	2221	0.4500766100040985	0.3712792917518112	0.39507793043078065	0.13210367292598296
BrainSCOPE_UCLA	TLP000093	3301	0.5235762670417577	0.34550214579834626	0.41217114370823704	0.24238762030757716
BrainSCOPE_UCLA	TLP000094	5738	0.48230014113638553	0.3136739332337459	0.43662051983949857	0.17785568087220446
BrainSCOPE_UCLA	TLP000095	2552	0.38012070182678964	0.3210402340582434	0.43527595610812675	0.0728745408068872
BrainSCOPE_UCLA	TLP000096	8902	0.4530763330406455	0.3457629102472296	0.3942937954404087	0.13564129875088077
BrainSCOPE_UCLA	TLP000097	16521	0.4868600752599034	0.32305472698644644	0.45167397032634254	0.22722017893998672
BrainSCOPE_UCLA	TLP000098	506	0.6011829778024856	0.3330590571716818	0.4165666746129085	0.30720702910701
BrainSCOPE_UCLA	TLP000099	7995	0.7413818492647575	0.45507382335009944	0.4345241453645056	0.6000413792230922
BrainSCOPE_UCLA	TLP000100	9742	0.4365392805634275	0.23795894261390702	0.44922679514480024	0.15260644294093534
BrainSCOPE_UCLA	TLP000101	12842	0.549609060364065	0.33193645803129357	0.46449027912753865	0.23437535756051872
BrainSCOPE_UCLA	TLP000102	11075	0.7818887013864276	0.45647053894004974	0.4246386559576898	0.6873146980155134
BrainSCOPE_UCLA	TLP000103	10499	0.5834583049266272	0.42561098219162263	0.3992932412522877	0.3176001011855427
BrainSCOPE_UCLA	TLP000104	10489	0.6167664709118362	0.45769418085795965	0.40985254040057056	0.36182887511195655
BrainSCOPE_UCLA	TLP000105	9638	0.5765076952965095	0.2885277251830757	0.4517038106280714	0.3682162089885429
BrainSCOPE_UCLA	TLP000106	7158	0.504357468230842	0.35198762722635357	0.4171149919786591	0.2223693296787249
BrainSCOPE_UCLA	TLP000107	20116	0.43268794452747505	0.24286302441147778	0.34637954607251037	0.16148784201240432
BrainSCOPE_UCLA	TLP000108	10171	0.6324887779516276	0.43857331917100895	0.41741070895952964	0.41491932855238495
BrainSCOPE_UCLA	TLP000109	18312	0.48980882913863255	0.37498619786852705	0.3720395169957694	0.19130645245142477
BrainSCOPE_UCLA	TLP000110	1342	0.4376887732991199	0.20107346510306637	0.34815806445421815	0.2024394618635485
BrainSCOPE_UCLA	TLP000111	39298	0.4941431503044436	0.3376384503484757	0.387947385772731	0.17372588269265318
BrainSCOPE_UCLA	TLP000112	7918	0.6082000576477938	0.42812621366001086	0.40699818603345767	0.36738357971955393
BrainSCOPE_UCLA	TLP000113	28597	0.6022410664171409	0.458763907499395	0.4525510190259139	0.3298593852277948
BrainSCOPE_UCLA	TLP000114	666	0.7429439116395803	0.4022828650642578		0.47109677670904304
BrainSCOPE_UCLA	TLP000115	11268	0.5014369214911566	0.36026173822987134	0.3567728196221653	0.23395175068144147
BrainSCOPE_UCLA	TLP000116	6562	0.5269375868816705	0.4030813308869804	0.3960583988263918	0.19207458929547092
BrainSCOPE_UCLA	TLP000117	6056	0.8689048585940807	0.46911366421195444	0.49223616568305234	0.8637939129038129
BrainSCOPE_UCLA	TLP000118	506	0.6014827588519871	0.33443804999938853	0.4165666746129085	0.3072015058625329
BrainSCOPE_UCLA	TLP000119	3245	0.6615880874171532	0.4360353010762275	0.4483628888448966	0.42418802661693916
BrainSCOPE_UCLA	TLP000120	2514	0.6762684167820382	0.42152248581386315	0.41902335416892167	0.40182260284997007
BrainSCOPE_UCLA	TLP000121	8920	0.5251563625300748	0.3640062063944179	0.4001060899932939	0.23998638231325684
BrainSCOPE_UCLA	TLP000122	605	0.5211381705001518	0.2617822413279094	0.3899203481437604	0.22985689513989274
BrainSCOPE_UCLA	TLP000123	7716	0.5764315089921052	0.3655676234101823	0.42537306932384217	0.3346308696572813
BrainSCOPE_UCLA	TLP000124	5695	0.47587777509479745	0.33094517313419747	0.4152483429314048	0.1977669740457389
BrainSCOPE_UCLA	TLP000125	4011	0.4818968601869958	0.3585833132192797	0.4062251096426019	0.19639599214930764
BrainSCOPE_UCLA	TLP000126	8596	0.5373877313889296	0.3886435115857022	0.405912505365927	0.2522220321842468
BrainSCOPE_UCLA	TLP000127	6624	0.6544789015874268	0.40874386463806256	0.4096519322398271	0.45581898827840395
BrainSCOPE_UCLA	TLP000128	4121	0.40197020212351897	0.3135445110506519	0.42594401342248167	0.07730804575010888
BrainSCOPE_UCLA	TLP000129	5452	0.5985745334787899	0.4318766067515009	0.4228948877620645	0.3472979933377245
BrainSCOPE_UCLA	TLP000130	11345	0.4796183745250299	0.2983239986523688	0.4061395409438756	0.18323500770813708
BrainSCOPE_UCLA	TLP000131	2044	0.39759314231292503	0.35999432901914064	0.4058354645737624	0.058565330133552196
BrainSCOPE_UCLA	TLP000132	1237	0.5996461101773503	0.4131376620958919	0.4533032339044774	0.34591510362071115
BrainSCOPE_UCLA	TLP000133	8589	0.5468917116685909	0.3755637157541888	0.45418925850049946	0.287250300086891
BrainSCOPE_UCLA	TLP000134	5889	0.38579045262569245	0.26813944210129204	0.39149838277019744	0.0977983242524525
BrainSCOPE_UCLA	TLP000135	10453	0.5764577573967563	0.400317556843037	0.4098770690596135	0.3289115817173723
BrainSCOPE_UCLA	TLP000136	5025	0.5575062879489256	0.37575199586827823	0.42240292799691037	0.29419613535156686
BrainSCOPE_UCLA	TLP000137	4027	0.5035674819673396	0.32757935797659593	0.3514082596985071	0.2522370334978479
BrainSCOPE_UCLA	TLP000138	2960	0.5469705477681642	0.3385986080567008	0.38473883373683276	0.3094494831691072
BrainSCOPE_UCLA	TLP000139	6488	0.5704182884654088	0.43646552158659024	0.40054829270282777	0.2761084256277597
BrainSCOPE_UCLA	TLP000141	3852	0.5596192971529108	0.35379928794915133	0.4407891248707847	0.31249076715934165
Cain_2023	TLP004307	8375	0.5290105784159785	0.19619489015957256	0.352454821949986	0.30505421559597146
Cain_2023	TLP004517	7221	0.52232281337096	0.1987725758515721	0.4494070506945261	0.28775508640820924
Cain_2023	TLP004559	8850	0.5270565658092828	0.2192675311677964	0.36054407801293453	0.30638390021009126
Cain_2023	TLP004605	6957	0.5106248926655409	0.19468438877436617	0.3380309472251598	0.2543772475605763
Cain_2023	TLP004625	9262	0.4997235172719093	0.19525912355636038	0.2998863638463403	0.24263156917903442
Cain_2023	TLP004647	9502	0.5566067415476034	0.2582138640542294	0.34742915408466113	0.2908373189530895
Cain_2023	TLP004678	7557	0.5532910319578183	0.21621353099441287	0.33755743485913947	0.3306987012781202
Cain_2023	TLP004694	9213	0.5078557200640937	0.20441726958780682	0.2814503911979401	0.21641334936243337
Cain_2023	TLP004709	9851	0.5185903827687974	0.20201061074711435	0.33374293415415934	0.2869831324229479
Cain_2023	TLP004808	9699	0.5428186251547552	0.262945170230424	0.3764555183791758	0.29800686206377336
Cain_2023	TLP004841	7570	0.5525689937398912	0.19550928873310575	0.3061572621435098	0.3392307853061465
Cain_2023	TLP004843	7722	0.4326875710724995	0.19454265982100774	0.3295612407869602	0.18473828618311774
Cain_2023	TLP004858	10414	0.5206961097958516	0.21956879362928372	0.35218097208884874	0.25653887235652656
Cain_2023	TLP004894	11095	0.5304403286214545	0.19933638671940868	0.3517134856540525	0.2748986974178661
Cain_2023	TLP004905	6261	0.5860300659854225	0.19780179964073263	0.36123933103347944	0.3691795515430965
Cain_2023	TLP004931	10067	0.5935571513235567	0.2012389634356357	0.3415104972388335	0.3783614051887014
Cain_2023	TLP004939	6901	0.47669942104001367	0.19596725422362635	0.2758223296765028	0.21794335339517196
Cain_2023	TLP005034	7541	0.5494913550519546	0.2154942397938757	0.35853169026639026	0.2943148230983293
Cain_2023	TLP005039	11612	0.48660649813001544	0.1999651641637448	0.31293007240734483	0.23647441353758153
Cain_2023	TLP005080	11908	0.5079106089344019	0.208823967073141	0.3377778766874888	0.2654178881130284
Cain_2023	TLP005119	8210	0.5931127498563619	0.24845026600482578	0.34741267011442295	0.33769693718923355
Cain_2023	TLP005139	8273	0.4619698822177292	0.20940926845245583	0.30946988710777407	0.1885124166301326
Cain_2023	TLP005152	7962	0.496428624316002	0.1947224807399864	0.2662676558918727	0.2247773048114759
Cain_2023	TLP005858	9172	0.6070447135610908	0.20938920736752742	0.2930706265285253	0.3455030093968905
Frohlich	TLP000142	14122	0.483898996365369	0.360417022023161	0.3715477243834854	0.1463757462886533
Frohlich	TLP000143	11780	0.524354134400866	0.3983463444164371	0.46702839007227515	0.1543880315822748
Frohlich	TLP000144	8428	0.48189454278136096	0.3698524681618401	0.3796935252216456	0.16298079057721246
Frohlich	TLP000145	5711	0.4350206865031395	0.2502069318678358	0.4106123631286428	0.15729341207568776
Frohlich	TLP000146	8553	0.5165792958832568	0.39253931254794255	0.3811785323724343	0.1870400703437788
Frohlich	TLP000147	9037	0.5297749819220462	0.3716822774655868	0.37352054819541636	0.22597263203720339
Frohlich	TLP000148	5695	0.4949823601438019	0.26474302087933504	0.40332853352952586	0.20874896729819406
Frohlich	TLP000149	13342	0.4771669861356357	0.3370489291636537	0.3754878708085243	0.15625617216692467
Frohlich	TLP000150	6608	0.4711819761608002	0.3266201923558652	0.3449976792646092	0.1776391112933859
Frohlich	TLP000151	12166	0.4675473516467487	0.32505338399319533	0.3608085429984814	0.1559763490323051
Frohlich	TLP000152	10106	0.47996076946462507	0.3349856088205866	0.35398181677642726	0.19674417123999127
Frohlich	TLP000153	11777	0.48559812614430453	0.31392098570923205	0.37643947285729157	0.19659635593941238
Frohlich	TLP000154	3881	0.5581283811679377	0.422241375260571	0.40343506438306476	0.22730577956448472
Frohlich	TLP000155	7589	0.5484041866575886	0.40301650551448875	0.3823095278626041	0.24364518992061934
Frohlich	TLP000156	14088	0.49073638952955406	0.34984523741705154	0.37261922083097576	0.17729981924522764
Frohlich	TLP000157	12613	0.5455726385762322	0.4033884161809715	0.3935631473610655	0.22756219496531405
Frohlich	TLP000158	6659	0.42349766655535803	0.28452050144177016	0.3484573476930759	0.12892809002104233
Frohlich	TLP000159	8852	0.44856214167010866	0.2882393195402908	0.3868880184813311	0.14540957290885065
Frohlich	TLP000160	6648	0.45629098082903896	0.2740000927517946	0.3530357529636045	0.16933347745948427
Frohlich	TLP000161	9838	0.43503564346355555	0.31344349942133615	0.3986474055036079	0.10453572549502085
Frohlich	TLP000162	4198	0.4997844574115934	0.3599653163330577	0.4330095070103185	0.20022910031805907
Frohlich	TLP000163	12650	0.48500619630055647	0.34507609585291366	0.3910556586195644	0.18759796864876652
Frohlich	TLP000164	6478	0.46139927502161915	0.2997635034712528	0.34756240453668236	0.13890032549450315
Frohlich	TLP000165	4652	0.44466593180643293	0.2909157967486935	0.32876988090822623	0.15746441355283303
Frohlich	TLP000166	5581	0.4642657012124746	0.3138451676380648	0.4085242132078505	0.156245322729616
Frohlich	TLP000167	8129	0.4705724208990997	0.3430176517954698	0.3926764625885566	0.14355833616101968
Frohlich	TLP000168	10361	0.40063135502040503	0.25462207428298705	0.3549128310151224	0.11257004423308786
Frohlich	TLP000169	7427	0.4950313325019397	0.36305505464517934	0.456290651627415	0.17474692368629366
Frohlich	TLP000170	6601	0.5312188423845053	0.36449674253962283	0.42228362932019076	0.2558826417830301
Frohlich	TLP000171	8159	0.49359617359485053	0.36508679520069254	0.3737473242400915	0.17372543405280122
Frohlich	TLP000172	9001	0.410758260991113	0.2648888728089979	0.33061664111913114	0.11959684983801543
Frohlich	TLP000173	7251	0.4870970050063545	0.38730417784909055	0.38409746478860785	0.14166646680798525
Frohlich	TLP000174	6526	0.4473609980109139	0.37391824006961727	0.39879315026462536	0.10056069420139448
Frohlich	TLP000175	11707	0.44781586519586697	0.2666129574586485	0.3061092611011733	0.165881469403187
Frohlich	TLP000176	8696	0.3505691640299736	0.21209327996928282	0.3419094385917184	0.09693054566199047
Frohlich	TLP000177	10364	0.6236216182738856	0.4259177511402578	0.3819910547084708	0.3893847336397338
Frohlich	TLP000178	9654	0.5500313687270593	0.3835264673632118	0.41987809231853807	0.23418153538564274
Frohlich	TLP000179	8738	0.4786403398304968	0.3509404557067889	0.4051145147424248	0.14778357749647703
Frohlich	TLP000180	4018	0.43563257121211746	0.3012993253085695	0.3499393546359611	0.14569627566016727
Frohlich	TLP000181	10351	0.52433822751282	0.36641569970489474	0.3866504454902877	0.18451444140221082
Frohlich	TLP000182	11940	0.43808551131282997	0.33108373457832174	0.3531403920849323	0.11797879799003266
Frohlich	TLP000183	12182	0.5402901110050409	0.40320149670269756	0.41094386992893894	0.2065586372662816
Frohlich	TLP000184	10444	0.4641433811034215	0.28679253107349034	0.33647759202886257	0.14823171858527104
Frohlich	TLP000185	9376	0.4677921465060154	0.33554680776407575	0.36368789729361006	0.14500534884271596
Frohlich	TLP000186	9876	0.49498676049597606	0.36049026335535606	0.36003259861568326	0.1879071855611245
Frohlich	TLP000187	8763	0.5073684605536359	0.415436104891918	0.3922449576520526	0.16153970954654404
Frohlich	TLP000188	12627	0.4667507653293027	0.302420100896601	0.34241704289613345	0.1693530986217018
Frohlich	TLP000189	11104	0.515968162626486	0.3885224374141342	0.39054055557656286	0.18108941912300036
Frohlich	TLP000190	10933	0.4855312457569828	0.3329417894804677	0.3906695772732015	0.16473258009764796
Frohlich	TLP000191	13554	0.4457070184904725	0.30892076265387886	0.36928568119294347	0.1291765550871567
Frohlich	TLP000192	10058	0.4413754569100394	0.32622056285713324	0.3616049866207241	0.12923204136388297
Frohlich	TLP000193	9737	0.46280633142010974	0.33657891424965797	0.35137923056591447	0.1610454292701122
Frohlich	TLP000194	8941	0.4740873862640443	0.3494181277383054	0.38778307851177435	0.1575955714161548
Frohlich	TLP000195	7208	0.46127816113400755	0.3177897897037125	0.35558312421369065	0.15426016702322526
Frohlich	TLP000196	8653	0.4667338293514774	0.31528557544096447	0.3707240102281544	0.17857929220318047
Frohlich	TLP000197	9804	0.597549075393259	0.42755467884142734	0.4143241460677234	0.3198131729445491
Frohlich	TLP000198	8836	0.4658140691809096	0.31917578738796215	0.35422112023700936	0.15785245971510828
Frohlich	TLP000199	15697	0.4952156106520041	0.3367966205136723	0.3682975103202524	0.17175766916800292
Frohlich	TLP000200	7598	0.4419705380326223	0.3213191039096861	0.39291439128007105	0.12118902446981066
Frohlich	TLP000201	6057	0.4666317315929923	0.32344738525941114	0.378755882533724	0.1434133397362047
Frohlich	TLP000202	9335	0.4476665654926539	0.2921243091412846	0.37164066179017785	0.14435423178510454
Frohlich	TLP000203	12856	0.474980077887153	0.33299626154734807	0.3633362663627415	0.15918052276110645
Frohlich	TLP000204	9593	0.4734342382096056	0.3125749053175044	0.41061552190820805	0.16720347630789853
Frohlich	TLP000205	9228	0.44435748249635026	0.24913121253261755	0.3733740746467405	0.17924121368662996
Frohlich	TLP000206	9856	0.5078493327173623	0.39298668714685847	0.3575869606412896	0.18961409002382323
Frohlich	TLP000207	9148	0.47975183657678855	0.3513777265347382	0.36502654900332465	0.17375447404154257
Frohlich	TLP000208	12433	0.49822905067254225	0.38319353040305515	0.3850790142557784	0.16472827614260896
Frohlich	TLP000209	3814	0.5976282003227233	0.39948235653369124	0.4143485467180008	0.33128192756918856
Frohlich	TLP000210	4156	0.4025876475603912	0.2617782002286917	0.35848407700250357	0.11190401145558047
Green	TLP004219	5845	0.5096501736650186	0.41081755119450053	0.42572782208397225	0.15699659253198933
Green	TLP004220	4707	0.5593350317719964	0.4690981600011928	0.45656421111540446	0.18288744713842156
Green	TLP004222	3971	0.496851294185784	0.4025680582889729	0.4168677232920961	0.14441774238855257
Green	TLP004223	2447	0.5562865801492157	0.4839557958526948	0.4697537087572182	0.1496140901778526
Green	TLP004225	3848	0.462819464181819	0.3811494296057818	0.38113598873018684	0.10094458078748145
Green	TLP004226	2881	0.4623783755463402	0.37213201945620555	0.4010709197295382	0.10890696279628796
Green	TLP004227	3853	0.61796073072567	0.5353922509600482	0.5116331911100436	0.24913623515920197
Green	TLP004228	3907	0.6493435908794923	0.5560288204239854	0.48830038165967	0.2869219003870148
Green	TLP004229	3802	0.5019558626884659	0.383344647331472	0.4014869387201838	0.15277330908088316
Green	TLP004230	4160	0.49519233619703756	0.37209674519922964	0.3687813395101262	0.17553613441875646
Green	TLP004231	3649	0.594730521039347	0.5148271738367893	0.4862394764389788	0.20651936187666375
Green	TLP004232	2618	0.5381479839209329	0.42675101153614264	0.41766455864750524	0.19895863011891088
Green	TLP004237	2995	0.44578326526189993	0.3793189298664746	0.3937599550579505	0.0915723357527165
Green	TLP004238	3226	0.5857925106728731	0.43389343174235195	0.4332821561031884	0.2798173846237443
Green	TLP004243	7107	0.5396532434020512	0.4340162372770328	0.4065371027890398	0.19423479397088014
Green	TLP004244	2129	0.5218697162353158	0.41125460548455894	0.38930118936466235	0.17876181992017023
Green	TLP004247	4278	0.4827445100775765	0.34599627497516516	0.3957178339335682	0.14343649763160213
Green	TLP004250	5153	0.5465155399411731	0.44576523233038173	0.44943240412179997	0.17917092257425873
Green	TLP004251	3063	0.5061056853097317	0.37818505119302004	0.40423890803475526	0.15584805062572937
Green	TLP004254	6040	0.5027869740422203	0.39244668425283447	0.4105616348682464	0.15077641394652855
Green	TLP004256	3943	0.549881090198607	0.48077767117390896	0.4586699373852977	0.15697203418008657
Green	TLP004257	6036	0.567285679826054	0.45795452117783836	0.48096325453187183	0.18346504463666724
Green	TLP004262	4236	0.5586213564970585	0.44193027011444125	0.45427148913262494	0.2005276407796276
Green	TLP004264	4744	0.5436947965600277	0.4222941015309959	0.448958240384664	0.1803042261455028
Green	TLP004266	5362	0.5240122447641387	0.42328098190053964	0.4476242199939868	0.15039351765881107
Green	TLP004271	4213	0.5436046331309003	0.4376307767708498	0.4437472090346911	0.16654023908706544
Green	TLP004272	5565	0.5033196421873553	0.41000923477259155	0.4215965272584814	0.13917500047984183
Green	TLP004276	4865	0.5710784929191745	0.494801536540681	0.4663817549211532	0.16874025974644435
Green	TLP004278	2618	0.6162644557818306	0.5514751778046326	0.5095397460153226	0.2030167275616502
Green	TLP004279	4312	0.5510696016305603	0.41301761491267297	0.4166176384454528	0.22983953019811354
Green	TLP004280	3717	0.5157987488275846	0.4284531215883336	0.45725838767707183	0.15018655823131538
Green	TLP004281	4065	0.5491542623036584	0.4417379790365039	0.45298528091524326	0.1772650962529933
Green	TLP004284	5083	0.6160111351606765	0.5646612078188277	0.5033700065167684	0.19229574309763237
Green	TLP004285	4450	0.5140229982201372	0.44844973605433025	0.4233783103649963	0.13098809081323512
Green	TLP004286	4456	0.5662524799517109	0.5060377952109629	0.4874994562819005	0.14398774596730365
Green	TLP004287	2985	0.5726126434033353	0.46902276305679425	0.47959118953314567	0.1969828711685903
Green	TLP004288	3554	0.5142972649786143	0.43358768633509903	0.4377709935217986	0.12885178845451015
Green	TLP004293	10905	0.5978210189559513	0.46525844276347195	0.4226243167989887	0.2581711185044536
Green	TLP004298	3925	0.5588947725492533	0.4581085546583843	0.45434452765029215	0.15809030592446677
Green	TLP004304	3045	0.6346527624254892	0.5490256337047134	0.49874311310198793	0.21292321920661708
Green	TLP004305	1075	0.7106165960666854	0.7212138682724518	0.5722019113401814	0.3569978842082334
Green	TLP004309	2609	0.5678554300965537	0.5150994601577878	0.47257381840151635	0.161670374256844
Green	TLP004311	2438	0.5441803297034005	0.37213493524099184	0.40019668860896396	0.24386177016634086
Green	TLP004313	2703	0.5893642292184098	0.5341038965205107	0.5145245063384546	0.16360157232489064
Green	TLP004314	4455	0.5583352056936176	0.4675677957496621	0.4659039261422301	0.17593283863132156
Green	TLP004316	3959	0.5552305131330213	0.45447029026047764	0.4344357485898711	0.1827213045373599
Green	TLP004318	3402	0.5247413251856399	0.3925927550672776	0.39709847703707457	0.19330482202370627
Green	TLP004321	4685	0.5305992914951119	0.4089715957153369	0.3907770688491228	0.2043065837119897
Green	TLP004322	4269	0.470374573235253	0.3841436916751718	0.4056192784142458	0.10865498951238312
Green	TLP004324	3530	0.6303713333047147	0.5105355842896471	0.4578895092966194	0.3051431752465951
Green	TLP004325	4705	0.5415801588059542	0.42278603216836913	0.41841597513832396	0.19659011175837776
Green	TLP004328	3333	0.5305439566993193	0.431761489421312	0.41577132610129264	0.15466058454644543
Green	TLP004334	3611	0.49795787739873015	0.399463933115003	0.395425942052597	0.15048839952200158
Green	TLP004360	4136	0.4881006331495383	0.35891609919786943	0.3691070562899591	0.14772502869189516
Green	TLP004371	4012	0.4940814856232051	0.38674357049082025	0.38628580714456945	0.1633734005588783
Green	TLP004378	4141	0.5665995455868241	0.4760761432799349	0.4470421226625766	0.21753775828631153
Green	TLP004381	2082	0.5815081813854848	0.5023835459866469	0.44830291765362495	0.2010832375542192
Green	TLP004398	3044	0.568449671282946	0.5336742171276384	0.49406523705504646	0.1331843524862134
Green	TLP004400	4439	0.5985709894142432	0.4978529747259047	0.48062721870457253	0.2548649123938472
Green	TLP004401	4028	0.56662754842792	0.4928305262191587	0.42731596696811025	0.17827546700140248
Green	TLP004415	4058	0.5651051744987466	0.4555566029828066	0.4537531404863621	0.20186907664089623
Green	TLP004420	3723	0.6239971684859442	0.4886924475239264	0.45569693321708143	0.30127211935285064
Green	TLP004430	2605	0.6114835631683196	0.5247662950331564	0.5116802084721891	0.24030164733583223
Green	TLP004432	4732	0.5933429749570116	0.4990880334237792	0.4798186227331723	0.20171357060924225
Green	TLP004435	4159	0.5050173091522954	0.41830870556237965	0.40859113451160706	0.13439479897475382
Green	TLP004436	3075	0.4394856510408056	0.23910212837136602	0.3121146088974017	0.16548920302756367
Green	TLP004441	2751	0.40816433441669764	0.3383737931929506	0.3672600270138005	0.07517107551907994
Green	TLP004442	2854	0.6048577016696487	0.5651775544538205	0.5249436341660167	0.21719674145792509
Green	TLP004444	3839	0.4752814694522891	0.39405153462322495	0.3966401047086832	0.11850140948601011
Green	TLP004447	4521	0.5987497395826412	0.5013957334889709	0.4686550244295028	0.2450543017110034
Green	TLP004448	4753	0.5420539825342504	0.4682265047148997	0.4500013587313386	0.1442849851137813
Green	TLP004453	3172	0.5516348291911397	0.45242622217500233	0.42017656198857556	0.204142265834893
Green	TLP004456	2395	0.5067339716376713	0.3905400518470654	0.4199588396334926	0.1654741153587188
Green	TLP004458	4469	0.5144973442194087	0.4159512157545635	0.40529592549170457	0.16922409506015948
Green	TLP004459	4555	0.518291926800382	0.35713160697345364	0.3869224954296645	0.18918510050691528
Green	TLP004460	3651	0.5907562845211031	0.5097800473825052	0.48460336646326657	0.22105211974475877
Green	TLP004463	2016	0.4787614480696975	0.3343623313677129	0.39270206561334153	0.14275932880187825
Green	TLP004465	3373	0.5114099555186631	0.43933644699549945	0.4583208709380257	0.12818363398479887
Green	TLP004467	3759	0.5817214077903231	0.4817469304543746	0.4716809134020329	0.23353503634352793
Green	TLP004470	2551	0.5247912268898666	0.37839879047139613	0.41679539480727107	0.18412308245059072
Green	TLP004471	3088	0.5589359098612214	0.47000084103415074	0.43348159418405763	0.17882053559927047
Green	TLP004473	3950	0.5300457096570446	0.469294233686269	0.4375693587976409	0.13547279842805116
Green	TLP004474	4444	0.59903141144276	0.5021375767597305	0.47175527753861807	0.21598361470127908
Green	TLP004476	3700	0.5336220129235473	0.42904913979751724	0.42095659705794974	0.1691668155144218
Green	TLP004479	3591	0.5526530138260638	0.4367948316048344	0.41485296485933765	0.18767370408383832
Green	TLP004482	3534	0.5025916830760496	0.4057316758317167	0.41604781839120264	0.13949045304815672
Green	TLP004490	1191	0.6081550737094854	0.6011414467067387	0.5029475401067471	0.2213549259254683
Green	TLP004493	3638	0.5529966994198557	0.47450850995500227	0.48058132661393976	0.1729751023426335
Green	TLP004494	4175	0.6458239436720181	0.5114868161921727	0.48642789114034374	0.3049444625583217
Green	TLP004497	4020	0.6412974286785826	0.5624999007326605	0.5397275768277278	0.24431545496395418
Green	TLP004498	3990	0.5718057348073416	0.45632820973669247	0.4362191494749682	0.198830074529763
Green	TLP004500	4866	0.5692117460395939	0.46765445114054327	0.43515933691827524	0.21047563501286498
Green	TLP004507	4080	0.4905474427282748	0.39185612800835123	0.41756759214945605	0.12696594324115146
Green	TLP004508	3170	0.5708902571193087	0.44301345068389275	0.4560205661199506	0.21300365739912575
Green	TLP004509	3267	0.5321920654008538	0.4243781428136346	0.42364641723908986	0.1714569913170581
Green	TLP004510	3530	0.5158169555103627	0.4184124703933437	0.39158433885638505	0.15454636266727279
Green	TLP004518	4229	0.6089566461733168	0.5551014018238158	0.5349985980712026	0.16526097495989148
Green	TLP004521	3199	0.5236006056277814	0.3757659185006846	0.3803482804054764	0.182649446514611
Green	TLP004524	3994	0.5588582615023941	0.4680274279731596	0.4339781716787201	0.17907193791003873
Green	TLP004525	4798	0.5485177435960097	0.41626335785576646	0.43354009303669083	0.19853495391301795
Green	TLP004526	3084	0.5026638353994436	0.3291155985168762	0.3740389946861873	0.18906360191939103
Green	TLP004533	4091	0.5792049924603857	0.4563112277188333	0.4307766254625278	0.2201129182911931
Green	TLP004534	2414	0.5292308173195254	0.39966429680416116	0.43941058457457416	0.18656395650987828
Green	TLP004535	4079	0.6524198091954876	0.49885140818196055	0.48306327836221663	0.31866120403122
Green	TLP004537	3295	0.5909672457068899	0.517689239791143	0.49445552317859676	0.1920449673356961
Green	TLP004538	3819	0.5363584853932298	0.444623213585946	0.4306181627935337	0.1581796176924405
Green	TLP004539	3012	0.5031780102473138	0.3927583389444461	0.40919691851522355	0.1530336360701984
Green	TLP004540	2527	0.588816458108346	0.5025475178220458	0.4478394389385228	0.21725078470110165
Green	TLP004542	2014	0.5129588793850088	0.3920303648045937	0.4087699003673351	0.20784608858258666
Green	TLP004543	3519	0.5496629182504504	0.46287976581155277	0.43508125625322736	0.19440730212825102
Green	TLP004544	5318	0.6190205310680453	0.5366750861420183	0.48032038575396985	0.2194571541709694
Green	TLP004549	4291	0.495263035296222	0.3863392159482278	0.38571491690372384	0.14850635439703658
Green	TLP004550	4980	0.5177969766870525	0.4345561852775957	0.42708421462748175	0.1523167956689526
Green	TLP004551	3401	0.46093641011328557	0.40081064446534787	0.40865104392695584	0.10259988309977985
Green	TLP004552	2466	0.6211585580239332	0.5221872402103517	0.5030900170230128	0.22247810751035857
Green	TLP004553	2823	0.594963254432109	0.5353215178067731	0.5241409547620893	0.14937841990773154
Green	TLP004557	3764	0.5228499412553855	0.37787200450673153	0.37467825937314925	0.21073963827965053
Green	TLP004560	1838	0.65084433624951	0.6007840424895158	0.5003171682322884	0.25916338389283733
Green	TLP004562	4000	0.5288052613846241	0.45708379558659284	0.4367553059598844	0.1383494687541014
Green	TLP004563	3604	0.524633580030073	0.42820391686705456	0.4193482326521931	0.16378590439584473
Green	TLP004564	2189	0.5805533843198918	0.5158668148604411	0.5144629726993153	0.15794579189053434
Green	TLP004565	4301	0.5282825076713881	0.4282779016771718	0.4289661351254799	0.17576999934461027
Green	TLP004566	5311	0.640684322130893	0.5574487572883493	0.5005185449142007	0.2480835436424868
Green	TLP004567	3441	0.5018866696085438	0.42784122047443846	0.44097470402414485	0.11544959383830931
Green	TLP004568	3799	0.6052072267358989	0.4378171795995872	0.40240141062240936	0.30615468738957535
Green	TLP004571	8018	0.5112391652695722	0.4099553432479454	0.4207142799075282	0.14285285743779633
Green	TLP004572	4793	0.5611667076095642	0.4732809285792064	0.43455621164329383	0.19418835387389777
Green	TLP004573	3632	0.5797941921253733	0.4417684998463375	0.4403734947560237	0.22809833384985642
Green	TLP004574	3881	0.5050147869500933	0.3927453896057769	0.3887292229566333	0.1554811672461412
Green	TLP004575	1527	0.5034311458052542	0.3947010211908226	0.4274826256230186	0.14045053118846307
Green	TLP004577	5075	0.5374999857942933	0.45118280598095284	0.4215104379094486	0.1540665217780186
Green	TLP004578	3152	0.4804338418611895	0.42910485280844907	0.41336620562986226	0.10499652669598801
Green	TLP004580	2517	0.5581014054457835	0.4195515770173171	0.42878811254748794	0.1977664459823128
Green	TLP004581	8804	0.5181062649538238	0.3747013153663093	0.43110789212835293	0.17224832021324266
Green	TLP004582	3281	0.5150096542940574	0.41550099337895346	0.42027207681675416	0.14568946246652326
Green	TLP004583	3500	0.5944564740128162	0.45125337179683017	0.4493246238762476	0.21978168260869488
Green	TLP004586	5567	0.4957440066087401	0.3662745259317251	0.3968133661493014	0.17208407614325963
Green	TLP004591	3177	0.5588485693503856	0.49307188577943	0.4487770999163911	0.15336872182019526
Green	TLP004593	4251	0.5258584074441265	0.4471655859662819	0.43563610093948985	0.1377055112493143
Green	TLP004595	2530	0.5412486866234335	0.4451576117785649	0.3863757085818913	0.21381832389957509
Green	TLP004599	2483	0.5836407820491615	0.48628232886433537	0.42949510499642285	0.2327889798823982
Green	TLP004600	3151	0.6099780857209874	0.5405167469422882	0.511190032078646	0.2030744874247774
Green	TLP004604	3039	0.6267224129619227	0.556591476727556	0.4805272991452222	0.24615492609320755
Green	TLP004606	1820	0.5694374920383278	0.5439897655697947	0.49015804164867066	0.14313560646947196
Green	TLP004607	3050	0.5096726939867419	0.4055254745880643	0.4057381668478889	0.14708272798425706
Green	TLP004608	5839	0.5162265873877623	0.4087393218957378	0.39562364184921667	0.15410908291681608
Green	TLP004609	2932	0.5291228213244541	0.4102421804578417	0.42449199483679234	0.16290455819202831
Green	TLP004610	2395	0.6052786862471481	0.5780993739629517	0.5293274596172217	0.18863665065997498
Green	TLP004611	3413	0.4875562646224849	0.3611862777824489	0.37595526704078575	0.16630087254510056
Green	TLP004614	3746	0.5328521930762515	0.41912730840271684	0.42130129074274447	0.16588388467512039
Green	TLP004616	5008	0.5609467691514642	0.4634239575094771	0.43343915608970357	0.18604886522750191
Green	TLP004617	4445	0.5213724133216759	0.40598973254184023	0.45232361706758395	0.16406021823634193
Green	TLP004618	4359	0.5128520886910833	0.4091743315910654	0.405839618740942	0.15966908456359294
Green	TLP004619	3792	0.5182477489310148	0.4425384093493559	0.4442311268858065	0.1257325227771586
Green	TLP004622	6469	0.5320084541304478	0.42076830677175403	0.41114872774954836	0.17006481271214252
Green	TLP004623	4062	0.5125091978595959	0.39541604471448677	0.4133636096181077	0.1673552543047187
Green	TLP004626	4230	0.5175855759856617	0.42043818837037894	0.4231451343162922	0.14388518820850232
Green	TLP004627	3482	0.5766953789520223	0.3753449563235472	0.3839730419962074	0.23879375275197842
Green	TLP004629	5833	0.6035666675222785	0.49981172306490684	0.4897971295123344	0.21667827758044944
Green	TLP004630	4507	0.518129600537821	0.42993619830972696	0.4122278925127634	0.14027421098065598
Green	TLP004631	3069	0.48953138220438097	0.39289845410378754	0.3672383193979678	0.1402143132540259
Green	TLP004633	2821	0.47433168010807303	0.383954782038869	0.4497413843572733	0.13203939827257177
Green	TLP004634	8182	0.5708160701322263	0.43573350342228134	0.4416781046955134	0.21781275407431105
Green	TLP004636	5284	0.7174750458836208	0.6526847995356826	0.5743440739582234	0.33605838071540306
Green	TLP004638	3435	0.5375063443232566	0.45856589732620995	0.477686324734977	0.14799196512311677
Green	TLP004639	3302	0.5209612858557281	0.3971827527926265	0.3866686385485094	0.2040412474143919
Green	TLP004642	4166	0.5428531045334308	0.44640884936582204	0.441088119714531	0.1619156260045015
Green	TLP004643	2015	0.6133516646964722	0.5178833235560436	0.47092378073498914	0.24251017384173015
Green	TLP004645	3864	0.5211680036618295	0.4630163793181979	0.40806559043843965	0.13453245453461665
Green	TLP004646	5370	0.5523506011320467	0.4521414385647691	0.41224626365546324	0.19582910847770402
Green	TLP004647	4423	0.5685789521503725	0.47107950193595344	0.4268485968153837	0.20793099097003162
Green	TLP004652	4253	0.5026859021486424	0.37911953354540473	0.4041785721804801	0.1534553276944478
Green	TLP004653	3744	0.5488855630286296	0.4240308563090894	0.4457834139964958	0.1912592739594245
Green	TLP004654	4226	0.5024963349463502	0.4205219214118022	0.42468740158626905	0.1364180995869224
Green	TLP004656	4306	0.5404037028081832	0.4360192050096217	0.424404142244293	0.15453682261536966
Green	TLP004657	3523	0.5264677797876283	0.4657958909228771	0.4316007654600569	0.14670627726863386
Green	TLP004658	2015	0.49751961187362775	0.3300281421840941	0.41086236667972337	0.18108848167074237
Green	TLP004660	4538	0.49626880905766063	0.37090037952235755	0.37774009122600777	0.14757134094783983
Green	TLP004661	3608	0.5158917922411955	0.4454867829601519	0.4450526228203651	0.11984119897021615
Green	TLP004662	4646	0.5297731413397698	0.46092888944485527	0.42988113838391423	0.13500736093016977
Green	TLP004663	5279	0.5652202311054353	0.5230925722575757	0.46748646523727877	0.14515413425881354
Green	TLP004664	5213	0.5589054640028577	0.4855914558439906	0.4536912089973621	0.15347951673486074
Green	TLP004666	4377	0.517657534118047	0.41981055029333997	0.39360647909978536	0.1714561749318887
Green	TLP004667	4208	0.5803570265788602	0.39940825230063326	0.4137337775046356	0.24249697128983255
Green	TLP004668	4452	0.6032876134979696	0.528423390351896	0.49160744405848356	0.20852088639025065
Green	TLP004669	6611	0.5606975158980105	0.47414979765041276	0.4689268889943813	0.1672974545272715
Green	TLP004671	6118	0.4966063009299412	0.39073622443781264	0.39856419637030277	0.1425214185433141
Green	TLP004672	5287	0.5277239070926499	0.3965705838012431	0.3977099506665275	0.1923181514857648
Green	TLP004674	6742	0.5282240839716408	0.38785480532512506	0.4336767132861569	0.1843000581750231
Green	TLP004675	3723	0.5588628707407102	0.48193309932530654	0.42785438419023614	0.18282718158574462
Green	TLP004676	4224	0.5544293361904646	0.46618219541090966	0.4285330077041398	0.17176714763517037
Green	TLP004679	3720	0.6197780436343004	0.5539769615112081	0.5032403876789568	0.21297456734377185
Green	TLP004682	4432	0.5296822554043417	0.43309284031373596	0.4365157845351344	0.1626168901462804
Green	TLP004683	3792	0.5791845264743534	0.4704527854040165	0.46080893028023756	0.19111832490721462
Green	TLP004684	2085	0.4875952498141407	0.3620493696812611	0.41243684117591906	0.14855499355707535
Green	TLP004685	5014	0.6118222593528624	0.5205371185890943	0.48633048740176565	0.23049323502905658
Green	TLP004686	3268	0.5501640241141423	0.41749739832705424	0.41234083296909557	0.19874945270337213
Green	TLP004688	4420	0.5422908510027904	0.4442705644987361	0.4283082907279193	0.1858525810463622
Green	TLP004689	4155	0.5401230218040969	0.4285378246596091	0.44411899210467737	0.17746587230537897
Green	TLP004690	4488	0.6006205644155215	0.5153367122201924	0.4713769187779568	0.2022750687836162
Green	TLP004693	3423	0.5715371803998973	0.42948312146673423	0.4535375682897512	0.20995245190523956
Green	TLP004695	2388	0.6366135954178712	0.4820599294211919	0.48273219670024237	0.3231404175957135
Green	TLP004699	1814	0.6931554818716662	0.6320335928405101	0.5550074147693885	0.3453003395692469
Green	TLP004700	851	0.6264034680629496	0.5560382655602015	0.4748913428537229	0.2554213703435527
Green	TLP004702	4552	0.5680007073556171	0.4731055335055338	0.4158672058379057	0.1994887812317285
Green	TLP004703	4813	0.5737241442817238	0.48014869369683627	0.45359115069180733	0.2142751802117045
Green	TLP004705	4676	0.5106707488592689	0.39486478019925014	0.3957125835979956	0.14613147178789365
Green	TLP004706	4501	0.5316454515837127	0.43719676301049193	0.43642578725258835	0.16384288431865734
Green	TLP004707	4234	0.4736579001512271	0.34675656031188334	0.3592064838051785	0.1393263892540614
Green	TLP004710	3633	0.5914200707736325	0.5104204563111713	0.48657040064340074	0.2023417208119895
Green	TLP004712	2198	0.7039925237601065	0.6467076048110226	0.5788018168169451	0.35866880092712033
Green	TLP004715	3590	0.5066027702042812	0.42736454787547173	0.4093997518178595	0.1303647536712843
Green	TLP004716	7380	0.5258597472603562	0.4322630788472893	0.41101469420498893	0.1671786075278558
Green	TLP004717	2840	0.5821618750897384	0.5076702151041276	0.46689635466329604	0.19670250326554203
Green	TLP004719	4156	0.5934727825358908	0.4912289165624963	0.4672736537423593	0.23610068494279857
Green	TLP004725	4018	0.4994870375216259	0.4045434408106192	0.41456178496903634	0.1440495074845905
Green	TLP004727	3429	0.5727830298306971	0.432037214963288	0.4577395527091055	0.22048948701268056
Green	TLP004729	4006	0.5457327751050344	0.44235004128629174	0.4232543618597766	0.1766733768370405
Green	TLP004730	2910	0.5295700311841982	0.4293233722710021	0.4086751447283722	0.1728712245377425
Green	TLP004731	6380	0.561252913234913	0.42393864356082966	0.40604326787650263	0.23409500130803226
Green	TLP004732	8553	0.4991950957439628	0.4187024956062185	0.41158182532621723	0.1400375346682724
Green	TLP004734	3844	0.5930736993209541	0.47910289759373204	0.4269063924427768	0.2577122769461857
Green	TLP004735	6028	0.5335255477754909	0.45397514070302036	0.4423801066296976	0.13805479855528777
Green	TLP004738	4250	0.5683636177752484	0.4049583869808181	0.45717818405273497	0.2593972205241744
Green	TLP004740	3542	0.6010765295103462	0.5145921718414882	0.4976338311121498	0.22570033281936946
Green	TLP004741	4675	0.5510966538149281	0.4134576301005699	0.4403914498767315	0.19868794071540824
Green	TLP004742	2509	0.5612894614064898	0.4773259879635081	0.4830546956744882	0.18095275803257085
Green	TLP004744	10802	0.5616361509333937	0.450127634432868	0.4237607418506598	0.19821323469951652
Green	TLP004745	4001	0.46396678347244885	0.36555023924364427	0.36691648709025415	0.1285672969598453
Green	TLP004749	1647	0.3867289158716795	0.20422647144336442	0.22782865270915648	0.16248258405837393
Green	TLP004750	5150	0.496955976744565	0.36460618658568145	0.41726382067408574	0.1611335097891544
Green	TLP004751	3629	0.4833151121213742	0.37259001665994823	0.3720993981414087	0.14891219486378823
Green	TLP004755	4411	0.49804543339662083	0.3413063323333122	0.3747040095673985	0.1887633424512766
Green	TLP004756	2879	0.8286015880287012	0.7707167553774588	0.6514929358596787	0.5796000657444051
Green	TLP004759	7063	0.5279917526063886	0.3948102488912225	0.40891681389145085	0.1816641682344356
Green	TLP004760	2215	0.5428797527519955	0.4365880547870171	0.4436265215158326	0.19253964816340619
Green	TLP004761	3557	0.5441631616232532	0.5013084178593921	0.46529516657146286	0.15176475158524613
Green	TLP004762	4639	0.5334033988594602	0.46445776917460035	0.4277690454419363	0.13902923446670729
Green	TLP004763	3434	0.5392979986888008	0.45309838807927805	0.4322804681310546	0.16801001541200397
Green	TLP004764	3106	0.5278531234354045	0.42927326339229793	0.428703966909306	0.14752477925905094
Green	TLP004771	2871	0.5193880288242819	0.4356156354054072	0.4317996313502327	0.14190504354799915
Green	TLP004772	4622	0.5172524103055315	0.41721878908757704	0.4288477623431778	0.14987445580231817
Green	TLP004775	6314	0.5324370498677297	0.38680129543055947	0.4215085165505536	0.18904971095320933
Green	TLP004777	2895	0.559704019405551	0.4329550607725623	0.42651110817501214	0.22939834069308931
Green	TLP004778	1629	0.6092481974255437	0.48200670595984907	0.42591921117821496	0.25734858093494895
Green	TLP004779	2561	0.49434193152514966	0.3634268924720632	0.38628174885798783	0.15807241906352612
Green	TLP004781	3455	0.5411580105828636	0.39650514183330937	0.42331668595998495	0.18986386576622633
Green	TLP004782	5488	0.6006647539717801	0.5097871612785871	0.4805455788237539	0.2160103660320323
Green	TLP004783	4849	0.6701138366719567	0.5838730324427376	0.5382687080957724	0.28253306411219087
Green	TLP004784	4241	0.49295970582926435	0.34589715670774396	0.35319167331301293	0.16510878066312246
Green	TLP004785	3072	0.635115758440099	0.47706126397776666	0.44007665210755753	0.32262036408388334
Green	TLP004786	6499	0.5658514736500332	0.4597651309994605	0.45859177779670834	0.2143754836512433
Green	TLP004788	3860	0.5449663637787127	0.45922975002181976	0.42953863039473483	0.18406041525520453
Green	TLP004791	5217	0.5004908793324464	0.40754936473567926	0.40580197533383716	0.12430798895199655
Green	TLP004793	4789	0.5385584745297628	0.4098141595846956	0.43840560134219686	0.1775761008334102
Green	TLP004794	3773	0.592457734029249	0.5005326322798356	0.4337311374710042	0.24502979806450342
Green	TLP004796	3530	0.5175761538943379	0.430412634144453	0.4291849240513408	0.144718881583132
Green	TLP004797	4680	0.6321531850707208	0.5559886518815267	0.5074164644100085	0.2550801091322436
Green	TLP004798	4841	0.5374503057063862	0.46441224369699413	0.4301747548758234	0.15298118071105898
Green	TLP004801	3889	0.4296594260025998	0.33672952531450817	0.3473268642583845	0.1088296710121182
Green	TLP004804	4475	0.4835397708289881	0.37540563266112736	0.3605240040085411	0.14586252090050658
Green	TLP004805	3626	0.5466359060358432	0.42316198527002563	0.41344634703844735	0.21605338457642398
Green	TLP004807	4725	0.5454318985165486	0.44223680244634367	0.4027425836051502	0.18112311937759118
Green	TLP004809	5232	0.4926066187758579	0.3922777625986761	0.37252877761995756	0.15478410689890265
Green	TLP004810	3506	0.546697496795309	0.43789440219432846	0.43401955208519594	0.16543746704632079
Green	TLP004811	3172	0.5705265062581346	0.4924137933886917	0.42975005537673283	0.19391251992928707
Green	TLP004813	5526	0.5283561947578039	0.4556937836643099	0.4358253022643203	0.13851389503562336
Green	TLP004814	4400	0.47444987325591514	0.3472586952688528	0.35546256074767124	0.15064989964280373
Green	TLP004815	3607	0.517668850160067	0.4054144350424711	0.41729375650012035	0.1561582845874918
Green	TLP004816	4414	0.5943247817731989	0.5401136797693747	0.4936458363226212	0.1747934822952769
Green	TLP004817	3449	0.44812928995191015	0.3432170178045047	0.3386918692916719	0.11969659501559987
Green	TLP004825	4721	0.5057884209563456	0.370737075633403	0.3820036373803591	0.18460628248227218
Green	TLP004826	4411	0.5736537972954846	0.48197018453836304	0.4580360997198728	0.17542768532201392
Green	TLP004827	3525	0.5086919627890818	0.37908919233906724	0.3867398502946009	0.16538848224916913
Green	TLP004828	3029	0.5967624781315338	0.4960804494511464	0.47265621328618684	0.22880314871017982
Green	TLP004829	2310	0.5488194934793423	0.4589195066054904	0.4527243005738351	0.16983102844121914
Green	TLP004831	2709	0.5208717240614136	0.46454404286922457	0.45941705719764747	0.11532199964866913
Green	TLP004832	3962	0.6164027824727631	0.5625814584299127	0.5064199230332028	0.20788567327098414
Green	TLP004837	4087	0.4868065479413884	0.36556150003400645	0.3608249690517205	0.16433261114512981
Green	TLP004840	3620	0.5739946002105268	0.39349593851745607	0.44163575682038303	0.2657468894037894
Green	TLP004842	3442	0.529589432288687	0.45242153451803685	0.4188228128034164	0.16507071244858973
Green	TLP004844	4447	0.5511725713794253	0.45533587701111033	0.4162187936705456	0.18886219673035545
Green	TLP004845	5611	0.4902534071305788	0.3703927212361403	0.39933244162285203	0.1375885277185209
Green	TLP004846	5542	0.514586417864164	0.4103852459391567	0.4173980563547774	0.14548027016010323
Green	TLP004848	5279	0.5984657858633435	0.42846937940166574	0.45603550205911114	0.2399083639568471
Green	TLP004850	2668	0.4786636419354778	0.4574619826110489	0.4849219042136877	0.05225385825068177
Green	TLP004851	3109	0.44604980873928796	0.3561241023784337	0.39224391005774917	0.1248245571769475
Green	TLP004852	5416	0.520039031262394	0.43574774924256543	0.4180986325485329	0.13564457488314607
Green	TLP004853	6252	0.6054552717529671	0.5004594987641824	0.4732344428080756	0.26094460080036097
Green	TLP004855	5701	0.5409586657807701	0.42012627281042403	0.3813890428277521	0.21627990514222398
Green	TLP004856	4618	0.6027428004169804	0.4798954951845387	0.46958493535358875	0.26925466616511984
Green	TLP004857	13155	0.5078375069619354	0.38307637193764166	0.4095542250173646	0.16685155098617746
Green	TLP004859	4797	0.5076431529912423	0.4163537435131457	0.4238474097235331	0.14338507415978807
Green	TLP004860	7209	0.5346402265409368	0.4061997127268395	0.40321573180554776	0.21351686043474533
Green	TLP004861	2460	0.5817883500044015	0.5685605159530368	0.5178569759984555	0.1435983748956194
Green	TLP004862	4249	0.5192398518302096	0.4001290388619744	0.401503577738059	0.16899153659794489
Green	TLP004863	4513	0.4754452779266677	0.35754459227608604	0.37109162272641816	0.14303436990854881
Green	TLP004864	3924	0.5200370047690703	0.42255030256531945	0.4119343455286757	0.1561604461896933
Green	TLP004865	4106	0.5386254142749405	0.4608913526775094	0.45104256898536377	0.14724824298883518
Green	TLP004866	2538	0.5782467385962096	0.4844081003280032	0.47522354004665335	0.19521904386459
Green	TLP004867	4529	0.49828612645105824	0.3881690997684432	0.3946454113123861	0.13973161979989265
Green	TLP004872	2678	0.47966857938962204	0.42908898312096666	0.41444327182472196	0.09872049104645347
Green	TLP004878	5523	0.5287364372342583	0.46093914363883165	0.4468738140219266	0.12596578788697152
Green	TLP004879	4854	0.5497051239666237	0.4661553187109333	0.4554932744572636	0.16858252322889677
Green	TLP004880	4287	0.638719680889436	0.5536710640573068	0.5003218658930337	0.2692111474535453
Green	TLP004881	4042	0.5347717324718696	0.4307206470261525	0.43268682269251557	0.17162551379366034
Green	TLP004882	4585	0.6103074751676025	0.4517039517169544	0.42828521691710963	0.2894492962186979
Green	TLP004883	6200	0.4870198233138922	0.3633506176176027	0.3811712098490307	0.16467675218475
Green	TLP004887	3640	0.5111502733560738	0.3955837464440395	0.3946415138038156	0.15919983591849698
Green	TLP004888	4586	0.5300072257124512	0.44851410792780094	0.4444848463937402	0.15559830645702424
Green	TLP004889	4091	0.5623639579890763	0.47741691704762607	0.4555099391812216	0.16870172385555954
Green	TLP004890	4120	0.5444894178924774	0.3977689896986124	0.42813761013046564	0.21201165352173654
Green	TLP004895	4187	0.5023076926313466	0.3883098602724099	0.40134258531792644	0.15317937234690618
Green	TLP004896	3441	0.5611196673294343	0.5065820173428373	0.46388631414677395	0.16706746232723022
Green	TLP004897	2109	0.5685979340015928	0.48387358737500374	0.4503631862614059	0.19398571291343153
Green	TLP004898	4577	0.5250019116915361	0.3900146847076358	0.411998647397758	0.19809819646882315
Green	TLP004900	5157	0.5202453876367854	0.43915734768828946	0.4288715639555338	0.1439897568337
Green	TLP004901	4218	0.5826834607363431	0.4784385455074204	0.4795302447956485	0.1990029024367981
Green	TLP004902	4988	0.45937189592108996	0.3539426104599559	0.32997758064429644	0.1386631395412148
Green	TLP004904	3599	0.5761766136335494	0.44284746222099247	0.44040257448082276	0.23069928996307146
Green	TLP004908	4469	0.6033289576530348	0.5153041732907089	0.46136189403100486	0.219719866621661
Green	TLP004910	5160	0.5246413651105022	0.410632754380653	0.41052859697505306	0.17343859477470172
Green	TLP004913	1823	0.5316910541860213	0.5363830595199084	0.44923848555387846	0.0970174815378623
Green	TLP004914	3782	0.46440661489764956	0.3536841801570511	0.3612312805253294	0.12556398477040331
Green	TLP004915	3771	0.54268393239941	0.40867709575576094	0.4122729009486344	0.18840721198579718
Green	TLP004916	3992	0.5131517550005368	0.4085539217029436	0.3990516711250822	0.15128344926267112
Green	TLP004920	5295	0.5829118500770405	0.48297405963002593	0.4662923391439097	0.2169219017555231
Green	TLP004923	4513	0.520420951544953	0.409436854624508	0.3826987546572171	0.16257871729536405
Green	TLP004926	3139	0.5611753086978536	0.3898419295830872	0.44598630301224307	0.24987429304732367
Green	TLP004927	3942	0.5075418098565918	0.4245090838871578	0.38561352989211045	0.14354780296546593
Green	TLP004928	3474	0.49379549585292665	0.4228426573508147	0.43772985704640216	0.1292189892764216
Green	TLP004929	4398	0.4627998033532647	0.33327760405959833	0.3557661781263648	0.138157487424751
Green	TLP004933	6064	0.5023756328484611	0.4073141250058655	0.4059102272133284	0.13702965993803407
Green	TLP004934	8997	0.4754451943857391	0.313739078980105	0.36897967791059977	0.1631493449119577
Green	TLP004935	3642	0.5481678205794319	0.4717892460482931	0.4584106570561035	0.15171585636191126
Green	TLP004936	3340	0.5519203419546723	0.5001189868680171	0.48639472432752845	0.14763322133196694
Green	TLP004937	3441	0.46303064416074474	0.34908529945662625	0.418494965929741	0.14328310439278913
Green	TLP004938	2823	0.39494089922187847	0.34533144233508384	0.40286282268803486	0.04693155336883925
Green	TLP004940	4808	0.5028424234188807	0.41238998909864133	0.39106415885490803	0.1370011697072532
Green	TLP004941	12370	0.5993913179898972	0.514701722494627	0.48312452482200874	0.18251824114589438
Green	TLP004942	4767	0.5406493891144737	0.46221708268615563	0.46034296334242925	0.14866306375514632
Green	TLP004943	6091	0.5524747371810687	0.43418903903600964	0.4378290976843058	0.1989038058581011
Green	TLP004944	5540	0.5775592133770632	0.5305090113035149	0.48430765260664166	0.15373490437805837
Green	TLP004946	7766	0.5854898457336714	0.5236077367191011	0.46155384799469057	0.19756294107765715
Green	TLP004947	5695	0.5181687733342164	0.4344140708835209	0.41561402641729606	0.13533108831489687
Green	TLP004948	3056	0.5171079637379757	0.43004946235997726	0.40141134610376317	0.1634552804133802
Green	TLP004949	3088	0.48552049122518176	0.4198598660820255	0.4219323620108525	0.10366744711975671
Green	TLP004950	7766	0.5792153332835124	0.47837323575231	0.43058169494779597	0.23224580099756317
Green	TLP004956	2658	0.6181870540401146	0.5026707989950471	0.47308947216511676	0.28696305751757206
Green	TLP004963	3249	0.552447158883325	0.4646374106059381	0.44084629903902406	0.17923103472865523
Green	TLP004972	4634	0.562767347652884	0.48565772046539024	0.44750363662011644	0.1672660954645504
Green	TLP004977	4592	0.5340501366004662	0.4383027684764425	0.44614796658501754	0.14532160487491397
Green	TLP004984	4187	0.5620836612218524	0.43106140060951176	0.43626975998666095	0.2035846806588568
Green	TLP004995	1924	0.47836964566772705	0.36852277734235095	0.3776028182373847	0.14100487666412048
Green	TLP004996	2816	0.48197981597772055	0.3313344027322213	0.36862015311459484	0.17398106191182092
Green	TLP004998	2808	0.46435910525587354	0.41313100956039156	0.38111881509754175	0.0953770691919721
Green	TLP005001	3969	0.513906397625534	0.4402975378898655	0.4269571788835559	0.13591115528963466
Green	TLP005002	3880	0.49453932139231516	0.3955655885455541	0.40330345926365224	0.13133339764838078
Green	TLP005005	3742	0.593411695542046	0.5052486853364933	0.4708836568239868	0.20554145117486278
Green	TLP005006	5656	0.4906363120357384	0.4368906078148773	0.41759642982486456	0.09622688242831573
Green	TLP005009	1576	0.6412958480334587	0.5035429069718002	0.4597465759434697	0.31915623603442156
Green	TLP005010	3156	0.4826283546845532	0.37579698058728606	0.3860438658531114	0.1304678911877956
Green	TLP005013	1437	0.577052803875829	0.48358229359353944	0.48540197784509387	0.19456098509452052
Green	TLP005014	4799	0.5310353653889	0.42812390065573913	0.4200728802052041	0.1594967537381203
Green	TLP005020	3577	0.5103161852790613	0.41826875486070714	0.42094458413924224	0.16465738811083538
Green	TLP005021	3243	0.5071035657810201	0.38788334107219996	0.3864000716472883	0.1584203829212148
Green	TLP005022	3384	0.5020695131269074	0.39737583766917617	0.38898305485986145	0.14166076694043858
Green	TLP005023	2637	0.5808331319638884	0.47133257596447664	0.4465999819203617	0.2211722885769763
Green	TLP005025	5848	0.602522299137572	0.533486539176165	0.4851268430544802	0.20312962218280778
Green	TLP005029	7648	0.537063028730996	0.46068210134160525	0.43305729366247814	0.1598211046852802
Green	TLP005033	3899	0.5742435580809906	0.41457355316730404	0.4455143479426217	0.25026723329315964
Green	TLP005035	4494	0.512466624302265	0.4272882869357332	0.3955462361361621	0.15586066529563414
Green	TLP005036	2364	0.6705528208944882	0.5871890193062211	0.5176301607313962	0.2853931974039513
Green	TLP005038	5482	0.5040489428362552	0.38646404519053007	0.38088283475190343	0.16821495964072133
Green	TLP005040	5859	0.4589922025570315	0.34062732120071343	0.3825042199904217	0.13232772079399088
Green	TLP005043	5338	0.5056737729995104	0.4401443552793433	0.44833528111385423	0.11089420724834485
Green	TLP005046	3717	0.5572383878095807	0.4695889540786319	0.4589291545247708	0.16808466006499015
Green	TLP005047	4517	0.5202882368764887	0.4159570143399485	0.40954161683497525	0.1622006459203662
Green	TLP005048	2460	0.5253264372171029	0.4045066277012736	0.42773292103599814	0.18857668252711476
Green	TLP005057	3240	0.5687006841013864	0.4825014123551175	0.42395074090914686	0.1725508324755779
Green	TLP005060	3369	0.5417925247093327	0.45531369738571453	0.4386322843140833	0.17491009995009776
Green	TLP005063	4247	0.5272313888205767	0.4015497765715801	0.4193650166953634	0.17604704999684276
Green	TLP005064	2398	0.5979750936236177	0.4420445390058051	0.4689794102321205	0.28334576797325045
Green	TLP005065	3937	0.619885146330578	0.5410769960428523	0.4629682447612541	0.23301612821073533
Green	TLP005067	5610	0.4941618087436466	0.40002268898560395	0.40997987795058866	0.13349556162792478
Green	TLP005068	3329	0.4962650696958487	0.3813288840983387	0.3930332889504146	0.15390168944933025
Green	TLP005069	8206	0.5520822315432938	0.45152084074225696	0.4009362863371422	0.19699127284000562
Green	TLP005072	5414	0.5123030638304424	0.4071826013919434	0.4009709280547495	0.1645973029533018
Green	TLP005074	4637	0.45371342463382813	0.3337811386550549	0.3543858046679569	0.1266222417984498
Green	TLP005075	3352	0.48565564161872776	0.3568671566919619	0.3850943799523376	0.16346872765362339
Green	TLP005084	4051	0.6489246771619129	0.609071214583843	0.5356480001907346	0.23414726641356795
Green	TLP005087	1896	0.41763114088083964	0.29159531373071457	0.3584788665757225	0.10292549439437172
Green	TLP005089	5307	0.5456447889459141	0.475086594811847	0.4399568332882994	0.15380606336593808
Green	TLP005092	3609	0.47941128844195463	0.3883588115414389	0.38903238858226485	0.1343489831447615
Green	TLP005096	2274	0.5675377912965439	0.45684154893818474	0.45223187432107564	0.20024171849220865
Green	TLP005097	3700	0.5000995981351654	0.4024828478931315	0.4200862742422341	0.1445590813709113
Green	TLP005099	3926	0.5355078989204707	0.45803277458931996	0.4304912338699015	0.15407290350818598
Green	TLP005100	4840	0.4685519657275583	0.36908955185735703	0.34638531967095687	0.13183977945630734
Green	TLP005102	2376	0.5066865200071944	0.36596772743169426	0.4052105522489134	0.1701256559028884
Green	TLP005110	4623	0.6196722002105204	0.5089723954103431	0.47744545968494306	0.24336117107741434
Green	TLP005111	4931	0.5256579358065564	0.38747172698749954	0.39873629159892776	0.18050144843259752
Green	TLP005112	2382	0.49053069380619113	0.36675646443829474	0.40619504293373493	0.15151225121878745
Green	TLP005114	2912	0.5284785500896845	0.48878200863483373	0.47044024142344887	0.12539650050323334
Green	TLP005115	3820	0.552509261271518	0.44508536064204535	0.4455326071995356	0.21533863651600044
Green	TLP005118	6518	0.5309958731780839	0.4381809311669251	0.3948414262714336	0.15709755011514737
Green	TLP005120	4284	0.5867440485910647	0.5210109834909518	0.4812187724531236	0.17244688576003425
Green	TLP005121	2927	0.5444539040803152	0.48701630285985414	0.48059230544615755	0.1385706272445266
Green	TLP005124	4171	0.5599935777550357	0.4573945543756237	0.42641400808410085	0.19560565024403528
Green	TLP005135	5787	0.5390335267175097	0.43938087958846866	0.4026789945503437	0.17864818204344882
Green	TLP005138	4478	0.5656624210071528	0.4769238243192989	0.4528128946631599	0.19295914630267486
Green	TLP005142	2223	0.6920575497017337	0.635993784852894	0.5750452624643348	0.3188670969520336
Green	TLP005143	4419	0.5510692151925687	0.46084338170629113	0.4283826657425146	0.17251005517548143
Green	TLP005145	4302	0.5457264995691637	0.41943955438011754	0.41437370042921934	0.19626552369056796
Green	TLP005146	1649	0.5475526367568953	0.48026267654134686	0.46374627743135277	0.14335535757322132
Green	TLP005147	6177	0.5579554804435312	0.4736324843613575	0.46427604475996603	0.1762317915198628
Green	TLP005149	4068	0.5425973255703668	0.48356468445086415	0.4261266835434056	0.147614201659019
Green	TLP005150	3619	0.5683200353959659	0.4552797523124832	0.42533857769392097	0.22069872071617727
Green	TLP005151	3642	0.47962823922632264	0.4227729754616111	0.4435794309077524	0.08116037927454643
Green	TLP005153	4179	0.5293302107205624	0.43224520989851617	0.4178917232467971	0.15473518242381992
Green	TLP005154	3355	0.519219928507529	0.4217899688773631	0.42264001831423315	0.15488456763839403
Green	TLP005157	4580	0.5600953663455912	0.40032742244479136	0.39996303298760655	0.23697040579578027
Green	TLP005159	4210	0.6087879152552779	0.4997452953193081	0.4525291503142326	0.23199445051375617
Green	TLP005160	4493	0.5336288781252653	0.448034584768074	0.44970860943049473	0.15213148131559467
Green	TLP005819	3827	0.5134778133101687	0.4444787459571093	0.4197661155014708	0.13008949283011637
Green	TLP005825	3107	0.5044722783049312	0.3755205672888541	0.4009846566381669	0.1737872155036077
Green	TLP005828	4784	0.5874852932290647	0.47780521989026703	0.418818305790073	0.2741029885739908
Green	TLP005839	4738	0.5365466278994742	0.44642730074292813	0.42813311345025645	0.16819022180095702
Green	TLP005854	5834	0.4942989324312526	0.35144165345275397	0.36290570719546156	0.19015207909786544
Green	TLP005879	4631	0.5450113389108344	0.4330419068120975	0.4220670509664639	0.20059459299338067
Green	TLP005891	3443	0.5520090867285365	0.45004569614027085	0.45276310495536093	0.1635593930240818
Green	TLP005898	3354	0.5658308267611221	0.47637158164272064	0.42416065752174803	0.18988389041096854
Green	TLP005904	3707	0.49910086496537887	0.3904409443282631	0.4185688627336228	0.14014550504070658
Green	TLP005918	3285	0.5526785580541089	0.4359365207890716	0.45535516556405925	0.18127710475550893
Green	TLP005919	2129	0.5256085340363059	0.4273605777111278	0.41735502381018885	0.16897170441382456
Green	TLP005943	4167	0.4962773902620851	0.33514406703977945	0.3605046122080034	0.17589694162760178
Green	TLP005946	2693	0.5403862571414065	0.5068564480160705	0.4675814211120317	0.1311806545908093
Lau_2020	AD1	5548	0.6397058785393033	0.4557709451203589	0.4366775527575778	0.3519958060521501
Lau_2020	AD10	13717	0.4927765502658159	0.33736210751480045	0.40685928007050653	0.1734133674647229
Lau_2020	AD13	998	0.6645362109314155	0.5377742328437404	0.43213239390999825	0.36010704467625543
Lau_2020	AD19	2776	0.5755116948185758	0.44860414653291336	0.45362596405168104	0.22487425870772335
Lau_2020	AD2	14150	0.6257827001980434	0.36801530677478367	0.4356240953077116	0.3610675743311038
Lau_2020	AD20	8631	0.6281584391698316	0.48041045832071516	0.48127248689308655	0.2873413147730378
Lau_2020	AD21	4727	0.547741002908348	0.3835254564769502	0.35875420255996326	0.2410464579127921
Lau_2020	AD4	4940	0.5966369792892067	0.4404768418550733	0.42243874539928256	0.2743706355789656
Lau_2020	AD5	11388	0.5994935673107026	0.38237800330443406	0.4627854891492602	0.2850576864580525
Lau_2020	AD8	1526	0.7476575155899398	0.6226343047555158	0.44067029330291296	0.4740067803549988
Lau_2020	AD9	7589	0.626150014106373	0.4181122163296558	0.38431405139214425	0.33195902481278083
Lau_2020	NC11	764	0.7081373727289887			0.44683585892975425
Lau_2020	NC12	14336	0.5998553902132864	0.37125051777254275	0.4139422676425614	0.29234462992142896
Lau_2020	NC14	9966	0.5059391060368859	0.3438678195127384	0.39012732926418703	0.20200386533158946
Lau_2020	NC15	7512	0.5059821146394631	0.43628248017601	0.4768607698609328	0.1329047361905085
Lau_2020	NC16	2483	0.6352590797205269	0.2905405896707299	0.4007011889072801	0.3355390465357819
Lau_2020	NC17	13045	0.5569400650262312	0.3680016567599109	0.4147448443027948	0.23563502027223523
Lau_2020	NC18	11242	0.6777088992958432	0.49476647564290105	0.4560300819570241	0.36946446246320636
Lau_2020	NC3	5498	0.5952007151635607	0.4696173550162956	0.4957665646050532	0.26273896059058344
Lau_2020	NC7	5847	0.5113744544955111	0.2992606370986054	0.3753348755211102	0.23336478846287467
Leng_2021	1	1251	0.6716595734375335	0.23648069433104563		0.3288155161926666
Leng_2021	10	6998	0.7322743816805243			0.38580163669282774
Leng_2021	2	5023	0.7894503995475026			0.4841531026586849
Leng_2021	3	1319	0.8168366749109464			0.5043304163424311
Leng_2021	4	4125	0.7788924961260753			0.4544964635761043
Leng_2021	5	5667	0.7946374705668209			0.5226255181847674
Leng_2021	6	3190	0.7389473016871784			0.4364302253643195
Leng_2021	7	3980	0.784479260852932			0.49592098031529647
Leng_2021	8	11688	0.7701259582457624			0.44220016434780285
Leng_2021	9	10100	0.7948682275192688			0.5035299986459386
Mathys_2019	R3177264	157	0.7335524906999008			0.3845091632566375
Mathys_2019	TLP000562	656	0.6360783731498885	0.4674332212229524		0.2729362497212728
Mathys_2019	TLP004124	787	0.7232235328988038	0.5936097706012342	0.4662894190289977	0.4169877086737394
Mathys_2019	TLP004205	1118	0.5452891840243271	0.3344847073911339	0.36361072790140037	0.2768064529106565
Mathys_2019	TLP004208	1000	0.592382039809011	0.4530978875209678	0.4289260118323881	0.2537676324099149
Mathys_2019	TLP004221	1180	0.5879566585324657	0.4840045111382427	0.47506327725763786	0.19950681800484998
Mathys_2019	TLP004233	727	0.5609339457802159	0.4250580149425521	0.3617580414000858	0.24984130455091194
Mathys_2019	TLP004247	1699	0.5366001935230197	0.41347278540134647	0.4442594145084421	0.2026680036844664
Mathys_2019	TLP004263	684	0.5547552574055301	0.3700666052550913	0.34989569415495825	0.31842425105689337
Mathys_2019	TLP004296	727	0.5776632790030417	0.40468356680588835	0.4679254720414819	0.2644698735977466
Mathys_2019	TLP004309	811	0.669286194742332	0.4741516890422263	0.4314446020476634	0.3706642956892566
Mathys_2019	TLP004439	322	0.6064509222907196			0.2601797955560139
Mathys_2019	TLP004468	718	0.7363380427734847	0.401806796213373		0.4023676343329758
Mathys_2019	TLP004511	138	0.6705006401631164			0.3227700749941295
Mathys_2019	TLP004534	922	0.6800781569405416	0.4859192403624534		0.3486311344307364
Mathys_2019	TLP004548	442	0.47969221660372735	0.3586203752498401	0.41800339347898113	0.16205937082018104
Mathys_2019	TLP004568	1474	0.7036636616447302	0.43213767317420687	0.3983064331566152	0.48591365645326856
Mathys_2019	TLP004571	2468	0.5973075936847333	0.423671855002973	0.4120863301040796	0.2986399210772309
Mathys_2019	TLP004636	1227	0.5343225547295908	0.42234153015559084	0.4416029558032081	0.187530834376659
Mathys_2019	TLP004668	575	0.5632311532207558	0.4050413602032361		0.21392185236810254
Mathys_2019	TLP004670	1346	0.7225949579570801	0.4493962582163233	0.4312853962649623	0.4814578513297247
Mathys_2019	TLP004672	1362	0.5700563698195595	0.3631374702341202	0.44647663097874357	0.27555578618115595
Mathys_2019	TLP004681	594	0.6785958076252928	0.522283667984631		0.3004642382307537
Mathys_2019	TLP004689	1644	0.5885989061938403	0.474429788542586	0.3773816409771473	0.20413059888035967
Mathys_2019	TLP004698	1482	0.6319151774339442	0.4590494949623981	0.406085631268989	0.321522293258063
Mathys_2019	TLP004770	486	0.7297510037856045	0.4395849299240433		0.4598485252096442
Mathys_2019	TLP004782	1436	0.6690980273781338	0.4715627084616194	0.4714412740369487	0.39798314336751567
Mathys_2019	TLP004837	1750	0.694664529045272	0.42033958118092174	0.3837458064518354	0.4658641532112175
Mathys_2019	TLP004858	321	0.5153272676053152	0.4549609880680171	0.3988979786076387	0.1553436712223926
Mathys_2019	TLP004884	1108	0.7783128594223173	0.5778653591835108		0.5215657547223314
Mathys_2019	TLP004896	1161	0.6885478929366796	0.45675505974392616	0.441928313135173	0.4396028290641632
Mathys_2019	TLP004995	665	0.7004163221342404	0.5694802965225885		0.3487216188712365
Mathys_2019	TLP005003	343	0.7472529056700231			0.4351504687010909
Mathys_2019	TLP005044	1247	0.5718653730316073	0.4022895365243103	0.4220852512911381	0.24421645546791995
Mathys_2019	TLP005051	1832	0.5952927911549158	0.4162761644287736	0.4200073330751373	0.29267174451586064
Mathys_2019	TLP005064	402	0.7316097782966307			0.41876853580266005
Mathys_2019	TLP005090	1465	0.6409478419983267	0.41991056886111555	0.42749891364017667	0.3377012385204395
Mathys_2019	TLP005108	255	0.621096295658619	0.40870266389613225		0.3182970644613904
Mathys_2019	TLP005133	771	0.7793353924724608			0.49146798504972755
Mathys_2019	TLP005136	905	0.5275781824110397	0.45161727070343616	0.41351133469012463	0.17118677049415312
Mathys_2019	TLP005149	726	0.5358171571575244	0.4356133098100398	0.3928568222280719	0.18125362823025912
Mathys_2019	TLP005281	3049	0.5866244380631455	0.4669246691837266	0.4444420480529577	0.2175458430675033
Mathys_2019	TLP005284	1399	0.5230916514224964	0.3975188162788433	0.3828288302925572	0.17802611715522398
Mathys_2019	TLP005290	1317	0.5358966941126903	0.39190479617943197	0.41948932807997824	0.20919232346988162
Mathys_2019	TLP005299	902	0.5346150274525497	0.47970248952145045	0.4434561243529852	0.14425950676285235
Mathys_2019	TLP005313	1520	0.7613531223523444	0.3697218346263311		0.6073020577589605
Mathys_2019	TLP005891	1050	0.6596743609971523	0.5183909676520968	0.4545093519210698	0.32714914370556597
Mathys	TLP000562	653	0.6338117254694803	0.4768893153401595		0.2749773251490273
Mathys	TLP000571	2184	0.4880968281377803	0.40332161752731144	0.36625170469262525	0.1509651211338501
Mathys	TLP004124	4080	0.6790446521520132	0.5350188259485691	0.47169173054269553	0.4067285088423486
Mathys	TLP004205	1117	0.5448059487235124	0.34857336315200715	0.35949086155443327	0.2653308108557272
Mathys	TLP004208	998	0.5966929373022761	0.46374290533248225	0.42927491602270856	0.25850265489004404
Mathys	TLP004219	2702	0.540220405508507	0.519621961142339	0.48431301860112747	0.11505890940039376
Mathys	TLP004220	4222	0.6384943813332771	0.42351043959445034	0.4265251530677905	0.41422554182827653
Mathys	TLP004221	1180	0.592813111978763	0.4917268814537812	0.4658976668881813	0.2042806934957427
Mathys	TLP004222	5586	0.555123425824878	0.3978859550059827	0.4249641102465726	0.22475725239831618
Mathys	TLP004225	5475	0.47881501225871703	0.3795233083768137	0.3597351791083787	0.1584890422620556
Mathys	TLP004226	6076	0.6844457777604407	0.5135188444208502	0.4567915006538751	0.42594000440646806
Mathys	TLP004231	5251	0.5749797133345643	0.3827001606652849	0.3879207679715931	0.3169793068631756
Mathys	TLP004232	5181	0.4643621364379234	0.3400779163022185	0.36024921198698123	0.15922373589696198
Mathys	TLP004233	726	0.550135154944836	0.42716943400817087	0.34731539145654455	0.23764080120527287
Mathys	TLP004238	4202	0.6695565583003463	0.47161729494655286	0.468588667226467	0.4387089177252978
Mathys	TLP004244	11267	0.3368077932393033	0.1919707901948373	0.27519565844967026	0.05481219317964892
Mathys	TLP004246	7454	0.6730140664790669	0.5041935670832964	0.47602409890776487	0.38914516009338035
Mathys	TLP004247	1691	0.5207638862957134	0.40036540462739917	0.4141382134313579	0.1911378356240187
Mathys	TLP004250	4959	0.6256056753993824	0.42074080042805373	0.44966589603446544	0.3713349898564337
Mathys	TLP004251	3848	0.555196306704071	0.35074469542099007	0.39112371407225355	0.3035657854985577
Mathys	TLP004257	3392	0.28323765484601193	0.19917770369935917	0.4898327501649521	0.0707527511998324
Mathys	TLP004263	673	0.5360597245108326	0.37124224441900316	0.3340038720451216	0.2785996471648979
Mathys	TLP004266	2801	0.43121959016384265	0.3170102687893106	0.3655574148312194	0.13634379645053973
Mathys	TLP004268	11393	0.2579659642541889	0.21616964751110196	0.4336817785690271	0.02449168167760383
Mathys	TLP004271	13104	0.43392143283945883	0.290850096808499	0.4197943363592022	0.14200749710998184
Mathys	TLP004275	2756	0.7372643314689719	0.4973407214676224	0.49145625864598763	0.5547938482343759
Mathys	TLP004278	4039	0.4521010770814771	0.3443910289945539	0.3765397053545713	0.15423576125799449
Mathys	TLP004279	3788	0.569540046268855	0.4315933542662667	0.341814263185497	0.2512528986751584
Mathys	TLP004280	1434	0.677060940702516	0.5815614758627453		0.3509444011598178
Mathys	TLP004281	4482	0.6501595445789171	0.3866748575627067	0.4181691292973777	0.46493274484690483
Mathys	TLP004282	8094	0.5167484745151648	0.3835752820849303	0.37308252074481796	0.19235636567494596
Mathys	TLP004283	4737	0.5222731393241017	0.41575780803492707	0.4046522735772061	0.1916802736639743
Mathys	TLP004284	3382	0.6311739854128774	0.4285766863017171	0.42160861769343627	0.3922246107718061
Mathys	TLP004289	4789	0.6927712616777577	0.4520808053788846	0.4178248518168304	0.5016045564429441
Mathys	TLP004296	726	0.5801657623395904	0.4071074737579907	0.4676762042170035	0.2710650633703584
Mathys	TLP004297	4403	0.5737793364595846	0.4977573886514516	0.45691781028645057	0.22299266934086062
Mathys	TLP004299	6482	0.7591489944824331	0.5936483424852076	0.5259338266913056	0.553750863633908
Mathys	TLP004300	4125	0.5258695412059987	0.3934063329778513	0.4078935795639842	0.2002537263296918
Mathys	TLP004301	6393	0.5991673276785936	0.45950731574776316	0.44362423827812436	0.2971278013906652
Mathys	TLP004307	6663	0.6499683229135639	0.42937496510480944	0.44143585529653157	0.3753334998248081
Mathys	TLP004309	809	0.6648403047837567	0.4594963242806355		0.36938686648102653
Mathys	TLP004310	7077	0.5486591597825431	0.4094096647094313	0.3842223552516245	0.2572522897070489
Mathys	TLP004311	4477	0.6030540537367688	0.4316576201484424	0.44815830375672294	0.3161303405238643
Mathys	TLP004313	399	0.4739520865327845	0.33091297064949543	0.3821463842416357	0.18467194188506333
Mathys	TLP004316	3222	0.6214001401619362	0.5094548810939992	0.48566366570991626	0.29137012940975127
Mathys	TLP004319	4251	0.6061283834091602	0.42584195347164217	0.4321757122916817	0.26900889867054906
Mathys	TLP004322	4184	0.5273752303926168	0.42570914438877233	0.4281766168762323	0.20179289239769208
Mathys	TLP004325	4845	0.8716327814708505	0.6210540961958231	0.6079583406082418	0.8206016942285356
Mathys	TLP004326	4558	0.5023454537570842	0.41430739314870285	0.39792602631108154	0.15557042214397826
Mathys	TLP004328	5525	0.7624887580120201	0.5284954475093806	0.5001022795531822	0.5926858843516911
Mathys	TLP004332	10836	0.4749370145913897	0.36891398242801554	0.35567857119338375	0.16425363571097595
Mathys	TLP004333	3666	0.6612097177362557	0.4692858085179951	0.4168107779828141	0.40069115319060516
Mathys	TLP004338	10184	0.5478078986941413	0.40769977567676324	0.42507519861684695	0.2462780077832774
Mathys	TLP004344	11017	0.6155285415713679	0.4984501571925497	0.4403577494342349	0.2892506416513534
Mathys	TLP004356	10522	0.5496167823927269	0.42418981681712786	0.40100769264983976	0.23668468699445738
Mathys	TLP004426	3452	0.3767798440629125	0.3098934714083531	0.3599438045933094	0.07278705373712425
Mathys	TLP004432	3031	0.5858874673279857	0.398902772478489	0.415754626433725	0.3384541008972438
Mathys	TLP004435	1646	0.503495095910688	0.4051617833233855	0.38325900039519745	0.176700025839098
Mathys	TLP004439	322	0.5949897922845269			0.2417444272118365
Mathys	TLP004441	4570	0.6154923498152035	0.500448328265954	0.5006802578747442	0.2638473358218297
Mathys	TLP004442	4574	0.5903615717825105	0.40932354653232417	0.44691562472978935	0.3213378946045489
Mathys	TLP004444	6036	0.6156744618628504	0.4627529600807877	0.4273181520903072	0.34176474532621837
Mathys	TLP004456	6019	0.7844396339198767	0.526915109396575	0.5339717584289769	0.6391337742639646
Mathys	TLP004457	3568	0.684922272583971	0.5437487654797659	0.5052935319239182	0.40251039608439476
Mathys	TLP004458	5486	0.5033037450267349	0.3820541823344138	0.3670890464786506	0.1887122170497162
Mathys	TLP004459	2601	0.4393727062863909	0.2853402044779837	0.33820508636079183	0.19784878913913342
Mathys	TLP004462	4169	0.571791252143021	0.3903725213944842	0.4018413559859203	0.30768602710436105
Mathys	TLP004463	3108	0.5566564756154526	0.44495069398659987	0.4116340427729283	0.24533044997728626
Mathys	TLP004464	5110	0.5895307605998724	0.4385738478817052	0.4652289423085787	0.27422728575158883
Mathys	TLP004468	719	0.7428017046439249	0.41947699048394765		0.4215537238647425
Mathys	TLP004469	3885	0.7310563245769146	0.5198586917242729	0.47497077447107894	0.5268565221953849
Mathys	TLP004470	3579	0.5242681994187316	0.37081542176852644	0.4486805039612608	0.2130222102952475
Mathys	TLP004471	8383	0.6863420311733103	0.49210468612663866	0.4309362483005611	0.45018243350928794
Mathys	TLP004475	2701	0.6532695765856336	0.3884285393926764	0.41759927555342846	0.35267104256891524
Mathys	TLP004481	10674	0.2156312463919611	0.19398856012982005	0.44213283043579676	0.01764612524238794
Mathys	TLP004483	976	0.6413094044351441	0.2990145629150518		0.34423145483586254
Mathys	TLP004486	9111	0.535733668590252	0.4205906405029669	0.414576502274131	0.19869558048068875
Mathys	TLP004488	1939	0.8652657344406565	0.6848349619756742		0.7962016972383393
Mathys	TLP004490	1529	0.8180516927791214	0.7313428800785335	0.5522284684486474	0.6262448068978552
Mathys	TLP004493	2678	0.6652123147997867	0.5092134364875442	0.5229411549359264	0.3716457918107009
Mathys	TLP004496	5843	0.7038435447873085	0.5374618793920605	0.4897134605398987	0.4632230698345864
Mathys	TLP004499	12080	0.5903967327043708	0.45337587540287055	0.46542424650378833	0.24493206174586335
Mathys	TLP004500	4370	0.6572335463130794	0.5696340891577443	0.5012066758362167	0.3190158833393865
Mathys	TLP004501	4829	0.6811776007079704	0.5372495716939867	0.4817690362715571	0.4077162584416955
Mathys	TLP004502	2222	0.7162433546352448	0.4944507947982787	0.43247390542212416	0.48539601787164693
Mathys	TLP004506	5480	0.3037529037079667		0.27194893643837986	0.031640226952945744
Mathys	TLP004508	2767	0.6411811884053635	0.3667014044336301	0.32730299266260343	0.44548493995884475
Mathys	TLP004510	5644	0.7282067353620318	0.49406944275836406	0.44961792294228786	0.547623083263579
Mathys	TLP004511	138	0.6802588680997915			0.3376745493712516
Mathys	TLP004512	1806	0.6738272869306696	0.5280673103599111	0.4430537207235507	0.4002666466929447
Mathys	TLP004514	2129	0.6333415531444587	0.5085442876255238	0.44966117235929337	0.3058651144441713
Mathys	TLP004517	6343	0.603204362891932	0.46515210313832966	0.4376726747091683	0.30425606090955815
Mathys	TLP004520	4548	0.5057797957824374	0.41184029628509056	0.41864610739003205	0.163091156565774
Mathys	TLP004521	3965	0.3254648801546922	0.1919707901948373	0.2710003558593451	0.06650121777119307
Mathys	TLP004524	4190	0.5344890371754306	0.4251198627454845	0.39492511009556297	0.2395174730827377
Mathys	TLP004525	3396	0.6956605426031613	0.4517395868126463	0.4116826438732264	0.5039129277397102
Mathys	TLP004529	4082	0.7057501751657934	0.44274495386465657	0.4691664062978632	0.46849986938215055
Mathys	TLP004533	4156	0.6393130907083484	0.43736703394806803	0.4209140126870865	0.4059601006709563
Mathys	TLP004534	922	0.6841789283196699	0.4906107971889858		0.3581177317907511
Mathys	TLP004535	3821	0.5058682227999981	0.3490463397051502	0.3549799157086543	0.22108157017227467
Mathys	TLP004536	9073	0.541739735517108	0.4262222434915525	0.44955981153262825	0.199326876330771
Mathys	TLP004538	1404	0.7774382962059496	0.47244358607392833		0.6192075620800912
Mathys	TLP004543	1910	0.7121930928089962	0.5674395517053666	0.46333884803312736	0.43818102643404616
Mathys	TLP004544	8162	0.5430133243544298	0.44800713163138284	0.4159819611750625	0.20767738577941358
Mathys	TLP004547	1856	0.8182807754052492	0.7600045859222457	0.590524289126817	0.6039903896249185
Mathys	TLP004548	442	0.4850927086583681	0.37034563513323226	0.39903598312926924	0.1695692372912907
Mathys	TLP004550	11594	0.6419024715964433	0.5303900474242802	0.48869703572313883	0.3224729463825449
Mathys	TLP004551	5626	0.6309685076941007	0.426601438593911	0.38732756602276136	0.37762972564455843
Mathys	TLP004553	4507	0.6321254822020501	0.4692867225154999	0.4813314613594785	0.34421508677538365
Mathys	TLP004556	3729	0.6033315949193817	0.4908619234756003	0.43561016121190665	0.2961081699002463
Mathys	TLP004557	5144	0.5894421255678136	0.45059404805418823	0.4602816501167766	0.2549344640847125
Mathys	TLP004559	5454	0.5886408343738647	0.4360382466787054	0.38562891387200926	0.3130943704307276
Mathys	TLP004560	4008	0.7280715729804494	0.5106149861769835	0.40792153385123314	0.5387191042284811
Mathys	TLP004563	3172	0.6193955642404405	0.4726823705429334	0.4204404227551331	0.33409550789841763
Mathys	TLP004564	6258	0.8056879000236515	0.5742318967003776	0.528913422275975	0.6688159815703769
Mathys	TLP004565	4070	0.6434995871325907	0.48211723600720174	0.47296820710100895	0.37121161295863236
Mathys	TLP004566	3077	0.5520729768705464	0.3745428861413548	0.3965722503849134	0.26057878157930225
Mathys	TLP004568	1473	0.7041934329582606	0.448798135119494	0.3948396673698415	0.46336589360296754
Mathys	TLP004570	11563	0.7522237120040007	0.500201415470396	0.4659734152850317	0.5583618773701801
Mathys	TLP004571	2467	0.5991852519575736	0.4290176460267772	0.4156597230069048	0.30283716423647933
Mathys	TLP004575	3217	0.7048572459589526	0.4207657871796561	0.43456337116681254	0.48828693184439736
Mathys	TLP004577	4778	0.712389306666035	0.5061275538714087	0.4651376793630082	0.464219954822548
Mathys	TLP004579	4547	0.7691665545393358	0.5628442871475817	0.5056774859147051	0.5785302411996568
Mathys	TLP004581	5038	0.7617168473801208	0.5298341340414272	0.4963550447810325	0.5834624529399799
Mathys	TLP004582	5940	0.5890261520203318	0.394808695335703	0.3955212497098921	0.33679925675704114
Mathys	TLP004584	6702	0.7125036642074611	0.5184173714743001	0.4625570671126212	0.4777723991548005
Mathys	TLP004586	7809	0.6015546678561503	0.41566192064744834	0.42851008878526586	0.3233284496819994
Mathys	TLP004594	5462	0.5046856265633303	0.3515146257594093	0.3672466393970402	0.19710330433653034
Mathys	TLP004595	7191	0.5790226761059947	0.44225573167285326	0.38699584828372596	0.29486340835708824
Mathys	TLP004599	9669	0.7038857251333069	0.5191662887290474	0.4876722086171288	0.4527837357038586
Mathys	TLP004602	3836	0.5230908014436025	0.4026175314408489	0.40138339244407034	0.22106915887073245
Mathys	TLP004605	4908	0.5950967896018133	0.4089331327546035	0.4111992856098804	0.3366606502992165
Mathys	TLP004606	5599	0.7084442388696225	0.5278333504212311	0.4919060665055012	0.47784153504285237
Mathys	TLP004608	8572	0.5643377542152128	0.43213991653820116	0.4536683111607113	0.19613348331223984
Mathys	TLP004613	1598	0.6778399854240833	0.5393575583578857		0.37933658292256767
Mathys	TLP004616	19319	0.5856356055031986	0.48317342798860674	0.43465712068320606	0.22073505116475736
Mathys	TLP004619	4933	0.5481604035852256	0.4153821515965682	0.4276725211557911	0.2360071365390851
Mathys	TLP004622	4923	0.49289647746925863	0.35118451856920674	0.373278119227078	0.2072522500390044
Mathys	TLP004623	993	0.6050672263490731	0.41839972224885713	0.4284625252661132	0.3495612274878235
Mathys	TLP004624	12579	0.5415807578442928	0.40611660724015025	0.3916058290373353	0.23588471819879744
Mathys	TLP004626	5962	0.6124855055256786	0.4615857530505133	0.4464401175487047	0.3233302385985853
Mathys	TLP004627	1847	0.4954508446659925	0.22279597542063517	0.3018074687479615	0.20575403764169828
Mathys	TLP004629	4419	0.5594325159710277	0.41707615676886894	0.39147897185503866	0.28850353318966576
Mathys	TLP004631	2541	0.5509561693973216	0.37724056856474797	0.3516803127584289	0.24243659396067738
Mathys	TLP004632	1385	0.6705477304568653	0.6069517864110726	0.4989075704115181	0.3259003172537228
Mathys	TLP004634	6695	0.6528335942563621	0.4769799152226046	0.4660136797086078	0.3842410275186798
Mathys	TLP004635	4432	0.7675340375374479	0.5547963315131696	0.4404189692803576	0.6011785382515927
Mathys	TLP004637	4122	0.3654902698778967	0.27430206955083675	0.34448941295804686	0.08562104583331315
Mathys	TLP004638	3077	0.4640843394963879	0.2783255096958276	0.37115683512833675	0.1912816509729685
Mathys	TLP004639	4011	0.7621817661212086	0.4627876195595544	0.45224428099024233	0.6235971819330418
Mathys	TLP004641	4281	0.6234087958768029	0.5188759934578252	0.4542370711692708	0.284636680749272
Mathys	TLP004643	2611	0.6206427618295055	0.4315496115985725	0.44162656837132985	0.33300736885598414
Mathys	TLP004645	5307	0.528402925918263	0.34046398989581816	0.3993833059751536	0.25804711683713855
Mathys	TLP004646	5208	0.638527794184213	0.5478802315478055	0.4965755882397581	0.2577193756309884
Mathys	TLP004647	8473	0.47064122877061654	0.3651639138692261	0.37332016542348084	0.14082707013181459
Mathys	TLP004653	4150	0.5716699469365107	0.38526870126303714	0.40746910031615047	0.28078020320038094
Mathys	TLP004654	3142	0.5613308685362669	0.478057464643632	0.47821617378331793	0.20619306258485126
Mathys	TLP004655	7837	0.7664705205944212	0.5037738577474765	0.45362798085200196	0.605763036314052
Mathys	TLP004657	5762	0.7857221093529249	0.5532091257979794	0.48676211070482034	0.6459305203587836
Mathys	TLP004658	1946	0.5110298718564625	0.38160317743149796	0.40628595544858537	0.18626194575166022
Mathys	TLP004660	4608	0.49419310982793735	0.41249740446062366	0.45201681622836004	0.1323717916492702
Mathys	TLP004661	4106	0.5395734149398532	0.44329346128838976	0.44919006172628073	0.20096952543259242
Mathys	TLP004666	8509	0.5694723047996613	0.4187036089360857	0.41372980069530785	0.25246654450652123
Mathys	TLP004668	576	0.5731494333623572	0.4216991739989042		0.22453662725563672
Mathys	TLP004669	5697	0.7014166937915599	0.47223759265187537	0.4510721557071684	0.4903252737492997
Mathys	TLP004670	1343	0.7190397833175853	0.44265886046909714	0.42561001856946995	0.46247314892383046
Mathys	TLP004671	6333	0.5215804901241483	0.363137830427671	0.3848074270278171	0.22448304313913556
Mathys	TLP004672	1357	0.5719859512886928	0.37794130892085165	0.438215573384822	0.27786368555231333
Mathys	TLP004674	4856	0.5902446388043657	0.41113511191212526	0.39909669418614324	0.32346155555446515
Mathys	TLP004676	5407	0.6923621945314433	0.46331847554004635	0.4458673422551306	0.48722093297999325
Mathys	TLP004677	3972	0.5700742216345855	0.4769445343073292	0.4491586018017356	0.22988064896416524
Mathys	TLP004678	3783	0.5456034906349537	0.42879954560985745	0.42550174634518456	0.20327126392974706
Mathys	TLP004681	592	0.6794923649250996	0.532834183764809		0.3009007750024594
Mathys	TLP004682	7822	0.5718407453834029	0.4184389403763795	0.44535286442544364	0.2662122237542067
Mathys	TLP004685	3476	0.8113195802265672	0.46792436233955864	0.4217914341234658	0.7297050184448779
Mathys	TLP004686	7872	0.5523019738077455	0.44041961950404046	0.4204447860791819	0.23843424065077332
Mathys	TLP004689	1645	0.5939019058858678	0.4842776981451559	0.3952090571321628	0.20501774482164145
Mathys	TLP004690	5153	0.5833697598729835	0.4323684642355964	0.42934686524937327	0.28096929468951004
Mathys	TLP004693	4686	0.8290806226798014	0.5647905308288864	0.5001241651968991	0.7392829573502668
Mathys	TLP004694	3718	0.5500623772896802	0.4673757042628106	0.4652415479390509	0.2027447199513606
Mathys	TLP004697	3491	0.6027901729621244	0.3858268045139317	0.40090003796638324	0.29947263805356567
Mathys	TLP004698	1482	0.6269996689564107	0.4551963761899795	0.408121205451678	0.31813852243791413
Mathys	TLP004703	2406	0.6582389541217676	0.4218833753751199	0.43637869572864474	0.4522248988244023
Mathys	TLP004706	4194	0.6071749977736862	0.45253975511170885	0.41405909266406776	0.326533708636032
Mathys	TLP004709	5666	0.7560699482183377	0.5115741458913714	0.47520019057054086	0.5910834273753659
Mathys	TLP004710	2475	0.5511223637480747	0.38943777108076505	0.4186760546827791	0.271643685303835
Mathys	TLP004713	3404	0.5094316721058065	0.39853475975124	0.3978262939097725	0.17102147903223158
Mathys	TLP004714	7486	0.557378294166076	0.4329036288298686	0.4257033536788144	0.24251761203111563
Mathys	TLP004716	4327	0.5566599845713931	0.44623882954871874	0.41016179786163076	0.23854712039354217
Mathys	TLP004717	5206	0.6565981909190535	0.4708030701795665	0.456009340490627	0.40994501181238735
Mathys	TLP004718	3399	0.6136478879979328	0.4038503760865351	0.46138448963716583	0.3020914186421732
Mathys	TLP004729	4149	0.7943274536042162	0.46699675480025526	0.44029126040499483	0.6931594304446692
Mathys	TLP004734	4562	0.7842754313380932	0.41830652985212635	0.39092475480266486	0.6455243063036264
Mathys	TLP004738	2286	0.6407103694207157	0.34411031354022925	0.39625516129808713	0.44551088124365906
Mathys	TLP004742	7029	0.6472058208968661	0.46539965004359607	0.4372432788287045	0.39199265133815026
Mathys	TLP004744	9020	0.2294216424385235	0.2040099784695994	0.4620643985199477	0.016901487319099198
Mathys	TLP004748	3713	0.49522920423604194	0.43137542172616017	0.4309142665561402	0.12570399726761866
Mathys	TLP004751	4740	0.573292661417779	0.3705088254174931	0.34014660984186906	0.31774366981396124
Mathys	TLP004754	3961	0.682128149058201	0.4382541397487261	0.3978508877937574	0.4620040155135644
Mathys	TLP004755	6428	0.7019202814829963	0.4870995667958176	0.45239599019568666	0.4991190634546065
Mathys	TLP004756	9031	0.5934374585864096	0.46968934752742253	0.45331340761604577	0.27867690331943995
Mathys	TLP004759	7950	0.7347239647199276	0.47761682183323906	0.4615153471714608	0.5423930744687803
Mathys	TLP004760	4185	0.6820513889300525	0.5179870693258405	0.49366941245077556	0.4231211746553859
Mathys	TLP004763	6210	0.5052071123708425	0.34226344816672244	0.3505655791456419	0.22003768333909243
Mathys	TLP004766	6717	0.6688578780861185	0.41250043196746256	0.42034336825713287	0.47415650983024976
Mathys	TLP004767	2418	0.541838665164244	0.3082771317593686	0.42335948868420864	0.25773037451879055
Mathys	TLP004769	6118	0.629343599464679	0.4581745108061093	0.4496616967187451	0.3715148707240799
Mathys	TLP004770	485	0.7287054836360266	0.40476742364327		0.46471295990572553
Mathys	TLP004771	8947	0.6264953607106932	0.4690622896978572	0.35458164648385215	0.38000242909621873
Mathys	TLP004773	6328	0.6570964626906337	0.4879875419683771	0.46260758615261743	0.3458797484966065
Mathys	TLP004777	5621	0.617012233925801	0.43592842135558196	0.40887614736624844	0.3293728322555537
Mathys	TLP004782	1431	0.663669551823306	0.45783174996535214	0.46956206570733106	0.39531233575676383
Mathys	TLP004784	3777	0.6337897098895254	0.40891768730018807	0.4382059634287062	0.385845934672741
Mathys	TLP004785	3817	0.6367288550880604	0.5373476768109865	0.4797063140249628	0.27840266575788986
Mathys	TLP004786	4936	0.5947332775117725	0.4251184552010154	0.45102938687226524	0.2991457936605095
Mathys	TLP004788	2552	0.7939471934638542	0.6380649887817016	0.5787866625857809	0.5910136901540287
Mathys	TLP004789	4636	0.7750729697324934	0.5974168749894926	0.5188012889923049	0.5823684144418959
Mathys	TLP004793	3878	0.8224699746823716	0.5383293757743866	0.44340271993779357	0.7367158716381713
Mathys	TLP004796	4708	0.689522135043946	0.5495720905386945	0.4987081122822811	0.3985999105545893
Mathys	TLP004801	3424	0.7511752936673727	0.5133482007553525	0.45017248270448407	0.5985587413332442
Mathys	TLP004802	3828	0.7331413060283194	0.5451243600165563	0.50496360009856	0.5226984476332358
Mathys	TLP004805	2522	0.5463364831840302	0.37903559648905183	0.40278337132796677	0.2792794969546675
Mathys	TLP004806	3871	0.7336270977693168	0.521291943572318	0.4463443738474385	0.538660800192231
Mathys	TLP004811	2763	0.31225937773532836		0.27010593179454756	0.03558698135625611
Mathys	TLP004813	6115	0.5208177043214016	0.41455385327883876	0.40781641061427965	0.18914082988945852
Mathys	TLP004814	3116	0.591855617265357	0.4106982918006765	0.45067493613461546	0.33020073375275333
Mathys	TLP004816	8824	0.7201610251341858	0.5011886883620418	0.4492527764317568	0.5202190027602525
Mathys	TLP004818	2686	0.5081512186406227	0.41209644935276557	0.41772247767907655	0.16373823680267122
Mathys	TLP004821	3815	0.791817578558901	0.4852562503929564	0.457427918435518	0.6734437350410322
Mathys	TLP004825	3765	0.7721030887579392	0.45235955666852823	0.39876656397888127	0.6511565864658013
Mathys	TLP004828	6437	0.8186734442815102	0.5865979938522359	0.5185041957149272	0.7017471931576668
Mathys	TLP004830	4368	0.6959518078106681	0.4767974502736694	0.45300246145745426	0.4713471934369136
Mathys	TLP004832	3862	0.7165731619739978	0.45111019928982926	0.41824680731699687	0.549224800007616
Mathys	TLP004835	6325	0.555313532345266	0.43094693268375284	0.37668979354671184	0.2474539708239639
Mathys	TLP004837	1747	0.6877457183234444	0.4312729081651946	0.38220923117283495	0.41968471945413643
Mathys	TLP004841	4083	0.5831865526485509	0.45059581014707684	0.42933543292127063	0.2989892866559056
Mathys	TLP004843	5656	0.7281439284226875	0.4769732193948848	0.4050469465221243	0.5588371351746199
Mathys	TLP004844	1444	0.4605037085750561	0.35743029659191095	0.3813614333469235	0.12612984559329496
Mathys	TLP004845	3922	0.4770637040965361	0.3530264142512683	0.3623733060798664	0.1801417673489779
Mathys	TLP004849	6269	0.6196252983769568	0.46294942393511307	0.4228408772509109	0.34968859404451363
Mathys	TLP004850	4608	0.46585832556705725	0.3298651033261368	0.39318077402369694	0.15993171980216694
Mathys	TLP004851	8153	0.510554044172212	0.3808875401720029	0.386155410935242	0.19867579965007484
Mathys	TLP004853	3354	0.46296526933798704	0.3645344412808357	0.36178890612335074	0.1509259912549103
Mathys	TLP004856	5864	0.658048682118015	0.4845271656665913	0.4649337759318424	0.39571970107417986
Mathys	TLP004857	4778	0.5231976603902336	0.40191025029768307	0.41689088890818526	0.21384692386802498
Mathys	TLP004858	321	0.5132950535258777	0.4639886852799714	0.3938793930827122	0.14200199342607753
Mathys	TLP004860	6430	0.5950668000166401	0.4114837639979113	0.3826687385536882	0.3317036065737198
Mathys	TLP004861	19699	0.3621437969339823	0.27809907959946	0.4733844031532647	0.06926923109923355
Mathys	TLP004862	4274	0.5688455114265877	0.41077670122819215	0.40849944092131996	0.28551593390719604
Mathys	TLP004864	4441	0.5245556563257554	0.36833344311341587	0.3788489418851968	0.23392681020535766
Mathys	TLP004865	5142	0.6436121543064753	0.5754506397757723	0.5109130308267975	0.27918614620415855
Mathys	TLP004866	2236	0.7047897450564073	0.6098397408119927	0.5237625256907024	0.39167953016745777
Mathys	TLP004867	3729	0.7616681693334858	0.6175011244619935	0.5701392995514079	0.4951292943058649
Mathys	TLP004868	15460	0.660820107473558	0.49094157611475187	0.45275537571273305	0.3869238227371497
Mathys	TLP004869	1900	0.7215479876983831	0.5156001759013028	0.4789891835357369	0.5226854750384685
Mathys	TLP004870	10696	0.4264847047701043	0.3393789909732118	0.4071804783518887	0.09941724178117121
Mathys	TLP004872	12491	0.5442026420862036	0.41925157745454655	0.3905262586733581	0.2334363018538512
Mathys	TLP004874	6892	0.6255366582171024	0.4544273499022708	0.38916710237590213	0.36180170600602474
Mathys	TLP004875	4414	0.5122632772180259	0.42830034439252973	0.4002163796265562	0.15117456435529858
Mathys	TLP004876	4432	0.6089257343435318	0.5744350690691287	0.5188380577017786	0.1912166389010191
Mathys	TLP004877	5869	0.7082958217546736	0.4573393879346815	0.41468841976036563	0.5305124445522119
Mathys	TLP004879	8322	0.481672010115458	0.4122004754878039	0.4159072628601588	0.1253086092541555
Mathys	TLP004882	5845	0.6085426953167358	0.4186232460819731	0.40505533512075187	0.3633639464699414
Mathys	TLP004884	1109	0.778153352897893	0.5642659627291294		0.5365871604448335
Mathys	TLP004885	2888	0.5732371900084414	0.45018689547608653	0.42710217603002665	0.2355656796833047
Mathys	TLP004886	12846	0.6111945707902066	0.4786980348215511	0.4351398866143663	0.29385159333005817
Mathys	TLP004887	4244	0.6561230344820876	0.46747628354374804	0.4944773235487703	0.3734316886195918
Mathys	TLP004889	6097	0.6462070800419101	0.46337455270086325	0.42802860511641944	0.39556799863997133
Mathys	TLP004896	1162	0.6832921343211866	0.46308802567726265	0.4412000055146207	0.41459078068689914
Mathys	TLP004898	4780	0.6004757793373178	0.4117281720006086	0.4005834803606901	0.34901283595011495
Mathys	TLP004899	7374	0.5017652644713348	0.3920313472381324	0.4113134226249246	0.18569018788959313
Mathys	TLP004901	4850	0.5511031392581371	0.35916926557781426	0.4152440905176881	0.3025818535314319
Mathys	TLP004902	5039	0.5521480572958167	0.4448217129302659	0.41073028396442135	0.22581091058555394
Mathys	TLP004905	3759	0.48292136660422286	0.3408461855091276	0.34539329516350903	0.1964336978182733
Mathys	TLP004906	2466	0.5099824028751073	0.3949815075760868	0.47130892236035493	0.16994604489760629
Mathys	TLP004907	6183	0.6926822856538581	0.4958430747543541	0.43635172153868673	0.4751075464704845
Mathys	TLP004908	4722	0.5512911349396155	0.3997403877057906	0.4269772440943896	0.24900577218535547
Mathys	TLP004914	5099	0.4964848960786741	0.4068154727612803	0.3844108998537363	0.16398971458486714
Mathys	TLP004916	4674	0.8346035227963896	0.6111714159104192	0.5372072528686508	0.7259992267008607
Mathys	TLP004920	4836	0.49477991786419695	0.4017406299532394	0.4171261029128658	0.1587160648482393
Mathys	TLP004921	2595	0.48560183376432786	0.40402234520957414	0.4057418855312793	0.13534252734342034
Mathys	TLP004923	4401	0.527952697097315	0.41022503961426493	0.3844630757187104	0.2087731033891087
Mathys	TLP004928	25135	0.45576716614433044	0.3416693309573281	0.4794956600321746	0.14183348060021592
Mathys	TLP004931	2333	0.5494795314922778	0.39026997773632544	0.36878479379420515	0.2210950535888804
Mathys	TLP004932	4693	0.45024995358016434	0.35318868680368104	0.3748030835241204	0.13376257599451533
Mathys	TLP004933	2960	0.5431003664194987	0.4191718047424551	0.38409088123098756	0.2449382120624644
Mathys	TLP004934	6245	0.609736814483664	0.4631683734606137	0.3975201055797201	0.2763769286652163
Mathys	TLP004935	6600	0.6643015752589416	0.5122276862897218	0.4776719653463189	0.36575201114054257
Mathys	TLP004937	5819	0.6827464169479434	0.5201895645414023	0.48883230265774874	0.40919607217582404
Mathys	TLP004938	6555	0.29112820453585836	0.19320907893376915	0.2795605751479977	0.021378166038302334
Mathys	TLP004940	13456	0.571045175221255	0.44836785290219366	0.40308002768016604	0.219248937045419
Mathys	TLP004941	4746	0.3263547633386129	0.36719730172986365	0.2750140173814864	0.05306140500362013
Mathys	TLP004942	5740	0.5483875956945994	0.39927699329943506	0.3559040781021656	0.254457823939966
Mathys	TLP004943	6065	0.7228425216753567	0.4911120030480424	0.45559463553493573	0.5343595610774181
Mathys	TLP004945	4366	0.6126790841209481	0.4300213498920027	0.399604989723946	0.3374344395666518
Mathys	TLP004946	4485	0.6345760158058291	0.4244903895331922	0.39320967108155513	0.4088277458814274
Mathys	TLP004947	13638	0.6474266155710507	0.4811342174895231	0.43611491623103016	0.3577083874306104
Mathys	TLP004981	15440	0.5898086887971179	0.4965087150556244	0.452681095213044	0.2220115541416175
Mathys	TLP004984	8667	0.5413908930386796	0.44313510103021214	0.40450007502818996	0.21084111762185212
Mathys	TLP004986	9792	0.5196630014715802	0.3938993914295095	0.3643851508687111	0.20154281594020967
Mathys	TLP004994	13752	0.6098752753555639	0.4582012582212118	0.43259117753081067	0.31726437641861394
Mathys	TLP004995	664	0.7011709774670385	0.5797153890487396		0.35088625677396224
Mathys	TLP004996	4513	0.7389212707653497	0.4838349926358091	0.4438142159684603	0.5916148156015774
Mathys	TLP005002	4292	0.2768260716699548	0.20453232866936247	0.3670379073756822	0.06821688410987903
Mathys	TLP005003	343	0.7352965237782462			0.40393904121942753
Mathys	TLP005005	4116	0.5108301444352964	0.37036668157166275	0.3962958031847573	0.20774254561804553
Mathys	TLP005006	7299	0.6703944992042127	0.49969440135418014	0.46322336008660825	0.42551293734168655
Mathys	TLP005008	4017	0.5252786919020311	0.41822505968442225	0.40856699021195725	0.17187643143513687
Mathys	TLP005013	1595	0.6544126725849982	0.5176016915132851	0.4302521131364142	0.36556621319442484
Mathys	TLP005014	3884	0.7422712096147837	0.4522884344739135	0.4371475097289616	0.5815744724820013
Mathys	TLP005015	6789	0.5282489702081293	0.41267642977717806	0.41634129817934384	0.20511391571792295
Mathys	TLP005017	2721	0.6418442092627675	0.4267696246688808	0.4049279116362565	0.38027486788637516
Mathys	TLP005020	1367	0.5728918668201635	0.36338713208997253	0.4312248938768866	0.270630565228745
Mathys	TLP005021	4875	0.4473576809462364	0.3170089485164691	0.36032351112015526	0.16625491999790917
Mathys	TLP005025	1973	0.6270822297531041	0.47042772966555646	0.43296982104812304	0.3286289925055596
Mathys	TLP005034	6302	0.554310420264617	0.42571762520748824	0.41976173533561345	0.25322424611597605
Mathys	TLP005035	3661	0.5524299630294948	0.404710380841271	0.4077415212750606	0.287216400045464
Mathys	TLP005036	5689	0.42209024566059244	0.28972980821446376	0.32832341351199734	0.1461693148543416
Mathys	TLP005038	3598	0.586564532246705	0.4542072269129551	0.40790123242713794	0.28943661875853893
Mathys	TLP005040	4889	0.5179705910865758	0.37650480327426533	0.3767160376837414	0.21680503834304557
Mathys	TLP005043	5536	0.6255887544951849	0.441617635064521	0.43118538603464196	0.37211308177995256
Mathys	TLP005044	1247	0.5783044357678748	0.41413438182415996	0.42128356564375663	0.2551268998112556
Mathys	TLP005046	4996	0.5478686705915056	0.37750152888610045	0.3925735901367329	0.27983167734434106
Mathys	TLP005047	3747	0.5795972114072885	0.43169973328391986	0.3902697689653549	0.2911481853411576
Mathys	TLP005051	1833	0.5890262675931957	0.41478035890228654	0.4214215335014084	0.29131286725928757
Mathys	TLP005052	4691	0.8164257170456958	0.5427359139208129	0.45927211705984977	0.7276287574887211
Mathys	TLP005055	5701	0.5087720729095065	0.3743037444108807	0.3848784918269236	0.21421857443194275
Mathys	TLP005056	5597	0.5922243861659232	0.4769003984073974	0.46135216515711147	0.25215958472049355
Mathys	TLP005057	3527	0.568515990743766	0.46496991258419185	0.43487658481735875	0.23529503245285496
Mathys	TLP005058	6708	0.48501141120838354	0.3463407646321641	0.35084521279382364	0.20169751523679758
Mathys	TLP005059	5752	0.5884670454896082	0.3772810315210985	0.4078951056601812	0.32603769558951834
Mathys	TLP005060	5063	0.70938582134392	0.5763738439198405	0.5255355643606963	0.43041529028358727
Mathys	TLP005064	402	0.7356405902046003			0.44087814625545335
Mathys	TLP005065	3950	0.8017248316397806	0.5474345581026043	0.5215715697359875	0.6703981644085124
Mathys	TLP005068	3288	0.6919496156218855	0.5114050044753367	0.42629522096620254	0.4337796444180621
Mathys	TLP005073	8001	0.32435819112784603	0.28524401704433905	0.383098147367108	0.033608742542393155
Mathys	TLP005076	4906	0.6616993932656602	0.4906111711465679	0.48200920120703894	0.3990575116494213
Mathys	TLP005087	3016	0.6304307107835349	0.5010501868892465	0.47715409165875955	0.30108028806350307
Mathys	TLP005089	6497	0.7598185793163841	0.4585595842716729	0.40404299715965375	0.628769145868417
Mathys	TLP005090	1468	0.6440779305345474	0.4300713165618966	0.4254400697540708	0.3419936008082709
Mathys	TLP005093	12038	0.5626966928408708	0.41254823697513093	0.4060133811240998	0.27551395155133546
Mathys	TLP005094	5190	0.4539892831763455	0.38777383630698053	0.43944236725438257	0.11296636453585959
Mathys	TLP005095	2855	0.7401088252791833	0.5337160204619672	0.46189538407947334	0.5490801793116723
Mathys	TLP005096	3109	0.5955957589408744	0.48872060024198966	0.45776246399991755	0.2558126893527615
Mathys	TLP005108	255	0.6081371547748082	0.4000095237721995		0.2974051259707357
Mathys	TLP005110	5410	0.5634020566942076	0.365745659583703	0.4008960290162163	0.27692603226698304
Mathys	TLP005111	5741	0.5248096954008279	0.3814416412039725	0.39379242327216873	0.19382198353716262
Mathys	TLP005113	4475	0.5676236452393826	0.47427540789615596	0.44006837176686137	0.18846420918609522
Mathys	TLP005118	6392	0.30520137059331265	0.1919707901948373	0.2755570690430625	0.034124917984941466
Mathys	TLP005119	3845	0.5010975459536379	0.38596546366938467	0.3888935429708483	0.18025939285798517
Mathys	TLP005121	4888	0.6189979561646269	0.48032288751533087	0.4771523215921494	0.29255957120077636
Mathys	TLP005123	9764	0.573759909059098	0.4572490216535918	0.41389350374491307	0.253381907351426
Mathys	TLP005126	3327	0.8732357510519687	0.6501369975618821		0.83054099332729
Mathys	TLP005129	6357	0.5480756765663667	0.36125878483097734	0.36159551373551857	0.2652819744185103
Mathys	TLP005131	3988	0.5576582538100905	0.389583899794112	0.4414158175297696	0.2587415367981639
Mathys	TLP005133	770	0.7772377257840306			0.4809945666535288
Mathys	TLP005134	2814	0.466940928514323	0.33594128121640593	0.4030143473225257	0.1493785935445751
Mathys	TLP005135	11715	0.5872139584584403	0.49777610228563196	0.45192763767976146	0.23225708706504278
Mathys	TLP005136	906	0.5312166805592058	0.46012118568891747	0.4153626566216777	0.17277777786263984
Mathys	TLP005143	2411	0.8423354012086524	0.5679801665244076	0.5026006725486665	0.7460154262849876
Mathys	TLP005146	1660	0.6726627432441457	0.548331142707889	0.44553704123469473	0.4032952220674818
Mathys	TLP005147	3659	0.44623337259490803	0.3111862886368088	0.3794962333484757	0.15154864843892768
Mathys	TLP005149	725	0.5363130668649897	0.43832006144407276	0.38342681630992936	0.18499210970986407
Mathys	TLP005150	3663	0.6040490106428419	0.3868393676116318	0.3781495047413058	0.3717726696832861
Mathys	TLP005154	5423	0.6715486563832226	0.45427484994700745	0.45434340969377807	0.4334811269950567
Mathys	TLP005157	3620	0.6131858017134761	0.4415970040238545	0.4199364095937921	0.3161372099200656
Mathys	TLP005158	7143	0.6737266083411155	0.48861494196944855	0.4502568783153259	0.4286970196167919
Mathys	TLP005159	6410	0.4632649989388263	0.359232523790876	0.38857189080308685	0.1442183249050323
Mathys	TLP005165	12260	0.5044498026364168	0.39132533921617063	0.4484426178364265	0.16324547818452684
Mathys	TLP005168	4329	0.5029878350108744	0.4003593809071405	0.3818300433707371	0.1602443798060695
Mathys	TLP005171	3655	0.6723135875500964	0.4570351008057715	0.42045462649405846	0.4107893738362063
Mathys	TLP005197	6450	0.5647525502516173	0.4373760216090859	0.4058673866592071	0.24728872232126614
Mathys	TLP005212	5052	0.6100204330899046	0.47063666143645194	0.4328401486459704	0.3035106915286321
Mathys	TLP005217	5389	0.5899658910442892	0.4651748685646091	0.4131404125494132	0.29659054477475894
Mathys	TLP005234	3665	0.42158899767885694	0.3276766205224728	0.3485595070086518	0.10194896580941838
Mathys	TLP005237	2051	0.7315017435933407	0.5281107195929136	0.4551243201276711	0.5260044989501159
Mathys	TLP005250	852	0.47472845491152355	0.30816195187877615	0.35944086194583136	0.21199196675977627
Mathys	TLP005273	1448	0.5355662795791464	0.3882500290641372	0.41898893746605015	0.22450319757354645
Mathys	TLP005281	3043	0.5909577421322344	0.47342553350802324	0.4412620901310632	0.22583624257758855
Mathys	TLP005283	7553	0.6482715298291188	0.5179814761939534	0.4566370054615815	0.3517693368257086
Mathys	TLP005284	1396	0.5283129802328681	0.41442675507235516	0.378663303188228	0.17752781291710265
Mathys	TLP005290	1320	0.5370672391385958	0.3978021352047778	0.419617236118629	0.20730812584499803
Mathys	TLP005291	9069	0.5275507785952898	0.41400953703105037	0.38373659811487626	0.19252713347113484
Mathys	TLP005292	4864	0.7118753648159942	0.4876018751043262	0.4264706777818543	0.4909821502736747
Mathys	TLP005295	4892	0.30100993708132945	0.1919707901948373	0.27788504908579	0.02390874846993473
Mathys	TLP005297	5178	0.46618285187939795	0.3528929926565455	0.381661436206317	0.14873900084346448
Mathys	TLP005299	901	0.5393182879399125	0.49160277179767686	0.4355334407206578	0.13826504926147967
Mathys	TLP005312	5286	0.6251082997539249	0.46748566245803264	0.4643429145615019	0.3453935045070725
Mathys	TLP005313	1513	0.757171557495524	0.3659997966544839		0.5783723365231226
Mathys	TLP005812	7929	0.4688860097465049	0.3728034700264622	0.37426067680373937	0.12537514636044003
Mathys	TLP005814	4668	0.588908124283367	0.4523329719478108	0.40107790993020176	0.29260397232764296
Mathys	TLP005829	3432	0.5554873613365559	0.38816750497301733	0.4469683036460777	0.21954200941276303
Mathys	TLP005839	2990	0.7079263548596552	0.4884712407555964	0.42371341969259463	0.4927501004354606
Mathys	TLP005854	3457	0.5077810657619657	0.436495950113064	0.41109938735993634	0.1560764542645885
Mathys	TLP005858	5166	0.4916946401448857	0.34337142701047285	0.38679707903598093	0.17766968146458278
Mathys	TLP005879	5305	0.5359893522881779	0.3624029290202504	0.39483256401346967	0.2684806456305624
Mathys	TLP005891	1049	0.6571954265029554	0.5206882761901354	0.44419597292762636	0.3228689897312389
Mathys	TLP005912	5796	0.49986259272766453	0.41156344943904866	0.39375772986985735	0.16542712444624627
Mathys	TLP005918	12041	0.6458602687876827	0.48153658230108515	0.4424879504873058	0.36444075310908675
Mathys	TLP005925	4387	0.7932334140043574	0.5678787042289727	0.5442167871839767	0.634677384838053
Mathys	TLP005935	5548	0.493465477836926	0.4316124409414131	0.4382210462908478	0.1181385526701734
Mathys	TLP005942	12993	0.5166655273194475	0.4465238996155163	0.39437966349934517	0.1590701046429713
Mathys	TLP005943	7186	0.3238658885412727	0.24980212205503471	0.2803707971214675	0.0488930993352658
Mathys	TLP005946	4649	0.7105601882171785	0.45574999654537734	0.45375138581529584	0.4964151613926648
Mathys	TLP005952	4181	0.5554557494248438	0.45436956338992796	0.4733884229646744	0.1880577899496317
Morabito_2021	Sample-100	4105	0.7508146556456666	0.4379141566192214	0.41272261927737386	0.6164800882822953
Morabito_2021	Sample-17	2434	0.7983232281998575	0.5539796255353353	0.4564398836298127	0.6550733135644432
Morabito_2021	Sample-19	2325	0.6858330915559673	0.4803698280773756	0.4657075030748916	0.4748281995145708
Morabito_2021	Sample-22	2465	0.8714837098896194			0.8347593897856329
Morabito_2021	Sample-27	3177	0.673599698469824	0.4022448888477814	0.40584975915391575	0.42247172517929665
Morabito_2021	Sample-33	2169	0.6623940710706274	0.4335510551153832	0.420492615631277	0.45673433871766606
Morabito_2021	Sample-37	3240	0.6282841748221805	0.38041860291416696	0.389780429180076	0.42646372730277066
Morabito_2021	Sample-43	4564	0.7572082212583789	0.4645326824511936	0.3962552779260649	0.5880739767832913
Morabito_2021	Sample-45	4131	0.85104641252769	0.45046586756124457	0.4113367397665591	0.8128102056585405
Morabito_2021	Sample-46	2368	0.7548121987773907	0.42709537427790933	0.4029728749136072	0.6377604157872754
Morabito_2021	Sample-47	2878	0.6541734787789603	0.3542885728281064	0.34901008669786604	0.47830120557572736
Morabito_2021	Sample-50	2311	0.7012585626978808	0.46156867406508884	0.38987404985338814	0.5341045793814797
Morabito_2021	Sample-52	2669	0.8996933521146208			0.8864021412563174
Morabito_2021	Sample-58	2609	0.8567812405130523		0.49639530049483027	0.8021144865176141
Morabito_2021	Sample-66	2738	0.7887116507765186	0.385240496023238	0.3789600610281413	0.6783783950864889
Morabito_2021	Sample-82	2178	0.7091987979610886	0.3526606880473045	0.36241642085666625	0.5584913225075117
Morabito_2021	Sample-90	2382	0.7846610959525644	0.3682258792747367	0.3447214360676683	0.6946910109220359
Morabito_2021	Sample-96	3931	0.7598016825791146	0.4444153429294975	0.37661308941322275	0.6474336969500021
Multiome2025_DLPFC	TLP000557	1395	0.6793267342814965	0.5330716031002841	0.448456273694144	0.3442712682454268
Multiome2025_DLPFC	TLP000561	699	0.6536320074683845	0.29265940697671244	0.41749721768501935	0.42247644598419276
Multiome2025_DLPFC	TLP000563	5405	0.7078419895249185	0.5191489325423404	0.4483225049322227	0.47263362563211814
Multiome2025_DLPFC	TLP000566	4564	0.6212234899193325	0.5279132994675	0.4998768126279007	0.2805707717952208
Multiome2025_DLPFC	TLP000567	10833	0.7191096885404286	0.5352803736467038	0.4857967873049027	0.501184946132406
Multiome2025_DLPFC	TLP000575	6085	0.5721445147083659	0.4288133708463021	0.43194054722011965	0.29388424162729415
Multiome2025_DLPFC	TLP000576	4508	0.6958844415563761	0.4975028778926519	0.4449065038517924	0.4729884339546565
Multiome2025_DLPFC	TLP000579	4389	0.7623476890155085	0.6203272186330969	0.4769080990746485	0.5489098241478562
Multiome2025_DLPFC	TLP000580	6312	0.46440911752761527	0.38980839317790295	0.40295680777690646	0.12452392389095265
Multiome2025_DLPFC	TLP000585	4984	0.5563721549435073	0.3961855385874932	0.42376597890474316	0.2689754236814802
Multiome2025_DLPFC	TLP000586	6584	0.6686098974717583	0.5385929909959549	0.4361276537331016	0.4009031517974117
Multiome2025_DLPFC	TLP000592	4893	0.5110796987570745	0.4178000820669162	0.42079140759802286	0.15861871105752925
Multiome2025_DLPFC	TLP000593	532	0.5039363681659214	0.4176908724576543	0.4069734489809115	0.17340811115468047
Multiome2025_DLPFC	TLP000598	1810	0.5252654195661659	0.28705423902671207	0.39876327561448976	0.18172338275662625
Multiome2025_DLPFC	TLP000599	4591	0.8012182927481836	0.6073833863227347	0.5350912198526601	0.6708895423123273
Multiome2025_DLPFC	TLP000602	3616	0.7537080482857973	0.6550336381783921	0.5482785260378792	0.5046863973247141
Multiome2025_DLPFC	TLP000603	3581	0.5984052283824747	0.5430603212864511	0.46371613097067055	0.24913328499468362
Multiome2025_DLPFC	TLP000604	809	0.49674996158502494	0.3689102228645544	0.42440055315334824	0.20077966722050955
Multiome2025_DLPFC	TLP000610	4107	0.8169668872353361	0.6133456182958626	0.4711767232598817	0.692619732555639
Multiome2025_DLPFC	TLP000613	5310	0.5705472360724924	0.47754280991433795	0.44334793979726855	0.22433505400265108
Multiome2025_DLPFC	TLP004094	2374	0.6468488008513792	0.589899929558596	0.5111878389971162	0.31526091700200237
Multiome2025_DLPFC	TLP004095	4533	0.710314357293549	0.5173026647318163	0.4623543375813367	0.510561060579475
Multiome2025_DLPFC	TLP004096	5854	0.6403152783594491	0.5001703149908011	0.4343067306012175	0.3714486566373204
Multiome2025_DLPFC	TLP004097	5715	0.4900079978206518	0.3755615028305249	0.37888469971725913	0.1730984372365563
Multiome2025_DLPFC	TLP004098	2155	0.5816213303193362	0.6013205432109318	0.49119603236133036	0.15509347346638247
Multiome2025_DLPFC	TLP004099	4348	0.6772019337315058	0.562217505925219	0.45199073045698346	0.4073520032597653
Multiome2025_DLPFC	TLP004101	4333	0.6500562083003583	0.49056784300731837	0.4040889625643701	0.37801072336340885
Multiome2025_DLPFC	TLP004102	6160	0.705519839374	0.560429289933527	0.46425324090497117	0.45817284841445255
Multiome2025_DLPFC	TLP004103	4358	0.6163759547271093	0.49182294229132323	0.4638289235000749	0.3271456882432002
Multiome2025_DLPFC	TLP004107	5866	0.6987923656096008	0.4648558892760841	0.4674158188630699	0.5038583628211386
Multiome2025_DLPFC	TLP004108	4617	0.7026784213712259	0.5548376402939674	0.49924890228496704	0.46128177314613533
Multiome2025_DLPFC	TLP004111	5809	0.5899487364712557	0.452431519960181	0.44727156559483067	0.27412945723625615
Multiome2025_DLPFC	TLP004113	4194	0.637582367517336	0.4535724797075465	0.3771266698368462	0.3846192206944967
Multiome2025_DLPFC	TLP004116	2092	0.6096317808427805	0.5333535310082418	0.46185901623988257	0.2736138517498333
Multiome2025_DLPFC	TLP004119	498	0.6897924494392281		0.40181381402327176	0.5195533593481404
Multiome2025_DLPFC	TLP004123	1707	0.8375288737814474	0.7891806610899321	0.6278215710580818	0.6362281499663022
Multiome2025_DLPFC	TLP004124	5094	0.8853177845715605	0.8042608415050515	0.6027273602270795	0.8401787061713197
Multiome2025_DLPFC	TLP004126	3807	0.5620362311083708	0.47463911606574355	0.43671968479165735	0.21464708765016213
Multiome2025_DLPFC	TLP004128	4005	0.6423342057403402	0.5550985761844891	0.4620566278037261	0.2988831300684892
Multiome2025_DLPFC	TLP004129	4652	0.6622697006747605	0.5116424453109221	0.42720412385672313	0.41790700844000367
Multiome2025_DLPFC	TLP004130	5163	0.6439554369888106	0.4987298347298239	0.4259391633583197	0.36334141678800547
Multiome2025_DLPFC	TLP004133	6437	0.4952013217258134	0.3717724672445719	0.3698502240814538	0.20423729304085325
Multiome2025_DLPFC	TLP004136	4011	0.5118801090606545	0.3091417634687906	0.4055747547878408	0.23944429481677063
Multiome2025_DLPFC	TLP004137	5123	0.5956516425215987	0.5032411916528883	0.4413691356236539	0.2553510276349399
Multiome2025_DLPFC	TLP004138	3774	0.6283723513988104	0.43319260655387015	0.4355119118965648	0.39522518581517935
Multiome2025_DLPFC	TLP004139	5962	0.695695609334865	0.5054529239666632	0.494150012409762	0.4639723164141617
Multiome2025_DLPFC	TLP004141	5712	0.8901291078368698	0.6355903552820243	0.5550668246645024	0.876569679953228
Multiome2025_DLPFC	TLP004142	4758	0.6974917399515433	0.49088276238296724	0.4150837050723681	0.4526686077408184
Multiome2025_DLPFC	TLP004145	4491	0.5484935275243037	0.45876432501244413	0.4117675520409491	0.2192491986232824
Multiome2025_DLPFC	TLP004147	4652	0.7676716993516249	0.558462098156514	0.4394961834997035	0.6289051240401313
Multiome2025_DLPFC	TLP004148	4559	0.5736326479284768	0.43576576874588235	0.4223117427892222	0.28561459473076967
Multiome2025_DLPFC	TLP004149	5403	0.46213283161330265	0.37520812035845075	0.3639151815573739	0.13490312898273538
Multiome2025_DLPFC	TLP004150	4722	0.6368673745911702	0.4620117676892549	0.4211102858252034	0.35989376522214805
Multiome2025_DLPFC	TLP004151	3385	0.6884402624326005	0.4613474402938931	0.4479967471589224	0.46798066614140016
Multiome2025_DLPFC	TLP004153	5020	0.7148530687824871	0.48298866192139756	0.47555237120506133	0.5083889174584908
Multiome2025_DLPFC	TLP004154	5293	0.7826045801012721	0.5252568026815181	0.43348409731250903	0.6483478752756622
Multiome2025_DLPFC	TLP004156	7973	0.8057955988726031	0.6048231381077159	0.5245289480225939	0.661306159478364
Multiome2025_DLPFC	TLP004157	4264	0.6211126441894412	0.4155078897059049	0.37859514340550254	0.42133121510472854
Multiome2025_DLPFC	TLP004158	2820	0.6740736475695268	0.5974085929042868	0.5058603065793867	0.3472082508323264
Multiome2025_DLPFC	TLP004159	4783	0.5288114319170887	0.3828753073176716	0.39344486962936387	0.23936856587881894
Multiome2025_DLPFC	TLP004162	3814	0.5330123185390703	0.4199226500506854	0.4298057445675821	0.20937717335252462
Multiome2025_DLPFC	TLP004165	457	0.5388997565693681	0.42238442720005476	0.4026840621991803	0.2146473489557287
Multiome2025_DLPFC	TLP004166	5008	0.6844079067891744	0.4841219432565679	0.43626083541463734	0.4768791052236851
Multiome2025_DLPFC	TLP004167	4157	0.5666086500871114	0.5375101316484998	0.46474638728296025	0.15649776240379587
Multiome2025_DLPFC	TLP004170	5026	0.7086564473336158	0.5403863901412951	0.4883105693438273	0.41048760866933
Multiome2025_DLPFC	TLP004173	3185	0.5070278864053146	0.3737774997472652	0.4371720031388915	0.20264887568787626
Multiome2025_DLPFC	TLP004174	2799	0.7381857795812441	0.5138552820241301	0.4702563521933254	0.5562155155256797
Multiome2025_DLPFC	TLP004175	4034	0.5167119765541313	0.45671421549481345	0.4507767757729567	0.14339173599276878
Multiome2025_DLPFC	TLP004176	3899	0.7018956185334941	0.5816688211276942	0.5598363351094692	0.40360077632718394
Multiome2025_DLPFC	TLP004177	1169	0.6959216193110256	0.5647366224588611	0.4769903905265991	0.42839046908462086
Multiome2025_DLPFC	TLP004179	5799	0.6077798776672365	0.5256741310810948	0.4450178134422908	0.2786514940931862
Multiome2025_DLPFC	TLP004180	4976	0.7587861050490767	0.5900210710682368	0.4906751933404484	0.5674789687246713
Multiome2025_DLPFC	TLP004186	5367	0.6200927804926294	0.42466449629873526	0.4049787399344179	0.3763139203914146
Multiome2025_DLPFC	TLP004188	3740	0.7813751627334049	0.6616245590049901	0.5201448026798244	0.5594358860416407
Multiome2025_DLPFC	TLP004190	5654	0.5116356377500693	0.3749761201052439	0.369512665668999	0.2228797862336125
Multiome2025_DLPFC	TLP004191	5251	0.6757047854222256	0.4720818643113539	0.4457356293359571	0.4022964244739436
Multiome2025_DLPFC	TLP004192	5002	0.5557962702874641	0.42730453231871934	0.4060741123156304	0.2632569480120743
Multiome2025_DLPFC	TLP004193	4174	0.5975900380536444	0.4286529299719552	0.3761978204785513	0.32270611085810247
Multiome2025_DLPFC	TLP004194	4672	0.5196614788247426	0.4194174121986847	0.39974288414008485	0.19936745507631812
Multiome2025_DLPFC	TLP004195	4925	0.6884034140320486	0.4828886879170758	0.4299907351107709	0.45055684362822623
Multiome2025_DLPFC	TLP004200	4474	0.6749107085116762	0.5036397614470951	0.44201781398246653	0.4534240139617617
Multiome2025_DLPFC	TLP004202	4275	0.4433851441759119	0.3245410510777809	0.35298425790771404	0.1675519212770772
Multiome2025_DLPFC	TLP004203	4876	0.7581498138671924	0.6156186294167482	0.5400309765834606	0.5283962816543116
Multiome2025_DLPFC	TLP004204	5866	0.6453369707862615	0.5113845137180639	0.4662500964971598	0.34284262442661695
Multiome2025_DLPFC	TLP004205	5939	0.5813905074149398	0.38176212444987145	0.4118697421418762	0.34672943277014123
Multiome2025_DLPFC	TLP004208	6392	0.7289814508707377	0.551097722554657	0.4872994730732361	0.49443051269346655
Multiome2025_DLPFC	TLP004212	2157	0.6441373875910683	0.5634088244711295	0.4826757208273933	0.26917207100204943
Multiome2025_DLPFC	TLP004213	3338	0.6772404256132916	0.5026049447905192	0.4620272832114695	0.4517894420811058
Multiome2025_DLPFC	TLP004215	3712	0.5639638285404713	0.40787490229715057	0.42289815113690854	0.2616311389218216
Multiome2025_DLPFC	TLP004216	2797	0.6439494168467649	0.5879924340903413	0.5013988637419031	0.28317050987789505
Multiome2025_DLPFC	TLP004217	5467	0.6141594626229548	0.45187696087692936	0.40336939972471547	0.35903083292319865
Multiome2025_DLPFC	TLP004218	3580	0.7094790144215146	0.5662667728723412	0.5120653700560313	0.45711415539153893
Multiome2025_DLPFC	TLP004225	3634	0.7104281966450212	0.6225405843624546	0.5144474283911915	0.45012403257496353
Multiome2025_DLPFC	TLP004228	4953	0.5108427014087955	0.32633715049930506	0.41554670274554995	0.2635834272621844
Multiome2025_DLPFC	TLP004231	3622	0.8126121369649079	0.5962262106774621	0.525213340318214	0.6983512895828584
Multiome2025_DLPFC	TLP004234	2017	0.6201893315453447	0.5228154319995573	0.4236438125713616	0.3095861189462887
Multiome2025_DLPFC	TLP004235	3650	0.605626173048003	0.5053445061763772	0.4773317422360632	0.28332147866082197
Multiome2025_DLPFC	TLP004236	932	0.7523352497415458	0.6461310684787456	0.5070354408512723	0.5243796761632686
Multiome2025_DLPFC	TLP004238	5286	0.768917057717132	0.571920567572324	0.4917001443381577	0.6038447301313669
Multiome2025_DLPFC	TLP004239	4545	0.5488539724599784	0.42371684123887504	0.4249859551712023	0.25836066240349115
Multiome2025_DLPFC	TLP004242	5302	0.6555330278620711	0.49328768563526126	0.48723485681772444	0.4111855657224545
Multiome2025_DLPFC	TLP004245	3302	0.5381982408745318	0.4779489490825245	0.45665005868943875	0.16950313407950202
Multiome2025_DLPFC	TLP004249	6239	0.6393644624196819	0.47377928369214783	0.47782698041950833	0.38289965769685386
Multiome2025_DLPFC	TLP004251	1503	0.6634671591112141	0.44764491203812673	0.5091561988821574	0.44744855054189364
Multiome2025_DLPFC	TLP004252	2187	0.648319599956382	0.48220200763956417	0.4046249177963614	0.4131453603083371
Multiome2025_DLPFC	TLP004253	734	0.6501000033928319	0.46120170665607135		0.39814667216578303
Multiome2025_DLPFC	TLP004255	3753	0.45373010259571195	0.32218676569584775	0.34293119715884857	0.18540313877135997
Multiome2025_DLPFC	TLP004259	6027	0.6771807807697284	0.5300373017169191	0.47277031133880565	0.42702912682884236
Multiome2025_DLPFC	TLP004260	693	0.5204629450439243	0.43377274474345473	0.45640513523210446	0.16716965491859045
Multiome2025_DLPFC	TLP004261	7576	0.6764797095244355	0.5507913708197437	0.516631725162485	0.40252120217732096
Multiome2025_DLPFC	TLP004265	5475	0.9148857245401215	0.7333330929663335		0.9495459728416527
Multiome2025_DLPFC	TLP004266	4826	0.6361610258497821	0.4550943014874991	0.41468818350047754	0.408552915521962
Multiome2025_DLPFC	TLP004271	4711	0.8668904531285484	0.6162041945235046	0.5342877274219164	0.8223254279449286
Multiome2025_DLPFC	TLP004273	644	0.7629948492376518	0.6512787015661301		0.5154376461693877
Multiome2025_DLPFC	TLP004274	4783	0.5311775099714874	0.37551403980885184	0.3910103029847557	0.26282479058283315
Multiome2025_DLPFC	TLP004275	5323	0.7587518282370552	0.5907676703200112	0.5324568076461655	0.57423357867513
Multiome2025_DLPFC	TLP004281	5009	0.5936521896562167	0.4216487243551636	0.4145222260818306	0.34477510078392243
Multiome2025_DLPFC	TLP004282	5775	0.7643929690505367	0.566506457268995	0.5018214309776625	0.6078392431430598
Multiome2025_DLPFC	TLP004283	4654	0.650080317022612	0.5409555662527382	0.4623507168180639	0.36635683234494143
Multiome2025_DLPFC	TLP004289	2518	0.7508566773621791	0.5477326388522463	0.44170827481573505	0.590633038063536
Multiome2025_DLPFC	TLP004290	6289	0.8956594760933448			0.9121050939537697
Multiome2025_DLPFC	TLP004297	2905	0.505238026307851	0.36894491071587615	0.4095764391294584	0.2271631734442084
Multiome2025_DLPFC	TLP004302	1290	0.6012230258146284	0.48060300822157465	0.5063939373637156	0.3010538187838602
Multiome2025_DLPFC	TLP004303	2082	0.5652719615910541	0.549129396260529	0.49162764228861716	0.17938063053406147
Multiome2025_DLPFC	TLP004305	2034	0.7121185015749408	0.48155630315071296	0.4383176815951914	0.5366601336049485
Multiome2025_DLPFC	TLP004308	2038	0.7258822238618524	0.4843295645549094	0.4442160678626919	0.5716358505799349
Multiome2025_DLPFC	TLP004318	4391	0.6825527741778292	0.45446890061222334	0.410677614691973	0.49921591080277966
Multiome2025_DLPFC	TLP004319	3032	0.8470538048808843	0.7268939635032672	0.6142554210918567	0.7279779812053776
Multiome2025_DLPFC	TLP004320	6577	0.7508288777323153	0.6649996349360026	0.58148979606781	0.48504044670991714
Multiome2025_DLPFC	TLP004321	6114	0.6208581430134992	0.4963460454021987	0.46841353622879667	0.32604518381289543
Multiome2025_DLPFC	TLP004322	4543	0.7078732528148411	0.640649515830312	0.5468069654005839	0.3977162296843868
Multiome2025_DLPFC	TLP004323	3589	0.6612353874471544	0.5679669338673934	0.5019889741372242	0.33936199976262377
Multiome2025_DLPFC	TLP004325	4581	0.5773750205443257	0.4409193555500306	0.4169652216853965	0.29367415061054514
Multiome2025_DLPFC	TLP004326	5828	0.6539251366090854	0.5203082684470866	0.47239535901739826	0.38446857772156157
Multiome2025_DLPFC	TLP004329	5684	0.733645825445732	0.6451730121970586	0.5602438727073817	0.46060490183782254
Multiome2025_DLPFC	TLP004335	5743	0.7506902562704614	0.5458766386858488	0.4637361957825684	0.5898612504575536
Multiome2025_DLPFC	TLP004338	3562	0.7041219397737728	0.509668009357011	0.46013579159076917	0.4947045533158874
Multiome2025_DLPFC	TLP004339	5988	0.6531782595243124	0.4240457969986705	0.4236877588434447	0.4450840483141078
Multiome2025_DLPFC	TLP004340	5964	0.5410436618351059	0.4197768847454773	0.40189340381665195	0.230854998692873
Multiome2025_DLPFC	TLP004342	4852	0.7361950989145498	0.49410906082634737	0.47367025972970694	0.5745545456246004
Multiome2025_DLPFC	TLP004343	4878	0.7474036753768108	0.47374734338867136	0.413659563870981	0.6093426029079191
Multiome2025_DLPFC	TLP004344	4205	0.6471614813991796	0.502677428984597	0.47498369936182244	0.37255322776499195
Multiome2025_DLPFC	TLP004345	4955	0.7856607322383534	0.5854345521909559	0.5164009130084783	0.6410132305746056
Multiome2025_DLPFC	TLP004346	8237	0.5679697287045358	0.37119408491644257	0.42009228906349017	0.2961010281604254
Multiome2025_DLPFC	TLP004347	6391	0.5475775906476648	0.3997818988945073	0.3878369066676445	0.2637687804479783
Multiome2025_DLPFC	TLP004350	4583	0.5235831108849739	0.39025820470350503	0.47234386658931926	0.21064960083794876
Multiome2025_DLPFC	TLP004351	5483	0.7569549167893307	0.5493214496722224	0.5004617022766724	0.583476398575506
Multiome2025_DLPFC	TLP004353	5152	0.6204374118812981	0.5370132962703441	0.4995099381543982	0.26615996090058336
Multiome2025_DLPFC	TLP004354	5140	0.4736910640418634	0.37817337512212146	0.39966567984205936	0.14632145716136585
Multiome2025_DLPFC	TLP004355	4824	0.7724131380903445	0.4872418237484183	0.4575846683975493	0.6499314016936821
Multiome2025_DLPFC	TLP004359	2989	0.7681661079746203	0.6506229729487829	0.5883456722019362	0.5362518058061423
Multiome2025_DLPFC	TLP004361	4622	0.7230504079953564	0.5793212859374299	0.46244951233598275	0.49943481353369495
Multiome2025_DLPFC	TLP004363	5222	0.7913804646085475	0.5858851040088715	0.4891716372596629	0.640327341964733
Multiome2025_DLPFC	TLP004364	5610	0.6648079007092207	0.5823239864095959	0.5061769870437567	0.3304165253336272
Multiome2025_DLPFC	TLP004368	4816	0.7450949348881453	0.5889460011610086	0.4985324880173679	0.5086116037209245
Multiome2025_DLPFC	TLP004371	3986	0.5631441446872483	0.43177779099631586	0.40263810169550174	0.2707770088074098
Multiome2025_DLPFC	TLP004372	3648	0.7493467612776193	0.5945645804826043	0.5290328867056426	0.530516124037768
Multiome2025_DLPFC	TLP004373	4897	0.5756013855459504	0.4523988033571743	0.4565612170628329	0.26090540780596144
Multiome2025_DLPFC	TLP004375	4586	0.6761560710248686	0.5707242282659579	0.5302585798628493	0.3593541323076806
Multiome2025_DLPFC	TLP004376	3858	0.5673919185702047	0.46471469530843423	0.4443286692299061	0.24456909045041544
Multiome2025_DLPFC	TLP004380	5798	0.6005717274133866	0.4467647983203411	0.4533265524703975	0.2828699862381082
Multiome2025_DLPFC	TLP004386	2856	0.6103725186118224	0.5261495495852666	0.440710289240013	0.2833571032811886
Multiome2025_DLPFC	TLP004387	4845	0.5885866183482102	0.38915329531216936	0.42248745985475367	0.3308621134470638
Multiome2025_DLPFC	TLP004388	6000	0.530927559883044	0.34014092356423586	0.4093176292951494	0.2488587445435154
Multiome2025_DLPFC	TLP004389	5854	0.6469842207103963	0.49364828299239893	0.45638888820761314	0.3650566939365513
Multiome2025_DLPFC	TLP004390	4085	0.681141388409045	0.4585366342244291	0.46783066469463946	0.45905284663423024
Multiome2025_DLPFC	TLP004393	2919	0.671716444969145	0.40769971575483255	0.5083526850615965	0.45546175851647347
Multiome2025_DLPFC	TLP004397	5779	0.626468402997174	0.419884217464918	0.4011348648240298	0.37683840551920433
Multiome2025_DLPFC	TLP004399	5999	0.6224397243418449	0.41727038960919954	0.40450448157609664	0.4010200797378028
Multiome2025_DLPFC	TLP004401	5006	0.5586929705478078	0.4434426583733295	0.4122354413268091	0.24597545999941467
Multiome2025_DLPFC	TLP004403	6174	0.5851427236193424	0.4087501250425852	0.43600796527241054	0.31116596930240437
Multiome2025_DLPFC	TLP004404	6785	0.5974895480591833	0.463134708532549	0.47824770694493635	0.2842893613710645
Multiome2025_DLPFC	TLP004405	4189	0.6885819235088219	0.5877494714090956	0.49504939611961873	0.3851294904957838
Multiome2025_DLPFC	TLP004406	6942	0.743378681437349	0.5461887633266247	0.4650408945696872	0.5540130762101956
Multiome2025_DLPFC	TLP004409	1729	0.6522585823355704	0.4779028440708456	0.46829032501603624	0.40629056194458263
Multiome2025_DLPFC	TLP004410	4884	0.8568983701014625	0.6355969298402351	0.5449513457186245	0.7810413498345683
Multiome2025_DLPFC	TLP004411	1833	0.6412846449231073	0.39272932474258926	0.5125425531393338	0.39864233701809526
Multiome2025_DLPFC	TLP004412	1937	0.6444153732351187	0.5581313078774756	0.42871014585543044	0.35730764756695343
Multiome2025_DLPFC	TLP004413	6607	0.7258590202080926	0.5831080651461922	0.5032088978352337	0.47636087352424905
Multiome2025_DLPFC	TLP004415	7965	0.6993762158779574	0.5375014183427996	0.4715158915350914	0.4699792991000437
Multiome2025_DLPFC	TLP004418	6290	0.7396875791059854	0.6605485148788405	0.47654566046441676	0.4883725566681292
Multiome2025_DLPFC	TLP004419	5055	0.7608397981106922	0.5867381390385741	0.49756094017423036	0.5822711545164627
Multiome2025_DLPFC	TLP004424	6310	0.48135808545996295	0.32696804071903496	0.3400329916110605	0.21612000453378616
Multiome2025_DLPFC	TLP004427	1898	0.83145514397117	0.6944462272957664	0.6291012299536908	0.7264979602781088
Multiome2025_DLPFC	TLP004435	3284	0.7166332938604337	0.6622995601105399	0.578590835134362	0.3782148643654587
Multiome2025_DLPFC	TLP004437	2111	0.8708324671074179	0.6282739440633563		0.8504675440561884
Multiome2025_DLPFC	TLP004444	3058	0.4514641644787899	0.33576579394495293	0.40760421360992416	0.15940360881175467
Multiome2025_DLPFC	TLP004445	2073	0.5232982260927037	0.41181354920916013	0.41641793459393717	0.20811943154615695
Multiome2025_DLPFC	TLP004446	1823	0.8424112259373208	0.6776387733898217	0.5503521505810729	0.7566656320182333
Multiome2025_DLPFC	TLP004449	1970	0.7472729351655699	0.6027832262922531	0.5540346905241282	0.5402667487842123
Multiome2025_DLPFC	TLP004452	2233	0.5749074245023691	0.43489175985955514	0.45746677766332017	0.26520013771053846
Multiome2025_DLPFC	TLP004455	6179	0.6429036018023104	0.48852681065314835	0.45541076553358784	0.3826345347050639
Multiome2025_DLPFC	TLP004459	5833	0.7270669809966124	0.5138926217265025	0.4792307680155038	0.5464635538309632
Multiome2025_DLPFC	TLP004460	3528	0.5741927901794709	0.39145919385144967	0.4759471844692784	0.311701429283236
Multiome2025_DLPFC	TLP004464	5104	0.6498500800664428	0.410658436276155	0.3869105513902108	0.4595848406027533
Multiome2025_DLPFC	TLP004467	4941	0.5576290930755302	0.44738647959250716	0.43485584580053144	0.24999761796012376
Multiome2025_DLPFC	TLP004474	2635	0.8921052247048504	0.6922144589283561	0.5936244154413852	0.8711471139279958
Multiome2025_DLPFC	TLP004475	4823	0.6781242788857087	0.47400632273348725	0.4371022664308583	0.47560510775549986
Multiome2025_DLPFC	TLP004477	4740	0.6840712758357727	0.5060738052689693	0.49038753883932307	0.46652209577416154
Multiome2025_DLPFC	TLP004479	5303	0.7052694584008047	0.5252889508483246	0.4376646888343543	0.5089542000342225
Multiome2025_DLPFC	TLP004481	5840	0.8467983550881717	0.6784245204735503	0.5985344638619399	0.7509018771786367
Multiome2025_DLPFC	TLP004482	4670	0.8547444459190392	0.6627646404043486	0.5542196299163765	0.7890785524765754
Multiome2025_DLPFC	TLP004483	2918	0.654460608128704	0.4491206236181086	0.519967019603542	0.42576604299812626
Multiome2025_DLPFC	TLP004485	4337	0.4676387641729158	0.3770880213279311	0.3863300551705896	0.15282303870701622
Multiome2025_DLPFC	TLP004490	3995	0.51975662740528	0.3988732344187777	0.43051252242946514	0.21201730666151838
Multiome2025_DLPFC	TLP004504	3281	0.7996173882566606	0.6587841729973817	0.5542187102269276	0.6158517281002667
Multiome2025_DLPFC	TLP004505	5346	0.5986683495512276	0.4179286436940618	0.41417374953084013	0.3527906473984913
Multiome2025_DLPFC	TLP004509	3383	0.6780729763428192	0.5715873871345645	0.510042651656779	0.3805929463323544
Multiome2025_DLPFC	TLP004519	1003	0.4790269096037041	0.429583341002191	0.3899229879676046	0.12586454339043018
Multiome2025_DLPFC	TLP004528	4098	0.6121590859990532	0.5057244925803014	0.47100487573863214	0.3052812565158845
Multiome2025_DLPFC	TLP004529	4732	0.578645649199934	0.44542013888697357	0.4591122582150653	0.2875352209820093
Multiome2025_DLPFC	TLP004531	5793	0.5466394222059061	0.41694607842615217	0.39930711689546444	0.24201390752272237
Multiome2025_DLPFC	TLP004533	5620	0.6205558930406524	0.4669282155239433	0.4363311271926076	0.3569653436065989
Multiome2025_DLPFC	TLP004543	4731	0.5951991732307379	0.4889591271461703	0.46798416621952954	0.28026741727184706
Multiome2025_DLPFC	TLP004546	1525	0.5893184534498144	0.48147526682842945	0.46576944958541233	0.28170390074096724
Multiome2025_DLPFC	TLP004551	3784	0.5036410511732733	0.4478417289874821	0.43377602407277016	0.14205025252514572
Multiome2025_DLPFC	TLP004563	3724	0.7211497373123331	0.5862744740808836	0.5430076295216635	0.47474834153804046
Multiome2025_DLPFC	TLP004569	4406	0.5898411763743361	0.326541257866717	0.36846985558149414	0.39678150338146395
Multiome2025_DLPFC	TLP004574	4607	0.6276386994677944	0.4326220197666932	0.40608147513161175	0.4002037482026562
Multiome2025_DLPFC	TLP004578	4576	0.4281890897551632	0.27377220175791983	0.3171486519931023	0.18614748561743874
Multiome2025_DLPFC	TLP004582	4865	0.5164278637015166	0.30839736724799416	0.3475630727467234	0.28697571836233327
Multiome2025_DLPFC	TLP004587	4644	0.7420845404133658	0.629392576983092	0.5459826017878682	0.5029201190480658
Multiome2025_DLPFC	TLP004588	393	0.6868710839825884	0.5462772041927063		0.4341751632047903
Multiome2025_DLPFC	TLP004589	2954	0.7604789310375885	0.5980003655681485	0.5438673749448234	0.5613933722609075
Multiome2025_DLPFC	TLP004590	2885	0.6249945022365595	0.43118411308591165	0.32745234380451216	0.4069846752249746
Multiome2025_DLPFC	TLP004591	2291	0.7573012480258583	0.423367908591863	0.41120922945709876	0.6352259834121536
Multiome2025_DLPFC	TLP004592	3225	0.6464772080730706	0.6260521929428617	0.5117004127901265	0.24675986994197172
Multiome2025_DLPFC	TLP004595	5619	0.5187030140922935	0.4101474512275811	0.36791759418981973	0.2305573467866907
Multiome2025_DLPFC	TLP004596	3691	0.736639318283542	0.5674205918732076	0.47132172270064643	0.5431639565733573
Multiome2025_DLPFC	TLP004597	1375	0.5520378379463834	0.5210524005294394	0.5277309149900868	0.16261668008698904
Multiome2025_DLPFC	TLP004598	4766	0.5684697319848708	0.4733058029402778	0.44616810229333703	0.24440520631541582
Multiome2025_DLPFC	TLP004599	336	0.695274898812982	0.6203839221006845		0.36854953126981255
Multiome2025_DLPFC	TLP004600	5057	0.9049010406966486	0.6975461437247953		0.90970306779046
Multiome2025_DLPFC	TLP004601	3659	0.6054756022662955	0.4926321482072627	0.49050827874845193	0.28938152250584415
Multiome2025_DLPFC	TLP004602	6117	0.5444491119004231	0.4390386375105491	0.4356217750815121	0.22244924991991946
Multiome2025_DLPFC	TLP004603	3052	0.6150305455724829	0.5730839296133721	0.4895018883076239	0.2592120966724586
Multiome2025_DLPFC	TLP004610	7125	0.49338782185441904	0.3547864872046511	0.3773746235470257	0.20850049337737336
Multiome2025_DLPFC	TLP004611	3509	0.7536906247588494	0.46772474935333275	0.4603291110600328	0.6305497176810074
Multiome2025_DLPFC	TLP004616	6343	0.4979883114557468	0.2887122152354661	0.31373082216841053	0.2751592175232939
Multiome2025_DLPFC	TLP004619	5109	0.6261308844465452	0.45143385535649977	0.44381128525172886	0.380527601811313
Multiome2025_DLPFC	TLP004622	3946	0.6365780316069801	0.47879584921063845	0.43034629973540095	0.38297645917743245
Multiome2025_DLPFC	TLP004624	4307	0.5470915307682782	0.4539891556869128	0.47030261536426987	0.21651705068714983
Multiome2025_DLPFC	TLP004632	466	0.7310328892190717	0.5207884033278183		0.5502202497174479
Multiome2025_DLPFC	TLP004646	12847	0.6330852224735039	0.5035777590990909	0.44663830706805374	0.3609687636295198
Multiome2025_DLPFC	TLP004647	4760	0.5162038639345732	0.3284839265882713	0.36084702190792406	0.2710785931106852
Multiome2025_DLPFC	TLP004648	4816	0.7447685756688508	0.6208288540637876	0.5481158897693013	0.49145330298932016
Multiome2025_DLPFC	TLP004660	3604	0.90631513440705	0.6628205070014992		0.9230660523774898
Multiome2025_DLPFC	TLP004663	2980	0.5062841339823805	0.34334063804736453	0.3430861174341417	0.25929806794857985
Multiome2025_DLPFC	TLP004674	4155	0.5675076426281718	0.36126160147291775	0.3733900414003798	0.33600946631547884
Multiome2025_DLPFC	TLP004675	4024	0.6452368872698689	0.5544318808899695	0.5054411729075963	0.33475675254796694
Multiome2025_DLPFC	TLP004680	432	0.6528668480850126	0.5048766232001112	0.3960366059096035	0.40774859286004417
Multiome2025_DLPFC	TLP004682	4510	0.563411765371141	0.3690941169415727	0.3930287386398372	0.33796963806957253
Multiome2025_DLPFC	TLP004685	4083	0.8133575674501219	0.6793984238134252	0.5750806996794234	0.6458115729091097
Multiome2025_DLPFC	TLP004696	3869	0.4802687460757031	0.4111058246641328	0.41356793551171944	0.14744955048749434
Multiome2025_DLPFC	TLP004703	3502	0.6172178433456519	0.40297863777556564	0.4338435768453144	0.4068074830127861
Multiome2025_DLPFC	TLP004707	5772	0.7532452829352193	0.5770592386883936	0.49454378966769547	0.5682927477650341
Multiome2025_DLPFC	TLP004708	4778	0.8137916655557688	0.6540009685860187	0.5528863114027018	0.6741508306694328
Multiome2025_DLPFC	TLP004714	3334	0.7430342664011949	0.5727552973575144	0.481804483966552	0.5450222099864768
Multiome2025_DLPFC	TLP004717	3538	0.5771445376551728	0.483338925636333	0.46895713690588503	0.2518415525202354
Multiome2025_DLPFC	TLP004719	5374	0.7550189296755806	0.5964144760489003	0.5080756131241022	0.5613766547784869
Multiome2025_DLPFC	TLP004720	3206	0.5513798669754849	0.34659284158586023	0.4119152516505583	0.29544708273146103
Multiome2025_DLPFC	TLP004721	1214	0.5397693817168704	0.43395848514083823	0.40555071357014894	0.2243878042293892
Multiome2025_DLPFC	TLP004726	1405	0.7300924838109871	0.579156535508635	0.5168359992899583	0.5082023114986671
Multiome2025_DLPFC	TLP004727	3776	0.6666749599700229	0.5687223340148673	0.4628135858016559	0.3601037929184601
Multiome2025_DLPFC	TLP004732	4553	0.4855112435202472	0.36519505018131593	0.36337974478864954	0.1882160672994456
Multiome2025_DLPFC	TLP004733	4565	0.5156776226705693	0.33977620370119477	0.3991921006747017	0.2646139773541791
Multiome2025_DLPFC	TLP004735	4924	0.5322679743240607	0.33612575724672333	0.36263554744079873	0.3062668805633181
Multiome2025_DLPFC	TLP004736	1759	0.5742529586608636	0.35121969647863016	0.3699717854137867	0.3716503292525478
Multiome2025_DLPFC	TLP004739	5981	0.6531558078786895	0.4714784044339148	0.4181950514502821	0.4381325472287938
Multiome2025_DLPFC	TLP004740	4735	0.6730392949937914	0.48586970221581344	0.503454044705633	0.4413303462068363
Multiome2025_DLPFC	TLP004741	5094	0.7192858762482921	0.576129128700112	0.520220244835209	0.47132996124687815
Multiome2025_DLPFC	TLP004743	4597	0.7687907023711501	0.6158490002632735	0.5242976830672748	0.5725211009017309
Multiome2025_DLPFC	TLP004744	5676	0.9090411564644328	0.7398429369563357		0.929974234721462
Multiome2025_DLPFC	TLP004746	6215	0.7102894739067287	0.4132458231187831	0.40760260744200283	0.5757893893655379
Multiome2025_DLPFC	TLP004748	4605	0.7528721004386218	0.6067351942108388	0.5102289199386789	0.5546738046206346
Multiome2025_DLPFC	TLP004749	3527	0.7983392067883418	0.4728577293757179	0.4083435277436162	0.730816001603222
Multiome2025_DLPFC	TLP004751	4018	0.7861229245235468	0.6149221958390028	0.5076091766878001	0.6333528467060524
Multiome2025_DLPFC	TLP004752	2425	0.7507920881463207	0.7129784184065564	0.6129288547048818	0.4138201417546484
Multiome2025_DLPFC	TLP004757	4983	0.8467613611559867	0.6510550839837073	0.5476675120141088	0.7717681466171319
Multiome2025_DLPFC	TLP004758	4109	0.680062096808475	0.47355707235465316	0.4191738079584746	0.48256811048523196
Multiome2025_DLPFC	TLP004763	5392	0.7373911059753456	0.5483904522297947	0.4872033872818029	0.5581315430601613
Multiome2025_DLPFC	TLP004764	3738	0.7759900006033382	0.5665224671783348	0.5186826790804028	0.6304767325571453
Multiome2025_DLPFC	TLP004766	5399	0.6289632404747314	0.4514182738946483	0.4331953170750509	0.3870556980746707
Multiome2025_DLPFC	TLP004769	5455	0.3786284441089648	0.23265054041849825	0.2813127909737378	0.1770891075908312
Multiome2025_DLPFC	TLP004771	2991	0.7428418742888504	0.5547661000023207	0.493368941332963	0.5412232536726841
Multiome2025_DLPFC	TLP004778	6335	0.6985779321426338	0.6167682812586202	0.5479646940911388	0.39739262174279766
Multiome2025_DLPFC	TLP004779	3798	0.4967999068239909	0.39448947310125454	0.3966844618256181	0.18779729034944098
Multiome2025_DLPFC	TLP004780	3933	0.5872420337896981	0.4817591291423613	0.4703408668228989	0.27013124216597284
Multiome2025_DLPFC	TLP004788	4654	0.534806534619664	0.37735914737032594	0.38802293690659695	0.2717589521203066
Multiome2025_DLPFC	TLP004789	4340	0.40806765260163963	0.25564149878241055	0.29684921540291725	0.16328193450626274
Multiome2025_DLPFC	TLP004794	3882	0.7386256089922639	0.6668616836668957	0.5807350007618677	0.4903579547450363
Multiome2025_DLPFC	TLP004799	5481	0.5174369878719715	0.3484237441378361	0.37335053216419056	0.2618302554026758
Multiome2025_DLPFC	TLP004800	5223	0.8481142656853338	0.508778587499624	0.4690710500498883	0.7918352060276495
Multiome2025_DLPFC	TLP004814	3338	0.6336627449347148	0.5487748144592267	0.49972001011493067	0.31775529541670966
Multiome2025_DLPFC	TLP004819	3409	0.4528493601662495	0.33628686497670346	0.4262245775086471	0.17012968741798248
Multiome2025_DLPFC	TLP004821	1761	0.8083890038964697	0.6623456006251085	0.5756176149405271	0.6370754825679888
Multiome2025_DLPFC	TLP004822	2607	0.6401310147210243	0.48722929359040545	0.46702967026061903	0.38648781148706224
Multiome2025_DLPFC	TLP004838	4236	0.5798485651553958	0.4176007661931128	0.42875355219052924	0.3206184599907422
Multiome2025_DLPFC	TLP004845	3291	0.7858529025445267	0.5823080627078857	0.5349158953537044	0.6373742457510306
Multiome2025_DLPFC	TLP004847	4559	0.9134286551596075	0.5858974576816955		0.9331233332260814
Multiome2025_DLPFC	TLP004851	4496	0.5724959812575406	0.4528645733418175	0.43291546513598733	0.26487698594471093
Multiome2025_DLPFC	TLP004855	5106	0.8061109826596423	0.6077910987159072	0.5321166068146184	0.6805124759395723
Multiome2025_DLPFC	TLP004857	4382	0.5868022847730733	0.34601257602736446	0.36573396397214497	0.3878139747140732
Multiome2025_DLPFC	TLP004866	4656	0.5272232915107427	0.36755005465941004	0.4070962989376561	0.24497655541773145
Multiome2025_DLPFC	TLP004869	3687	0.8124667441133109	0.5155059571976554	0.42574646517455117	0.7445339078210435
Multiome2025_DLPFC	TLP004879	5229	0.5513478942427444	0.41513272756332326	0.4101232032658237	0.26204400764618585
Multiome2025_DLPFC	TLP004889	4967	0.5809073059289313	0.35992906248200296	0.3762617707042094	0.3840185394004852
Multiome2025_DLPFC	TLP004891	3848	0.4780065840945651	0.26598705642010917	0.2963123313844615	0.2909322899846186
Multiome2025_DLPFC	TLP004916	5150	0.7428915023131077	0.5765317074059495	0.5259531103957406	0.5341402440243745
Multiome2025_DLPFC	TLP004917	4455	0.5312121006920223	0.40851568349262846	0.38467668588016013	0.2410968118735452
Multiome2025_DLPFC	TLP004924	580	0.5340460376760005	0.36507232381846644	0.32388812189618954	0.2883653971113285
Multiome2025_DLPFC	TLP004925	4030	0.6346402306655794	0.49759992900708816	0.46520023076074424	0.3562461634370822
Multiome2025_DLPFC	TLP004930	3514	0.5277762953477649	0.41271140461229217	0.4257130057843268	0.22257072564930563
Multiome2025_DLPFC	TLP004935	3437	0.5501085747991951	0.4638950080476036	0.426858238480902	0.2203385814800351
Multiome2025_DLPFC	TLP004948	5051	0.509755491845545	0.423381049158272	0.42653974918245774	0.17428053809324826
Multiome2025_DLPFC	TLP004951	5523	0.6455656034139141	0.42907615169113783	0.39094449022800926	0.4207017929330547
Multiome2025_DLPFC	TLP004952	5053	0.5943834716870748	0.49923872170427236	0.45895554948153283	0.2735009224852846
Multiome2025_DLPFC	TLP004954	3456	0.7578560410152544	0.5609680821793865	0.4907398438707721	0.581415921272149
Multiome2025_DLPFC	TLP004955	2228	0.649710586951806	0.5848850447138674	0.5147504191421609	0.311209001824565
Multiome2025_DLPFC	TLP004957	5535	0.7715173432085921	0.6074190048701603	0.5224452653780224	0.5828123903124629
Multiome2025_DLPFC	TLP004959	5432	0.5513358022417607	0.4866269147890043	0.4551928318269117	0.18575141267439893
Multiome2025_DLPFC	TLP004960	3384	0.5889231614741444	0.48160291436820774	0.4700906109753421	0.26717088874422057
Multiome2025_DLPFC	TLP004963	4989	0.7599051468930289	0.5979875058163608	0.5430406597197427	0.5671871672903277
Multiome2025_DLPFC	TLP004964	1146	0.559026117015829	0.3731389847562432	0.3745614622892074	0.2856453775626621
Multiome2025_DLPFC	TLP004966	4058	0.5693935236519675	0.51839795663982	0.4913187666274734	0.17715586225623792
Multiome2025_DLPFC	TLP004968	4351	0.4922487431065983	0.4478211685169055	0.4126703043791313	0.121391610203037
Multiome2025_DLPFC	TLP004971	4962	0.7858589503704158	0.5711679149449004	0.5029107719450798	0.6314115759184532
Multiome2025_DLPFC	TLP004977	5167	0.7856881083689309	0.43746942358212537	0.4043361742360269	0.7071008266404094
Multiome2025_DLPFC	TLP004978	2261	0.7187057100221467	0.6624880819545251	0.557738948899489	0.37333218002334834
Multiome2025_DLPFC	TLP004980	3586	0.7108747497862744	0.4638940015114629	0.4513526114186887	0.49707188124665225
Multiome2025_DLPFC	TLP004984	4166	0.6091113207656866	0.404105991571722	0.3811157003555981	0.39243307293953394
Multiome2025_DLPFC	TLP004985	5238	0.6671263949279409	0.49000761370165735	0.42935916698108223	0.42544225836897615
Multiome2025_DLPFC	TLP004987	3074	0.6498323002863705	0.488528082806464	0.4181298204284968	0.3860228483059789
Multiome2025_DLPFC	TLP004988	10156	0.6322581934251298	0.3799689699504269	0.3925434609705525	0.4425626011456536
Multiome2025_DLPFC	TLP004990	6169	0.6188515975513345	0.4739936026905337	0.43558403885657787	0.3409441407649778
Multiome2025_DLPFC	TLP004991	4112	0.3997277239678441	0.31526390176431845	0.3557666646960105	0.1024106768090962
Multiome2025_DLPFC	TLP004992	5043	0.531404340771131	0.38971907923002436	0.3578794831017783	0.25731667062119745
Multiome2025_DLPFC	TLP004993	3713	0.630594401280403	0.5358096206186658	0.5164223591063177	0.28904912886232703
Multiome2025_DLPFC	TLP004996	4362	0.606575543826038	0.4502272566746005	0.4064956805038151	0.34754698931024625
Multiome2025_DLPFC	TLP004998	2596	0.5928499181437711	0.5412516847594742	0.4751524149360493	0.22911846000178065
Multiome2025_DLPFC	TLP005001	5111	0.8124410112264187	0.6851321947438855	0.5649304397010075	0.6596966238824129
Multiome2025_DLPFC	TLP005002	4745	0.7190968012177678	0.579265351112754	0.489605215583309	0.49296573961883994
Multiome2025_DLPFC	TLP005004	4567	0.6305308327623859	0.4619999081321361	0.42411974668592856	0.365849792679928
Multiome2025_DLPFC	TLP005006	5353	0.5842710599449363	0.4910995032610047	0.45662604585893585	0.259674675540855
Multiome2025_DLPFC	TLP005007	5070	0.6608238633393102	0.4945206250987755	0.4658958591324524	0.414190470392847
Multiome2025_DLPFC	TLP005011	862	0.6015807953060917	0.42832757933896604		0.32917366849441004
Multiome2025_DLPFC	TLP005013	2097	0.7601896208658134	0.5115134786507826	0.46342383207725035	0.6199150479889393
Multiome2025_DLPFC	TLP005014	6046	0.719131161702105	0.5465580770538916	0.4944933577238809	0.5049050782199368
Multiome2025_DLPFC	TLP005015	3542	0.5596906753223713	0.40036615072802695	0.3815009870280757	0.30912149508529985
Multiome2025_DLPFC	TLP005019	4840	0.6759518606991426	0.5421636033183541	0.5289502316291603	0.40724189198881017
Multiome2025_DLPFC	TLP005020	4333	0.6330118381089557	0.5703797482627001	0.5517276499046158	0.27885213140838133
Multiome2025_DLPFC	TLP005021	5248	0.6959408199675768	0.537206616818428	0.5022240940305267	0.4521940859488214
Multiome2025_DLPFC	TLP005025	4505	0.6616608898499216	0.5861557076163356	0.5160640188201908	0.3277874666268613
Multiome2025_DLPFC	TLP005030	4950	0.7479113508396525	0.5218009811648492	0.479077033222547	0.5885713725663503
Multiome2025_DLPFC	TLP005031	3001	0.8010866706548355	0.6966466191708023	0.566799858271871	0.6048303968783704
Multiome2025_DLPFC	TLP005032	3597	0.7713168753545784	0.5540549095128784	0.5347814882350346	0.604438751389094
Multiome2025_DLPFC	TLP005036	4667	0.7153559240540845	0.5006209931368741	0.4217463486023786	0.5409883553127107
Multiome2025_DLPFC	TLP005047	4467	0.8852649855739929	0.7058305851370772	0.6284048067035292	0.8589337478352108
Multiome2025_DLPFC	TLP005049	3765	0.5718791904109878	0.47459621988203926	0.4319493960771981	0.2617640802455519
Multiome2025_DLPFC	TLP005052	4933	0.7861136258878625	0.625467625185515	0.5179656115444613	0.6314496118494218
Multiome2025_DLPFC	TLP005062	6182	0.6813369307096379	0.49955126289519036	0.48419562630303525	0.41632452364507866
Multiome2025_DLPFC	TLP005065	4268	0.5050993457956353	0.4553660291311773	0.4203614113221887	0.14280228430091746
Multiome2025_DLPFC	TLP005070	4129	0.856394104150697	0.6084351663840492	0.4812314264484535	0.7987755355858769
Multiome2025_DLPFC	TLP005075	6127	0.6889642043027325	0.5399373770954345	0.5015381396221777	0.4461068593648411
Multiome2025_DLPFC	TLP005076	5366	0.581895016721454	0.3759787284568685	0.41841266381025666	0.3685495672880635
Multiome2025_DLPFC	TLP005081	847	0.7028604908009588	0.5912111157451521	0.47287887722583444	0.4309305631941482
Multiome2025_DLPFC	TLP005082	6402	0.7778938867305414	0.5723221972045065	0.4895912339411142	0.5798839520963972
Multiome2025_DLPFC	TLP005084	3401	0.7027726385898017	0.5975301908458623	0.4968589669229968	0.43278147820754653
Multiome2025_DLPFC	TLP005085	5033	0.5538226326651493	0.4493873643143533	0.4514704814535404	0.23956653141803277
Multiome2025_DLPFC	TLP005091	6828	0.7200496679391826	0.5920860871843359	0.5219134626179254	0.44595181221705665
Multiome2025_DLPFC	TLP005092	4263	0.7461186104874278	0.5782522680354906	0.48781067879596673	0.5551491040180582
Multiome2025_DLPFC	TLP005093	5515	0.4824664804390912	0.3287606352783285	0.35293824969140986	0.21421287012439463
Multiome2025_DLPFC	TLP005094	3601	0.6426907557733123	0.39064519915611484	0.3957300586192356	0.4640228952169514
Multiome2025_DLPFC	TLP005098	4682	0.6968920305037787	0.5880115168234699	0.4936459016641705	0.39489713611403204
Multiome2025_DLPFC	TLP005099	4066	0.6384324763303757	0.5290877800956768	0.4985294617717648	0.3353079544110844
Multiome2025_DLPFC	TLP005101	2295	0.629083145054206	0.43684334282411214	0.4223143787060269	0.4103680893979893
Multiome2025_DLPFC	TLP005102	2850	0.5732538541283397	0.4329501626057274	0.4512586577750313	0.28256277081483033
Multiome2025_DLPFC	TLP005104	2316	0.8841775881434646	0.61811352621968		0.8652239506670226
Multiome2025_DLPFC	TLP005106	7332	0.7213776401890722	0.53964044829702	0.4390299682305411	0.5126108300251545
Multiome2025_DLPFC	TLP005115	2453	0.5997378849238088	0.478195490295125	0.4683199234513493	0.29997645764587344
Multiome2025_DLPFC	TLP005117	1946	0.6510878196921299	0.4671516012841287	0.41375340907391484	0.42178052291801543
Multiome2025_DLPFC	TLP005121	3896	0.9017965815043094	0.7479254985740376		0.8899725337041632
Multiome2025_DLPFC	TLP005122	2922	0.7041144152409612	0.4438811084035024	0.4283320114992084	0.5422528801520353
Multiome2025_DLPFC	TLP005129	4523	0.7094200936651804	0.5637539958954901	0.5211893452718768	0.4471412563398874
Multiome2025_DLPFC	TLP005131	4741	0.7321213697644969	0.48527227516788585	0.4554477538863339	0.5597965680299707
Multiome2025_DLPFC	TLP005133	3618	0.5869204407850912	0.4402644556386422	0.46452294052410925	0.3071916380628526
Multiome2025_DLPFC	TLP005134	5384	0.7957178688882759	0.6748638294956881	0.5860457094459441	0.6156702246000234
Multiome2025_DLPFC	TLP005139	4652	0.5237377725017813	0.36420169282048176	0.36938943039954325	0.2616517680446829
Multiome2025_DLPFC	TLP005141	3650	0.6173423550265641	0.46903459572948936	0.46397311520145895	0.3403801164445151
Multiome2025_DLPFC	TLP005144	1362	0.6036174880418536	0.536440396551244	0.5109751713299158	0.26725155094761893
Multiome2025_DLPFC	TLP005148	3621	0.7428083886591582	0.5714331211638546	0.5134556490934192	0.5405169741100001
Multiome2025_DLPFC	TLP005155	5336	0.7137682485751241	0.49635704601492037	0.43909259771201464	0.5322962404274996
Multiome2025_DLPFC	TLP005184	5429	0.636231851756366	0.4398290167738355	0.45909173823125277	0.39824087395937086
Multiome2025_DLPFC	TLP005195	6331	0.6131321798974086	0.4405688079151839	0.43130431037558326	0.3382015411639047
Multiome2025_DLPFC	TLP005197	6623	0.6646621685635999	0.4966944176736985	0.4388217250008547	0.4113133331546667
Multiome2025_DLPFC	TLP005243	3654	0.7147444067944837	0.5399778422644422	0.503098368380804	0.46603240446276073
Multiome2025_DLPFC	TLP005250	4407	0.84644493021846	0.6759282845832579	0.5211654554201346	0.7729569965448289
Multiome2025_DLPFC	TLP005261	5957	0.6953700416893674	0.5043393813250892	0.4610709589865035	0.459152858597182
Multiome2025_DLPFC	TLP005322	4675	0.7507293436805584	0.5368752157817829	0.4659227851531528	0.5945633118383303
Multiome2025_DLPFC	TLP005811	5711	0.6845240034454889	0.5337682881311223	0.48009812060478085	0.4126180784592179
Multiome2025_DLPFC	TLP005828	4762	0.5927135525269183	0.4598440409966312	0.44941621962710304	0.3085504719369585
Multiome2025_DLPFC	TLP005840	6758	0.7303728171757816	0.5669060105287828	0.4922701667115524	0.5148054325521607
Multiome2025_DLPFC	TLP005868	1352	0.6072217452567338	0.48941369250307754	0.4694305322161297	0.3167667301886189
Multiome2025_DLPFC	TLP005870	4930	0.6539788087488383	0.4655656186040752	0.43703297625033843	0.42758145632129835
Multiome2025_DLPFC	TLP005879	4293	0.6788314268379734	0.5031622321223146	0.44211942057504183	0.4641776482782126
Multiome2025_DLPFC	TLP005885	6788	0.655489298913441	0.5383368142000584	0.4908113769811609	0.3188229574343844
Multiome2025_DLPFC	TLP005892	3984	0.7717998129020491	0.5246907672608982	0.4834473758464577	0.590106739904357
Multiome2025_DLPFC	TLP005901	3229	0.6060992371871728	0.5377585183692197	0.4557907855166795	0.25702400378433815
Multiome2025_DLPFC	TLP005913	4661	0.7195973422805596	0.6023779930934245	0.5103819670084325	0.43257633023619246
Multiome2025_DLPFC	TLP005931	2532	0.4916757899351427	0.3996831433940447	0.42197309041926123	0.15795860422325064
Multiome2025_DLPFC	TLP005950	5333	0.6471766180643451	0.19272759482039775	0.41329124246575283	0.42524071901925464
Olah_2020	TLP004204	385	0.6323620156779133			0.2667736946273838
Olah_2020	TLP005161	650	0.6414943064209974			0.2739313142867531
Olah_2020	TLP005175	424	0.625676562792774			0.2537399336995118
Olah_2020	TLP005185	1786	0.5835351657278491	0.19334184788685796		0.22741879751855198
Olah_2020	TLP005190	1424	0.6388418985760516			0.2713336383538533
Olah_2020	TLP005192	3792	0.6402983917272466			0.2706249438462783
Olah_2020	TLP005195	779	0.626466015749261			0.2579508291933785
Olah_2020	TLP005245	1941	0.636177699655329			0.26633918356779335
Olah_2020	TLP005248	2418	0.636948304528299			0.2703811768744085
Olah_2020	TLP005330	679	0.5888612851735242	0.1928401202531837		0.23428009210720782
Olah_2020	TLP005885	1181	0.6336542168486468			0.26492161797491637
Olah_2020	TLP005886	1277	0.5900526499066161			0.2252282560833525
Olah_2020	TLP005903	2105	0.6323273086501666			0.26540918378929135
PsychAD	TLP000563	2373	0.6407857994164499	0.38598849929159207	0.37170320201314544	0.35182402621372033
PsychAD	TLP000567	1737	0.6925355000794372	0.4761360276269763	0.43184569011626783	0.4663959628456692
PsychAD	TLP000576	7223	0.7417027221794374	0.5434271225695857	0.505209793578589	0.5495842600097378
PsychAD	TLP000579	4328	0.5146993364322644	0.41468313305260884	0.40709536369156063	0.1791770002252482
PsychAD	TLP000585	7297	0.6455547170917246	0.5205785474523728	0.4979761146104468	0.2948569238746297
PsychAD	TLP000592	3891	0.5597089668580041	0.47541882542061364	0.43076779607668	0.18721703302499937
PsychAD	TLP000603	2962	0.4370544238854588	0.2633256413061259	0.29500771721644237	0.1776018094458147
PsychAD	TLP000613	2465	0.6559595783034045	0.6020968375544229	0.42509252978189443	0.34427829004196114
PsychAD	TLP002844	3938	0.46487612954422386	0.2662631630177682	0.31805791118625976	0.19734549067069676
PsychAD	TLP002845	520	0.6587613223023386		0.4430260233826486	0.3421598704395085
PsychAD	TLP002846	579	0.7075289232036901			0.5115738971665428
PsychAD	TLP002847	1889	0.5203399711696273	0.7959658986757707	0.46024571009172655	0.147363606878869
PsychAD	TLP002848	5862	0.7018807547605945	0.5141804230089968	0.46335834009310595	0.36426965695936325
PsychAD	TLP002849	6410	0.7825456627462721	0.43720418820587914	0.3957464929861624	0.5788470714470116
PsychAD	TLP002850	5076	0.5546703057035883	0.420758285082452	0.36518036627540273	0.2712591500347645
PsychAD	TLP002851	5378	0.7597466066282416	0.48600637376809436	0.4843905313417307	0.5985006565247831
PsychAD	TLP002852	3843	0.6226062671660282	0.7874005644543721	0.4075916742919159	0.371728737417268
PsychAD	TLP002853	5191	0.6863655548724216	0.5934817463284219	0.5434852786358544	0.32603627297956
PsychAD	TLP002854	3702	0.585405124395686	0.25029016795697756	0.28182956487912897	0.3238767334056635
PsychAD	TLP002855	6432	0.8306769715090595	0.557152972176945	0.448650079416153	0.672019888223475
PsychAD	TLP002856	4724	0.5926003057045509	0.32907145259650117	0.3465788128279098	0.36371369862538544
PsychAD	TLP002857	5651	0.5617436033294764	0.3914107689415476	0.3764570959519811	0.3083553953029048
PsychAD	TLP002858	7072	0.5596943013835352	0.4175887504189412	0.4110065207998079	0.2186546362244507
PsychAD	TLP002859	2987	0.6430748524490593	0.4891183966219216	0.4634165332427337	0.33667896512319234
PsychAD	TLP002860	5981	0.6056499403512817	0.4584805524759319	0.39403977036248383	0.298950750714877
PsychAD	TLP002861	3105	0.5437128115752743	0.7107191956353652	0.3717469484369618	0.29094988480196526
PsychAD	TLP002862	7924	0.6279731739731972	0.5227314931593816	0.42544538604157334	0.2536201001133214
PsychAD	TLP002863	4397	0.5802955132968312	0.49375959183900986	0.4692992453826984	0.24624389982770725
PsychAD	TLP002864	3007	0.912021005797061			0.8442192613093499
PsychAD	TLP002865	4438	0.5458325957890213	0.2501063241006249	0.3276228780810663	0.29409859842957325
PsychAD	TLP002866	5896	0.5595398496676478	0.418937776861672	0.3720794702906079	0.25565824377359603
PsychAD	TLP002867	8405	0.7165072638966655	0.43887689447534317	0.40700855287305715	0.5508496319094314
PsychAD	TLP002868	10670	0.5719088501360394	0.37753259614825696	0.3855166894824693	0.3210185139965326
PsychAD	TLP002869	6247	0.545603875882689	0.510942903498623	0.4418879808366247	0.17074585898712655
PsychAD	TLP002870	4212	0.48888093267410415	0.46955110056408067	0.4383982279440295	0.09045926163017474
PsychAD	TLP002871	1361	0.528249064051658			0.18229576199709194
PsychAD	TLP002872	6640	0.6132284586094893	0.5018197532043165	0.44899830021891884	0.2996010520545922
PsychAD	TLP002873	5806	0.6480928161877892	0.4556881622655998	0.42322931510147743	0.3947137813471198
PsychAD	TLP002874	4231	0.7421310250420988	0.6274000990909303	0.5303528307440004	0.5111682726843912
PsychAD	TLP002875	5950	0.4224052546705138	0.2615225611792245	0.28357074183237524	0.1778676942026311
PsychAD	TLP002876	5763	0.7579827384104108	0.5998109514079877	0.4918831045292813	0.4838968678821557
PsychAD	TLP002877	5450	0.6041268710369333	0.39480055117896756	0.3307160054510592	0.3250644233394099
PsychAD	TLP002878	4623	0.6522000680162735	0.5366839077281451	0.4718826269202201	0.29095502240727983
PsychAD	TLP002879	7191	0.6851495403893613	0.4502233716817216	0.4191698182467645	0.4149675029331566
PsychAD	TLP002880	4514	0.5728340619075932	0.7665338837668008	0.4056513999007309	0.2581014502180553
PsychAD	TLP002881	6917	0.628271247076604	0.5014812422281121	0.4495554510725456	0.27762034154778553
PsychAD	TLP002882	1856	0.7477315978575778	0.7085830957855592	0.6200212215152074	0.4206286450767966
PsychAD	TLP002883	4757	0.6062768541389171	0.4441251468595946	0.43197895824757315	0.27874217265076184
PsychAD	TLP002884	5513	0.5731750698948214	0.3657915360312138	0.3843822865163987	0.28931453680062297
PsychAD	TLP002885	5777	0.8017137339198792	0.723342773037537	0.6219467331263054	0.4853195708379139
PsychAD	TLP002886	7264	0.5967947128364309	0.43093538452460206	0.371253269430096	0.30847816482308943
PsychAD	TLP002887	4330	0.5017839789740276	0.3486309404008151	0.3612894006817284	0.19151806722705386
PsychAD	TLP002888	4792	0.5342182195159731	0.43925250643414926	0.4147583218192154	0.20385415198018544
PsychAD	TLP002889	1124	0.7662329963317717		0.4753129876454645	0.5590951807296333
PsychAD	TLP002891	814	0.6511687734039614	0.40923433230967543	0.3915749403990695	0.39195316490085735
PsychAD	TLP002892	4974	0.33333250179235574	0.26311607435363105	0.3033389484815334	0.07651606855033863
PsychAD	TLP002893	3904	0.7599985229172576	0.7174799516133594	0.602619997256053	0.42937901746689716
PsychAD	TLP002894	2140	0.5861507409379506	0.5388750415797567	0.4983585418998545	0.18690891131011836
PsychAD	TLP002895	7448	0.47420059579026175	0.3935327123302307	0.37460115750591144	0.13460975825931584
PsychAD	TLP002896	1366	0.5584500383707829	0.46055884418918813	0.38202774377317583	0.25842863053395504
PsychAD	TLP002897	6969	0.7468851738652033	0.6194504730442987	0.44116253768076463	0.5278341602041163
PsychAD	TLP002898	7646	0.471713041452397	0.34367068408611223	0.3451131292918166	0.18775932889192468
PsychAD	TLP002899	2622	0.6605534926355998	0.41288155102583957	0.3996791716417343	0.35393303075777827
PsychAD	TLP002900	5310	0.7157825366298004	0.6123444318567448	0.46894673351294813	0.37814775190274136
PsychAD	TLP002901	9899	0.7697410144476814	0.5530046299737496	0.4869222493854527	0.5011782777583941
PsychAD	TLP002902	5801	0.6055792433214721	0.5772134712350628	0.42876800332556697	0.2700080609570507
PsychAD	TLP002903	6916	0.46160572338536165	0.2727282349105738	0.3175587831002755	0.16941871927420682
PsychAD	TLP002904	4275	0.6757827875502691	0.588061618234292	0.48873608102128385	0.3413790026479783
PsychAD	TLP002905	7620	0.6740537182131944	0.5726492652822363	0.5065835294689318	0.29187310253200016
PsychAD	TLP002906	6733	0.5594927864890289	0.3798330669084524	0.3646304639151359	0.2842896202722975
PsychAD	TLP002907	3339	0.6803771859267116	0.6114671589726455	0.48479548513964676	0.3727584080402154
PsychAD	TLP002908	4377	0.6734241599460571	0.49150902402758007	0.41355227443002274	0.34397457963754335
PsychAD	TLP002909	3220	0.57816928041321		0.3438400958731906	0.3177617197432083
PsychAD	TLP002910	5685	0.6362571048681647	0.4989049051024552	0.46734491463373584	0.3269651833794223
PsychAD	TLP002911	4758	0.7442704549193346	0.6403784192889483	0.5515340109779443	0.4679727195770435
PsychAD	TLP002912	3194	0.5273485660335803	0.3403102124452422	0.36949214646211176	0.20540000304776554
PsychAD	TLP002913	7990	0.6695480248472007	0.5210286696388243	0.460995553876245	0.3632371180063717
PsychAD	TLP002914	9088	0.6677027144553667	0.441885163772934	0.39403239487256847	0.3465214716124844
PsychAD	TLP002915	1200	0.614250520438417	0.7271016646120061	0.27601681635660535	0.3420968316689335
PsychAD	TLP002916	7552	0.5845359212344887	0.455700582539028	0.41193482538556236	0.24234661599502522
PsychAD	TLP002917	4590	0.620468362735852	0.4078474821870472	0.40816599296291517	0.28471327733188345
PsychAD	TLP002918	5867	0.6891718108974115	0.6647397502500452	0.5820190794708398	0.3102563844138185
PsychAD	TLP002919	2896	0.4933808481967405	0.2440872019418886	0.33716341339946	0.23239014726175505
PsychAD	TLP002920	1081	0.6329441065649761		0.4355418241277952	0.4074837273107814
PsychAD	TLP002921	3084	0.5766593058330793	0.6855494096013781	0.36978211769328867	0.32612666884223424
PsychAD	TLP002922	4184	0.8116844577366449	0.5454486261148717	0.4450217163684185	0.6656634625885167
PsychAD	TLP002923	7864	0.7769654209157564	0.6117720688264312	0.4548659020493139	0.4590601551704433
PsychAD	TLP002924	3153	0.5857930465185156	0.4152369844743663	0.39938951850328386	0.29041658089865
PsychAD	TLP002925	3533	0.4098656063923814	0.3120103834238697	0.3317785270283635	0.13578164364490883
PsychAD	TLP002926	4912	0.5789766573367842	0.525608798024747	0.46515224128990335	0.22190631929207325
PsychAD	TLP002927	5647	0.477552231673914	0.5004948455860295	0.4148974420114532	0.0522497909739075
PsychAD	TLP002928	4084	0.7987038146888942	0.7381179678018721	0.6530259690939599	0.4928835848258179
PsychAD	TLP002929	5383	0.5024137245899853	0.5256510984665161	0.3483610956363941	0.1976524429125207
PsychAD	TLP002930	4543	0.5606379470375911	0.40240163531441975	0.3701987839857397	0.2159877458875435
PsychAD	TLP002931	10358	0.5866447917280362	0.45832071254252665	0.4347995175899524	0.22469474342571125
PsychAD	TLP002932	4985	0.6104513031191068	0.3385387000262305	0.34349445255235034	0.4095254558069706
PsychAD	TLP002933	763	0.5100439002792131	0.22953928775339488		0.18492706248291266
PsychAD	TLP002934	3961	0.5821737243344997	0.6067028420270192	0.43314889127146694	0.19998243120474427
PsychAD	TLP002935	7608	0.5454203251734004	0.38684056025846164	0.409709958118235	0.2603966451547988
PsychAD	TLP002936	6325	0.4894822996541475	0.307711161430548	0.3599350770485269	0.21974290380208839
PsychAD	TLP002937	6444	0.7890790381906668	0.4146294743215289	0.47914915616466663	0.5381758782669519
PsychAD	TLP002938	6022	0.7985119874367352	0.6522328187488611	0.5531364261661456	0.4573342987196042
PsychAD	TLP002939	7217	0.5040344049974167	0.3174820735175439	0.3660061447747691	0.21725209202766319
PsychAD	TLP002940	4417	0.6799973523438818	0.5281783124851127	0.4829135597865872	0.3688066159112254
PsychAD	TLP002941	6299	0.5803900384016928	0.4586256309075015	0.41688685415621873	0.24733315244431633
PsychAD	TLP002942	2795	0.43800679175983265	0.43808176469122023	0.3998110131763587	0.06766447531206693
PsychAD	TLP002943	3468	0.5956745651795906	0.5468719238393425	0.42806509203856935	0.28369788079596886
PsychAD	TLP002944	5986	0.573028123233676	0.34723518232438866	0.3888551263092538	0.2928898532419205
PsychAD	TLP002945	5883	0.6664148217794101	0.42856206309719436	0.34862291266543055	0.35565838614519196
PsychAD	TLP002946	2626	0.8926850669795259			0.8094458772096658
PsychAD	TLP002947	5575	0.5128546242713822	0.3904107848918833	0.3760803935217479	0.1945355224440097
PsychAD	TLP002948	2323	0.7221612571550079	0.41519780222617697	0.40251980338670595	0.5853072464025327
PsychAD	TLP002949	7750	0.6530442586162	0.3980540753083014	0.4001163373546079	0.4323101898922131
PsychAD	TLP002950	2778	0.5968505681653286	0.7916588517456169	0.43551024500249247	0.29072360369070654
PsychAD	TLP002951	2482	0.5068131855301257	0.2753778899321681	0.3401994006648254	0.2231441457419348
PsychAD	TLP002952	3186	0.5197889125942035	0.49508132080593215	0.44955146874904395	0.11583078153743585
PsychAD	TLP002953	5747	0.5364710095311495	0.4227676106109023	0.3811713586323118	0.2128280877009325
PsychAD	TLP002954	3181	0.7435259853229436	0.4250487115741858	0.3828761749895607	0.5180128227500737
PsychAD	TLP002955	4696	0.835416262979047	0.757233655909021	0.6171608767204908	0.5626228094033566
PsychAD	TLP002956	910	0.6095826386835279		0.27631628130384694	0.32874791830788147
PsychAD	TLP002957	1755	0.5591310262403676	0.5109370406365479	0.48247028268718045	0.18909961383676122
PsychAD	TLP002958	3208	0.5032428315686314			0.11943589450874792
PsychAD	TLP002959	3353	0.6390416575855387	0.5393469337401549	0.4277253842817156	0.34384996283633334
PsychAD	TLP002960	5979	0.6095174922019855	0.4701603331882708	0.4030638848799697	0.3340707880717858
PsychAD	TLP002961	16423	0.4336961843871011	0.2967095830216665	0.3312953898860598	0.13995223769652448
PsychAD	TLP002962	6814	0.6236897102249251	0.39579304353251477	0.3753543126185945	0.2952293158951356
PsychAD	TLP002963	5990	0.58960078403338	0.2994650295398419	0.3254872924036644	0.36138717102502577
PsychAD	TLP002964	3889	0.8649147193107483	0.7453183804495453	0.6066399634832962	0.6833751274681411
PsychAD	TLP002965	4055	0.673625131442279	0.5806967976915467	0.5274261810471947	0.3372947785914325
PsychAD	TLP002966	2830	0.6454370423037563	0.4673457586535563	0.43973090551843086	0.32876630566909226
PsychAD	TLP002967	7882	0.5907137958452047	0.43104153704901427	0.38753539551853844	0.2994396097668721
PsychAD	TLP002968	4350	0.5052021747081461	0.45062929166267973	0.4508521315638217	0.1312886047068775
PsychAD	TLP002969	1878	0.891318878244492			0.9023438050827112
PsychAD	TLP002970	7328	0.7042855328061023	0.4106622739155833	0.4134281626219235	0.4913233156566708
PsychAD	TLP002971	4713	0.7383252841257505	0.5760011709717151	0.5386139386162331	0.5426776578498641
PsychAD	TLP002972	7024	0.7486260246309197	0.6193592974055522	0.5370712579587245	0.473770931430906
PsychAD	TLP002973	7631	0.5982279815057425	0.5412529460338289	0.47420651720012175	0.19732315945889786
PsychAD	TLP002974	7188	0.49472375358899695	0.4343098109717767	0.3568167885517072	0.16410940710354005
PsychAD	TLP002975	3706	0.668208156771835	0.4394982419033875	0.42755475843532087	0.40118538593669084
PsychAD	TLP002976	3830	0.6745413656486299	0.7086327670916308	0.43287007063526944	0.44975165056247873
PsychAD	TLP002977	1769	0.782110455391457		0.4098808471473624	0.6563801939535567
PsychAD	TLP002978	3891	0.5860313191308927	0.5233377264776314	0.49545842868681134	0.19971239711493816
PsychAD	TLP002979	3269	0.8467741981865103	0.4552662248740679	0.38965287284291217	0.8027209900758394
PsychAD	TLP002980	2431	0.6315041009660433	0.5264395347934301	0.3665526748201505	0.35692683747780396
PsychAD	TLP002981	3110	0.6418635480134104	0.39354822756485874	0.365947721690023	0.4374513029493469
PsychAD	TLP002982	10399	0.7532724947059701	0.6295345581259308	0.5505270452647564	0.4864222792747763
PsychAD	TLP002983	8153	0.6217327280658165	0.4899494034059166	0.4572691151541105	0.3280620299058672
PsychAD	TLP002984	4758	0.3871077425365869	0.29360398970380386	0.30861276039900876	0.11944944244580917
PsychAD	TLP002985	358	0.7445276080372973			0.5515195048159475
PsychAD	TLP002986	5573	0.571861083609854	0.46193466118106996	0.4273698977589443	0.21574973189018956
PsychAD	TLP002987	8074	0.4792485700898047	0.32613478381612737	0.33203935611714364	0.19322524494742224
PsychAD	TLP002988	7623	0.8195985548703356	0.7596440439338453	0.6717222398469885	0.5244258380262935
PsychAD	TLP002989	7293	0.6990439752692041	0.5720371339021225	0.4940910595302429	0.3298485522110415
PsychAD	TLP002990	8211	0.5629509626881601	0.44558243731838637	0.3674030512773865	0.28854084230770743
PsychAD	TLP002991	6815	0.4533999827734572	0.3367334322452255	0.3329177191535021	0.1788764870408836
PsychAD	TLP002992	7071	0.44816036799520553	0.2910408335965079	0.31864128201665093	0.2084540842074967
PsychAD	TLP002993	6032	0.6114490719383903	0.40087305469795464	0.3852701835505474	0.32121148888465834
PsychAD	TLP002994	3301	0.5493333282704704	0.8244632054901846	0.4084841360290749	0.2586320787449143
PsychAD	TLP002995	2716	0.7256363482491156	0.3987618109004974	0.333924932690384	0.5514645046197917
PsychAD	TLP002996	5836	0.7610905842014366	0.5142256786347553	0.4379885647064592	0.6206616001831778
PsychAD	TLP002997	5947	0.7361781467926191	0.6761332913368051	0.5779482121922861	0.36359620077347904
PsychAD	TLP002998	4871	0.8134201731367503	0.5578686939314148	0.4627761818822198	0.5782989439796276
PsychAD	TLP002999	4149	0.5412481516802986	0.46736511683649695	0.3836034964067342	0.2108585408344519
PsychAD	TLP003000	5740	0.6428896973450523	0.4883913009113723	0.4290746175936212	0.36476319201744545
PsychAD	TLP003001	3700	0.666672940603638	0.48473865515934234	0.4113294945056932	0.4548181277927563
PsychAD	TLP003002	1141	0.5768712372940815	0.43573055595506893	0.409404325823791	0.27940392054317315
PsychAD	TLP003003	3355	0.7866912669321418	0.70771118370396	0.5683866426778447	0.5075270331300009
PsychAD	TLP003004	685	0.7464158334016292			0.6078946134321455
PsychAD	TLP003005	6483	0.5461576471342499	0.49020802693871535	0.4766069540065454	0.15035629479832363
PsychAD	TLP003006	473	0.4717147769702798		0.3655080222251488	0.17348513904605628
PsychAD	TLP003007	4072	0.5933304590499086	0.40791861542133384	0.3717500209729956	0.3453496150949127
PsychAD	TLP003008	4056	0.7543309701942257	0.6208537900691012	0.5399909537558953	0.44103164479574053
PsychAD	TLP003009	5817	0.40336678403679693	0.26588581741766093	0.30415033085867516	0.12029061369251509
PsychAD	TLP003010	2706	0.629433349149124	0.7925944064612223	0.43271639381729443	0.37369429367442814
PsychAD	TLP003011	7053	0.5136486588477749	0.3686386472902984	0.3598432534286307	0.2166526244256319
PsychAD	TLP003012	1591	0.8594050260769995	0.771148047746163	0.6113227533906804	0.7089703003293324
PsychAD	TLP003013	2682	0.5351318476139236	0.5160147239709459	0.36184303495818704	0.27114851218638697
PsychAD	TLP003014	3677	0.8720099648761801			0.6766876489551354
PsychAD	TLP003015	5033	0.3890492491079696	0.2151320466570974	0.24963035107182865	0.13179248420552178
PsychAD	TLP003016	2111	0.8209661103260368			0.6832757425711544
PsychAD	TLP003017	5751	0.5902660083860627	0.47498370608492524	0.42497230433386063	0.24575806565955316
PsychAD	TLP003018	4627	0.556170059492432	0.4137003416074381	0.375204518491433	0.2626024756208904
PsychAD	TLP003019	6772	0.5140302052140966	0.40878264457084934	0.3665361149884854	0.2203032618671007
PsychAD	TLP003020	6986	0.597261421105925	0.4637382652289455	0.4082379575827647	0.29343744969590646
PsychAD	TLP003021	3484	0.4368256193102996	0.5424629416784083	0.35878710676468184	0.07271277078287224
PsychAD	TLP003022	5316	0.6829972590437637	0.47917949735609316	0.39286296195252784	0.4576181747605525
PsychAD	TLP003023	2402	0.6604605077780751	0.3597827751123347	0.36171656921624523	0.38788116754889207
PsychAD	TLP003024	3228	0.545230756326141	0.5416305136114783	0.3384234178141293	0.31677476012188227
PsychAD	TLP003025	3302	0.5552589322091022	0.26092129660565605	0.4112997371968779	0.28228059450603393
PsychAD	TLP003026	4491	0.4732907473893949	0.3308442946370122	0.36114021390749695	0.15289055775242588
PsychAD	TLP003027	7037	0.8078936930491551	0.6733268352992885	0.5276457761256659	0.6422209856345245
PsychAD	TLP003028	8504	0.5578215730735813	0.4601412489569455	0.4235336848489448	0.23365602487781179
PsychAD	TLP003029	4260	0.8954975709969599			0.822705039351468
PsychAD	TLP003030	3786	0.7749777900360268	0.35151141580777856	0.36935395100873825	0.6300476189385711
PsychAD	TLP003031	9514	0.7476610891046056	0.6094459475961314	0.5390659868807063	0.5263525905055783
PsychAD	TLP003032	6994	0.5029716246681772	0.34718518885183447	0.35734900918181456	0.22082668045664233
PsychAD	TLP003033	3254	0.5614527773899144	0.44899835907178376	0.4555183502171556	0.23147670260846595
PsychAD	TLP003034	8172	0.7845875862031716	0.585142625290585	0.4804616548027092	0.6060119125446524
PsychAD	TLP003035	8015	0.6325849042059418	0.4956956594211198	0.4233775302823592	0.285436504544088
PsychAD	TLP003036	8254	0.48198073205029024	0.28530949495567715	0.3096929845268457	0.21388530903453673
PsychAD	TLP003037	4899	0.8577851486357361	0.6926819316519524	0.5462901010049135	0.7979318592358567
PsychAD	TLP003038	2246	0.6194034284035026	0.5486579538907773	0.5208452676414347	0.24588073325373186
PsychAD	TLP003039	3772	0.5426114475711826	0.43477521709827327	0.43142079557933943	0.23076398903540432
PsychAD	TLP003040	2036	0.40934903010270823	0.28646851207103374	0.3454513935419979	0.12588461779413687
PsychAD	TLP003041	6506	0.6806387846327576	0.47497883778816574	0.45983560151420433	0.3773403727543664
PsychAD	TLP003042	7193	0.48619974721820286	0.3301354064443005	0.3454908332044918	0.23520034741704457
PsychAD	TLP003043	9463	0.8007361548178041	0.6646543893152366	0.565191176295134	0.46125329052830927
PsychAD	TLP003044	4007	0.5352008088590693	0.4700005953326837	0.4048766048587814	0.18391183053965904
PsychAD	TLP003045	8177	0.4618317896262367	0.23057851574366792	0.32960507602486283	0.19432589276061835
PsychAD	TLP003046	6646	0.47250942906356375	0.3918881839771846	0.38263132575447456	0.1558673790025913
PsychAD	TLP003047	3416	0.6239500579358682	0.5990891097696136	0.5494110097909259	0.20887716275002702
PsychAD	TLP003048	8730	0.6339438359717285	0.5250793164390459	0.47034259445021886	0.27694938677766584
PsychAD	TLP003049	7608	0.6706319595089635	0.4704928654824933	0.40903257110738833	0.3943006260200734
PsychAD	TLP003050	5794	0.7091823120929555	0.50915823659182	0.43778273297180176	0.4191156738043051
PsychAD	TLP003051	391	0.5248414134534514	0.6022436913964485	0.4506070321658626	0.16766080390582974
PsychAD	TLP003052	1188	0.6179855599499825	0.5102391517099166	0.4201512879646532	0.3127422287167466
PsychAD	TLP003053	8816	0.6135215161084643	0.5284193667004484	0.4625248626622028	0.2263559301895168
PsychAD	TLP003054	4407	0.4584681867011824	0.37825289712190224	0.33661405005191625	0.15169490879904401
PsychAD	TLP003055	2965	0.7461801757718295	0.5735501447573303	0.5090609400513062	0.45292234805436343
PsychAD	TLP003056	4658	0.5568542631307728	0.4306075608876955	0.41501779541664474	0.25432950430785267
PsychAD	TLP003057	6708	0.43180438765220464	0.4146252715767298	0.3903399169109816	0.060395302045361504
PsychAD	TLP003058	3597	0.6918219009639675	0.6122461936094523	0.518422041367235	0.35220612072961355
PsychAD	TLP003059	8813	0.6120961968382836	0.43329499507900543	0.3929995070012079	0.3484417658734381
PsychAD	TLP003060	6012	0.7980701407357841	0.48704148099003985	0.4363126536904169	0.682697227885547
PsychAD	TLP003061	6418	0.5780940816152077	0.3604618737280533	0.43596257347474493	0.2789703626314867
PsychAD	TLP003062	5847	0.3756488945454923	0.22624419547926528	0.2435026924990173	0.13811345179341952
PsychAD	TLP003063	4723	0.6052850025882288	0.44412600163682275	0.3984426181419032	0.33521385224317174
PsychAD	TLP003064	4889	0.6090253462341032	0.6301120208863927	0.49797508785179634	0.14378020405751019
PsychAD	TLP003065	6434	0.6702958471097957	0.5133715882124417	0.43517698201778704	0.41147841256905
PsychAD	TLP003066	3106	0.6568583804057389	0.5256409598403504	0.49682550952352544	0.35030694563810155
PsychAD	TLP003067	8164	0.6239116966857363	0.45008597365978725	0.39678800475608844	0.3014268212314337
PsychAD	TLP003068	5237	0.5668903777113509	0.5084015442474095	0.43455676559035605	0.21422272281513324
PsychAD	TLP003069	4045	0.535803873531611	0.4789459428807601	0.4508060650015922	0.1805354760673477
PsychAD	TLP003070	654	0.4782648110922987	0.5536958902291577	0.41405514296962276	0.07241234555884951
PsychAD	TLP003071	1709	0.3965019091568134	0.304323170461002	0.31683923553144544	0.10147733027287552
PsychAD	TLP003072	9487	0.6553265441790859	0.47876049072649823	0.457725037911128	0.3181709068901132
PsychAD	TLP003073	5696	0.548122753514056	0.49762032680666624	0.4084144753619322	0.1867349370095132
PsychAD	TLP003074	2749	0.5616738565337724	0.5282074022090463	0.5058080146466037	0.15815424598388353
PsychAD	TLP003075	3499	0.4646535825764347	0.2514587206324276	0.282766574161557	0.21439908943707117
PsychAD	TLP003076	3229	0.4672330266712585	0.4508216789820046	0.4305626955110688	0.061290250296742704
PsychAD	TLP003077	7440	0.5595778011060654	0.46444110988513265	0.42483245532600533	0.23137551971473727
PsychAD	TLP003078	4668	0.4454629459033555	0.40960577058946784	0.3489386362154562	0.10671464173794241
PsychAD	TLP003079	7059	0.5707025368022656	0.46217229440782936	0.41046788952195323	0.22481873510844322
PsychAD	TLP003080	2657	0.6497520114007476	0.47277390593859303	0.36703662715884966	0.3268656382948012
PsychAD	TLP003081	6717	0.6495081055268842	0.4052342111197251	0.37723926807270874	0.41248152141287275
PsychAD	TLP003082	3005	0.45436614729203584	0.44921111826555116	0.4002254173431371	0.0618996957896105
PsychAD	TLP003083	5092	0.5823597947268956	0.4163545343666353	0.39365703367325144	0.3308542202025315
PsychAD	TLP003084	5661	0.6824485840365496	0.37031025792153005	0.34277493287427047	0.36713166077682347
PsychAD	TLP003085	830	0.47570027245341884			0.05712049159558207
PsychAD	TLP003086	7172	0.477895897471605	0.4010069322100496	0.39440547950245364	0.13354258491641693
PsychAD	TLP003087	1168	0.4356325256566456	0.27007481465103245	0.3254927919043653	0.16828347796777443
PsychAD	TLP003088	3669	0.6248838823452962	0.5628610250940098	0.4698991213979913	0.2784391703217796
PsychAD	TLP003089	2940	0.6216389009777653	0.5500398175197828	0.46551642670742355	0.2890602058841361
PsychAD	TLP003090	3241	0.5600423886104807	0.4472171492454851	0.3075516822153156	0.2980451910756577
PsychAD	TLP003091	2245	0.5422000020118608	0.5065464851815324	0.433336105020356	0.1637171255829886
PsychAD	TLP003092	4155	0.5002679889543363	0.45478256514410503	0.44359135828621954	0.13306500098455293
PsychAD	TLP003093	4489	0.6476703407883466	0.41879927910433146	0.4136682527930242	0.39067424278411556
PsychAD	TLP003094	4314	0.460056315728712	0.3850106082425933	0.38952935420029505	0.11946992194886055
PsychAD	TLP003095	5738	0.7093793505740328	0.48413627596428355	0.45779572586280814	0.4840621480051348
PsychAD	TLP003096	5734	0.778754409526226	0.6539313488374991	0.5446224842817275	0.4528808110545995
PsychAD	TLP003097	8604	0.6598120246039402	0.4456885127104796	0.41891911210464794	0.3327795568392475
PsychAD	TLP003098	6384	0.5870188951201705	0.4518082089068237	0.4152624525607635	0.30930877580607274
PsychAD	TLP003099	3941	0.6032792954346021	0.5797225057544935	0.5209217646083688	0.18076237325166508
PsychAD	TLP003100	5894	0.6987353293677218	0.48855405198571666	0.41670595385263187	0.46745180542390424
PsychAD	TLP003101	127	0.5108412119629269			0.12517405341777613
PsychAD	TLP003102	8302	0.6177266805835212	0.5297459191758194	0.4407647743870518	0.26979518944727227
PsychAD	TLP003103	4058	0.6016556019606862	0.5361627891688063	0.49149915931753846	0.26436662900052504
PsychAD	TLP003104	216	0.5124760188778127	0.5173538226116324	0.47782411780542	0.0439805920103305
PsychAD	TLP003105	3619	0.6735829404657366	0.6104113668096522	0.5222366367641513	0.3110068599153286
PsychAD	TLP003106	8262	0.5360227254924386	0.4043237959471593	0.3711011967901069	0.20461946015995192
PsychAD	TLP003107	3890	0.5968805333415456	0.45914993320760605	0.43566723013308484	0.30957524375728784
PsychAD	TLP003108	8073	0.5526783593025841	0.4831657855606515	0.430121643414795	0.2170266782491333
PsychAD	TLP003109	1856	0.6153888725392732	0.5561550998562599	0.41296156510577703	0.29855956481081425
PsychAD	TLP003110	10582	0.5931644321619303	0.42332687693673965	0.3898033233929259	0.3042988998047088
PsychAD	TLP003111	1304	0.737163318528642	0.5868631652038996	0.4717055245151499	0.43270276393596246
PsychAD	TLP003112	7442	0.6663219228316567	0.540552265933658	0.4703161025784193	0.3130413977786784
PsychAD	TLP003113	5885	0.5723692454994576	0.3597269746137437	0.3719821102964104	0.3138356207011236
PsychAD	TLP003114	5899	0.6477119921479637	0.4766785717965728	0.4325707926109219	0.39014292464510186
PsychAD	TLP003115	8181	0.6331717249862665	0.45025881932911416	0.404249383194258	0.3361815098548387
PsychAD	TLP003116	1009	0.5958137837784375	0.5733312995063868	0.3852967181999694	0.20688693026754407
PsychAD	TLP003117	7901	0.4913338956028569	0.4087100009819561	0.36751153061826347	0.17222178287065792
PsychAD	TLP003118	2284	0.6433173442935355	0.6149240978043267	0.4989143503277588	0.19867975460911677
PsychAD	TLP003119	5839	0.7249205319302741	0.6252861523542609	0.5862007055118224	0.4473766422532469
PsychAD	TLP003120	7998	0.6710551078895317	0.5727362064746422	0.4870072024517443	0.3583462746017366
PsychAD	TLP003121	7005	0.4846140891500012	0.31385969876962794	0.32320493704985503	0.19021144720782066
PsychAD	TLP003122	4880	0.4084210853153988	0.33747096328918	0.3695760585274618	0.09415960035416855
PsychAD	TLP003123	2447	0.6450366682525911	0.5497300124890485	0.4742969100749523	0.34112731811539865
PsychAD	TLP003124	7852	0.5731030983343136	0.4090326069744231	0.40897471644945477	0.30323148003699274
PsychAD	TLP003125	3430	0.5657441241074804	0.42678736723203214	0.4009840602190449	0.28259283469610535
PsychAD	TLP003126	3938	0.5269363297937697	0.42092203877188594	0.36171057998771294	0.24383394526205138
PsychAD	TLP003127	4180	0.5601333365726388	0.5483677128760144	0.5251112288574173	0.16563726474732254
PsychAD	TLP003128	2096	0.5588591514821941	0.44849154426304083	0.4294817392978971	0.2576931277233328
PsychAD	TLP003129	6574	0.43053040696703027	0.45700158182783923	0.35122160361682536	0.05259987286488847
PsychAD	TLP003130	4172	0.7050107232656703	0.5364286444038595	0.49662528024078567	0.4396123236971103
PsychAD	TLP003131	6015	0.5193736726043368	0.3468883143316098	0.3730288247981753	0.2709108271479754
PsychAD	TLP003132	4586	0.5649749151310364	0.591769541686294	0.4822050201308582	0.1091023904995777
PsychAD	TLP003133	5443	0.5264904100842711	0.4669318987441715	0.4187247756446675	0.157415403332053
PsychAD	TLP003134	3518	0.6335728408127265	0.4515910530916466	0.3943375194068406	0.37004610291883794
PsychAD	TLP003135	2369	0.3757164920497275	0.23612771391396442	0.32025920227259397	0.1261096381674964
PsychAD	TLP003136	734	0.7014281775278395	0.5455620168384202	0.4564033242392345	0.5141427310091974
PsychAD	TLP003137	4193	0.624060065740902	0.38017343468057385	0.3929054096677566	0.4162898752917052
PsychAD	TLP003138	8088	0.6609676274291822	0.48094758399842513	0.42361573827946253	0.3313541604075818
PsychAD	TLP003139	286	0.7428247910341466			0.5921351824823845
PsychAD	TLP003140	7290	0.558896146025864	0.3450737997120027	0.3854496842484005	0.2505106030551258
PsychAD	TLP003141	2337	0.5338947572858237	0.396851594687024	0.38872821068059604	0.2628192321535784
PsychAD	TLP003142	1846	0.8005132001609178	0.4986947763921278		0.567517205463461
PsychAD	TLP003143	1657	0.6346486887986094	0.44373575702981016	0.4523808760840612	0.38489699564674357
PsychAD	TLP003144	4288	0.6380843519346548	0.40383564149829965	0.3979201693592509	0.4284995759302623
PsychAD	TLP003145	6740	0.6235239818140855	0.47152232445262077	0.47050844418325355	0.3349791376033208
PsychAD	TLP003146	8325	0.6624923133028136	0.4549427680670538	0.4286660291075188	0.31855673616367713
PsychAD	TLP003147	2257	0.7013131927824938	0.47930330148862527	0.4692965624227572	0.45927485837801557
PsychAD	TLP003148	3711	0.6997056061933098	0.5110918453678926	0.43421180268647847	0.46136104916142345
PsychAD	TLP003149	4914	0.6197947319158302	0.3862636751416119	0.422671542919876	0.3738550743623912
PsychAD	TLP003150	1339	0.5754279462787755	0.41437471723594754	0.3215754773939361	0.2859043343360748
PsychAD	TLP003151	3310	0.6824709134157068	0.3645287177522226	0.37586705133387655	0.4396725707087748
PsychAD	TLP003152	649	0.8262817622664631			0.695289361931757
PsychAD	TLP003153	9344	0.7558317208465811	0.5456779233647061	0.418370869125889	0.5254446815002994
PsychAD	TLP003154	4141	0.5571650456082633	0.4715384591695363	0.4737662364038077	0.22498767641218861
PsychAD	TLP003155	5123	0.6644858321516837	0.4685276495678991	0.4368860865861508	0.4360350348851717
PsychAD	TLP003156	6230	0.7040654104319528	0.41448128064624257	0.4215874715466593	0.4347753438219743
PsychAD	TLP003157	1020	0.6967668485420376	0.5564431146183421	0.39266794449019327	0.48080480173879653
PsychAD	TLP003158	6264	0.5646993279929217	0.4035635160730979	0.41781819359444994	0.28445444857209284
PsychAD	TLP003159	178	0.702973704124762			0.48721249429501967
PsychAD	TLP003160	3780	0.7208832468992064	0.37982246358180616	0.4131860980344937	0.49559680984781196
PsychAD	TLP003161	7388	0.5813049697627707	0.4021359337810527	0.38369291347801465	0.28548413193563493
PsychAD	TLP003162	4990	0.6361323770793765	0.5854673579393936	0.4231949009620296	0.2962723621127752
PsychAD	TLP003163	1518	0.7738292501462452	0.5116002854488536	0.45936854151842627	0.5207770805254861
PsychAD	TLP003164	7404	0.6536596140556467	0.46027137365575516	0.3990963230617407	0.39521021831174546
PsychAD	TLP003165	4001	0.6188415691274153	0.5004035586351602	0.4584689411005633	0.3084783066474694
PsychAD	TLP003166	2289	0.5791131248150964	0.487328577627419	0.471513667242133	0.2117350127363339
PsychAD	TLP003167	327	0.6398183436934772			0.37760260508197363
PsychAD	TLP003168	413	0.6339392197244863	0.5539787734707752		0.36233315611826195
PsychAD	TLP003169	6553	0.642994886837005	0.40574509363666433	0.3922371494040103	0.33828807575190056
PsychAD	TLP003170	4074	0.5682780828685657	0.47554410778263073	0.40546054386309105	0.23660305579030227
PsychAD	TLP003171	4038	0.7369822844492975	0.4426223542984875	0.38392385373332416	0.5160449957773026
PsychAD	TLP003172	7997	0.6775779018694079	0.44498679271123087	0.43600935593158996	0.44902807063415184
PsychAD	TLP003173	1119	0.6509039834004533	0.6214702474176259	0.5108932303155661	0.32744814328862876
PsychAD	TLP003174	2872	0.7255203918348506	0.39882255682149786	0.4288931091973315	0.5325312852388729
PsychAD	TLP003175	3855	0.570907956914689	0.40409164019675764	0.391026482935005	0.28695123266002676
PsychAD	TLP003176	1485	0.6375462873048258	0.5615241747581647	0.5301572822182765	0.24055513996177763
PsychAD	TLP003177	4044	0.5379977416980056	0.43161119995046976	0.4346374720689412	0.20990636518825478
PsychAD	TLP003178	2242	0.6136218921466815	0.4718662386314648	0.4876705504382691	0.27934450506773056
PsychAD	TLP003179	2541	0.5873633568386576	0.5154815569631611	0.47831352008273587	0.20530470869801482
PsychAD	TLP003180	3994	0.5628650000299472	0.4092154541910693	0.40150070709225427	0.26495312377295344
PsychAD	TLP003181	1587	0.6045314701558433	0.48078670014074354	0.5007069440956	0.26873286843091454
PsychAD	TLP003182	6953	0.730140520647068	0.47817789734891436	0.42889737221637525	0.4993380244834858
PsychAD	TLP003183	346	0.5723356221405229	0.4118263269588145	0.3566416458603313	0.3214810896599313
PsychAD	TLP003184	806	0.5997642789319754	0.403598477170813	0.4490526464857132	0.29935096087619417
PsychAD	TLP003185	3553	0.6909694197738564	0.43525905553189304	0.4189440234248505	0.39183068729419973
PsychAD	TLP003186	8151	0.7371634126183859	0.41433695082120714	0.41384378354348994	0.579928140242571
PsychAD	TLP003187	6222	0.6364578515942105	0.3584402811009238	0.3861177066079586	0.3066148069905287
PsychAD	TLP003188	2740	0.8110195873472071		0.33321030066996343	0.7160738760362737
PsychAD	TLP003189	2352	0.7539388582276569			0.57859306038392
PsychAD	TLP003190	4050	0.5376500856711987	0.4300078521806826	0.45880183155284465	0.21378733422345778
PsychAD	TLP003191	5698	0.7196926794673134	0.48715638402996575	0.4855762519402555	0.5120357457002989
PsychAD	TLP003192	5904	0.6103243567888025	0.4227438097772359	0.41960176690030765	0.3157958612446038
PsychAD	TLP003193	2134	0.5666769769418354	0.429429222879387	0.38387063290825396	0.2816025756661548
PsychAD	TLP003194	8847	0.678638145029368	0.4021463574228975	0.3819423729247582	0.515202230595013
PsychAD	TLP003195	3107	0.5974838952080332	0.3554024439997008	0.3617140760073613	0.3371164649140481
PsychAD	TLP003196	5168	0.5182698050282609	0.3044410261876661	0.34260124883055754	0.25410953831191135
PsychAD	TLP003197	7243	0.7201898525936725	0.5567169331800679	0.5040731740666313	0.4535391702434119
PsychAD	TLP003198	4431	0.7557986388730012	0.43445248063580544	0.3840829449261015	0.5874738808936623
PsychAD	TLP003199	7251	0.6100303430165611	0.40641374750146364	0.39285915456799125	0.2641818485320604
PsychAD	TLP003200	5814	0.708588452572096	0.468416331048799	0.4440201930551192	0.5043501241901867
PsychAD	TLP003201	2529	0.696859370138888	0.3798186053309446	0.38400595703364815	0.47835135765101394
PsychAD	TLP003202	5315	0.6391537260117132	0.4891430126133638	0.47602929835262964	0.3264885000969357
PsychAD	TLP003203	6650	0.6368994965300174	0.44215104680413697	0.3889615253895522	0.31018095712690213
PsychAD	TLP003204	5775	0.5618601856879408	0.3673849391155022	0.3838568260950354	0.276152168891516
PsychAD	TLP003205	4031	0.6433465612992458	0.44847495058173803	0.41103570323746963	0.3680711563476382
PsychAD	TLP003206	7714	0.7062025034978816	0.31810160393608644	0.36743317457304037	0.5058486466145448
PsychAD	TLP003207	3585	0.7197497737669468	0.5144875736864436	0.44147324707089913	0.4068113182660407
PsychAD	TLP003208	3748	0.6225666331143984	0.4768213921497456	0.44082822281757333	0.3619023300253045
PsychAD	TLP003209	4805	0.6842347349682877	0.4327092084489985	0.39562503081935224	0.5055102287639127
PsychAD	TLP003210	2984	0.5476706484505084	0.5743162900174208	0.4097504058621473	0.21511160545363775
PsychAD	TLP003211	2779	0.6421620422839664	0.4334799318221917	0.4416648190033461	0.39682958525667744
PsychAD	TLP003212	5648	0.671013576180659	0.46791599741096235	0.39459837764112415	0.36649181649968865
PsychAD	TLP003213	2849	0.5104534960626455	0.5874460630963063	0.43821040736752964	0.11033314410531211
PsychAD	TLP003214	1118	0.6123593854053104		0.2520106757959427	0.3828995133335049
PsychAD	TLP003215	3343	0.6932809514148212	0.4256048588191047	0.4316142630334471	0.512753066954114
PsychAD	TLP003216	2990	0.6740175139835455	0.49451450582733647	0.35629404551530247	0.35989420157617047
PsychAD	TLP003217	3556	0.6492251005723301	0.49530131795482596	0.46235044852641777	0.3583732318826863
PsychAD	TLP003218	2567	0.6591648527007878	0.3495696513794702	0.37976069276214725	0.3978736363120516
PsychAD	TLP003219	7103	0.6313549105612463	0.4756316684876425	0.43484861700047456	0.3605284096439002
PsychAD	TLP003220	4370	0.5632266518428094	0.3377898994012217	0.3660221236017407	0.272285896230013
PsychAD	TLP003221	5439	0.7426670590441042	0.3926835768708694	0.38338015510479073	0.5100343531741196
PsychAD	TLP003222	4397	0.5630790860769076	0.4728258224228204	0.43363975875687816	0.197999395607749
PsychAD	TLP003223	8031	0.5772802762331535	0.4257617356337021	0.41459570908784316	0.2635554243057584
PsychAD	TLP003224	3038	0.6469243149720049	0.3617560198521285	0.36204275551789145	0.3825272449160284
PsychAD	TLP003225	205	0.46352988440727944	0.4092109751409655		0.09917846777972891
PsychAD	TLP003226	5645	0.775291855682185	0.6149066041118478	0.42302123094080235	0.6388857859564552
PsychAD	TLP003227	852	0.6826845719155409	0.46024348007923654	0.3120551197891748	0.46950740682900194
PsychAD	TLP003228	6376	0.7219509584559763	0.49372353074636505	0.4754266189838512	0.4428047610261699
PsychAD	TLP003229	6007	0.5204976664528275	0.3871777234506005	0.35647925409970066	0.23236123942411702
PsychAD	TLP003230	4386	0.6424467100034097	0.47487084824311887	0.4547329382327221	0.35953828218982165
PsychAD	TLP003231	4372	0.7451293932503115	0.5182360966381239	0.424259635281081	0.5948262779520473
PsychAD	TLP003232	4621	0.7256718803862175	0.4887156707844842	0.5049908825576783	0.47062660489842484
PsychAD	TLP003233	2699	0.7451223121176409		0.4229826733755372	0.5448446534445628
PsychAD	TLP003234	3872	0.7739944430514114	0.5424877791844823	0.5021477574063449	0.614207345619337
PsychAD	TLP003235	3879	0.8012868046833348	0.4436605708938649	0.39264868262227504	0.7161397507354599
PsychAD	TLP003236	5083	0.6864966964039869	0.4648988646544767	0.42676295260685143	0.43029853894648845
PsychAD	TLP003237	3033	0.7647030544306561	0.5159024459643828	0.4992824683795048	0.6075131446574739
PsychAD	TLP003238	6177	0.6524167069881538	0.4202025258832058	0.4322135701148761	0.3040496565797377
PsychAD	TLP003239	4565	0.6443993014152534	0.41014690813443405	0.4391373622635799	0.36784732939126547
PsychAD	TLP003240	1773	0.5705046635990914	0.486596258853119	0.46883758181093615	0.21117866292766788
PsychAD	TLP003241	5400	0.6158516097534726	0.48910335411309097	0.3980244105396289	0.2945218673580216
PsychAD	TLP003242	1011	0.4591576311761152	0.3556978697545216	0.3739110674928347	0.18075827253240045
PsychAD	TLP003243	4907	0.7241667115740026	0.46472137316109574	0.3989514348215228	0.5115296833237619
PsychAD	TLP003244	8424	0.673251049331752	0.42856139604541127	0.4153671053650253	0.4535078020915424
PsychAD	TLP003245	3705	0.5853154680187437	0.48921094009594834	0.3811010928216684	0.2912753427674822
PsychAD	TLP003246	4543	0.6035050027685834	0.5370979199490185	0.46837004060433757	0.2517968297063367
PsychAD	TLP003247	2734	0.6068592596458348	0.36263662976953537	0.4269113053370283	0.3232950879489409
PsychAD	TLP003248	3213	0.6621571347499827	0.5104075706927783	0.44127157787352633	0.3359147223344796
PsychAD	TLP003249	6495	0.709684473937988	0.42565534252260456	0.39282185823898425	0.4477451648563852
PsychAD	TLP003250	686	0.6791854682240721	0.34896268026218963	0.42015794145867397	0.49344444811814187
PsychAD	TLP003251	169	0.4498355981707342	0.38924909186324974		0.08701021715578933
PsychAD	TLP003252	6894	0.7411528907454848	0.427405676941853	0.4108964548077828	0.5806578892243635
PsychAD	TLP003253	5837	0.6422265359203742	0.4521888111468718	0.4888602298731212	0.37880217078908235
PsychAD	TLP003254	4454	0.6147829393240882	0.46633857331279266	0.4044822067791639	0.3204961050836508
PsychAD	TLP003255	3598	0.6316752367259207	0.48081059588055086	0.3782913424327796	0.38177589594311917
PsychAD	TLP003256	1658	0.610179876550232	0.4463776075603917	0.4142463044361048	0.3342582730975363
PsychAD	TLP003257	7684	0.7503846879531441	0.4941089144738781	0.43122786720503614	0.47553493429778143
PsychAD	TLP003258	8986	0.6056474576095414	0.4025672565200769	0.3945242906089118	0.39411595239181213
PsychAD	TLP003259	1923	0.6093547160648498	0.4235910956895071	0.4584690719432017	0.33723317083118765
PsychAD	TLP003260	4966	0.6035889064792271	0.38891159545740794	0.417691814748239	0.31121130247087503
PsychAD	TLP003261	3241	0.5715185666901654	0.34955751082926817	0.4087012609073947	0.26322502882174537
PsychAD	TLP003262	2698	0.5543923491611671	0.4530438095276055	0.4566178232757093	0.19270880728929432
PsychAD	TLP003263	3632	0.7476861292936344	0.3990284679721689	0.41522399664859055	0.4261596052119813
PsychAD	TLP003264	165	0.9073019989486637			0.932714091127133
PsychAD	TLP003265	10184	0.6672618780293573	0.4710162969655609	0.43215031328457876	0.37546064777644145
PsychAD	TLP003266	751	0.6782672194290851		0.3539328972632812	0.43923640795543606
PsychAD	TLP003267	4351	0.6375836200512165	0.4715762123122785	0.45683825022479674	0.36159374984785975
PsychAD	TLP003268	2669	0.6401924463494048	0.42219696466388235	0.42196029885445985	0.383936368903922
PsychAD	TLP003269	3503	0.5956739286131332	0.42907600748472585	0.3876861430352978	0.34407149241874463
PsychAD	TLP003270	4152	0.7151027448069921	0.5308555574817212	0.426853962039913	0.5273726601963625
PsychAD	TLP003271	1617	0.8100338129810035	0.7130381430436945		0.6624187098665154
PsychAD	TLP003272	936	0.5021170102435687		0.21514046388363647	0.1854278580155559
PsychAD	TLP003273	3317	0.6664077334578158	0.3112227820914628	0.36138953352525466	0.5292193266741774
PsychAD	TLP003274	1763	0.7219870233713008	0.414228792924772	0.4269448554236459	0.5681103627415922
PsychAD	TLP003275	4781	0.7358095770076812	0.40918240501305864	0.42895816143392684	0.596562136887045
PsychAD	TLP003276	2885	0.657731179949649	0.45667399495232064	0.5186384621149138	0.40991335143968116
PsychAD	TLP003277	5411	0.7086087120442826	0.4191480779993882	0.4378205649829453	0.4555589050166898
PsychAD	TLP003278	5866	0.611355129837317	0.3497224220283944	0.3843261846481368	0.32036787019081686
PsychAD	TLP003279	6977	0.6704573984767178	0.42150303228285113	0.3851756768293946	0.48663475519100974
PsychAD	TLP003280	2560	0.693093232066958	0.4886212172927745	0.4328816100631817	0.4154131088416448
PsychAD	TLP003281	806	0.5813143020915671	0.3733862590064787	0.41255417304319336	0.28997570625022456
PsychAD	TLP003282	4748	0.5273364818286159	0.41602367590587214	0.40279149639748146	0.19637231670290503
PsychAD	TLP003283	5911	0.7314979232216287	0.4188595421826016	0.400020248555367	0.6035374078826303
PsychAD	TLP003284	6370	0.6253260504698477	0.4308747812330348	0.4516656274306551	0.3304352759381239
PsychAD	TLP003285	1068	0.603554609687108	0.4640078844420247	0.39616289469510935	0.3254748955918611
PsychAD	TLP003286	3690	0.7082020682217469	0.5179346037955427	0.4789806719205243	0.49162899756404227
PsychAD	TLP003287	1843	0.7744705840109176	0.4916960012669366	0.37938475699122165	0.583438599889519
PsychAD	TLP003288	1498	0.6965095270337578	0.5461336772298565	0.45827113889998966	0.46305847167850084
PsychAD	TLP003289	10293	0.7016098522228721	0.5549069976928613	0.5042202038001453	0.34879259468690926
PsychAD	TLP003290	4200	0.7421565689560534	0.4767152370876944	0.41340585058300877	0.5525771200490129
PsychAD	TLP003291	2531	0.5763001978495734	0.5335660973855785	0.4407546621484965	0.2522393577248369
PsychAD	TLP003292	3282	0.6901325918386488	0.43284819686904	0.40626541609739425	0.3629113107242125
PsychAD	TLP003293	3524	0.7239674335217651	0.38529690500479413	0.4484884350705259	0.49512607303567124
PsychAD	TLP003294	5019	0.6250437541075314	0.39658119557456534	0.3927235036253647	0.37465009247089637
PsychAD	TLP003295	5288	0.6647791249124265	0.438778072813112	0.40893001455981254	0.4379120924181809
PsychAD	TLP003296	1663	0.6410300493709898	0.3035845288572133	0.39533459232542423	0.4078592775537664
PsychAD	TLP003297	5964	0.7872416150914008	0.4684841614200944	0.4383425243071922	0.6246860572939484
PsychAD	TLP003298	3563	0.5650150763299908	0.45553846088359284	0.4216619735386327	0.2409771262616275
PsychAD	TLP003299	5721	0.569043788650119	0.4195127552132514	0.40983794882765856	0.25130813688545073
PsychAD	TLP003300	5976	0.5511661626219493	0.34122135964618894	0.3574293036889434	0.25241251449828633
PsychAD	TLP003301	8000	0.5773855080990409	0.42065961334414453	0.3966886074103356	0.23898999435212653
PsychAD	TLP003302	4450	0.5997360392781553	0.34447978398776485	0.3738475237675222	0.3671985180403556
PsychAD	TLP003303	4527	0.81755731653937	0.5517286183224235	0.49767643174226756	0.6081167464564635
PsychAD	TLP003304	3959	0.6302262221005461	0.4366368991161386	0.4298326987992906	0.3044985498006318
PsychAD	TLP003305	3515	0.7339794039696048	0.5331862271282315	0.4583742176401321	0.5715973648488187
PsychAD	TLP003306	7297	0.6576026539348363	0.41488759347026344	0.45022773512709635	0.43067876919666304
PsychAD	TLP003307	2359	0.6834814714397925	0.5606980618034489	0.5249170666520705	0.3685178273318905
PsychAD	TLP003308	1577	0.6251730376226692	0.4067120662164173	0.4040618995009809	0.3750359639657653
PsychAD	TLP003309	6496	0.6805969358696664	0.5449765378983901	0.47740447910334605	0.3266008354694737
PsychAD	TLP003310	3706	0.5882438313433705	0.40983842856223707	0.4381255214934656	0.30795620769173954
PsychAD	TLP003311	2872	0.6041780694628673	0.41433487256031565	0.4487018038561369	0.3248102050220704
PsychAD	TLP003312	6247	0.6816957833640047	0.36924175252444447	0.41281788250634255	0.456590510853739
PsychAD	TLP003313	4221	0.7875355158149824	0.4908041194088432	0.4897629443564801	0.6001988535690019
PsychAD	TLP003314	8432	0.749365571385196	0.48696844096239267	0.4688292962977626	0.5554522645103985
PsychAD	TLP003315	2457	0.7087037236733912	0.47104857384732035	0.4859660967802214	0.4751315179440617
PsychAD	TLP003316	7407	0.6446841647944643	0.4659894076848874	0.43088025572722566	0.3934495518741105
PsychAD	TLP003317	6539	0.6864304091291361	0.44028951159671015	0.3890213178494957	0.4228950357049578
PsychAD	TLP003318	3231	0.6218657787732697	0.4948525959322653	0.42345395222069804	0.33576471533525976
PsychAD	TLP003320	1746	0.5329087297164942	0.4509041469558797	0.4025377733425489	0.19156294344024594
PsychAD	TLP003321	3125	0.6241675418176108	0.4343193247588126	0.40650257330215545	0.2939198017400508
PsychAD	TLP003322	7281	0.7355460790782599	0.5330958932215348	0.47831639485610544	0.5159793023236722
PsychAD	TLP003323	4712	0.6669048712911924	0.4181461844104635	0.4040195012879591	0.4085496506571151
PsychAD	TLP003324	1172	0.5968010866789945	0.45049345721409617	0.4439856131351091	0.27029357410196825
PsychAD	TLP003325	4994	0.6419912734095288	0.44720331946779485	0.39504154556900306	0.33758602027688134
PsychAD	TLP003326	2735	0.5557624426920981	0.38752483813573974	0.3901164608299883	0.26059552689013543
PsychAD	TLP003327	2997	0.5248207143896464	0.4547904854424193	0.41937339736844015	0.20011509815469192
PsychAD	TLP003328	4939	0.5096506749841272	0.3297779316185082	0.37374840001661436	0.1944240480496958
PsychAD	TLP003329	9174	0.6469143727837722	0.39423298061386375	0.4083820578662677	0.3252124245893615
PsychAD	TLP003330	1856	0.6442030531273505	0.4159666327384451	0.4062294343524546	0.30530281370540463
PsychAD	TLP003331	1697	0.6650450166608881	0.5122317698029017	0.45738942917932024	0.30966344442655847
PsychAD	TLP003332	4899	0.5629368573309743	0.48051224135376047	0.42363977346072834	0.20245426227554114
PsychAD	TLP003333	5910	0.6255674748144165	0.3745937454703562	0.3830839703017026	0.3709809996484731
PsychAD	TLP003334	3166	0.7887096450501537	0.5076830657227211	0.48994179335493143	0.6490717506710787
PsychAD	TLP003335	3419	0.7392362317680005	0.5830071082421867	0.46959233306234477	0.47807536711694365
PsychAD	TLP003336	4342	0.7283745730325167	0.5102461824659362	0.48060931830390047	0.5289450291333511
PsychAD	TLP003337	1776	0.6574073478363396	0.4388501781744276	0.4756587585857963	0.3704055204648156
PsychAD	TLP003338	7777	0.7870023120758887	0.4702727565371371	0.4751807976359141	0.6933696740868497
PsychAD	TLP003339	3565	0.5301382973599233	0.32451788093526	0.34681963895763424	0.24930777947982558
PsychAD	TLP003340	3559	0.5990233326178847	0.3975980885006088	0.3901935172433677	0.34911722187478417
PsychAD	TLP003341	8369	0.7150894937184837	0.5084651387853536	0.4699776387320835	0.4196284572379628
PsychAD	TLP003342	1882	0.6482484003232177	0.36311063084567463	0.39096595496402337	0.39642152025781013
PsychAD	TLP003343	2391	0.6456992071898557	0.6403342153618611	0.47437090125543424	0.3383668202065491
PsychAD	TLP003344	3915	0.5469333697708177	0.28309726499000776	0.36124026162668255	0.2512293131625032
PsychAD	TLP003345	2353	0.6492402061607226	0.4332316734934127	0.4779351897447921	0.4200282421452854
PsychAD	TLP003346	1908	0.6417273432760241	0.47443674379041817	0.42369079332149434	0.3338665928487604
PsychAD	TLP003347	2895	0.501979040003717	0.32666401668813205	0.3567746687248319	0.19407549108040106
PsychAD	TLP003348	3453	0.613167116971065	0.40447512972000854	0.3606898978684083	0.3112639698829984
PsychAD	TLP003349	4182	0.7297527108607955	0.4810248400650289	0.4141414755090128	0.5065857624436763
PsychAD	TLP003350	5060	0.6280136131700738	0.42429870985793855	0.4460140970383904	0.3761449941457419
PsychAD	TLP003351	4742	0.6296206489637292	0.4450940552405793	0.4098078113578828	0.3325923335333915
PsychAD	TLP003352	1551	0.6973165690106122	0.5168788526469013	0.44230945524884574	0.448458129174944
PsychAD	TLP003353	5950	0.6575181106182688	0.4463462007899249	0.3935022612173551	0.33813085737190934
PsychAD	TLP003354	7478	0.6140395753438281	0.45721117163915337	0.4285730500503786	0.28287613878831913
PsychAD	TLP003355	4889	0.6329890483760384	0.41139591775281864	0.38102008006181126	0.38072461221174736
PsychAD	TLP003356	3340	0.7508927020122045	0.47274336072381784	0.47382668049923027	0.5738772767218583
PsychAD	TLP003357	4150	0.5764045305365121	0.3960336163098551	0.3889880677069566	0.2839584944006654
PsychAD	TLP003358	6330	0.5609756880340537	0.4846155589962048	0.4733897519715217	0.1637817039282949
PsychAD	TLP003359	2390	0.6909993671399264	0.4895647708845061	0.4624582466082716	0.4456191765143839
PsychAD	TLP003360	3705	0.5880306313851883	0.3175574197929004	0.4024080022970116	0.33651536925855047
PsychAD	TLP003361	4096	0.6306423204573085	0.4222472393594909	0.4544285436519968	0.3435385890592153
PsychAD	TLP003362	993	0.6270026137066627	0.487289783975583	0.3400049954341473	0.3203171607585039
PsychAD	TLP003363	3737	0.7045391141900812	0.48695130095967737	0.4080175452208895	0.41497312454675284
PsychAD	TLP003364	3284	0.64807651650161	0.426089984965056	0.45600801642323513	0.40011418725511605
PsychAD	TLP003365	1944	0.5886272509910435	0.4876432666411175	0.4475152890065828	0.27647619851840033
PsychAD	TLP003366	8011	0.6282963900076611	0.3678082802655127	0.3990871172090227	0.33566684140001424
PsychAD	TLP003367	4003	0.5548286360076693	0.4747750533951065	0.39638557813134756	0.24235339475343692
PsychAD	TLP003368	2187	0.697407218406523	0.581810789480021	0.5063020954777125	0.4590514296748931
PsychAD	TLP003369	3687	0.6345497965023389	0.45564200189421356	0.3888213927769234	0.30136514661846814
PsychAD	TLP003370	3366	0.5620017260885728	0.4427573124493451	0.45822839741525806	0.24294604502551748
PsychAD	TLP003371	6001	0.6376060554455981	0.36576708847951456	0.4011739392062734	0.39646522524629657
PsychAD	TLP003372	2596	0.7307401646332358	0.5312120081492129	0.47526767538335196	0.4235317498946163
PsychAD	TLP003373	7910	0.638868597184986	0.48667953369030226	0.43953545909039266	0.3018970961921968
PsychAD	TLP003374	1089	0.6380190136472927	0.5817489535410414	0.40961983097452287	0.36299590662026343
PsychAD	TLP003375	763	0.5556753323429657	0.4715155852214276	0.45437693973545235	0.22529915026716513
PsychAD	TLP003376	3034	0.789914030997164	0.5216311322995231	0.46550258267731814	0.5784222873464442
PsychAD	TLP003377	4191	0.5906156941788635	0.43791591154076603	0.4059536497895005	0.2986820919920194
PsychAD	TLP003378	3125	0.67560525925118	0.42950790695601465	0.4075354488386065	0.4008328763867551
PsychAD	TLP003379	1436	0.7520940101768636	0.6039162651964666	0.4838735243879706	0.4468243182712624
PsychAD	TLP003380	4980	0.6961753881103735	0.3795246003530396	0.3943243191294924	0.5259962432083011
PsychAD	TLP003381	3771	0.6770911003860625	0.4384421790723507	0.42645181642226954	0.3920943667281436
PsychAD	TLP003382	5543	0.7325487103622368	0.4509259455066174	0.3980970943581168	0.5456819911976247
PsychAD	TLP003383	5979	0.7791334150246435	0.6015464072200936	0.4466402179309783	0.5264869651806922
PsychAD	TLP003384	5239	0.6939390093152923	0.41814268629783324	0.4183423014885876	0.4646967976615604
PsychAD	TLP003385	1058	0.6601166185060536	0.536502734689454	0.47295007888952645	0.38150784694805406
PsychAD	TLP003386	7159	0.7919376102289656	0.46609400601765255	0.4550630270978688	0.7055764748347554
PsychAD	TLP003387	4044	0.729232937907311	0.4739772700282697	0.45489470845920776	0.5379718833544326
PsychAD	TLP003388	6867	0.6975698581111908	0.4468416409916932	0.45712461002262694	0.48856481798714085
PsychAD	TLP003389	4872	0.5742690646054465	0.4228760265413851	0.4114133413849326	0.28607545853319183
PsychAD	TLP003390	6519	0.5664855050069386	0.43617397750675146	0.39906558868303565	0.25790235104297704
PsychAD	TLP003391	225	0.8048932565484117			0.6475509067434654
PsychAD	TLP003392	4227	0.7135249124509635	0.43205887781255853	0.4061293826177426	0.5230845965848109
PsychAD	TLP003393	5565	0.8389357679453637			0.6458789576192026
PsychAD	TLP003394	292	0.5319111549780113	0.3936132605850839	0.39408766911718424	0.23171249810576267
PsychAD	TLP003395	7710	0.6783970322143912	0.39051624970994153	0.4153762658878063	0.4138651899177316
PsychAD	TLP003396	4749	0.5676912184844102	0.41084006154055414	0.3914624383942672	0.22467161848931883
PsychAD	TLP003397	8706	0.6355955973478628	0.48054204412437856	0.431482076425049	0.3473442448409858
PsychAD	TLP003398	4203	0.5854195332926571	0.3772427838231778	0.3764466801392845	0.35149552288587554
PsychAD	TLP003399	3812	0.5603989822211847	0.4232708233064778	0.42282799844327873	0.24966620120684313
PsychAD	TLP003400	4498	0.5954602771652178	0.35769019916766887	0.34258623696144336	0.3141044676193346
PsychAD	TLP003401	4310	0.6990844390976044	0.45559426087553756	0.43438822028246504	0.46399818052257685
PsychAD	TLP003402	5103	0.607873322789672	0.4434087281772491	0.44119704956049755	0.2937486374777262
PsychAD	TLP003403	3288	0.7836498697571619	0.502515377784224	0.46840571785253526	0.6207358755850593
PsychAD	TLP003404	4869	0.6309955116414973	0.48134534179741656	0.47288623295127136	0.33978758647103136
PsychAD	TLP003405	6985	0.5530359167404907	0.41688119912592136	0.38462782652805344	0.23923119064861875
PsychAD	TLP003406	1371	0.6975692050300026	0.4556390380817166	0.42851904049976475	0.4506176849688767
PsychAD	TLP003407	4805	0.5799304040591227	0.4883303884954884	0.49280211859577666	0.23044623778697548
PsychAD	TLP003408	4361	0.6320349198756926	0.5564617479451873	0.47471038408852007	0.2799563592369467
PsychAD	TLP003409	4412	0.7883966228380294	0.4543922791778691	0.42909658758430286	0.6276834319747813
PsychAD	TLP003410	7889	0.6436492016581709	0.5121084830590636	0.4544881080093101	0.3541972818146272
PsychAD	TLP003411	5120	0.7716054755411876	0.5058863466654642	0.42990052612850704	0.6496671437654439
PsychAD	TLP003412	1345	0.5704366762644456	0.48755003834974076	0.3887003268947292	0.2525931881772327
PsychAD	TLP003413	7232	0.5833422419463625	0.46604670474368426	0.41562305203333494	0.23413086181135645
PsychAD	TLP003414	7060	0.6594621249608863	0.4430287605951554	0.3998605488897239	0.3542229907868909
PsychAD	TLP003415	4783	0.602087828396744	0.46952245035252727	0.42494191213306354	0.29107286920684045
PsychAD	TLP003416	4341	0.7066032416817255	0.41613262172562715	0.42256381311619995	0.510686396528439
PsychAD	TLP003417	2259	0.47718073220134033	0.414505349035455	0.4198360615982942	0.12744303866924017
PsychAD	TLP003418	2260	0.7257902072195882	0.4922673274595572	0.37147729602862967	0.5197505474675937
PsychAD	TLP003419	3134	0.5406225166922419	0.4385649234292924	0.4344981932584552	0.21187726408118598
PsychAD	TLP003420	1959	0.5615798132993731	0.49558679209709844	0.4115142157252302	0.2447611688278535
PsychAD	TLP003421	6380	0.568584686056198	0.4265433661031626	0.4057503861572076	0.300468344946669
PsychAD	TLP003422	5386	0.6533207309532587	0.44424062930273395	0.45505171700890223	0.366245111690626
PsychAD	TLP003423	5856	0.5724892156728049	0.3721321502284071	0.3803093307079082	0.24320766993438553
PsychAD	TLP003424	7286	0.6392144696746651	0.3557332975728844	0.39494554096875195	0.4079650286229218
PsychAD	TLP003425	971	0.6995397018515294	0.47421067946844886		0.5069263340168005
PsychAD	TLP003426	225	0.4816142743665488	0.44472999937479585		0.061140774104130144
PsychAD	TLP003427	1464	0.5320176216260347	0.42700078909577044	0.4717365378250092	0.19711914923016824
PsychAD	TLP003428	8358	0.6949652272745049	0.48372717760229667	0.4533674245704903	0.3335065122438018
PsychAD	TLP003429	4595	0.5765592757413663	0.37485339123565276	0.3826996274343575	0.3300840208582223
PsychAD	TLP003430	6188	0.6094719886820936	0.41012176430723424	0.4337272810547872	0.307455839122339
PsychAD	TLP003431	152	0.4115208127608679			0.06876738492175387
PsychAD	TLP003432	667	0.5827068183146235	0.4231497490113494	0.4318346833421537	0.31711125858068456
PsychAD	TLP003433	8165	0.702636076368507	0.4571590752450799	0.4189913223351224	0.5355528224190742
PsychAD	TLP003434	4714	0.720761489303202	0.48411416659135165	0.41320936966394106	0.5405187876527
PsychAD	TLP003435	2769	0.573609222849896	0.5032527406110492	0.43346170648548593	0.22095525982671552
PsychAD	TLP003436	3688	0.6556302022645654	0.45693368692395364	0.3913782438336415	0.42682177113567044
PsychAD	TLP003437	6030	0.6667198207412212	0.48871399606118066	0.4208068016997012	0.3819500721061392
PsychAD	TLP003438	6877	0.693063290099396	0.4588702553176267	0.41264180662649896	0.4941372728611725
PsychAD	TLP003439	7390	0.6994945017987996	0.4456758745831798	0.42433159825416644	0.37150945306313643
PsychAD	TLP003440	5386	0.5538975665135272	0.4483831216696974	0.40328466761078924	0.21855155355338401
PsychAD	TLP003441	3472	0.5629402668955865	0.3381824161788959	0.3744819623938798	0.3187328162540743
PsychAD	TLP003442	742	0.7105032975935653			0.5017706623876295
PsychAD	TLP003443	6373	0.6922889066838019	0.49801760932221373	0.4395961369740575	0.47887750839089727
PsychAD	TLP003444	1746	0.7601994509757349	0.42025880252347364	0.39063286624189353	0.6503570348966966
PsychAD	TLP003445	6164	0.6543009553936044	0.5892514797918502	0.39065357803094813	0.3067309807563244
PsychAD	TLP003446	2335	0.8272862222924992	0.5984496122608681		0.7175977599006331
PsychAD	TLP003447	6747	0.5035510106069414	0.3065153089829031	0.3810092789162205	0.23428930231921705
PsychAD	TLP003448	1448	0.6638881710430635	0.5385999149118417	0.44741159895197036	0.389886494876366
PsychAD	TLP003449	5139	0.7177139837801512	0.3129921876966153	0.36405606280983893	0.5779949648665081
PsychAD	TLP003450	1740	0.7011053704866774	0.6057409250111073	0.5319752125744525	0.40834421397276094
PsychAD	TLP003451	3906	0.6306428514308416	0.42161084462171106	0.4215795061362995	0.3170975775028692
PsychAD	TLP003452	3782	0.7749020825059106	0.3775220177839256	0.3723708053192174	0.5209954240478726
PsychAD	TLP003453	2148	0.7505950322117578	0.4826724054683441	0.42875307868577717	0.6052517527203477
PsychAD	TLP003454	7855	0.6804756974800498	0.4838605352211415	0.44864455688852906	0.32355673750559194
PsychAD	TLP003455	4396	0.5722983408932043	0.4437992870625037	0.4162540048400699	0.2552133659921206
PsychAD	TLP003456	6010	0.5486072512838992	0.3825678155997353	0.38916551801350874	0.22795399642100858
PsychAD	TLP003457	555	0.5409925562614029	0.4192261954960482	0.3815026316206379	0.2720657457570528
PsychAD	TLP003458	4079	0.6743490518950176	0.49968972224589286	0.44621495022727786	0.36956461319262585
PsychAD	TLP003459	6273	0.6556278144281936	0.4232202231468077	0.38365771223550466	0.4400944980323928
PsychAD	TLP003460	1690	0.6958467274369007	0.40087991151275887	0.4214769846198335	0.44980478048757644
PsychAD	TLP003461	1022	0.5630340863069865			0.2379032515354397
PsychAD	TLP003462	7950	0.6477675459198609	0.5126455832331405	0.4637447237613813	0.36124110973051277
PsychAD	TLP003463	3793	0.618890683086461	0.37211628687124043	0.3998496384115928	0.33889670751486395
PsychAD	TLP003464	5482	0.5580287426283407	0.4643474151969324	0.43236649549349876	0.19213129198922008
PsychAD	TLP003465	4468	0.7030911766744944	0.4626197448753272	0.461709939257142	0.43135542666995447
PsychAD	TLP003466	5133	0.6849952337239026	0.5029828274666253	0.5108290012582177	0.3717202365381097
PsychAD	TLP003467	3435	0.6329016923384827	0.4354125442446554	0.47181332741177606	0.3615709995438043
PsychAD	TLP003468	2395	0.7177492826146875	0.46178514363678747	0.37466394378486595	0.5704714415519769
PsychAD	TLP003469	9516	0.6908409788770984	0.515302630053764	0.48298145882281646	0.3904267570569476
PsychAD	TLP003470	528	0.6904768600095843	0.6122417520719428	0.49805948601675193	0.34139318313083505
PsychAD	TLP003471	2459	0.7949295001979793		0.43281778147829986	0.6154363273434322
PsychAD	TLP003472	118	0.4600083015179149			0.07906131499782743
PsychAD	TLP003473	5170	0.670245343922213	0.4643093793982969	0.3657645383105936	0.3504672606267934
PsychAD	TLP003474	1336	0.7764917920762309			0.5689922762608929
PsychAD	TLP003475	3853	0.5131847528293593	0.2777074386229635	0.33633132263679133	0.2578022633491007
PsychAD	TLP003476	5673	0.5298043887751029	0.4340087793263538	0.4220931426947553	0.21404672376094674
PsychAD	TLP003477	6347	0.6617148825113475	0.4904940432266802	0.476813359055718	0.3524836330511023
PsychAD	TLP003478	4696	0.5055379441496773	0.41576750576765326	0.36911192277176746	0.1909936507273605
PsychAD	TLP003479	7284	0.6766418481980195	0.39729736181290154	0.4675814044155144	0.35569336276024555
PsychAD	TLP003480	1439	0.7010108510787323	0.42449949339028303	0.40420209255879513	0.5144417928594317
PsychAD	TLP003481	5473	0.6974221957937607	0.4169310928134965	0.42484471030780496	0.4846936675085809
PsychAD	TLP003482	8764	0.6254329365484419	0.4289297543247811	0.430507870475454	0.2917202517191249
PsychAD	TLP003483	3056	0.7394778440975204	0.5321907208448149	0.48135822263792466	0.49046614064703675
PsychAD	TLP003484	2857	0.6002179444093481	0.4833815886478394	0.4368675886254942	0.28783295444489276
PsychAD	TLP003485	6085	0.6509025367843573	0.4402498948607441	0.46997307372302033	0.42257616170942214
PsychAD	TLP003486	3901	0.684499350229533	0.5518653466773461	0.41652501325121466	0.39588332111360036
PsychAD	TLP003487	4512	0.6293800233840963	0.37493275538068277	0.3827969339770837	0.3690462383724378
PsychAD	TLP003488	2435	0.5674419991049131	0.4782486300041123	0.43938164494931004	0.22923399081496984
PsychAD	TLP003489	5714	0.6917629693587913	0.4691642608705342	0.46027170794056965	0.40873384604434376
PsychAD	TLP003490	2910	0.8336046559532713	0.38093931968290806	0.30762454921278476	0.6840552603449156
PsychAD	TLP003491	2168	0.6426600961682911	0.40485479277755343	0.41912440450352206	0.3530466617241239
PsychAD	TLP003492	1744	0.6942095197627148	0.4936037639589263	0.45027321883511984	0.43123202520914355
PsychAD	TLP003493	1116	0.8194045225280076	0.47904778025917116	0.4035026841171443	0.724302029247437
PsychAD	TLP003494	4477	0.6189146833499962	0.617562969525478	0.39686613983369573	0.2667960404342837
PsychAD	TLP003495	4440	0.605618044638198	0.5138384364477873	0.459260093872943	0.2684977041991976
PsychAD	TLP003496	1817	0.6527022205923776	0.35421827870635464	0.3986236631666875	0.44677759118994054
PsychAD	TLP003497	2121	0.5752668751853421	0.44684534345627647	0.40734693991251214	0.26999449241079615
PsychAD	TLP003498	7249	0.738081125772553	0.5208184713683487	0.4402797630444753	0.4055747591969759
PsychAD	TLP003499	6554	0.7881607322122036	0.5168852259080292	0.4510244033222687	0.5311997202693466
PsychAD	TLP003500	4201	0.5597149092275304	0.42599063839880486	0.3931316781852454	0.22415114142211887
PsychAD	TLP003501	3634	0.6925293590964701	0.4732129462381338	0.46481666160024726	0.41783804849616435
PsychAD	TLP003502	6433	0.6750930912580987	0.44197641467124044	0.4190527370210492	0.34246006039122007
PsychAD	TLP003503	4543	0.7380711576214085	0.4341063572004978	0.39354307649253345	0.4200002335862637
PsychAD	TLP003504	938	0.6041641164957965	0.5283990386252837	0.44322248061083724	0.23231585618121034
PsychAD	TLP003505	5869	0.7238380369092638	0.4193602848678857	0.4120940844793981	0.5042121604941875
PsychAD	TLP003506	5160	0.5442125711192043	0.46081187269007123	0.42979188087038456	0.20350264870162252
PsychAD	TLP003507	2965	0.6417069698238965	0.3615175464529409	0.39667599760503625	0.4750165051004981
PsychAD	TLP003508	7398	0.7304021452602306	0.4656986594605581	0.40708630547266866	0.5864752245627745
PsychAD	TLP003509	8753	0.5319936290407268	0.4261221051819368	0.4276276514718037	0.16926004871831074
PsychAD	TLP003510	5257	0.6560045664288311	0.42758705966711674	0.40533492199249305	0.34739396711769527
PsychAD	TLP003511	3329	0.6670146323992628	0.4698578459801803	0.44744973958593537	0.4212888677440764
PsychAD	TLP003512	568	0.5834482461627534			0.2830253763921739
PsychAD	TLP003513	7203	0.6464807313509753	0.48249276700138816	0.4295922959371953	0.29784761298384327
PsychAD	TLP003514	1460	0.6739546369005678	0.5836872344921096	0.45619389691783213	0.392727569614016
PsychAD	TLP003515	849	0.5312072339100394	0.4534907256422065	0.41824537001360146	0.18181954349294335
PsychAD	TLP003516	2296	0.606444673094959	0.39862366418526285	0.4193841338259521	0.2939501651269102
PsychAD	TLP003517	2002	0.5899712290902118	0.4145938224801801	0.3410332710146875	0.33516367512003203
PsychAD	TLP003518	3096	0.7470262965374583	0.34521313667463244	0.33458906863822746	0.6613967107470129
PsychAD	TLP003519	3355	0.590797091710328	0.4384402883995416	0.3996239898485594	0.2873158028702391
PsychAD	TLP003520	4497	0.5838990469056939	0.3740600632574105	0.37926607762565945	0.279514236044036
PsychAD	TLP003521	3964	0.630876879577952	0.33468317882404874	0.3466529014473512	0.40085252333439564
PsychAD	TLP003522	7582	0.5344411223247182	0.3981116301023687	0.3837057582657281	0.21301149936794778
PsychAD	TLP003523	6561	0.6282205618901483	0.3731348039340363	0.3745888175796563	0.3398992038824083
PsychAD	TLP003524	4561	0.5937835592691045	0.33213300226218745	0.35413087521607894	0.2874666757503253
PsychAD	TLP003525	4861	0.6615414407467489	0.4582379816386606	0.4241655275909947	0.32864791358549444
PsychAD	TLP003526	6183	0.7956838164365327	0.47992616601833954	0.4241052553684882	0.6765434608308054
PsychAD	TLP003527	3712	0.6020455592053895	0.49043658325145023	0.39171063319653465	0.23390780097139136
PsychAD	TLP003528	3590	0.5746392440327974	0.44295567537332403	0.4523780450122945	0.28101558179420394
PsychAD	TLP003529	762	0.6425348886287204	0.2847174698497295	0.3275546674655988	0.4761616657389748
PsychAD	TLP003530	1578	0.7464522451090918	0.588596892689539	0.5068872292768135	0.5497263761247619
PsychAD	TLP003531	5578	0.6852809897983551	0.44007054347210567	0.40734662880227523	0.5088648306917052
PsychAD	TLP003532	776	0.7359842116517984			0.5349819859172628
PsychAD	TLP003533	2163	0.592991626368058	0.3183670053742504	0.38292401442121915	0.30592747161366673
PsychAD	TLP003534	4498	0.6943906715983502	0.4117327933576007	0.41289663823810885	0.4334374034625972
PsychAD	TLP003535	2067	0.5537590351871137	0.42203390165966054	0.4425048285259019	0.24506652020875672
PsychAD	TLP003536	4239	0.6234434453150826	0.45711985710222763	0.4889494276009656	0.30646575917633334
PsychAD	TLP003537	2396	0.838520279038915	0.5988283368180002	0.535925427786216	0.7569161591864942
PsychAD	TLP003538	5797	0.6313714871171535	0.5123582247277455	0.4732513849909967	0.29071217115286363
PsychAD	TLP003539	1147	0.585421715058286	0.4462691661860407	0.40675561362918167	0.33491184497907134
PsychAD	TLP003540	6831	0.7209918678272758	0.5056023109655394	0.45186434423773947	0.39040051961399436
PsychAD	TLP003541	1367	0.6660034318517336	0.47139854626125266	0.5148738218321377	0.4288064305897128
PsychAD	TLP003542	4624	0.7270243379465255	0.4412443051647169	0.42486027170056573	0.49825367191757075
PsychAD	TLP003543	6433	0.7226877903362782	0.39424539478915754	0.39803284876114015	0.42496175583553053
PsychAD	TLP003544	1776	0.8229636907536909			0.7021389186840169
PsychAD	TLP003545	4657	0.5944334088731411	0.4372000282173121	0.4008270327306728	0.2887760930615577
PsychAD	TLP003546	7481	0.6904141680286037	0.46625077195529224	0.4532040145929507	0.41645098329499886
PsychAD	TLP003547	7540	0.7020120238397112	0.4265767318636389	0.42757671309196943	0.44571036975771466
PsychAD	TLP003548	4766	0.5880750080897845	0.3679227677816087	0.42148732139092415	0.32149163981892137
PsychAD	TLP003549	3943	0.6724437588726458	0.45007459971725194	0.4164333578349029	0.4487495654234203
PsychAD	TLP003550	1268	0.5763029325328686	0.32911597020289934	0.4194412032606449	0.3453116714994437
PsychAD	TLP003551	5388	0.6269842889599724	0.4332009861620571	0.37891180365429983	0.2980957889297433
PsychAD	TLP003552	1758	0.6647414909535478	0.3746530055827765	0.37017595236084083	0.4817247189126906
PsychAD	TLP003553	1367	0.583848787539328	0.40830397302096055	0.43586257314388654	0.28746774151501525
PsychAD	TLP003554	2953	0.8047957865528053	0.5125950517188642	0.4242192513644924	0.6428411874471605
PsychAD	TLP003555	987	0.7354355231535895		0.32562533238045344	0.49414884475741244
PsychAD	TLP003556	5122	0.7723806377895713	0.4305318406585278	0.45255840832065386	0.6300378360169723
PsychAD	TLP003557	7156	0.6455297716999316	0.4603157676244194	0.4336750451432895	0.39471462883216296
PsychAD	TLP003558	4595	0.5611827733407636	0.4159897110934603	0.44194052771744885	0.2190153557596833
PsychAD	TLP003559	2377	0.6262638118133337	0.39131116954878215	0.42278930631957923	0.38908476697807665
PsychAD	TLP003560	5061	0.6403909498099627	0.42192919117270605	0.43054461455788784	0.32589119640155334
PsychAD	TLP003561	6595	0.6108382601568219	0.4352165546698103	0.43768937366555594	0.2899089116284792
PsychAD	TLP003562	2575	0.5957683819637838	0.3633000660151201	0.42188831537388516	0.3434513972524828
PsychAD	TLP003563	1940	0.5675929800869653	0.41479098343034226	0.37600634571264824	0.27456310318213656
PsychAD	TLP003564	4006	0.6176331268418715	0.5341619826776238	0.5233288580069477	0.2422994049348507
PsychAD	TLP003565	5339	0.7376644055736149	0.5201945535900095	0.4576590348838594	0.460047138475324
PsychAD	TLP003566	8442	0.6321772061412608	0.40832208818473265	0.3903351005826194	0.31495794592003507
PsychAD	TLP003567	3793	0.787715541569452	0.5632715966197632	0.4556093309538032	0.6831373620500372
PsychAD	TLP003568	9231	0.6451971527902151	0.3771748982126397	0.40918638891374165	0.3691340628725454
PsychAD	TLP003569	1950	0.7963140939017666	0.4266699914918597	0.39745747696378253	0.7021799388983421
PsychAD	TLP003570	2159	0.6536849858204027		0.321345506854595	0.40458002316047353
PsychAD	TLP003571	5485	0.6848093584635866	0.44243810942390677	0.4212949144747852	0.44361466482699363
PsychAD	TLP003572	4938	0.6846248520627868	0.42060827814096924	0.45162759574763967	0.4200936328378776
PsychAD	TLP003573	6287	0.7128741543111887	0.35830710338433375	0.3476718494880823	0.5168355367046301
PsychAD	TLP003574	6825	0.695009444157902	0.431168577295005	0.42442957691448424	0.4686801807679197
PsychAD	TLP003575	3191	0.5038519518981707	0.4111224614346954	0.3881334990942532	0.1777095939031437
PsychAD	TLP003576	5889	0.798148313488871	0.4253930003625393	0.38703643552040634	0.6008359200319154
PsychAD	TLP003577	5462	0.8220469412099661	0.47183482978817193	0.46522973021289027	0.710067265874942
PsychAD	TLP003578	7035	0.6773265512547944	0.5364033154536914	0.4873225014517871	0.30161557272750905
PsychAD	TLP003579	424	0.5356092709745106			0.2214020296915555
PsychAD	TLP003580	1123	0.5268072678294736			0.16004657663134783
PsychAD	TLP003581	1359	0.6706121507528693	0.5137874699371232	0.4326974952966008	0.4295167004516274
PsychAD	TLP003582	3779	0.7874822819860793	0.5271956349286369	0.3747640891912787	0.6890906203105902
PsychAD	TLP003583	2672	0.630489764555448	0.522683093979454	0.3814405732099288	0.3625596584726519
PsychAD	TLP003584	4700	0.5391532591528505	0.3507416900461384	0.4253666486127002	0.22440951355431724
PsychAD	TLP003585	6037	0.6551482289473475	0.5056338303415242	0.3959373518013254	0.3188918711494086
PsychAD	TLP003586	3093	0.5830391240652125	0.43360047515452516	0.39270170612215377	0.2417042826096114
PsychAD	TLP003587	5170	0.7386699720047386	0.47632994262789186	0.3941003188842719	0.47945555541238377
PsychAD	TLP003588	4202	0.6567973352132558	0.47788871330739546	0.4735964632911601	0.4099821414718075
PsychAD	TLP003589	6467	0.6205991761590067	0.4230485338893647	0.3808933935438423	0.28376252921317724
PsychAD	TLP003590	1070	0.5572269964440786			0.23873901622555724
PsychAD	TLP003591	1543	0.7986608383296598	0.396802539796257	0.47991424440971675	0.6921533844380701
PsychAD	TLP003592	186	0.5235715469685397			0.14295613379381597
PsychAD	TLP003593	1064	0.6971196073214592	0.576617695551343	0.5380428328365633	0.4078716081156001
PsychAD	TLP003594	3457	0.6250933990095779	0.5015372333225603	0.45584341770922365	0.30542125611534754
PsychAD	TLP003595	4073	0.5527050470658708	0.39997518763686857	0.38825252894208173	0.248974113024944
PsychAD	TLP003596	3188	0.7119151705581147	0.5534822509954241	0.37161070544136343	0.4783129531308824
PsychAD	TLP003597	5409	0.6447966177695711	0.4169618664893767	0.38135067445120596	0.3419096484668134
PsychAD	TLP003598	1560	0.8124020618473455	0.5790737445031042	0.4343337734479899	0.7018315649616985
PsychAD	TLP003599	1396	0.5812599149109943	0.4281343565925838	0.44953974271800373	0.2923673233224306
PsychAD	TLP003600	4130	0.6804157811192431	0.45773011542031394	0.4667221715718795	0.44332939443717867
PsychAD	TLP003601	2696	0.6004887855334489	0.4908922937921724	0.4854869008895575	0.28285707496888374
PsychAD	TLP003602	4249	0.6511180326708067	0.45395985619258905	0.48521342671194045	0.37156153033301303
PsychAD	TLP003603	3627	0.5281340702239697	0.3478093861054139	0.36917240241781335	0.2117800889749139
PsychAD	TLP003604	4568	0.7076420379774859	0.5103794346333943	0.4310574769703579	0.5110278439783776
PsychAD	TLP003605	292	0.7400165209470281			0.5605272351272051
PsychAD	TLP003606	8994	0.5495853868567131	0.3954100933484652	0.39677471878325055	0.21310682110989845
PsychAD	TLP003607	2196	0.5503809515196274	0.37569109292094727	0.40673466521232127	0.2469527623893515
PsychAD	TLP003608	988	0.5298825724159193	0.29716485754029853	0.3466890333289621	0.23110299567938808
PsychAD	TLP003609	3145	0.7235923184984959	0.5245295283377182	0.45234287184907473	0.4702002984397046
PsychAD	TLP003610	1140	0.6467642362323458	0.5111163822283243	0.3971376754323017	0.36632135570144286
PsychAD	TLP003611	1686	0.6160881454376704	0.4670457994411183	0.46295557696130624	0.29198963802898853
PsychAD	TLP003613	1553	0.6227106266658419	0.4555860720386278	0.44415095600357873	0.3620252283040964
PsychAD	TLP003614	5749	0.5302547953041005	0.378766375434882	0.39499843120511724	0.25334936324263607
PsychAD	TLP003615	2646	0.8175317696009777	0.5742244371812731	0.5501720413342042	0.6842702527914655
PsychAD	TLP003616	3412	0.5262296729601956	0.3034838428850739	0.3705855253417731	0.22862955821152042
PsychAD	TLP003617	5111	0.5924717054649765	0.35645042387486797	0.38777347476738444	0.3454110920746633
PsychAD	TLP003618	1810	0.7462499610596277	0.40164551054267356	0.3872371246282429	0.4985446277403008
PsychAD	TLP003619	1227	0.6853581035183164	0.5044969481695049	0.4876618943219538	0.40658431298011727
PsychAD	TLP003620	6549	0.6168400997249249	0.4271054467482558	0.4031470894792549	0.30595948045302046
PsychAD	TLP003621	1017	0.8024663546032671			0.7265197976697747
PsychAD	TLP003622	2375	0.6851694625694253	0.5677664709653799	0.4877344587464273	0.4197604333344316
PsychAD	TLP003623	7539	0.6238327305232216	0.4750303173273015	0.45665034773928614	0.25106705799933704
PsychAD	TLP003624	2706	0.4935338229970551	0.3691231737170257	0.3804315275337474	0.1784181002917398
PsychAD	TLP003625	4353	0.6536496543786161	0.49154422584281127	0.4365900326493407	0.40237721002401217
PsychAD	TLP003626	4234	0.7237284467237692	0.4848590735198648	0.47736016640798035	0.5246401015964357
PsychAD	TLP003627	4410	0.5453257630346787	0.32034691382332103	0.37211487529061266	0.28273631918035774
PsychAD	TLP003628	5544	0.846899754671616	0.6337868828273342	0.49124426581345365	0.7444551651869701
PsychAD	TLP003629	4234	0.6309215784981432	0.47008212235226476	0.4776725942004203	0.2948138651159456
PsychAD	TLP003630	5045	0.5579590065319195	0.44232287430345246	0.4282545747220861	0.20088702192142444
PsychAD	TLP003631	5299	0.8143266435150005	0.463532598626252	0.4389666422071381	0.6401719791453618
PsychAD	TLP003632	3542	0.8480668089920979		0.3630114947751678	0.7810412244578413
PsychAD	TLP003633	552	0.5496463693305708	0.4646154902882649	0.3767558289363335	0.23773481878934766
PsychAD	TLP003634	1251	0.6988083692428297	0.48105145647699593	0.38630073821897354	0.4599475951607846
PsychAD	TLP003635	4928	0.6691794904873571	0.5005621034300565	0.4659644399341707	0.43282024664213126
PsychAD	TLP003636	772	0.741375814084634	0.5951270742440705		0.47485399433130876
PsychAD	TLP003637	1338	0.6803622424374905	0.4742439367335176	0.5549277158742474	0.43418363717600345
PsychAD	TLP003638	1261	0.5585569059579754	0.6115819782872176	0.4021005227212539	0.1834064163207275
PsychAD	TLP003639	4329	0.6498102909744863	0.3921728917404107	0.4442776320261941	0.3688078444514572
PsychAD	TLP003640	5589	0.6530787001099785	0.4347434059973891	0.43634022243379866	0.3475744220469673
PsychAD	TLP003641	1085	0.5287179756830568	0.3979616757052154	0.46991560647090086	0.21293045722219128
PsychAD	TLP003642	2962	0.6487249032106306	0.46520302362875154	0.4211182393591778	0.30937590314662394
PsychAD	TLP003643	2171	0.4704369770980744	0.36824887246876303	0.28781302917587814	0.15972817382745647
PsychAD	TLP003644	3879	0.6205912334995588	0.2959805398937426	0.3380362016740235	0.45659087392740677
PsychAD	TLP003645	1847	0.6455005533641872	0.40844386151174994	0.3677251491058776	0.34841776434453775
PsychAD	TLP003646	2009	0.6520525266818017	0.40201372072387626	0.384568882909679	0.3859714030750626
PsychAD	TLP003647	2395	0.5027757205303732	0.4405420346265577	0.4493410381267918	0.14509833299186561
PsychAD	TLP003648	7181	0.6492031210613266	0.43726132558105835	0.4058193850619013	0.3244319688298808
PsychAD	TLP003649	5346	0.5461080904970147	0.3881686340497253	0.4110694008436757	0.2604625374127646
PsychAD	TLP003650	1603	0.750802366671922	0.49595439856991147	0.4570762728236142	0.5193033978269681
PsychAD	TLP003651	3923	0.6555365155820575	0.45692866460477205	0.423252453180042	0.39498086169620295
PsychAD	TLP003652	2913	0.604765479817028	0.4068973709577936	0.4058508699812725	0.27829689104333755
PsychAD	TLP003653	3319	0.5647396459242532	0.38534770842253574	0.3683294635119867	0.2487269030727807
PsychAD	TLP003654	6277	0.7311134741182627	0.3063694901936919	0.3330284761867229	0.5340321819233187
PsychAD	TLP003655	1359	0.6505108640999399	0.35049496160092974	0.4181333328193182	0.3232523477161035
PsychAD	TLP003656	4748	0.6934448674294803	0.4141393226981491	0.4336598400958117	0.5167529957119948
PsychAD	TLP003657	1866	0.7362675964185694	0.44795133406605103	0.4231564219394679	0.5102158682984302
PsychAD	TLP003658	874	0.5965342245912331	0.3948597564341407	0.3845351532547366	0.3432269811976969
PsychAD	TLP003659	8622	0.621956896927588	0.4162035737795416	0.4045324480546826	0.28964183533942545
PsychAD	TLP003660	2078	0.779485692134687	0.6404107951437503	0.47894139876467035	0.6001356404956757
PsychAD	TLP003661	2004	0.4675383882987192	0.3770756815866108	0.3553279546369339	0.15218829216386592
PsychAD	TLP003662	1048	0.6988564399690861			0.4487468073033464
PsychAD	TLP003663	3520	0.5813340121285823	0.44790383674638606	0.4290350831229794	0.2883904995071031
PsychAD	TLP003664	1713	0.6172599930336562	0.49965332024011055	0.46479165860458604	0.3046987653674326
PsychAD	TLP003665	7742	0.728150859697503	0.474532095079244	0.3984825812392641	0.4399548119054584
PsychAD	TLP003666	6006	0.7236231323516191	0.41126633321714434	0.41659233279480756	0.47461553960872027
PsychAD	TLP003667	5945	0.720149475161673	0.4624324664587688	0.47455517178407264	0.4383062971330512
PsychAD	TLP003668	3395	0.6118058780360716	0.45041397054650223	0.4174057454714692	0.342349907494073
PsychAD	TLP003669	10350	0.6077123131226592	0.35036057264143294	0.3690765795598256	0.35622269821254643
PsychAD	TLP003670	3277	0.6369442938489871	0.4203966948059521	0.48852003714096126	0.3034734212363769
PsychAD	TLP003671	6431	0.5947185581633382	0.39763581056284414	0.37961800404188206	0.3629282205760364
PsychAD	TLP003672	5013	0.5746896623983035	0.4803768138231721	0.34597991857317534	0.2708948446679201
PsychAD	TLP003673	160	0.7225854773496396			0.4363114891890641
PsychAD	TLP003674	4843	0.8241999157712019	0.5770369702670548	0.5147236020410522	0.7042343095677496
PsychAD	TLP003675	6556	0.6558690329916069	0.5202807937993489	0.44128180633844716	0.2827570341969433
PsychAD	TLP003676	3861	0.728987057390146	0.451541032729156	0.4077486847829922	0.4696149076869961
PsychAD	TLP003677	8158	0.6516942285797445	0.4259750140096815	0.40117466080627034	0.4069367637497699
PsychAD	TLP003678	3449	0.6316703288863226	0.3768186307679443	0.41877478830584625	0.3137192864556168
PsychAD	TLP003679	846	0.7167386676725047	0.41495624612050086		0.5485056467933922
PsychAD	TLP003680	1369	0.6762035656673551	0.5319447969429567	0.43052711411108374	0.4738557478267863
PsychAD	TLP003681	1264	0.5551047363305931	0.43253606107943665	0.41972058780195043	0.25748906163442076
PsychAD	TLP003682	2200	0.7700578791253619	0.5898767764271285	0.4988228174122518	0.5573357243156103
PsychAD	TLP003683	255	0.7804051567130753			0.590945153288873
PsychAD	TLP003684	4645	0.6723952386908841	0.4895635598625843	0.4608510807833367	0.418601541202335
PsychAD	TLP003685	3303	0.6727643983163094	0.4205562256532861	0.40639491527037175	0.35009804838587316
PsychAD	TLP003686	6842	0.6693452993022241	0.5024933827245273	0.42840712935414327	0.3080723874537517
PsychAD	TLP003687	2390	0.5462426101950402	0.5000960909305512	0.3663231323828104	0.22440870712125172
PsychAD	TLP003688	5004	0.6616928510789623	0.44424022044056855	0.41992095721242495	0.42321330475508
PsychAD	TLP003690	2072	0.5152332709842576	0.4770542671685794	0.43145953859914027	0.13655118780056588
PsychAD	TLP003691	3455	0.6959173610316738	0.46652793734522713	0.4579513246705367	0.4836419235632848
PsychAD	TLP003692	5234	0.6142774233929756	0.4301495508850553	0.391714790971127	0.34959638973037543
PsychAD	TLP003693	3622	0.6093374074878781	0.389436637846153	0.40102636746037335	0.34693682392013814
PsychAD	TLP003694	1581	0.7077144278545344	0.3620958732250829	0.3496072995891926	0.5163488148656694
PsychAD	TLP003695	256	0.399296446434595	0.3200336687189499	0.4260539730673628	0.06664976012676536
PsychAD	TLP003696	2183	0.5688025699189113	0.42008516050649897	0.43532122392267564	0.2331541507800924
PsychAD	TLP003697	9937	0.6862702416303914	0.4965532776108723	0.4114548379158991	0.4570471743643841
PsychAD	TLP003698	5791	0.7246665913813263	0.4277709048148234	0.45706616606749206	0.44003803039588585
PsychAD	TLP003699	4185	0.6317979221715904	0.3877034198946393	0.38645645008313106	0.424939480992316
PsychAD	TLP003700	7598	0.7411333182332339	0.5178590035784262	0.4361857436648853	0.40964242039390264
PsychAD	TLP003701	5358	0.4990922524771027	0.39328255423452807	0.37046475309525495	0.1840851336062731
PsychAD	TLP003702	2722	0.6043653168915193	0.430639373033634	0.39461113569927836	0.36813347432929466
PsychAD	TLP003703	1667	0.6705124379725426	0.5587456896015515	0.46427913356644335	0.3933054007933115
PsychAD	TLP003704	6024	0.6407768270914396	0.5528970802469471	0.4681353841683692	0.25836092213488265
PsychAD	TLP003705	4457	0.5850949336470319	0.5217101701381176	0.4836823924394471	0.20384782017316813
PsychAD	TLP003706	2578	0.6063610523610113	0.4547574234305282	0.4338613538007094	0.3174402295365858
PsychAD	TLP003707	5330	0.6883418218383189	0.4831646641944317	0.3805179662226056	0.3701369004582335
PsychAD	TLP003708	1996	0.5744211217794306	0.4874189554278292	0.4910950367999608	0.2172270589303076
PsychAD	TLP003709	950	0.6502066241159657	0.41469740864618826	0.3641909740997094	0.46089216583578885
PsychAD	TLP003710	1152	0.6304964446998395	0.5695840780682617	0.44787646527670477	0.33172178660959817
PsychAD	TLP003711	6735	0.7673122991792664	0.49977577032524373	0.38459199966854585	0.6155160467922655
PsychAD	TLP003712	4584	0.8097461764283472	0.5328946283413426	0.5190148703604784	0.6775556756006117
PsychAD	TLP003713	10028	0.5178901050312289	0.36325244733279405	0.39185088144468694	0.21204056004545582
PsychAD	TLP003714	3382	0.4917180735398878	0.4906099695319166	0.4405311669410795	0.07609596612136975
PsychAD	TLP003715	11989	0.710616257724938	0.4713281421213331	0.4351719274303911	0.5433015319850196
PsychAD	TLP003716	1085	0.6337595949948808	0.5592202158556538	0.4133995101592093	0.3284793847823748
PsychAD	TLP003717	8600	0.6559148233713763	0.4479694157936331	0.4301734430918823	0.34232008778521966
PsychAD	TLP003718	3538	0.5757961398765887	0.43218838269341686	0.4215855379723509	0.3011871261196472
PsychAD	TLP003719	1042	0.6353706109866948	0.5160688182764162	0.3614059413260061	0.3630809133091532
PsychAD	TLP003720	3596	0.5922690018650675	0.4121846549668958	0.37128881103434713	0.28639516540624577
PsychAD	TLP003721	6812	0.7362822014698278	0.5343811885233138	0.461756293652642	0.5008393247672892
PsychAD	TLP003722	868	0.723513123848433	0.3687296959634241	0.3865741239383107	0.5241164241627538
PsychAD	TLP003723	1384	0.69590022609169	0.492403805009268		0.46934352036223403
PsychAD	TLP003724	5499	0.6900842499725782	0.42127864768459244	0.3901697266102712	0.39548122485807724
PsychAD	TLP003725	4154	0.6704408108512769	0.46506545000274324	0.48175182518029513	0.36950964815364157
PsychAD	TLP003726	7423	0.6266268439703226	0.42428331617687903	0.41365961653556915	0.3186623014910307
PsychAD	TLP003727	3002	0.6734425419374104	0.49718733285245137	0.4466119701841025	0.45825526868181254
PsychAD	TLP003728	2931	0.6760237515201302	0.46855224378719196	0.4243394774440769	0.46208117843452773
PsychAD	TLP003729	3873	0.6146768586774802	0.39787201329523936	0.4355117527143356	0.38477945826193977
PsychAD	TLP003730	7514	0.6618532572225225	0.4547463504617054	0.4303085176214597	0.3189273848559745
PsychAD	TLP003731	6304	0.5547232517079859	0.5069658369452721	0.41694422068792536	0.19627883658878484
PsychAD	TLP003732	2089	0.692490856872175	0.3979905948200339	0.40122485504733096	0.45068241843521545
PsychAD	TLP003733	611	0.8076090694737047			0.637903610109195
PsychAD	TLP003734	3036	0.5986172746781585	0.4273833618417792	0.45495417628322504	0.2911900820648108
PsychAD	TLP003735	3193	0.634003171621814	0.4982043580228962	0.44497888917470224	0.32165621761714225
PsychAD	TLP003736	9260	0.6921502436418301	0.4307482851544364	0.4287770511994504	0.528578406641315
PsychAD	TLP003737	4013	0.5443107569456064	0.47468515839504355	0.3984482134664461	0.2121789288162141
PsychAD	TLP003738	3889	0.5622928014875422	0.4390634182525911	0.4086032630010297	0.25990488415017887
PsychAD	TLP003739	1220	0.6409615863756888			0.35804268699944486
PsychAD	TLP003740	6949	0.6276481634462414	0.38852398588776804	0.39916359587477923	0.31212791455920935
PsychAD	TLP003741	2667	0.7756606575424093	0.44839633239035537	0.37931671659994015	0.6607054265249388
PsychAD	TLP003742	3603	0.5987060072556948	0.39960757070668834	0.4024682556198842	0.3730785705449185
PsychAD	TLP003743	4608	0.7647742240481098	0.5284147501964559	0.5141761933087581	0.5687641527259827
PsychAD	TLP003744	1772	0.5762554219167131	0.413487752992718	0.46578829719831677	0.294071252596875
PsychAD	TLP003745	5903	0.625458822838009	0.4250541592112944	0.4282318742172867	0.38205530233156
PsychAD	TLP003746	1305	0.4537809228737677	0.45733350675413176	0.43021696738897763	0.052471917257723794
PsychAD	TLP003747	5858	0.6482826705696579	0.41777124571878604	0.4022151163445188	0.34082683704641964
PsychAD	TLP003748	978	0.5295228170955538	0.4355807291435456	0.4510045857636626	0.1614435398799534
PsychAD	TLP003749	9123	0.6415576935498215	0.42799161744580394	0.4210667733663829	0.3302739845621294
PsychAD	TLP003750	6736	0.5901733425725544	0.45709784695525824	0.4593190227638967	0.2280844643398712
PsychAD	TLP003751	586	0.7164973001565299	0.5648811272290479	0.47906317095361056	0.4925547754768684
PsychAD	TLP003752	3742	0.6965874575822916	0.46222825777620447	0.47015259916283647	0.4877302727999759
PsychAD	TLP003753	5343	0.6616695572826654	0.4450128085333148	0.4267914580208137	0.35693277450158156
PsychAD	TLP003754	8052	0.6031839798389098	0.48320110457005	0.47827693044296365	0.20953011946560343
PsychAD	TLP003756	4638	0.7803948514576831	0.4744370426327329	0.42856472663975265	0.6805289811794734
PsychAD	TLP003757	1258	0.7449190301256513	0.4723397753240937	0.4178488284859767	0.5740978646032934
PsychAD	TLP003758	7269	0.6947865666758152	0.4253686066710378	0.3993775895571994	0.4911873515370992
PsychAD	TLP003759	1950	0.7687936271361953		0.444736929371343	0.530852793464627
PsychAD	TLP003760	6609	0.630152283292457	0.4691194594485656	0.4249672846351473	0.2621816797562808
PsychAD	TLP003761	5008	0.7222337967401914	0.5196562546620873	0.46946030481018364	0.49986445574285776
PsychAD	TLP003762	4066	0.5637833207722991	0.3478397644071647	0.36078263367231456	0.3051303616005061
PsychAD	TLP003763	935	0.6528956725077576	0.49609577115935527	0.412908636606835	0.39269739585559554
PsychAD	TLP003764	1858	0.6431502018244613	0.5357073352116647	0.45855217125649894	0.37195778257053413
PsychAD	TLP003765	4824	0.5002975271562635	0.4261954842229342	0.4349637397400139	0.12899468755641985
PsychAD	TLP003766	3643	0.753648977164764	0.49907149893582675	0.3989813958572881	0.6180933278477216
PsychAD	TLP003767	955	0.5392908584040166	0.5480978672980246	0.3900852798278266	0.15828503422573217
PsychAD	TLP003768	1324	0.7423336500427474			0.5748773283731969
PsychAD	TLP003769	3121	0.6401659036011699	0.4513812505863951	0.4119591397926056	0.40223824970300376
PsychAD	TLP003770	1769	0.5356527540335474	0.44725520616412684	0.39388961742046835	0.1672745473154185
PsychAD	TLP003771	6396	0.7206078659772434	0.4092540666156972	0.4143071607519215	0.5710720484973105
PsychAD	TLP003772	3214	0.6838892165525157	0.4327554587091036	0.4284385473957384	0.4279521472590965
PsychAD	TLP003773	1752	0.5490687857718389	0.2744771387723059	0.32778955850106584	0.2624057408978834
PsychAD	TLP003774	4603	0.5832450595550708	0.35897844464291273	0.3801697297944123	0.37358789355983035
PsychAD	TLP003775	2649	0.7398876909476253	0.6145790531195297	0.5081046076881303	0.43903568344108607
PsychAD	TLP003776	3895	0.712487473808754	0.4709549526585516	0.3674566621965337	0.42952915046763374
PsychAD	TLP003777	2744	0.5308188314609622	0.37721265913106145	0.31628683941024643	0.24729058785699332
PsychAD	TLP003778	4584	0.6468978014284905	0.4570759730222951	0.48000098559449295	0.4006879245130871
PsychAD	TLP003779	3795	0.5952756179810982	0.40308913059750595	0.3959257721697835	0.360524865191003
PsychAD	TLP003780	5483	0.666000337126638	0.47502971452876747	0.46872521504175635	0.33382541854058756
PsychAD	TLP003781	5735	0.5410468686988811	0.3904511601505385	0.3945314980964345	0.19539519627624438
PsychAD	TLP003782	2802	0.6777582468811133	0.4946331341913539	0.40082975380436353	0.33318584045595656
PsychAD	TLP003783	2840	0.7617164082067939	0.5671431062967504		0.5484299239590904
PsychAD	TLP003784	690	0.7570130151995269			0.5504432535737703
PsychAD	TLP003785	4753	0.7734893469909913	0.48171058563778035	0.4335662825650147	0.643050802536253
PsychAD	TLP003786	2136	0.5959838475854171	0.32300534726628805	0.37524041852553713	0.3174632796466432
PsychAD	TLP003787	3693	0.6254645164939862	0.4298257383164276	0.3981758619860951	0.31466684883673424
PsychAD	TLP003788	2346	0.5741034445851351	0.3154777643649428	0.36967264949285467	0.3407637708198227
PsychAD	TLP003789	2527	0.8200123928004417			0.6970374454966085
PsychAD	TLP003790	1640	0.6547728524781697	0.5025227995194985	0.4597519648260492	0.3905830141408011
PsychAD	TLP003791	3304	0.6567622860161669	0.5540925689994124	0.5182027357397537	0.35974708418764667
PsychAD	TLP003792	6470	0.5580763972046406	0.38245161474008915	0.41771635964918985	0.2615493207267554
PsychAD	TLP003793	8292	0.7468085811667096	0.45964428672442403	0.4316690570449454	0.584823334476638
PsychAD	TLP003794	5716	0.7084374129663509	0.4792884955375118	0.45048835478701693	0.43089778544154705
PsychAD	TLP003795	6019	0.5475289437872422	0.3607590009026249	0.38288933994707397	0.2891350840341621
PsychAD	TLP003796	4061	0.7652858226713901	0.5599918271754946	0.47474065182826375	0.4969296664716171
PsychAD	TLP003797	5020	0.6752026846865802	0.43818500771658725	0.41084735886249124	0.4717978678111158
PsychAD	TLP003798	6727	0.5405905105239746	0.3804589468073501	0.385103220039703	0.2407382455370767
PsychAD	TLP003799	3801	0.6222103879599488	0.4906022425285015	0.48736257280379214	0.3004128526811412
PsychAD	TLP003800	3259	0.7233371224068872	0.5008719715703338	0.5467753682527943	0.5150158711060163
PsychAD	TLP003801	3358	0.8226430299994802	0.4861579750532901	0.4356372688187479	0.7009505924188077
PsychAD	TLP003802	1789	0.7228764495848409	0.5187308084546445	0.33979651731377425	0.5363006338070974
PsychAD	TLP003803	582	0.6970566882068779	0.4882165085357526		0.5034432818902699
PsychAD	TLP003804	4408	0.6971059712491804	0.3771819820945882	0.39942317658857546	0.4184320967690704
PsychAD	TLP003805	742	0.6404357821462844	0.44823731404023226	0.4871385517394978	0.34189406388360705
PsychAD	TLP003806	7099	0.6732757322386334	0.5526069616738987	0.4039145638744596	0.4353531386425138
PsychAD	TLP003807	6985	0.6450287161859423	0.33924785878205665	0.3841397398152021	0.39725471790083366
PsychAD	TLP003808	1423	0.7197880118972338	0.41162311156921194	0.41586654667029455	0.514847128184597
PsychAD	TLP003809	1430	0.6467867614460289	0.5231435511001183	0.4938905601340735	0.3574928367713862
PsychAD	TLP003810	6109	0.8298368837668317	0.44440150446007187	0.37641333296089463	0.7076500247171618
PsychAD	TLP003811	1889	0.49492073474511883	0.44359377958791757	0.3597372461053685	0.17186062359159637
PsychAD	TLP003812	5041	0.6844712598247131	0.3989962003278724	0.38717012032008175	0.462194493105258
PsychAD	TLP003813	1536	0.5353010415317713	0.44254296739068205	0.4236415871399799	0.1967116458128215
PsychAD	TLP003814	4402	0.6209657432899843	0.4059928972281756	0.3899258154285399	0.3862043398632072
PsychAD	TLP003815	714	0.5524905875604273	0.4871530779550438	0.3838922883673915	0.23726320234575393
PsychAD	TLP003816	3290	0.5843991399154232	0.47704528820602465	0.4873022434088903	0.23663379792415212
PsychAD	TLP003817	4064	0.7533594957433928	0.5417743849749344	0.4901617593568617	0.5530742401940975
PsychAD	TLP003818	5012	0.8323748688565216		0.41780632953141306	0.6098611914069979
PsychAD	TLP003819	4582	0.7112066472773821	0.4938406030759762	0.5105940033542467	0.4766605085960961
PsychAD	TLP003820	2260	0.5867002847504669	0.45045876054754463	0.4569217491657325	0.295800232016344
PsychAD	TLP003821	3845	0.5377228201047118	0.4526251168160703	0.4051762761185689	0.1780382548225989
PsychAD	TLP003822	5303	0.7539975034574021	0.524210639344164	0.4729720878668724	0.5428813932034096
PsychAD	TLP003823	3398	0.7579922394111677	0.4445162590354501	0.3491288284859263	0.6095340743795281
PsychAD	TLP003824	5434	0.6292218698876243	0.44756278449141634	0.4464905870640928	0.3284595917292619
PsychAD	TLP003825	7811	0.589541244318067	0.4675869062965747	0.4329073185806993	0.22601221040087918
PsychAD	TLP003826	1286	0.7450065633279715	0.46274448490508274	0.47988668496043035	0.5543355200992994
PsychAD	TLP003827	7408	0.5188579591213883	0.3829446061343667	0.3900334920858197	0.17900830731825204
PsychAD	TLP003828	5732	0.6361358198356748	0.4323550895744006	0.4344677393111651	0.36271383260231477
PsychAD	TLP003829	7662	0.650684262920206	0.469399251877844	0.44665375369529264	0.4145880714970389
PsychAD	TLP003830	6284	0.7562228215885446	0.46626733291252737	0.4233717168261096	0.5001659264388512
PsychAD	TLP003831	6954	0.5635833736426263	0.43881834382334634	0.4121491525875802	0.2316086582841178
PsychAD	TLP003832	3797	0.6038361165022557	0.5261604845601042	0.49509855883147763	0.23196029313169417
PsychAD	TLP003833	4429	0.6552595350021627	0.45495478529632205	0.41310283027079786	0.43459879836387977
PsychAD	TLP003834	3305	0.628484706359876	0.38364977672364464	0.3957087469178119	0.39620521040586293
PsychAD	TLP003835	4185	0.8426155225666044	0.44529929925326794	0.40675617500187483	0.7482453003870156
PsychAD	TLP003836	3010	0.7932254461260554	0.7094912463100576	0.5606902183317978	0.5630207958408426
PsychAD	TLP003837	4649	0.6460194600013183	0.4223902548424299	0.4001625230330269	0.3741620074449059
PsychAD	TLP003838	1097	0.7228459236725678	0.535754240001626	0.4926110369153171	0.4166230709015267
PsychAD	TLP003839	1561	0.7042540970735961	0.5561384667097402	0.4196676983405643	0.4306711648877777
PsychAD	TLP003840	700	0.5940056452970092	0.4543616212942678	0.4314843214442479	0.311523953579868
PsychAD	TLP003841	3201	0.6775975742595199	0.3503694641442148	0.3408381109732357	0.4611088666842449
PsychAD	TLP003842	2005	0.7057136322081207	0.4724682809197566	0.4751523662975141	0.49863110760636675
PsychAD	TLP003843	6658	0.6219811351213681	0.4100565499806065	0.3847904572765189	0.3283437536769168
PsychAD	TLP003844	7223	0.644514724153836	0.4527135432960725	0.4193607626933731	0.42142790974637057
PsychAD	TLP003845	8266	0.5657801506471078	0.42639208513596205	0.4255676973213615	0.2124700135617605
PsychAD	TLP003846	1360	0.6511102912028272	0.4100675330660435	0.388409111608372	0.40095500435502845
PsychAD	TLP003847	5745	0.7290449317537782	0.4624801073278747	0.45103906882559053	0.4639768812208942
PsychAD	TLP003848	4104	0.6534892896194484	0.42400546243384674	0.44132895351392754	0.45801633794904223
PsychAD	TLP003849	4460	0.6532365015889897	0.4557388507275809	0.47427278576860094	0.386927719919986
PsychAD	TLP003850	825	0.7280645626980584	0.5496231625029329		0.4495279397622501
PsychAD	TLP003851	552	0.5846901844968513			0.27663495271351496
PsychAD	TLP003852	737	0.5549756503837718	0.5620479039689675	0.5399425669011688	0.09433802699319764
PsychAD	TLP003853	9546	0.6613630876351065	0.4355190196096835	0.43160420680948125	0.4569137002820985
PsychAD	TLP003854	2944	0.6288201833997374	0.5231017292469731	0.48118175117650125	0.30361334248549104
PsychAD	TLP003855	3302	0.7373405015015704	0.44051336614129766	0.40431165859875706	0.46609075401107947
PsychAD	TLP003856	2639	0.5630329231335138	0.357558982663247	0.3888750653041099	0.3220195019849031
PsychAD	TLP003857	4875	0.5706491836446101	0.4546232487379258	0.42844285361189816	0.23998532858064658
PsychAD	TLP003858	6763	0.6004842738362213	0.4197339049869686	0.412715580520829	0.30969622832032484
PsychAD	TLP003859	3335	0.6069566902503609	0.620350796802335	0.47430040588730504	0.17100746565864824
PsychAD	TLP003860	5845	0.7338666088410648	0.5083626584052725	0.4279157371434499	0.48675701896982776
PsychAD	TLP003861	6238	0.7227150797769306	0.4955864353556974	0.453335052228954	0.5099771502694805
PsychAD	TLP003862	7284	0.5930936675944123	0.47265615420939644	0.41924349597376065	0.22688536706432277
PsychAD	TLP003863	5397	0.6860501786031697	0.43288090671537516	0.43473464939765744	0.48124453862121963
PsychAD	TLP003864	1914	0.7808388819317924	0.5755753564234423	0.45726303380323785	0.6016882012220216
PsychAD	TLP003865	9530	0.698893125339067	0.49950563086443056	0.42179354417966275	0.42626248778455583
PsychAD	TLP003866	4459	0.7727315328431076	0.4345178871527501	0.44378541206021915	0.6405631410083852
PsychAD	TLP003867	1521	0.694912415251954	0.47638730650781214	0.4432181794229797	0.4963903298198569
PsychAD	TLP003868	1389	0.6461676432664991	0.3708669190349971	0.4162167543121643	0.460651620955717
PsychAD	TLP003869	3528	0.5219837188713665	0.33573370702271443	0.3358796002962179	0.23825388015054488
PsychAD	TLP003870	6035	0.8995202439936503			0.8704691006420902
PsychAD	TLP003871	6900	0.6233396701575195	0.41013559475030725	0.4215578529838009	0.32872425826095103
PsychAD	TLP003872	2370	0.527671273060729	0.28228858016704483	0.3573676607543304	0.24585743087469444
PsychAD	TLP003873	1231	0.5953267218436451	0.4936322430584338	0.4127694300343855	0.2828863520113218
PsychAD	TLP003874	1493	0.8114482480739861			0.665685682109676
PsychAD	TLP003875	352	0.5193791458353614			0.16676004070677625
PsychAD	TLP003876	4490	0.6649453493435598	0.4530610635015623	0.47924715038601756	0.3766660853357237
PsychAD	TLP003877	1367	0.7149760345427569	0.458641880816497	0.40708257768967876	0.45464966371769683
PsychAD	TLP003878	3684	0.5915361595818642	0.436329178947366	0.41417402916578405	0.33087737247165994
PsychAD	TLP003879	713	0.6405010612055326			0.34290159144436994
PsychAD	TLP003880	6091	0.6191883009548622	0.37670128372465905	0.413595826390119	0.2829632266302007
PsychAD	TLP003881	6369	0.6582580655040919	0.47603891367150913	0.43151079194408826	0.33273902640576836
PsychAD	TLP003882	3299	0.5834591302578177	0.45321964249354874	0.40722018499344814	0.28704235206509615
PsychAD	TLP003883	3270	0.6480730605633209	0.4530794685169209	0.43254652870490296	0.30266163940395546
PsychAD	TLP003884	7077	0.6363501755652664	0.4413336524233268	0.4112605411608357	0.2972341092628766
PsychAD	TLP003885	1919	0.6266572187743682	0.5073238584868409	0.4545665892154125	0.24258022503900603
PsychAD	TLP003886	2280	0.6589006798961623	0.4212016906932007	0.3826816505868208	0.4696496987625291
PsychAD	TLP003887	5341	0.6876693457529359	0.47431968149537895	0.468438828659288	0.4854815346969564
PsychAD	TLP003888	3314	0.7000592726409989	0.4425829651421933	0.40728986406245565	0.4531847925711706
PsychAD	TLP003889	6597	0.6243432913911502	0.4383654089779505	0.38831996105247657	0.36825783880644686
PsychAD	TLP003890	5789	0.7429080498858832	0.44545511532353843	0.41615409253647384	0.5726872480335533
PsychAD	TLP003891	1743	0.5281606157934821	0.3869854890931035	0.4286661222687956	0.2146669431349047
PsychAD	TLP003892	2877	0.7204595185508056	0.4719850184933708	0.46884763927499545	0.4289153690911236
PsychAD	TLP003893	6810	0.7525249130115687	0.4095111071226524	0.39777899855189014	0.5712241545697618
PsychAD	TLP003894	7761	0.6649592026780751	0.5007238364529552	0.4451875734445569	0.3085445399460415
PsychAD	TLP003895	1363	0.6985124438075411	0.2967801431519882	0.31817243764762687	0.5382839908378054
PsychAD	TLP003896	2955	0.6752234144718137	0.4754292733874883	0.4929514538083105	0.397464979140325
PsychAD	TLP003898	7719	0.7002527923977406	0.3904062930997268	0.3847543013862187	0.44447528175523443
PsychAD	TLP003899	1327	0.6497655132261537	0.46584372286649006	0.40342617312442075	0.2973710535394528
PsychAD	TLP003900	1285	0.6078634536872678	0.32823486551913184	0.4310023065945084	0.3240430557023013
PsychAD	TLP003901	2997	0.6290648313407484	0.4384374942242951	0.47305281838106905	0.36910330823238763
PsychAD	TLP003902	755	0.645616448638025	0.5569855938123824	0.4478017808308879	0.36632682114792875
PsychAD	TLP003903	5872	0.6012022628924069	0.4993566160421956	0.4598724705045161	0.22938874288758748
PsychAD	TLP003904	3192	0.5642160086822933	0.36193335980460206	0.3727447290083595	0.29428328188692987
PsychAD	TLP003905	7477	0.7033838414053906	0.5375449082837569	0.47311891449422205	0.35263672142688773
PsychAD	TLP003906	5929	0.5775057118045948	0.37751883268917663	0.39135663045598956	0.26455673255007944
PsychAD	TLP003907	3647	0.5663326763924204	0.470589961672803	0.4246247442890507	0.22777584156220365
PsychAD	TLP003908	2777	0.6068010997862449	0.4949054924846868	0.4928453714005987	0.24995888212652376
PsychAD	TLP003909	3929	0.6600056497262771	0.45761719589436767	0.42795653003220296	0.4249804605049399
PsychAD	TLP003910	6005	0.7824320913442545	0.48428192407832193	0.4140016617722958	0.6414757658943199
PsychAD	TLP003911	4321	0.47161416586460825	0.3418532029362026	0.3453912781943519	0.17231110720384293
PsychAD	TLP003912	10032	0.5556022291402901	0.45599417123440994	0.3970582114226546	0.18940767087010904
PsychAD	TLP003913	1535	0.6374523699093771	0.4737165487531473	0.4454320740901342	0.3861437680496299
PsychAD	TLP003914	3060	0.650455088905178	0.4235727903707368	0.3774553346992564	0.4324200374163588
PsychAD	TLP003915	2824	0.7037420958888159	0.47574509514212115	0.47558401941213074	0.4180815385690342
PsychAD	TLP003916	6413	0.6689352345286985	0.44397173947463964	0.4407116429371612	0.3838371711194343
PsychAD	TLP003917	6060	0.544328464935909	0.38658127211914384	0.38094017523812274	0.24448667028475135
PsychAD	TLP003918	1390	0.6852929554603816	0.5629906408226885	0.4977347337705631	0.39658198297341335
PsychAD	TLP003919	1789	0.5593804069695187	0.46458129742980553	0.42210688504971866	0.22579509265049233
PsychAD	TLP003920	4720	0.753850774146953	0.4161627307719783	0.4297796422636566	0.5329845579652674
PsychAD	TLP003921	3300	0.8025985372586992	0.5334519925078508	0.41769723497056366	0.657925012219698
PsychAD	TLP003922	3365	0.5968283137003237	0.42123941756127714	0.40888114144617416	0.2962197415107207
PsychAD	TLP003923	1994	0.7844178976762555	0.6240156676188534		0.6318140325552595
PsychAD	TLP003924	4988	0.6544241959138183	0.42757597540307013	0.42258829165865797	0.43362493027978577
PsychAD	TLP003925	6981	0.6005361623654355	0.4104227584278998	0.4256980893229666	0.24773608554954896
PsychAD	TLP003926	2877	0.6567748615128679	0.5076462182194641	0.3930095879005107	0.41024393695220635
PsychAD	TLP003927	4217	0.7098180455081269	0.46313107505121576	0.48863489681194944	0.4490697458441998
PsychAD	TLP003928	5457	0.6152311606980128	0.44628876085890484	0.45657916674213617	0.3137511190567592
PsychAD	TLP003929	928	0.6641700192509415	0.41484954169745414	0.3524377088198254	0.417985876871339
PsychAD	TLP003930	7487	0.5800611588936737	0.4824114013807479	0.40820555708389306	0.22834334677548643
PsychAD	TLP003931	5556	0.6195996588037527	0.4221370309540547	0.4180943888174781	0.33020738987247694
PsychAD	TLP003932	3881	0.78979974488296	0.5166492403157603	0.46889401432938593	0.5601028703554903
PsychAD	TLP003933	601	0.5978778300849735	0.3636761776023548	0.4229042684227541	0.33891167649478915
PsychAD	TLP003934	1315	0.6731777680821486	0.4607637044217317	0.4239057733536432	0.40529849276343377
PsychAD	TLP003935	1801	0.6240038206078992	0.3733896253046021	0.37304785318036615	0.36033305837541824
PsychAD	TLP003936	4047	0.5713279070203179	0.36880866187039935	0.406879043619251	0.27266249147809063
PsychAD	TLP003937	5518	0.6396599283083895	0.5123895582879224	0.4594021546673126	0.31685537866358043
PsychAD	TLP003938	2771	0.6798116582329782	0.41310306767342536	0.4306213592250532	0.45793408967057847
PsychAD	TLP003939	6313	0.5920381953742715	0.3512874711716424	0.3803891495673216	0.31342070515357257
PsychAD	TLP003940	1400	0.6345477667115694	0.4388483035228869	0.412409204666045	0.39003421215498035
PsychAD	TLP003941	2559	0.41973362189008456	0.3684349109623024	0.3741681827616231	0.08641672693027103
PsychAD	TLP003942	5955	0.6834126461577101	0.4189539984051971	0.44645453931725676	0.35423129671858655
PsychAD	TLP003943	5054	0.685237474330227	0.512089496905977	0.489632182769726	0.42818612286120633
PsychAD	TLP003944	1503	0.7295846869690257	0.3632545424166604	0.36830655459726136	0.5657596793812156
PsychAD	TLP003945	969	0.6681650473832768	0.4653831578238393	0.440777502212612	0.45550800505623573
PsychAD	TLP003946	1696	0.6921103954615467	0.4615314953143678	0.4259316234759635	0.49516734595930184
PsychAD	TLP003947	6698	0.727624085408649	0.5732256341111684	0.42149339658846885	0.3995718255308542
PsychAD	TLP003948	5486	0.586114579932173	0.44130726226358624	0.39587776662001983	0.23922310129428206
PsychAD	TLP003949	5638	0.6660971014460995	0.4798514712933245	0.44507417248469694	0.4403775185401689
PsychAD	TLP003950	5169	0.7061449458751681	0.40622283048291125	0.3521208597233525	0.5711782207925601
PsychAD	TLP003951	6101	0.7168487570026503	0.40030822545606654	0.4059475635856296	0.4387273380284181
PsychAD	TLP003952	6412	0.6661977871978765	0.4551180812398341	0.4084853692764714	0.32342470583106664
PsychAD	TLP003953	3964	0.4869281164272477	0.31039945846030564	0.3400199921648782	0.23398652239653767
PsychAD	TLP003954	308	0.7179789866590821			0.5212684566300988
PsychAD	TLP003955	2152	0.7058926469115644	0.4479209493609825	0.4460528263476129	0.5385184515622691
PsychAD	TLP003956	5598	0.7263784822990766	0.3859030887884179	0.38203926299694385	0.46597546172258486
PsychAD	TLP003957	6138	0.6764945407524545	0.4469575984663777	0.4077721070979304	0.4806780884446738
PsychAD	TLP003958	4358	0.6849166860765483	0.5105023459543345	0.4651080433852465	0.4048401811445231
PsychAD	TLP003959	2329	0.6500808399496965	0.455776949526601	0.39260787288898447	0.42728955613693664
PsychAD	TLP003960	573	0.6020780461476222			0.2988988737338687
PsychAD	TLP003961	2007	0.5117427582234193	0.4330992212099618	0.4359590994461035	0.14731575698642133
PsychAD	TLP003962	2367	0.6766692535753687	0.4866537825077883	0.41609623421993525	0.4135371849417
PsychAD	TLP003963	5109	0.7114762169349822	0.4028477612155277	0.39189888819744007	0.5509696472872492
PsychAD	TLP003964	8745	0.5868765578445335	0.39519424895566646	0.3892437852030767	0.27815517978186705
PsychAD	TLP003965	508	0.5195923597399866	0.31541921060203687	0.36505071233107045	0.20541823146622956
PsychAD	TLP003966	922	0.4670378306819463	0.3653346841320779	0.3992569297586616	0.14281960610837444
PsychAD	TLP003967	2245	0.8014100454449968	0.6543544408740923	0.4869063076136759	0.6108874131367826
PsychAD	TLP003968	3061	0.6250264909180078	0.39097913859212613	0.36618422763242037	0.3744775454752528
PsychAD	TLP003969	4649	0.5442509585526063	0.46896810353739327	0.4343896601717552	0.17814924758856104
PsychAD	TLP003970	381	0.7453666715086067			0.5548952052066343
PsychAD	TLP003971	6150	0.6233517594448115	0.4107065069131999	0.3998220440573635	0.3171402124955743
PsychAD	TLP003972	7087	0.6912778000655432	0.44987334162129045	0.41163942603724135	0.4289921530009605
PsychAD	TLP003973	4722	0.6532734649407456	0.5013720328674021	0.46443773496439567	0.37982331622864857
PsychAD	TLP003974	3156	0.7355304769964014	0.4955165121114804	0.39645227220578494	0.5362646478836901
PsychAD	TLP003975	865	0.6043620847081118	0.5084050253188415	0.4324264696755894	0.28644068581919435
PsychAD	TLP003976	7010	0.5630061017545086	0.4393916556157629	0.4071339968112742	0.2576193666448856
PsychAD	TLP003977	7277	0.6267105494801237	0.4674118502139136	0.432202007057632	0.286046980277329
PsychAD	TLP003978	4789	0.7138782752110624	0.3636598279557246	0.3809938099368123	0.41422042194145725
PsychAD	TLP003979	4559	0.6336859463447811	0.32736404584703205	0.3579800024284979	0.4269978384498857
PsychAD	TLP003980	4959	0.6172438413910024	0.4391797262827713	0.4067785257095909	0.3244658479008383
PsychAD	TLP003981	5521	0.5218745506074548	0.36765452070368887	0.35506952474745557	0.21111853775240935
PsychAD	TLP003982	4653	0.7300617049073409	0.4344612425468313	0.41803513648351853	0.5918244944343602
PsychAD	TLP003983	922	0.8161243883748691	0.4323911509662837	0.4563503256246072	0.6997390967662372
PsychAD	TLP003984	5339	0.8503846515546291	0.7227010359098159	0.6042666018975569	0.7491543114488713
PsychAD	TLP003985	4087	0.7230501303715012	0.5760330569684731	0.5218791582545286	0.47207540704713113
PsychAD	TLP003986	5947	0.5895188964839383	0.4074775130966572	0.4786537732415578	0.2732018731517288
PsychAD	TLP003987	3555	0.6714577435864346	0.49361594221936733	0.46594076360171	0.36385064833545283
PsychAD	TLP003988	2967	0.7509040994800984	0.486061939067573	0.4599215321744947	0.6056435806453079
PsychAD	TLP003989	4630	0.7158609732577952	0.6131906166105878	0.5270285030351392	0.4130942108191988
PsychAD	TLP003990	5230	0.8082863208198419	0.2745948601345818	0.37492660510626097	0.6057218692670028
PsychAD	TLP003991	3730	0.5878631248808003	0.40802559159887475	0.4040606968916978	0.2646864052042309
PsychAD	TLP003992	5097	0.7105613359588535	0.4409204342975155	0.5138468646538531	0.5133694774915064
PsychAD	TLP003993	5196	0.6781759200588791	0.3718620075224395	0.3692241502825351	0.4522685722601574
PsychAD	TLP003994	5676	0.6805551515362873	0.42993560019169696	0.4216972749841029	0.38238965067336217
PsychAD	TLP003995	1276	0.8480864135160557	0.6778694866231827		0.7160727689887817
PsychAD	TLP003996	1868	0.7809528109536482			0.6380032929028966
PsychAD	TLP003997	1406	0.5235844272098014	0.38342301854992034	0.40184958276491317	0.19936334191250554
PsychAD	TLP003998	3780	0.6456434490892605	0.2652217235950361	0.3363069820403818	0.3622048359883764
PsychAD	TLP003999	6778	0.5943472440585321	0.3948895127444355	0.42904224238777583	0.2811894323475661
PsychAD	TLP004000	6658	0.6709129031438791	0.4537448159190656	0.40714199331010453	0.33805166289375405
PsychAD	TLP004001	2289	0.5336209814633741	0.34430312203589303	0.3372344056493436	0.2909968610651582
PsychAD	TLP004002	5701	0.6801925890025553	0.6431559199279365	0.4208524255874904	0.4469598279522393
PsychAD	TLP004003	2001	0.4755697462607053	0.40840817021673703	0.31430212020459597	0.15701768089641702
PsychAD	TLP004004	5861	0.6784334489628951	0.45725790814835443	0.446195406029888	0.41313191055012677
PsychAD	TLP004005	1361	0.5866480331449283	0.4216476109511722	0.44602925778622404	0.2758209141197457
PsychAD	TLP004006	4992	0.5863641985428549	0.32791789232898855	0.36734295122412125	0.2901486259177614
PsychAD	TLP004007	687	0.6659273266775653	0.3867715706477203	0.37152346663659275	0.47524294645485277
PsychAD	TLP004008	3213	0.7418449231929807	0.4536099804759299	0.43204819433760183	0.4215102061332633
PsychAD	TLP004009	761	0.7338204895877949	0.5162214807354604	0.4645943482713505	0.5831563152465784
PsychAD	TLP004010	4498	0.7308931690326603	0.3542822558382239	0.34093512661697395	0.49635188182817414
PsychAD	TLP004011	1983	0.6601201794644174	0.3798591219517395	0.4307496326537714	0.39581040510762433
PsychAD	TLP004012	4622	0.5747848216356238	0.3660296281537092	0.36597407427040984	0.2917554206092493
PsychAD	TLP004013	3478	0.6787501764624646	0.5260780102912926	0.44924814918024925	0.40420917520906946
PsychAD	TLP004014	2056	0.7202720068954792	0.40874227676418773	0.40815363771337293	0.5231746225868095
PsychAD	TLP004015	6986	0.7373454894183766	0.4275289636511958	0.40240114510891606	0.5338831620878928
PsychAD	TLP004016	1231	0.68907922071438	0.39636721484226306	0.37794711322112456	0.4191824693577014
PsychAD	TLP004017	2388	0.66755388051492	0.619243004323446	0.394286958717894	0.4423908414189407
PsychAD	TLP004018	8340	0.5577932571907367	0.3727968115754034	0.37205188245676934	0.22511069110805282
PsychAD	TLP004019	3146	0.5387141694150565	0.4833998789420261	0.4331224445280886	0.15467600402582649
PsychAD	TLP004020	3251	0.6887781825581882	0.46683438932484655	0.4282052815529794	0.49399527740661686
PsychAD	TLP004021	6495	0.5898667692071429	0.39255623245033167	0.4061733606237614	0.3482590618390911
PsychAD	TLP004022	6125	0.6725284137729813	0.48147363520416037	0.4803812534732973	0.42823955040446626
PsychAD	TLP004023	4919	0.6510036196988016	0.4515897158723131	0.4622569579941597	0.37795741178582865
PsychAD	TLP004024	7684	0.662755325136835	0.5426673629495244	0.4514415925197283	0.34455310152719515
PsychAD	TLP004025	6744	0.588131331012835	0.46800036463794725	0.46446708273411674	0.26767824592011874
PsychAD	TLP004026	4019	0.7170551646791139	0.48991120490888185	0.4804084031363297	0.38966867737862565
PsychAD	TLP004027	2851	0.5832706922593816	0.4622617941153953	0.43030440325532976	0.2359876007460355
PsychAD	TLP004028	2869	0.6366083991634508	0.4265794013945324	0.37654181779642026	0.41246534274302543
PsychAD	TLP004029	1315	0.6156633197511979	0.38506618278809246	0.44860945206026864	0.3931848785425683
PsychAD	TLP004030	4326	0.5902300517064091	0.6136475656405356	0.38150105352110886	0.20673152444379095
PsychAD	TLP004031	6237	0.6001057465489497	0.4523616607971257	0.42016374223422803	0.31763071587428554
PsychAD	TLP004032	1277	0.6876367337645442	0.44535997176434206	0.502387524546968	0.47659547772372135
PsychAD	TLP004033	1562	0.5133104560049594	0.2240949522495827	0.29642917331502744	0.2764679470143431
PsychAD	TLP004034	4065	0.6467205435705686	0.4510571066421773	0.4605817510414462	0.3899893729076617
PsychAD	TLP004035	8910	0.5368865479907766	0.4407665449630586	0.4039998542473665	0.18914522314463
PsychAD	TLP004036	699	0.7462376370057194	0.5792827181916839	0.5048700510344399	0.5181202210635711
PsychAD	TLP004037	4104	0.6973877459396594	0.5050349727948187	0.42631646079737806	0.3471321971269982
PsychAD	TLP004038	3784	0.6540722547369601	0.4021607321910768	0.41584773218547516	0.3960469467407163
PsychAD	TLP004039	2652	0.6239912172264582	0.4776560527434387	0.45518134738597765	0.3425321684395619
PsychAD	TLP004040	1200	0.6768699073913836	0.2525447507775933	0.36615064327842783	0.488869196350564
PsychAD	TLP004041	4443	0.5975040246928813	0.4519958500247262	0.4280058719898491	0.2752265375285936
PsychAD	TLP004042	3140	0.7673384434714147	0.49848080971319103	0.45929206480029927	0.5372639331540772
PsychAD	TLP004043	7544	0.6374498418798333	0.4519133081012952	0.43678053979188064	0.2897080421184604
PsychAD	TLP004044	4697	0.6286225533168593	0.49268250412567083	0.4839492165698931	0.29228434761264555
PsychAD	TLP004045	6293	0.5804547676350089	0.387706839474807	0.38260132431236976	0.3416808735131937
PsychAD	TLP004046	1580	0.7360014578558052	0.6452006094835507	0.515249167589861	0.5228500756745719
PsychAD	TLP004047	2033	0.5081927776244957	0.41728700128564006	0.4095713350770204	0.18031934611545153
PsychAD	TLP004048	1706	0.6800427301316208	0.4640451224537694	0.41586602804235817	0.48900957421356944
PsychAD	TLP004049	1289	0.6243606029860072			0.31047963290159875
PsychAD	TLP004050	3801	0.7244440009320576	0.5988595369073287	0.4204497815094046	0.5351786836757656
PsychAD	TLP004051	988	0.6087048035706007	0.4305892858132645	0.36066016286013447	0.3792138046006518
PsychAD	TLP004052	3189	0.6377250487090544	0.4892873618558222	0.49867755929783963	0.3295050219648021
PsychAD	TLP004053	4963	0.5431248348491587	0.40024847461288376	0.40578840837261587	0.2166340769553123
PsychAD	TLP004054	2449	0.6825504547259214	0.4619850365063584	0.35805798387998616	0.48133714167677705
PsychAD	TLP004055	104	0.6689302921663257			0.4119526212632468
PsychAD	TLP004056	2939	0.547610042919117	0.4873565164291623	0.419998473460476	0.18703438675145226
PsychAD	TLP004057	1350	0.48253643344855485	0.4471521530299172	0.4194697078158448	0.11224546910801723
PsychAD	TLP004058	2514	0.6015164346433376	0.47468419299938824	0.40583242013170207	0.2931303968907464
PsychAD	TLP004059	162	0.7546838191305986			0.5458905723582644
PsychAD	TLP004060	3617	0.689766473947893	0.559203617466326	0.5296571884624068	0.3341473129146128
PsychAD	TLP004061	2405	0.6335491754549992	0.42910506095988726	0.4415258739443181	0.373460660490946
PsychAD	TLP004062	5552	0.566567886935368	0.4582332983254454	0.46494209453726704	0.21745918066677308
PsychAD	TLP004063	5349	0.64942170753997	0.41395652828244844	0.38979320087551184	0.4051887951360951
PsychAD	TLP004064	2414	0.5700385594485672	0.47062986627735043	0.4562816640550802	0.21334150880157185
PsychAD	TLP004065	7990	0.6720661646732213	0.41430009673587187	0.4159482531832721	0.47294099985625065
PsychAD	TLP004066	3670	0.6367803837153183	0.5396196214891553	0.5050985748446728	0.26349737961084235
PsychAD	TLP004067	2600	0.5571630185318825	0.3624201802234387	0.3947012533849369	0.24974123045773292
PsychAD	TLP004069	2155	0.5073556464355785	0.3353890105062715	0.37432986809592816	0.20428742459951743
PsychAD	TLP004070	5912	0.6228716940592265	0.4046406900453035	0.4390083329188599	0.3905164834414376
PsychAD	TLP004071	1542	0.5230986316104154	0.43932299789630325	0.436381726824704	0.1534299337873266
PsychAD	TLP004072	6265	0.6589447240131667	0.5295814207824395	0.47132461754389254	0.30248686711398387
PsychAD	TLP004073	5226	0.5758596224780138	0.46947238342006425	0.42144031764579926	0.28098752108292463
PsychAD	TLP004074	291	0.7493967149525268			0.5778644206022365
PsychAD	TLP004075	4716	0.6428700999696415	0.4822706327334632	0.46167902711671605	0.3002899977091116
PsychAD	TLP004076	4917	0.6509142169192926	0.42902269374331775	0.4341756102153509	0.3343233332503999
PsychAD	TLP004077	2018	0.6566669235322177	0.39327127119504984	0.41968399156903113	0.4416505962735643
PsychAD	TLP004078	2115	0.653439501353457	0.4509923924619792	0.39953256378178675	0.3827634148049801
PsychAD	TLP004079	4106	0.6508481435507667	0.5567656437776514	0.4966934875473708	0.2977580132025591
PsychAD	TLP004080	5940	0.737023619692152	0.38117830070913294	0.4470142505028974	0.6179373851874862
PsychAD	TLP004081	1029	0.5821991353157694	0.535599973717378	0.4268340497106583	0.2505871888483994
PsychAD	TLP004082	5922	0.681224423776522	0.5196608814617842	0.4267795877676953	0.3066130025896741
PsychAD	TLP004083	2806	0.5941712438077812	0.3022355163167429	0.38926393532578696	0.3698667530775458
PsychAD	TLP004084	1453	0.40455978851008306	0.3820925839622377	0.38045995624928014	0.046177130459362746
PsychAD	TLP004085	4003	0.6307611146662874	0.41988003166201093	0.4576544901747691	0.35861580452034764
PsychAD	TLP004086	1862	0.6426145548360632	0.3639916512695739	0.3704848957072011	0.391986821535118
PsychAD	TLP004087	3788	0.6495585473413006	0.5579615877828413	0.4938736889587875	0.3086042476634959
PsychAD	TLP004088	5718	0.6321723491236988	0.4415443311010271	0.45282881019143134	0.36879988219334053
PsychAD	TLP004089	5011	0.5873037589028695	0.34888734895243867	0.4068343604628073	0.25311280985541174
PsychAD	TLP004090	7141	0.7081222811906006	0.5171431981029375	0.4580758082511742	0.35895469971837274
PsychAD	TLP004091	1250	0.7077675194510278	0.6041788580846803	0.526261921649374	0.46315391712352444
PsychAD	TLP004092	4494	0.5741868209048299	0.4751227429523997	0.4523517941820444	0.2368061284448236
PsychAD	TLP004093	4720	0.6943248913534624	0.5150785928943309	0.47512060481797735	0.442934572871873
PsychAD	TLP004094	1148	0.629307688268229	0.4746088001088107	0.4446799021229966	0.3258352321696253
PsychAD	TLP004095	4136	0.6239721108547549	0.4573767423871506	0.4231328365598557	0.3285612713753956
PsychAD	TLP004096	5273	0.7207994055733067	0.52546818107677	0.4350705477221394	0.5450130183858618
PsychAD	TLP004097	723	0.6240574449537046	0.31179754516802816	0.3472699637463284	0.38801769856687435
PsychAD	TLP004098	1622	0.6829271397487295	0.6717776117208016	0.5299879956364246	0.393613416420933
PsychAD	TLP004099	2609	0.467211037485059	0.26391558522158975	0.2963142049621648	0.19805592902815886
PsychAD	TLP004100	639	0.6482080827969308			0.3418529125328641
PsychAD	TLP004101	5298	0.6784140606051267	0.493541859737524	0.4329207052326225	0.41624422211415835
PsychAD	TLP004102	6244	0.6349129735712732	0.5000913050378102	0.43096053453881455	0.3294226039255242
PsychAD	TLP004103	5719	0.6136816147014605	0.4497603540843465	0.43249299080656695	0.26108479129776163
PsychAD	TLP004104	4511	0.5521519530806628	0.31012384336050325	0.323772181967126	0.2628278867795189
PsychAD	TLP004105	7608	0.6648374212455633	0.47671422210739994	0.44264062223714273	0.3423686891926106
PsychAD	TLP004106	3446	0.6411685131663286	0.5837084613749605	0.5014431144270003	0.3392600750955279
PsychAD	TLP004107	956	0.5264519292388163	0.35126570247389244	0.5103309783124746	0.1788651774512331
PsychAD	TLP004108	5055	0.57967945820568	0.3709877808334745	0.3962878506411898	0.291939882267606
PsychAD	TLP004109	5015	0.7778855037184997	0.48225772431816283	0.42730767591297997	0.4788264175735809
PsychAD	TLP004110	880	0.7159743947478652	0.6021146803555734	0.49144234234479145	0.38395248890459327
PsychAD	TLP004111	3692	0.6678259762548424	0.5448176098547375	0.5107446499197088	0.3904732269252067
PsychAD	TLP004112	5687	0.4093594466186076	0.2916287147097451	0.3420509717240089	0.10626832858132045
PsychAD	TLP004113	3811	0.5497636828688341	0.5581096847713185	0.4041345442228676	0.18667605954712488
PsychAD	TLP004114	2222	0.6965507300107393	0.5505108581391349	0.4889282342172917	0.339759088310817
PsychAD	TLP004115	4603	0.5900674699713621	0.4694096217319105	0.4441213465511961	0.28749852970645284
PsychAD	TLP004116	2526	0.5860879820392414	0.4322694145990995	0.44013080015175654	0.26506755336904664
PsychAD	TLP004117	7080	0.5530270685823657	0.389060562336615	0.37523912712695096	0.24048931758761913
PsychAD	TLP004118	4567	0.5553437168766844	0.5140881386086127	0.36460170593911073	0.2734037429428111
PsychAD	TLP004119	4078	0.5590937968352538	0.49209512695908153	0.4636407687965455	0.19374769084167096
PsychAD	TLP004120	2242	0.7633531907240937	0.6934445098603892	0.3409971722574995	0.639921170112064
PsychAD	TLP004121	2887	0.6084356633124817	0.5098310924879896	0.4806495206961642	0.25529015643940894
PsychAD	TLP004122	5427	0.8187432382497055	0.7312113666028529	0.5949670843116199	0.544703303769754
PsychAD	TLP004123	1248	0.8821792974438581			0.838153894406105
PsychAD	TLP004124	4581	0.6819391927635482	0.4625063709683088	0.45207289530152034	0.49544569621913953
PsychAD	TLP004125	7474	0.6170849808310612	0.5295655588348759	0.4519513512110872	0.29272462098960716
PsychAD	TLP004126	5861	0.5721055337543759	0.5559827082986706	0.3805021806489194	0.22766725686321568
PsychAD	TLP004127	1937	0.6451219175999917	0.5328046830019093	0.4748672558652415	0.32603563256278056
PsychAD	TLP004128	3985	0.5326385107419767	0.4224649975424591	0.4443065855383836	0.20926649237419917
PsychAD	TLP004129	6553	0.6436729202400275	0.5053346936242713	0.43582849436240056	0.34554068994054504
PsychAD	TLP004130	7449	0.5462097998326859	0.4210456740366812	0.39843324112035666	0.2260252469739276
PsychAD	TLP004131	6710	0.657150677884412	0.5978351644213709	0.5182627374467856	0.28060886299802074
PsychAD	TLP004132	5044	0.6569392838658368	0.4737350798727271	0.4383850312038292	0.30967819008309133
PsychAD	TLP004133	9526	0.6394175678337487	0.4194845644735085	0.4011657604471864	0.43706459941184805
PsychAD	TLP004134	4093	0.5235795189017086	0.41630024472710114	0.3857680181291976	0.21183750394523385
PsychAD	TLP004135	2571	0.4482663663509559	0.32535272771171164	0.3407547834479593	0.16084401595894865
PsychAD	TLP004136	2592	0.6444788009811313	0.48388151770418664	0.4755147284724084	0.337976806668941
PsychAD	TLP004137	5953	0.7203652559818381	0.5070104992885989	0.47028520527260453	0.5446898602735002
PsychAD	TLP004138	1186	0.7830859838939473			0.6472642959313719
PsychAD	TLP004139	1168	0.806070646175845	0.5760311854643023		0.6692246093392131
PsychAD	TLP004140	6439	0.6158105973924639	0.5208250883823842	0.4377520746089126	0.2586651937777333
PsychAD	TLP004141	6129	0.8284037967165184	0.6693823455956489	0.5805303271807053	0.6162493484642774
PsychAD	TLP004142	3352	0.6857277522579008	0.54221762950732	0.47194847840607546	0.3543199406576074
PsychAD	TLP004143	3559	0.650635106574803	0.44475254068156267	0.42846915893174803	0.30958202009327923
PsychAD	TLP004144	4986	0.7497382686344705	0.6263136180116133	0.46441596152669745	0.4705532900706337
PsychAD	TLP004145	5772	0.5230287174935796	0.4324646362470295	0.4024768659430776	0.18321463245912328
PsychAD	TLP004146	2387	0.617817904159121	0.4736285465615444	0.4378745420308621	0.3401728695319604
PsychAD	TLP004147	3578	0.6088664796246462	0.47830108409371197	0.4085664514095847	0.23733835968987899
PsychAD	TLP004148	9068	0.6618157585428343	0.5277863026856413	0.49508024148586427	0.28108772375275826
PsychAD	TLP004149	6723	0.5039123017510433	0.34084261995356546	0.338869756148352	0.19111757607497074
PsychAD	TLP004150	3952	0.8032799642176636	0.7200546056466727	0.6016256376963391	0.49438179416774397
PsychAD	TLP004151	4482	0.5860811689503781	0.3920339840126591	0.41983852839396657	0.26380304398137255
PsychAD	TLP004152	5469	0.7457123065547611	0.49624737473071867	0.486006437001963	0.49389997556087695
PsychAD	TLP004153	6284	0.630545306596418	0.44755181071528893	0.4522819080319459	0.35584154850344774
PsychAD	TLP004154	6135	0.722386700054015	0.5551116686403585	0.48611831328205735	0.5017704639901466
PsychAD	TLP004155	3713	0.4825996833931582	0.2910012688573908	0.4032736758947654	0.18100844024549156
PsychAD	TLP004156	7833	0.650762332004428	0.4577530757533719	0.42117023580118806	0.30180988994571195
PsychAD	TLP004157	5552	0.7629453335537562	0.45697149393050834	0.3727911488507214	0.479458023482648
PsychAD	TLP004158	4317	0.4556996127909059	0.38620676277769295	0.39057286047312056	0.10150524944755007
PsychAD	TLP004159	3599	0.6504911212385559	0.47959182327017397	0.43147257490300817	0.3182074970007864
PsychAD	TLP004160	5227	0.6455724902345797	0.40977626596059147	0.3854005253217656	0.31639528567076847
PsychAD	TLP004161	8519	0.8054163826777001	0.6393335759678112	0.5180516738312357	0.5718791384026495
PsychAD	TLP004162	1892	0.5964445749587168	0.47786903232123906	0.45196120912784804	0.30421561643448236
PsychAD	TLP004164	7135	0.6332305539205056	0.5568068805203412	0.49306801573904313	0.22181981753727706
PsychAD	TLP004165	198	0.6747186363584271			0.3557591678580842
PsychAD	TLP004166	5597	0.8115950845289034	0.5910624184204876	0.5132780469145218	0.6209005078879197
PsychAD	TLP004167	3957	0.516571930104848	0.4411889360862715	0.40958027303642225	0.1532753791895452
PsychAD	TLP004168	386	0.6435585705891483	0.4392793192031796		0.3376816618564675
PsychAD	TLP004169	4365	0.4196299425681886	0.25949029403725166	0.3244923771437531	0.14279912606474032
PsychAD	TLP004170	7264	0.4825731716491337	0.35742959778685757	0.37162593592445897	0.15023186790028908
PsychAD	TLP004171	6908	0.7260546869652108	0.5482699343123637	0.4825456604553331	0.5304123362212276
PsychAD	TLP004172	4510	0.5538662127013896	0.344455476059513	0.4113451658403853	0.22448319251346935
PsychAD	TLP004173	1508	0.651451865150609	0.5827828220064755	0.4990576213392537	0.3406824971057239
PsychAD	TLP004174	2253	0.8601534168335266			0.8308941394910367
PsychAD	TLP004175	2683	0.5870804680048619	0.4672150115184883	0.45005137971472897	0.2531484357753929
PsychAD	TLP004176	5321	0.4751611721286673	0.29276086756863107	0.3670514703699535	0.20062152275177683
PsychAD	TLP004177	167	0.6072566345742124			0.2569213291080914
PsychAD	TLP004178	4953	0.690061722119951	0.5140703846870327	0.4761156207976263	0.33785240648651327
PsychAD	TLP004179	2688	0.614446502820613	0.5204710623483888	0.475615125982238	0.24913556649538093
PsychAD	TLP004180	5818	0.5975859735843313	0.4364484955155998	0.4003970179384553	0.32366378348188246
PsychAD	TLP004181	2343	0.47785855943102357	0.3699118783870214	0.32873596237084846	0.18507795757557674
PsychAD	TLP004182	3078	0.6039684572246671	0.5235986404630047	0.43797543825033625	0.2849296749131814
PsychAD	TLP004183	4638	0.4347044363125528	0.2823066733539637	0.33020451912043713	0.16157334602143225
PsychAD	TLP004184	4552	0.7114942672208934	0.5929488461576897	0.47101315953054	0.475748585625525
PsychAD	TLP004185	5893	0.502354159590925	0.4961944433023823	0.31185036213547324	0.1800210351074259
PsychAD	TLP004186	4832	0.6531475193215325	0.5008112262499924	0.49576217858488364	0.30683361754424976
PsychAD	TLP004187	800	0.5538419139223705	0.3474824405198634		0.26754936309680066
PsychAD	TLP004188	6337	0.555168399035515	0.5072765043176473	0.4189125122295493	0.16667749950232583
PsychAD	TLP004189	3479	0.6541247369240252	0.5011071631020416	0.4392129085596881	0.34401173634458165
PsychAD	TLP004190	6410	0.574885273705107	0.5220924805193369	0.4797647622099579	0.15887764424796674
PsychAD	TLP004191	1402	0.5617228060840649	0.6338314430962311	0.445206753143964	0.143762610182073
PsychAD	TLP004192	5638	0.5889246655540448	0.4637328212300393	0.40575985233417544	0.24184968664868303
PsychAD	TLP004193	6954	0.5622425102980089	0.48968734340672665	0.4448416459176844	0.14809019492286368
PsychAD	TLP004194	7818	0.5561368376878885	0.34547019785992894	0.3635882156210759	0.24459021256286037
PsychAD	TLP004195	7845	0.5491793288975043	0.44341940747590813	0.39971645933788336	0.1823096931531332
PsychAD	TLP004196	2781	0.6319418379715306	0.5229899036650658	0.4673724128045208	0.33220931845184193
PsychAD	TLP004197	4825	0.7396166848615555	0.5731981495994034	0.44582058930467416	0.4345021971040672
PsychAD	TLP004198	4859	0.46555902811345573	0.310621843650252	0.35630489292232626	0.1612921709515745
PsychAD	TLP004199	3705	0.5655924108797504	0.4329855043546862	0.4153185884604662	0.27531505522271243
PsychAD	TLP004200	4252	0.6663209951609841	0.48782531868453066	0.47148217638585294	0.43798357664628257
PsychAD	TLP004201	7234	0.6720045449704815	0.48287475907212696	0.41598200032703536	0.4674734057971792
PsychAD	TLP004202	6267	0.6085470483527758	0.5277349260678108	0.48596531092920536	0.20981241000007836
PsychAD	TLP004203	6909	0.6724847386248506	0.4609021744334472	0.44516370030594626	0.452213991181246
PsychAD	TLP004204	8483	0.641480175027222	0.5282122776103226	0.44007305451824474	0.36374157482195
PsychAD	TLP004205	3767	0.6562151312997899	0.4893195486230114	0.47925113273293596	0.32538494481678715
PsychAD	TLP004207	5656	0.5393773302943967	0.4869960718698926	0.3672320543166561	0.207657347515168
PsychAD	TLP004208	7921	0.7581357608033866	0.41799579683070287	0.4230692265112347	0.41355824088926796
PsychAD	TLP004209	3871	0.612537523541545	0.5915128774473293	0.38954951244979763	0.2706412038491918
PsychAD	TLP004210	2943	0.6277025656184829	0.40064693708918775	0.4243810269133522	0.3338550574288508
PsychAD	TLP004211	8586	0.5795123223203607	0.4441349808438312	0.407164828231515	0.24027587553628846
PsychAD	TLP004212	3521	0.7793519142833231	0.6118051379324443	0.5514228761275378	0.6030701081417096
PsychAD	TLP004213	5206	0.6103021738828124	0.4084607871418031	0.4156985904619016	0.343754660967034
PsychAD	TLP004214	1936	0.6217223903358027	0.5367521976786229	0.5026555814978362	0.26551755369938823
PsychAD	TLP004215	1371	0.673641398549397	0.5141169609525057		0.39495144022394063
PsychAD	TLP004216	3750	0.6826361853929381	0.5955508997650473	0.5706250968210836	0.3757555988206452
PsychAD	TLP004217	7802	0.4241722043612799	0.33184628162060564	0.3361738587354164	0.1070971887263632
PsychAD	TLP004218	4862	0.6968393797414965	0.6052678904766018	0.5677973111658907	0.3990949786020351
PsychAD	TLP005084	5109	0.5263839115108295	0.4259650648901705	0.41815756844559526	0.18105311859318504
PsychAD	TLP005197	3894	0.6490724655945099	0.5098010637057515	0.44567466025773306	0.3600875868534569
PsychAD	TLP005261	7992	0.5500170364569622	0.3676048412198352	0.3643581200637988	0.218996046336253
PsychAD	TLP005281	3565	0.7611861662749309	0.5512605216484765	0.4383524140374875	0.508694774466375
PsychAD	TLP005282	7907	0.8532384950742286	0.7317172546735933	0.6453326250101956	0.6580069872864899
PsychAD	TLP005295	3979	0.9017032670608105	0.893611016552748		0.8585795811671364
PsychAD	TLP005322	3261	0.5221184636791953	0.41628977993852556	0.3783432604633342	0.18146851702128186
PsychAD	TLP005666	1336	0.7830329588108002	0.5761234875562662	0.45635597476595224	0.5630509350846085
PsychAD	TLP005667	8575	0.615093547542803	0.5357818520559676	0.4720598273195021	0.22690051284070564
PsychAD	TLP005668	3402	0.6602659076924059	0.5359420832149049	0.42420286599665225	0.3947508973750917
PsychAD	TLP005669	3388	0.8078274623454025	0.6899378447550905	0.6004083143363004	0.6496685936763302
PsychAD	TLP005670	415	0.6460459887308564		0.4204933169516478	0.4313042696133361
PsychAD	TLP005671	3578	0.548542045374126	0.34859208097950267	0.37897114733911175	0.2476705212140892
PsychAD	TLP005672	6346	0.5977979977548202	0.46827406813581274	0.4283944852729198	0.27141361500167466
PsychAD	TLP005673	7707	0.7441169831901387	0.5460262581515785	0.4729236305410781	0.4417938716646322
PsychAD	TLP005674	8372	0.6926643652659921	0.4248197467873057	0.46946369207380156	0.4176897393226149
PsychAD	TLP005675	6877	0.5439427760421929	0.42878026967260413	0.4585241994636762	0.183766696405851
PsychAD	TLP005677	2139	0.5865009443632105	0.4365054849810149	0.41344694660814385	0.34282898462984684
PsychAD	TLP005680	5560	0.5750921745279547	0.33030236023113346	0.3843122207386681	0.2901403947689436
PsychAD	TLP005682	1311	0.644550493445226	0.6309821589839576	0.5383311517987754	0.32477860592556773
PsychAD	TLP005683	7120	0.5213791117664915	0.37856010633085907	0.35591438240293216	0.23860714852136514
PsychAD	TLP005685	766	0.5661560296186723	0.4628064991933596	0.4070542283490372	0.252379996547747
PsychAD	TLP005686	5942	0.6902761802977476	0.45474939349046256	0.4646087329186934	0.37478233664376615
PsychAD	TLP005687	5360	0.7214140372595949	0.42531785805890193	0.4535996078304147	0.4405232909117023
PsychAD	TLP005688	793	0.6211029129691307	0.49980689996535743		0.3441397930314321
PsychAD	TLP005690	6723	0.6223319849304386	0.29496354070501996	0.3496110508710224	0.3475595354247252
PsychAD	TLP005692	5236	0.6149998983922362	0.4006448051180617	0.4016728301218724	0.4064006067562977
PsychAD	TLP005693	5844	0.567715071463453	0.43375863295419687	0.4167157600534941	0.2104875442709917
PsychAD	TLP005694	6455	0.6298682636150492	0.5001726055311544	0.43555124287111935	0.27589512269302363
PsychAD	TLP005696	3435	0.8158194429207332		0.3767244056611858	0.5203937718296121
PsychAD	TLP005697	1942	0.6746129639210908	0.4622515226371133	0.4036387442218565	0.4037872560180266
PsychAD	TLP005698	3681	0.5793720229915338	0.5916565843255721	0.41269715584832234	0.2177231973611266
PsychAD	TLP005699	7409	0.6581336217878649	0.45656101891735523	0.4376433360091501	0.3645177350232273
PsychAD	TLP005701	3968	0.7021621886577345	0.5870092841336232	0.4334727815832782	0.43109156717911645
PsychAD	TLP005703	109	0.607175454924477			0.28343485473891555
PsychAD	TLP005704	4754	0.7204428393794639	0.5660965813091935	0.5014844655630892	0.382976023803211
PsychAD	TLP005705	1647	0.6253402174518028	0.44928498948981155	0.40554449619536403	0.26911396580610986
PsychAD	TLP005706	1844	0.7298079135225659	0.5603561391417544	0.45788570935807954	0.5110064437800279
PsychAD	TLP005707	5914	0.6418843784975892	0.4629590010388832	0.4567407921902722	0.2924606488945954
PsychAD	TLP005708	2132	0.7351128090709113	0.42552958315317624	0.43317608422971965	0.5268155690074743
PsychAD	TLP005710	5170	0.6922073073152584	0.5233281749848198	0.4758269777154824	0.38666591408579315
PsychAD	TLP005711	5060	0.6291905027017775	0.3914349540429324	0.42783538061447934	0.3546435010548981
PsychAD	TLP005712	2282	0.6000158680724773	0.35233624519147316	0.361759930395572	0.36444289983402184
PsychAD	TLP005713	4366	0.6352488872141597	0.46470809011292913	0.47350562243180705	0.30711446093486966
PsychAD	TLP005715	6995	0.7727043918869442	0.468962138234479	0.42142995202284017	0.44603313954581447
PsychAD	TLP005716	1702	0.7260299505114216	0.4513344855709335	0.3523721973807233	0.5610713668581345
PsychAD	TLP005717	2451	0.6302342615751689	0.5013081530664465	0.5376343821110737	0.3014429183394432
PsychAD	TLP005718	5359	0.7073738176847136	0.5352338543492114	0.47061939056466595	0.41740788238976334
PsychAD	TLP005719	3226	0.6485027842030542	0.47198700844185204	0.45783870949219696	0.39469344282234187
PsychAD	TLP005720	1351	0.6953545267808378	0.47484457385806106	0.4760466494503672	0.4609742343096721
PsychAD	TLP005722	5154	0.6363207509429986	0.46452418500798276	0.4511525139764583	0.3474960902559143
PsychAD	TLP005723	5802	0.6791595550572174	0.41631429316282265	0.4167605927842565	0.43348607308226544
PsychAD	TLP005724	2113	0.7629219512083327		0.4468687149933722	0.5951714293511194
PsychAD	TLP005725	2933	0.6648815282397543	0.3549548596348764	0.37894220715922705	0.32397129626347176
PsychAD	TLP005726	9387	0.6451117268062693	0.4599932633927091	0.4487103009159399	0.3345098276345535
PsychAD	TLP005727	4146	0.5594766161820192	0.4619729331235134	0.43891369188537266	0.2288205146622287
PsychAD	TLP005728	3722	0.7312421394135977	0.46284688984167216	0.45355427062515985	0.4941458808242843
PsychAD	TLP005729	3938	0.7055717817336785	0.41973950777923685	0.44486826389380296	0.4836583814403038
PsychAD	TLP005731	1366	0.6678058425555367	0.3873638302475634	0.4414878218210736	0.39777522814423116
PsychAD	TLP005732	6515	0.663749032269681	0.5225317541922144	0.44824846507222793	0.37433928580837383
PsychAD	TLP005733	5484	0.697709007742584	0.5011730312219508	0.4752728151917285	0.4307895606307257
PsychAD	TLP005734	6811	0.5769223326709526	0.39812917458448616	0.39539506596235546	0.2775552443436908
PsychAD	TLP005735	4154	0.6392665899906921	0.4768850055880056	0.41539545763925023	0.3271802538550454
PsychAD	TLP005736	2932	0.6367660530515304	0.4573595172639176	0.42251624736164883	0.37550800787093674
PsychAD	TLP005737	4278	0.5337770520027706	0.3844779936083951	0.40277415541749195	0.20713931785399262
PsychAD	TLP005738	935	0.6559949617469433	0.494513020050737		0.3818171596445821
PsychAD	TLP005739	4188	0.5755360564660262	0.4292687087370845	0.39829313993158566	0.2367885423148575
PsychAD	TLP005740	3903	0.5463802781795967	0.47245532004651825	0.43831470303560827	0.19179836038098352
PsychAD	TLP005741	4201	0.5285907856825685	0.37486703134141264	0.413934647628223	0.22566046621041516
PsychAD	TLP005742	6878	0.6707601302207127	0.4339658803228733	0.41742897501552423	0.3528433221096966
PsychAD	TLP005743	1495	0.6254145695167224	0.533806204257991	0.5000903089382592	0.2581918475354618
PsychAD	TLP005744	2635	0.5957253822520531	0.3870670699770904	0.38038510843980816	0.30341132312991365
PsychAD	TLP005745	1070	0.6114341136433578	0.3589656372272556	0.4084422601863106	0.36099807462569994
PsychAD	TLP005747	4281	0.6682326738731373	0.4875958458625247	0.4065980399973363	0.4651831927376978
PsychAD	TLP005748	698	0.6868084113445776			0.49382799437517894
PsychAD	TLP005749	3501	0.5778926584316594	0.46312939702421596	0.3684585654283251	0.29088223028220667
PsychAD	TLP005751	8469	0.6443257107961141	0.433761746728991	0.4259810878494857	0.3186168952744745
PsychAD	TLP005752	4298	0.6192187841054159	0.445143217932342	0.46748276794214294	0.35462137284496775
PsychAD	TLP005755	3391	0.5419475181696691	0.4595482604760604	0.35397923912395535	0.24553586477010042
PsychAD	TLP005756	2206	0.6533373924186505	0.4432146655336646	0.43412526217729286	0.4103079522420913
PsychAD	TLP005757	7042	0.5696699551596992	0.41118858911751466	0.3885994009070406	0.28589333279855483
PsychAD	TLP005759	1620	0.7311708517920247	0.33535418308864107	0.31394308496123474	0.6276098927737879
PsychAD	TLP005760	3418	0.6585782286921308	0.37558599223509326	0.38859724523189176	0.46394234050381783
PsychAD	TLP005762	3019	0.5311708619455131	0.5892194234516448	0.4348547333590017	0.057288068970503904
PsychAD	TLP005763	6214	0.5246321198427726	0.40923092456084026	0.36700881093022697	0.20341492389958948
PsychAD	TLP005764	4568	0.6805420539892687	0.4718474443732966	0.502121775946208	0.4642799644566806
PsychAD	TLP005766	5014	0.7231864641670663	0.4423227466024302	0.42753653617737974	0.5146256319431558
PsychAD	TLP005767	1575	0.5889161944237731	0.4508661112013572	0.35098136868742424	0.2779169905907022
PsychAD	TLP005768	3601	0.6986918139323494	0.5528327120625744	0.5081432747988239	0.4400249439111693
PsychAD	TLP005769	6169	0.6542402715464304	0.449936248145186	0.4617442387545124	0.3330968495994813
PsychAD	TLP005770	2270	0.7217610233802912	0.5115446490058783	0.47598358333959245	0.511155455082219
PsychAD	TLP005771	4927	0.6001669592877894	0.41785348973228137	0.4055152260556051	0.2921737525982498
PsychAD	TLP005772	2594	0.5514431220471191	0.2692944333805317	0.2819032606929316	0.3005940715345508
PsychAD	TLP005773	1795	0.5699120475762575	0.24051312691614735	0.3187690517931854	0.31976935343283175
PsychAD	TLP005774	4307	0.6887596127486385	0.5098614710171766	0.5065683271141707	0.4694994090407397
PsychAD	TLP005775	989	0.7142568524546441	0.38969021648196783	0.3116271854071835	0.5197315639717622
PsychAD	TLP005834	3241	0.5430592841280628	0.24384816868929085	0.34905582325863865	0.2368502064678753
PsychAD	TLP005863	2526	0.80448091519708	0.5926038667535355	0.3538950349722668	0.5106713695642048
PsychAD	TLP005867	6070	0.6933555624311869	0.47205509158922104	0.4094944628231776	0.5221181002648043
PsychAD	TLP005868	8327	0.38331372977355416	0.2377299924318777	0.294558361109595	0.13056912403378462
PsychAD	TLP005874	3644	0.72191871736806	0.5622008328741981	0.4862265806664068	0.5028745053243604
PsychAD	TLP005878	578	0.6372038398195168	0.604061165615926		0.3116164540369118
PsychAD	TLP005892	7548	0.4619423719037616	0.3497366585497735	0.40326048982120366	0.1488053090213809
PsychAD	TLP005896	1341	0.6487538165361402	0.5401373128176215	0.4337167129410958	0.38304118693565287
PsychAD	TLP005897	8906	0.6581449362008575	0.48121657434348925	0.4145843538481935	0.3245885202396683
PsychAD	TLP005922	4993	0.5429136773211212	0.4414423732027204	0.41719558760405523	0.1958096973936494
PsychAD	TLP005929	7559	0.7287075987617336	0.5552971949015582	0.4691227473151424	0.5348265175233069
PsychAD	TLP005945	2606	0.6225126076310739	0.5144425432772818	0.4327905802697814	0.3266884839994162
PsychAD	TLP005950	1518	0.6680463016416018	0.4963244287566114	0.4389114260161443	0.43866465323974213
PsychAD	TLP005958	8294	0.49673559736674733	0.4054073814416962	0.36784477988962416	0.15972710962592193
Ruzicka	CON1	8933	0.47822097172998285	0.4599598701029882	0.41613049159360316	0.07561558168929217
Ruzicka	CON10	5350	0.5232703231703165	0.41458979633664195	0.4004638340152026	0.21539274623981935
Ruzicka	CON11	8999	0.5883308947606636	0.5493455484731198	0.44882296548500833	0.18040819498690783
Ruzicka	CON12	5629	0.5646723944757367	0.4745596085096874	0.44900640545166864	0.22412852653223356
Ruzicka	CON13	4903	0.45259889585127966	0.40613335725018646	0.3742163099213307	0.10999032877842198
Ruzicka	CON14	3481	0.5234265503109302	0.49272947277074397	0.3809863976131398	0.13173860043073893
Ruzicka	CON15	10680	0.6060045283834119	0.5049689332561588	0.465214814511503	0.28270534223868377
Ruzicka	CON16	6293	0.5277414180507898	0.4862286024359337	0.4073069735294954	0.16308166795314885
Ruzicka	CON17	685	0.6270350319697486	0.47638889254167643		0.34093310418107575
Ruzicka	CON18	7711	0.48991348197924217	0.49972465525720705	0.4080077809272743	0.0658944795182416
Ruzicka	CON19	12294	0.5654840070014745	0.4958911242549081	0.42802663071766633	0.18545949404344914
Ruzicka	CON2	8975	0.6213982012256978	0.49031614500237475	0.45716974377990993	0.2920393525785507
Ruzicka	CON20	9101	0.48633622254974246	0.4505641827056074	0.40273322566889475	0.11920454376972152
Ruzicka	CON21	8842	0.5519187561313079	0.49832863097239993	0.4278258040061923	0.1805901416172483
Ruzicka	CON22	5783	0.6138547247633064	0.5969682917460707	0.5132301103736411	0.19014413134335703
Ruzicka	CON23	3956	0.7081925370243994	0.4946379366200743	0.3752120823696962	0.5135030100477518
Ruzicka	CON24	4562	0.7238319186431891	0.5273293176803973	0.4292162223468001	0.512918633874767
Ruzicka	CON3	13674	0.5650893051370348	0.518801123128809	0.45932577297206456	0.16418079323536336
Ruzicka	CON4	11731	0.5437808939233507	0.5694184394873449	0.4238942666693791	0.08660814455225294
Ruzicka	CON5	11021	0.5540517366569506	0.5089987344194404	0.39399637996730286	0.18931122397420214
Ruzicka	CON6	8287	0.480829521200294	0.45586010335801674	0.3898815359301505	0.09514548649636635
Ruzicka	CON7	2605	0.6105294969364438	0.5437426515758914	0.3927925857260055	0.2696894623322704
Ruzicka	CON8	11905	0.6427832875029319	0.5450369303013229	0.4660209340648448	0.2916044122645033
Ruzicka	CON9	11903	0.509182257438752	0.516567274751331	0.4035103108021763	0.10288666069990192
Ruzicka	SZ1	6501	0.6347735004320658	0.5874956401652607	0.507244851347924	0.2374165219743884
Ruzicka	SZ10	3754	0.4802392215260336	0.3906151786029236	0.34672169055968416	0.16697422295632486
Ruzicka	SZ11	3580	0.6717657353154614	0.5483137984399674	0.49848168172709684	0.38326356097157727
Ruzicka	SZ12	5833	0.5044586138889718	0.45200325331080893	0.4153214832232257	0.16411575345182536
Ruzicka	SZ13	8344	0.49448177863584264	0.5018600045643031	0.41482607730236726	0.059182880869175655
Ruzicka	SZ14	7243	0.6586922452349282	0.5750693437125659	0.49170155773501323	0.3007581102320435
Ruzicka	SZ15	643	0.6210932554402558			0.33822035415206575
Ruzicka	SZ16	6047	0.5378621024560261	0.5061672392709762	0.44289453142500956	0.14739967531734716
Ruzicka	SZ17	7334	0.5025130516477686	0.48139663707530606	0.42649154982396076	0.11104205197209721
Ruzicka	SZ18	6762	0.4535417747087722	0.4033144590122251	0.4172924247004297	0.09805881542844522
Ruzicka	SZ19	6082	0.5335694139729271	0.5412083116515147	0.4577769603701527	0.08104459704587683
Ruzicka	SZ2	5030	0.5333469341124986	0.4650825888503552	0.4120690332700931	0.17310356581253541
Ruzicka	SZ20	5384	0.5200094399916053	0.4894364631671476	0.4401115324708328	0.11918185125645366
Ruzicka	SZ21	6197	0.5985581411081597	0.5444846071110353	0.4687304723448925	0.21876386063423875
Ruzicka	SZ22	3198	0.6925697093900229	0.6043080239397727	0.4808112332652432	0.35464965643761726
Ruzicka	SZ23	3663	0.5686518747879713	0.46201020467597287	0.4014534318560925	0.27345398792708864
Ruzicka	SZ24	362	0.6169068108218237	0.47602818341236947	0.48879989517968186	0.31611776778010153
Ruzicka	SZ3	908	0.5422137173958709			0.16197428281858112
Ruzicka	SZ4	8451	0.4905510527162759	0.4292297341741428	0.44273406027529155	0.12990621889481996
Ruzicka	SZ5	13263	0.5714273010843114	0.5301050383970064	0.4307770534081403	0.16186656407247527
Ruzicka	SZ6	9613	0.5479674719720489	0.5054730476122821	0.42139161865430574	0.17101429651931704
Ruzicka	SZ7	7611	0.525277414434509	0.41755685899626904	0.41832769787092106	0.1900975921581043
Ruzicka	SZ8	6304	0.5140018963039101	0.4859030270575191	0.4092769177259127	0.12893340399743447
Ruzicka	SZ9	17938	0.5542140463772439	0.49619271743125737	0.46786144618147724	0.1619497660722959
Ruzicka	TLP000616	2044	0.7215217501067213	0.5105244061150771	0.4901416018508501	0.4565069201547777
Ruzicka	TLP000617	1132	0.6723728797377004	0.4859217172388457	0.40929554804809176	0.4483993178662209
Ruzicka	TLP000621	1482	0.437534958507721	0.4144181908051417	0.3798611676312772	0.08662691887124829
Ruzicka	TLP000624	901	0.5078705564025758	0.5303234289698735	0.3932243209813284	0.152585132105551
Ruzicka	TLP000627	967	0.5122873906087889	0.48034768388707233	0.4922901197303482	0.11486889023790017
Ruzicka	TLP000628	799	0.632342444242126	0.5095005040893419	0.47079229248320575	0.27072888947344237
Ruzicka	TLP000652	107	0.6544061874416232			0.3563242257191022
Ruzicka	TLP000654	324	0.4684989461330471	0.4064299695335932	0.41120681198092085	0.13335006056294385
Ruzicka	TLP000656	639	0.592996443458566	0.4677193452512116	0.44108530461313755	0.30658050426198086
Ruzicka	TLP000659	1548	0.6478041576772424	0.49136171412699003	0.48287893591657177	0.3248837815644982
Ruzicka	TLP000660	1012	0.5332108070796906	0.5108708962159609	0.5018905229238424	0.09398056129764136
Ruzicka	TLP000661	1371	0.3963975022775325	0.3736214907272648	0.3851133361157256	0.052499469919555126
Ruzicka	TLP000662	812	0.5250236538085024	0.5511858077499078	0.3480532308399177	0.15982480032911364
Ruzicka	TLP000664	937	0.5250254731670563	0.4856880248406822	0.4128505927732564	0.15300158085767343
Ruzicka	TLP000666	1548	0.426642439395441	0.4143876868028121	0.34068728813950855	0.06933167434636169
Ruzicka	TLP000675	1030	0.7419353276503899	0.5864908280871981	0.47923245345554377	0.4702225575750991
Ruzicka	TLP000676	1138	0.5073018146825652	0.44486999630316404	0.45131584217524173	0.1605547217466079
Ruzicka	TLP000681	1213	0.5537193366994637	0.4231665552264642	0.37710688177915774	0.2567220735401879
Ruzicka	TLP000682	782	0.5387347135470094	0.4439773993034747	0.3013033817360553	0.2516051190948602
Ruzicka	TLP000685	1333	0.3534875017525716	0.3574097590208121	0.27556313347024713	0.03853043171452414
Ruzicka	TLP000686	1484	0.4028116019279293	0.33292145556736186	0.36454384086170244	0.09505228843187345
Ruzicka	TLP000687	431	0.7041801932589626	0.4891245153895809	0.3929996436956435	0.5035394703486561
Ruzicka	TLP000691	732	0.5604162350825695	0.48440539447243625	0.4094660503722375	0.24819799468161552
Ruzicka	TLP000695	245	0.41680340490222206	0.3945764551163326		0.03463423968181111
Ruzicka	TLP000696	248	0.5834950715349282	0.4345381974877229		0.26479966271429567
Ruzicka	TLP000699	980	0.5805017698395305	0.48266763874105045	0.4054751916858705	0.27430863118760035
Ruzicka	TLP000700	1392	0.5982609103652788	0.46706272174170627	0.46846992620709504	0.3029574992497575
Ruzicka	TLP000701	1039	0.5712865904417648	0.5781788944471138	0.37889781418140167	0.20238671337488146
Ruzicka	TLP000702	1117	0.5275437666369642	0.5452376665623404	0.445396177272959	0.06878405873519416
Ruzicka	TLP000709	1569	0.5944921733554768	0.5106021023563502	0.381051719158657	0.2812460304198793
Ruzicka	TLP000711	2029	0.6205333752924773	0.45881408276545765	0.4645871520257304	0.2637657041753472
Ruzicka	TLP000712	835	0.6090241190545691	0.5206531935997931	0.31799404654508023	0.3023997147779997
Ruzicka	TLP000717	1224	0.5454580637166098	0.47194608440727226	0.3680408042721701	0.21859410865933762
Ruzicka	TLP000719	1826	0.5413584129643363	0.510554363260793	0.4044533153718368	0.15356801352428012
Ruzicka	TLP000726	957	0.5808002238785737	0.5094333846004926	0.39399334431232735	0.22524023736591325
Ruzicka	TLP002195	505	0.5597955349858005	0.4658393303040977	0.4399550175841737	0.2187960872910333
Ruzicka	TLP002205	1242	0.552224747631487	0.4517369405384535	0.4713682717029203	0.21007081342557984
Ruzicka	TLP002209	386	0.6605827059668687	0.4588822409023281		0.40151264298261624
Ruzicka	TLP002215	725	0.6153334576116194	0.48205581972551725	0.36573937874582724	0.3518233098296349
Ruzicka	TLP003146	526	0.7092381561170285	0.42471775291405817	0.4133934277893914	0.5377810847193346
Ruzicka	TLP003157	492	0.49005179105725494	0.4485346956151319	0.3950229139765541	0.12602655013896366
Ruzicka	TLP003170	1899	0.7600247642472323	0.5356989620270385	0.4090626232893233	0.5339508140035271
Ruzicka	TLP003203	1465	0.7350279828994527	0.47607749674394323	0.4217460039340931	0.5623089212811064
Ruzicka	TLP003213	1047	0.601969730251184	0.5808968003297634	0.44932284873812434	0.2399357813190008
Ruzicka	TLP003227	743	0.5187019041480989	0.4660622533975318	0.362892868959632	0.18775397496252555
Ruzicka	TLP003229	1644	0.6822313413099993	0.46211884495674743	0.3719580377381272	0.4548871251270708
Ruzicka	TLP003243	2346	0.6686472514721388	0.4669549672939341	0.4170336413504277	0.38782713037533467
Ruzicka	TLP003257	1187	0.6830021142512388	0.38524133260494	0.37364450841801294	0.5347746706994065
Ruzicka	TLP003273	2211	0.7762620689259192	0.42293300105963366	0.37764631155815553	0.6782398733734374
Ruzicka	TLP003287	690	0.5514107372791862	0.5023858877883663		0.1415056715159763
Ruzicka	TLP003294	573	0.49335350627614794	0.478398482441045	0.3966635397795942	0.12838186194332538
Ruzicka	TLP003413	1308	0.5530824568134315	0.38027752110190627	0.3864515544850191	0.27127832928136564
Ruzicka	TLP003466	382	0.6250329630282976	0.44111263582703775	0.4532099607332267	0.3767381640633032
Ruzicka	TLP003484	1111	0.5837244608947746	0.5183402292039918	0.47478270493166985	0.20260621507027177
Ruzicka	TLP003492	1463	0.49624157776549765	0.513901565812646	0.4413814627313426	0.05465998316432543
Ruzicka	TLP003511	1299	0.5923922964648827	0.5601276080533205	0.46606079134442324	0.183354548522181
Ruzicka	TLP003518	1692	0.5205111719648089	0.5070399964716448	0.43511692683590003	0.12050820719032299
Ruzicka	TLP003565	1664	0.5028523169373118	0.4538279698534374	0.38990158497170596	0.13992013693732205
Ruzicka	TLP003566	1675	0.5092019634999497	0.41961062890391987	0.3911343463320116	0.16545840360749237
Ruzicka	TLP003603	597	0.45072273285527475	0.3583108539843961	0.355806657821703	0.15159320073809415
Ruzicka	TLP003631	1682	0.5140293782024324	0.4400697964395854	0.38021120968914435	0.1623844641259182
Ruzicka	TLP003649	1769	0.6313886008622155	0.47030751225601775	0.4210134537666106	0.34801983516214186
Ruzicka	TLP003650	360	0.5218635159046878	0.4666834305397769	0.49731828322480165	0.1430560374703234
Ruzicka	TLP003696	929	0.4182801923412048	0.3752188745709606	0.33978639282036016	0.09029468858883259
Ruzicka	TLP003698	592	0.6423876827725392	0.424699304376005	0.40853047016558053	0.38213859498375846
Ruzicka	TLP003699	1207	0.5543324337719435	0.5073629971897078	0.40714327640389303	0.14922612808426064
Ruzicka	TLP003701	580	0.44051909908373876	0.4099394466538515	0.3272709088235808	0.13194025990987873
Ruzicka	TLP003711	1647	0.6259956020959627	0.5224624421564344	0.41821108085466235	0.3001363867183297
Ruzicka	TLP003737	1909	0.7297160922448912	0.45811270408263777	0.38173029555142046	0.5688576179844926
Ruzicka	TLP003746	145	0.598837978567836			0.19519632926597025
Ruzicka	TLP003757	1162	0.6665653544786981	0.5312596635990534	0.48205618343553036	0.3079843502153856
Ruzicka	TLP003772	1084	0.5952439217672447	0.4588923116125758	0.4109855372634317	0.2424789357721904
Ruzicka	TLP003804	1035	0.6490445761069077	0.5068170598452533	0.4660248647522083	0.3808941122029364
Ruzicka	TLP003806	1042	0.6907061740037451	0.4917874879034765	0.4111638276973613	0.35590867166791845
Ruzicka	TLP003820	1692	0.4842772951448746	0.4584591286487554	0.4374042389151285	0.08788150190894159
Ruzicka	TLP003828	3025	0.5873152076507048	0.4794203738864775	0.42503345163370504	0.23039698005616546
Ruzicka	TLP003836	153	0.6813183903559422	0.7245724504735908		0.16412645561004716
Ruzicka	TLP003838	168	0.6872555887702504	0.6629781705067064		0.2746157382662916
Ruzicka	TLP003855	1002	0.6043970834827063	0.38773712822165557	0.3350659049294514	0.33552113637161673
Ruzicka	TLP003871	2040	0.6897946970631887	0.518336207852988	0.4519253780776859	0.41177313543090577
Ruzicka	TLP003877	1942	0.6283875872698675	0.3984268969869086	0.4101832756490122	0.4134071164779311
Ruzicka	TLP003922	926	0.5212927445142246	0.3847648085149964	0.39774714392715416	0.18703076841156407
Ruzicka	TLP003956	1509	0.508999240717365	0.3651675139240602	0.327218888952226	0.20665469506092438
Ruzicka	TLP003959	2054	0.5268485172412491	0.43937625213112963	0.3681510255926383	0.19764774231768975
Ruzicka	TLP003968	2204	0.6038223497677047	0.523990031660465	0.4446941242023664	0.2532296654901673
Ruzicka	TLP003971	1873	0.5028715480407074	0.42532838916301513	0.3977792143595241	0.1696748381981299
Ruzicka	TLP003975	662	0.7046810943597249	0.42690004088464384	0.3933787021331525	0.44836078594927553
Ruzicka	TLP004011	1644	0.6956394555491581	0.42217396066287605	0.3995799702513257	0.4162652436033247
Ruzicka	TLP004017	1126	0.5871264886481116	0.45800533070404015	0.330954573951959	0.2894914018360324
Ruzicka	TLP004018	2075	0.4834370410925067	0.42052072380267397	0.37035187800923364	0.1253978585693569
Yang_2022	AD 4	17326	0.6901166242688084			0.47147166962897086
Yang_2022	AD 5	20211	0.6947984755744836			0.4901543809201627
Yang_2022	AD 6	12232	0.6908458760536889			0.4639265532726495
Yang_2022	AD 7	12412	0.6046756923006107			0.2847478706119975
Yang_2022	NCI 1	13031	0.49033853102546143			0.07606402004377784
Yang_2022	NCI 6	11378	0.5021092140731146			0.09005858991683288
Yang_2022	NCI 7	15136	0.5651414294913711			0.23253597570476164
Yang_2022	NCI 8	14684	0.5243350744928473			0.13334026194747509
Zhou_2020	R2008064	1098	0.5397652999665696	0.40241369638885627	0.42468905241625937	0.21050734029530616
Zhou_2020	R4235867	1571	0.6596126525820081	0.5149546769475623		0.356790567051829
Zhou_2020	R6528749	819	0.7721205248963111	0.6313319589957554		0.5811151739313368
Zhou_2020	R9255163	2152	0.7295714317168022	0.49883697673212873	0.4987870435841299	0.4833012560423437
Zhou_2020	R9453274	2395	0.6725020413241011	0.49908205892412094	0.42599453896034295	0.39652954178819366
Zhou_2020	TLP004258	3364	0.6045411089021602	0.45083664978949	0.4918708342176306	0.28158859981471507
Zhou_2020	TLP004305	773	0.7616088570028486			0.5243110507341365
Zhou_2020	TLP004377	2797	0.5176863627781503	0.41408277411287187	0.4101617336389762	0.1691551786016165
Zhou_2020	TLP004421	907	0.4599765031842416	0.35121955305149244	0.4090142663593469	0.14826552283785194
Zhou_2020	TLP004451	2003	0.7399956941695364	0.48781762800376643	0.47492395990341185	0.547980347089815
Zhou_2020	TLP004475	2347	0.7290160493924933	0.5391511206412922	0.46017901438997766	0.4713428844152761
Zhou_2020	TLP004502	3712	0.6610722444241736	0.5130759813455422	0.4944299476188483	0.3569807065606069
Zhou_2020	TLP004506	1447	0.6366049254980088	0.5125779914791015	0.4558830439024062	0.32351785363211544
Zhou_2020	TLP004571	3396	0.619464214406234	0.42831735537935306	0.42619424725170585	0.35795660260404616
Zhou_2020	TLP004656	9190	0.7538597305653737	0.46165187855775114	0.47391823770411373	0.5568374864888817
Zhou_2020	TLP004698	4111	0.7806155966069315	0.46965357329946117	0.4777786216953151	0.6434219319516679
Zhou_2020	TLP004725	3458	0.5491837671058224	0.4160206082762302	0.41607395609074166	0.24476992445944218
Zhou_2020	TLP004726	2439	0.6137956232233238	0.38835918507975337	0.4262820865909235	0.31032457430929333
Zhou_2020	TLP004756	3468	0.4873425848754911	0.37844290349787735	0.3963391196715823	0.1710912270094445
Zhou_2020	TLP004782	3854	0.5526250185123426	0.4017635723669474	0.45943460525562835	0.2343834526062341
Zhou_2020	TLP004873	2042	0.4984540060886598	0.41767697297671896	0.4491255275489885	0.13522145271492247
Zhou_2020	TLP004902	3953	0.7670327966865421	0.5922023762457485	0.4811621559686109	0.5728444193383407
Zhou_2020	TLP004907	5688	0.7473861880935667	0.4696187546223244	0.4492512890518733	0.5647656512538458
Zhou_2020	TLP004921	3987	0.6797832236199882	0.5559443212386372	0.5125157226905206	0.3608192267283709
Zhou_2020	TLP004947	8344	0.7483555851194497	0.4496243822672076	0.4281320844804226	0.5786516409808017
Zhou_2020	TLP004977	2790	0.5343306324833077	0.41093457723202786	0.40358531116012564	0.20819029838840972
Zhou_2020	TLP004996	2593	0.487511549649763	0.3516440651748174	0.3624123028855806	0.16504709811474816
Zhou_2020	TLP005009	1093	0.7065778059300257	0.7139916419397889		0.4161840918301299
Zhou_2020	TLP005061	4514	0.5577802760023368	0.403858374916913	0.42565771318615775	0.2528233069677762
Zhou_2020	TLP005105	3286	0.5957583583929746	0.48007274449138226	0.4520829804787353	0.2691417715935241
Zhou_2020	TLP005133	806	0.6798309451273122	0.5289888496137097		0.4007285132693825
Zhou_2020	TLP005854	3539	0.6030981566312466	0.4606405116349206	0.4571607813158779	0.29047113213832815
