dataset	depth	density
SEAAD_DFC_2026	0.0	0.10912060822074628
SEAAD_DFC_2026	0.005	0.11743210698282888
SEAAD_DFC_2026	0.01	0.12646469351578865
SEAAD_DFC_2026	0.015	0.13628235701887978
SEAAD_DFC_2026	0.02	0.14695438983751816
SEAAD_DFC_2026	0.025	0.15855583476425078
SEAAD_DFC_2026	0.03	0.171168052274801
SEAAD_DFC_2026	0.035	0.18487942363384163
SEAAD_DFC_2026	0.04	0.1997861833216647
SEAAD_DFC_2026	0.045	0.21599334075274843
SEAAD_DFC_2026	0.05	0.2336156075378461
SEAAD_DFC_2026	0.055	0.2527781951221041
SEAAD_DFC_2026	0.06	0.27361729297949966
SEAAD_DFC_2026	0.065	0.29627998595195604
SEAAD_DFC_2026	0.07	0.3209233285251547
SEAAD_DFC_2026	0.075	0.34771227233551383
SEAAD_DFC_2026	0.08	0.3768161493476345
SEAAD_DFC_2026	0.085	0.4084034540086064
SEAAD_DFC_2026	0.09	0.44263474792343266
SEAAD_DFC_2026	0.095	0.47965363132965627
SEAAD_DFC_2026	0.1	0.5195758836167763
SEAAD_DFC_2026	0.105	0.5624770621972142
SEAAD_DFC_2026	0.11	0.6083790521805434
SEAAD_DFC_2026	0.115	0.6572362612393998
SEAAD_DFC_2026	0.12	0.7089223344023063
SEAAD_DFC_2026	0.125	0.7632184005468088
SEAAD_DFC_2026	0.13	0.8198039352319194
SEAAD_DFC_2026	0.135	0.8782513156295157
SEAAD_DFC_2026	0.14	0.9380250408339517
SEAAD_DFC_2026	0.145	0.9984863907246057
SEAAD_DFC_2026	0.15	1.0589040041413125
SEAAD_DFC_2026	0.155	1.1184704876805693
SEAAD_DFC_2026	0.16	1.1763247447071867
SEAAD_DFC_2026	0.165	1.231579272868608
SEAAD_DFC_2026	0.17	1.2833512553505964
SEAAD_DFC_2026	0.17500000000000002	1.3307959057839993
SEAAD_DFC_2026	0.18	1.3731402560786405
SEAAD_DFC_2026	0.185	1.4097154308730133
SEAAD_DFC_2026	0.19	1.4399854518005673
SEAAD_DFC_2026	0.195	1.4635707664267117
SEAAD_DFC_2026	0.2	1.4802649931792895
SEAAD_DFC_2026	0.20500000000000002	1.4900437934222062
SEAAD_DFC_2026	0.21	1.4930652912849
SEAAD_DFC_2026	0.215	1.4896620182806077
SEAAD_DFC_2026	0.22	1.4803249158624994
SEAAD_DFC_2026	0.225	1.46568043794062
SEAAD_DFC_2026	0.23	1.4464622152385291
SEAAD_DFC_2026	0.23500000000000001	1.423479041773336
SEAAD_DFC_2026	0.24	1.397581100631184
SEAAD_DFC_2026	0.245	1.3696263554273869
SEAAD_DFC_2026	0.25	1.3404489030732294
SEAAD_DFC_2026	0.255	1.310830832658731
SEAAD_DFC_2026	0.26	1.2814787937621568
SEAAD_DFC_2026	0.265	1.2530060804429606
SEAAD_DFC_2026	0.27	1.225920621490851
SEAAD_DFC_2026	0.275	1.2006188681074144
SEAAD_DFC_2026	0.28	1.177385216792499
SEAAD_DFC_2026	0.28500000000000003	1.1563963199891216
SEAAD_DFC_2026	0.29	1.1377294334631458
SEAAD_DFC_2026	0.295	1.1213738320239424
SEAAD_DFC_2026	0.3	1.1072442905096842
SEAAD_DFC_2026	0.305	1.0951956648888972
SEAAD_DFC_2026	0.31	1.0850377042086623
SEAAD_DFC_2026	0.315	1.0765493608346453
SEAAD_DFC_2026	0.32	1.06949202642708
SEAAD_DFC_2026	0.325	1.0636212880950704
SEAAD_DFC_2026	0.33	1.0586969594111786
SEAAD_DFC_2026	0.335	1.0544912839832237
SEAAD_DFC_2026	0.34	1.0507953281816247
SEAAD_DFC_2026	0.34500000000000003	1.0474236709742153
SEAAD_DFC_2026	0.35000000000000003	1.0442175622180048
SEAAD_DFC_2026	0.355	1.04104675819902
SEAAD_DFC_2026	0.36	1.0378102584085434
SEAAD_DFC_2026	0.365	1.0344361652349234
SEAAD_DFC_2026	0.37	1.0308808735928847
SEAAD_DFC_2026	0.375	1.0271277755894999
SEAAD_DFC_2026	0.38	1.0231856407673954
SEAAD_DFC_2026	0.385	1.0190868091688254
SEAAD_DFC_2026	0.39	1.0148853153797286
SEAAD_DFC_2026	0.395	1.0106550486551993
SEAAD_DFC_2026	0.4	1.0064880476769844
SEAAD_DFC_2026	0.405	1.0024930273807218
SEAAD_DFC_2026	0.41000000000000003	0.9987942367908703
SEAAD_DFC_2026	0.41500000000000004	0.9955307462080871
SEAAD_DFC_2026	0.42	0.9928562528949664
SEAAD_DFC_2026	0.425	0.9909394687158393
SEAAD_DFC_2026	0.43	0.9899651026927965
SEAAD_DFC_2026	0.435	0.9901353689703731
SEAAD_DFC_2026	0.44	0.9916718323683653
SEAAD_DFC_2026	0.445	0.9948172515389901
SEAAD_DFC_2026	0.45	0.9998369040754632
SEAAD_DFC_2026	0.455	1.0070186991824521
SEAAD_DFC_2026	0.46	1.0166712324201232
SEAAD_DFC_2026	0.465	1.0291188523658232
SEAAD_DFC_2026	0.47000000000000003	1.0446928326822542
SEAAD_DFC_2026	0.47500000000000003	1.0637179122986882
SEAAD_DFC_2026	0.48	1.08649380433949
SEAAD_DFC_2026	0.485	1.1132717805461814
SEAAD_DFC_2026	0.49	1.1442270808518573
SEAAD_DFC_2026	0.495	1.1794286129091833
SEAAD_DFC_2026	0.5	1.218808100474964
SEAAD_DFC_2026	0.505	1.2621314025959915
SEAAD_DFC_2026	0.51	1.308975048960272
SEAAD_DFC_2026	0.515	1.3587110347677267
SEAAD_DFC_2026	0.52	1.4105025477363433
SEAAD_DFC_2026	0.525	1.4633125727615408
SEAAD_DFC_2026	0.53	1.5159263068229771
SEAAD_DFC_2026	0.535	1.5669871368006167
SEAAD_DFC_2026	0.54	1.6150447321874755
SEAAD_DFC_2026	0.545	1.6586127297643212
SEAAD_DFC_2026	0.55	1.6962326578618405
SEAAD_DFC_2026	0.555	1.7265402369512581
SEAAD_DFC_2026	0.56	1.7483300196429952
SEAAD_DFC_2026	0.5650000000000001	1.7606144669682906
SEAAD_DFC_2026	0.5700000000000001	1.7626739380529712
SEAAD_DFC_2026	0.5750000000000001	1.7540946271895024
SEAAD_DFC_2026	0.58	1.7347921576988612
SEAAD_DFC_2026	0.585	1.7050193009529178
SEAAD_DFC_2026	0.59	1.6653571194078172
SEAAD_DFC_2026	0.595	1.6166897333660182
SEAAD_DFC_2026	0.6	1.5601638739744093
SEAAD_DFC_2026	0.605	1.497135376261744
SEAAD_DFC_2026	0.61	1.4291057177607411
SEAAD_DFC_2026	0.615	1.357652520624115
SEAAD_DFC_2026	0.62	1.284358492523142
SEAAD_DFC_2026	0.625	1.2107434778814352
SEAAD_DFC_2026	0.63	1.1382040570256362
SEAAD_DFC_2026	0.635	1.067964456368335
SEAAD_DFC_2026	0.64	1.0010414760481237
SEAAD_DFC_2026	0.645	0.9382248237382356
SEAAD_DFC_2026	0.65	0.880072828943445
SEAAD_DFC_2026	0.655	0.8269221793555517
SEAAD_DFC_2026	0.66	0.7789092304750213
SEAAD_DFC_2026	0.665	0.7359997081389792
SEAAD_DFC_2026	0.67	0.6980233064195256
SEAAD_DFC_2026	0.675	0.6647097717383328
SEAAD_DFC_2026	0.68	0.6357234933407253
SEAAD_DFC_2026	0.685	0.6106942876198825
SEAAD_DFC_2026	0.6900000000000001	0.5892428499009384
SEAAD_DFC_2026	0.6950000000000001	0.5710001376276014
SEAAD_DFC_2026	0.7000000000000001	0.555620650159875
SEAAD_DFC_2026	0.705	0.5427901203413079
SEAAD_DFC_2026	0.71	0.5322285029630507
SEAAD_DFC_2026	0.715	0.5236893366339639
SEAAD_DFC_2026	0.72	0.5169565922661133
SEAAD_DFC_2026	0.725	0.5118400405827909
SEAAD_DFC_2026	0.73	0.5081700143376794
SEAAD_DFC_2026	0.735	0.5057922472281409
SEAAD_DFC_2026	0.74	0.504563272503306
SEAAD_DFC_2026	0.745	0.5043466824770269
SEAAD_DFC_2026	0.75	0.5050103988667125
SEAAD_DFC_2026	0.755	0.5064249887697241
SEAAD_DFC_2026	0.76	0.5084629824823825
SEAAD_DFC_2026	0.765	0.5109991046818501
SEAAD_DFC_2026	0.77	0.5139113164717021
SEAAD_DFC_2026	0.775	0.5170825802900251
SEAAD_DFC_2026	0.78	0.520403302881518
SEAAD_DFC_2026	0.785	0.523774486522923
SEAAD_DFC_2026	0.79	0.5271117310862306
SEAAD_DFC_2026	0.795	0.530350385720608
SEAAD_DFC_2026	0.8	0.5334523520595446
SEAAD_DFC_2026	0.805	0.5364152833560687
SEAAD_DFC_2026	0.81	0.5392851758279439
SEAAD_DFC_2026	0.8150000000000001	0.5421735414537552
SEAAD_DFC_2026	0.8200000000000001	0.5452803617713744
SEAAD_DFC_2026	0.8250000000000001	0.5489236600000454
SEAAD_DFC_2026	0.8300000000000001	0.5535755473085521
SEAAD_DFC_2026	0.835	0.5599027430042618
SEAAD_DFC_2026	0.84	0.568806679797613
SEAAD_DFC_2026	0.845	0.5814544928373132
SEAAD_DFC_2026	0.85	0.5992880386735655
SEAAD_DFC_2026	0.855	0.6239948264090744
SEAAD_DFC_2026	0.86	0.6574242318905192
SEAAD_DFC_2026	0.865	0.7014367296069188
SEAAD_DFC_2026	0.87	0.7576846065137953
SEAAD_DFC_2026	0.875	0.8273392343686764
SEAAD_DFC_2026	0.88	0.9107987349401883
SEAAD_DFC_2026	0.885	1.0074236308981637
SEAAD_DFC_2026	0.89	1.1153485345453495
SEAAD_DFC_2026	0.895	1.2314006931593495
SEAAD_DFC_2026	0.9	1.351126716913116
SEAAD_DFC_2026	0.905	1.4689043170307647
SEAAD_DFC_2026	0.91	1.578118260018072
SEAAD_DFC_2026	0.915	1.6714188032089798
SEAAD_DFC_2026	0.92	1.7411374481827502
SEAAD_DFC_2026	0.925	1.779960183534642
SEAAD_DFC_2026	0.93	1.7819008272091021
SEAAD_DFC_2026	0.935	1.7434662140602595
SEAAD_DFC_2026	0.9400000000000001	1.6647210818671863
SEAAD_DFC_2026	0.9450000000000001	1.5498561253988257
SEAAD_DFC_2026	0.9500000000000001	1.406934682765905
SEAAD_DFC_2026	0.9550000000000001	1.2467480854434816
SEAAD_DFC_2026	0.96	1.0810396774677264
SEAAD_DFC_2026	0.965	0.9205984385318728
SEAAD_DFC_2026	0.97	0.7737536588038632
SEAAD_DFC_2026	0.975	0.6456171978809387
SEAAD_DFC_2026	0.98	0.5381262372310125
SEAAD_DFC_2026	0.985	0.45068233324675455
SEAAD_DFC_2026	0.99	0.38106092244184353
SEAAD_DFC_2026	0.995	0.3262911712340638
SEAAD_DFC_2026	1.0	0.28332221060002044
Batiuk	0.0	0.11100571676299885
Batiuk	0.005	0.1219480514508204
Batiuk	0.01	0.13398577635932793
Batiuk	0.015	0.14723437607789047
Batiuk	0.02	0.16182244599478865
Batiuk	0.025	0.17789289940391156
Batiuk	0.03	0.19560417744101896
Batiuk	0.035	0.21513141457974755
Batiuk	0.04	0.2366674806487646
Batiuk	0.045	0.2604237778814848
Batiuk	0.05	0.28663061962727626
Batiuk	0.055	0.31553695936158294
Batiuk	0.06	0.34740918016520345
Batiuk	0.065	0.3825286037990779
Batiuk	0.07	0.4211873446514748
Batiuk	0.075	0.46368212804465647
Batiuk	0.08	0.510305725467268
Batiuk	0.085	0.5613357405468953
Batiuk	0.09	0.6170206151559688
Batiuk	0.095	0.6775629163521628
Batiuk	0.1	0.7431002071298977
Batiuk	0.105	0.8136840853487758
Batiuk	0.11	0.8892582765255639
Batiuk	0.115	0.9696369615595176
Batiuk	0.12	1.0544847789707552
Batiuk	0.125	1.1433001294519733
Batiuk	0.13	1.2354034959704776
Batiuk	0.135	1.3299324476604903
Batiuk	0.14	1.4258448015338758
Batiuk	0.145	1.521931066308693
Batiuk	0.15	1.6168367962427808
Batiuk	0.155	1.7090948649375424
Batiuk	0.16	1.7971669705475006
Batiuk	0.165	1.879492958731803
Batiuk	0.17	1.954545860708839
Batiuk	0.17500000000000002	2.0208899562771467
Batiuk	0.18	2.077238746761447
Batiuk	0.185	2.122509510425244
Batiuk	0.19	2.1558711454403787
Batiuk	0.195	2.1767822935342274
Batiuk	0.2	2.1850172672623716
Batiuk	0.20500000000000002	2.1806780380689488
Batiuk	0.21	2.1641914229924697
Batiuk	0.215	2.13629156230583
Batiuk	0.22	2.0979887283870733
Batiuk	0.225	2.050526368424586
Batiuk	0.23	1.995328989913652
Batiuk	0.23500000000000001	1.9339439940720209
Batiuk	0.24	1.8679808151219857
Batiuk	0.245	1.7990507232729982
Batiuk	0.25	1.728710410012641
Batiuk	0.255	1.6584120304658239
Batiuk	0.26	1.5894617794685888
Batiuk	0.265	1.5229883856762243
Batiuk	0.27	1.459922184530558
Batiuk	0.275	1.4009847358750602
Batiuk	0.28	1.3466883362311035
Batiuk	0.28500000000000003	1.297344277327869
Batiuk	0.29	1.2530783447022815
Batiuk	0.295	1.2138518412554757
Batiuk	0.3	1.1794863549964119
Batiuk	0.305	1.149690551019887
Batiuk	0.31	1.1240874303292738
Batiuk	0.315	1.102240733352625
Batiuk	0.32	1.0836794439106667
Batiuk	0.325	1.0679196419426182
Batiuk	0.33	1.0544832365838213
Batiuk	0.335	1.042913366799037
Batiuk	0.34	1.0327864723001354
Batiuk	0.34500000000000003	1.0237212063620629
Batiuk	0.35000000000000003	1.0153844830075922
Batiuk	0.355	1.00749502661653
Batiuk	0.36	0.9998248280640327
Batiuk	0.365	0.9921989155608126
Batiuk	0.37	0.984493828796565
Batiuk	0.375	0.9766351500597927
Batiuk	0.38	0.9685944033103006
Batiuk	0.385	0.9603855881578834
Batiuk	0.39	0.9520615753359015
Batiuk	0.395	0.9437105568376797
Batiuk	0.4	0.9354527187764832
Batiuk	0.405	0.927437287463583
Batiuk	0.41000000000000003	0.919840086046606
Batiuk	0.41500000000000004	0.9128617247134004
Batiuk	0.42	0.9067265240016031
Batiuk	0.425	0.9016822284380186
Batiuk	0.43	0.898000496270364
Batiuk	0.435	0.8959780415698123
Batiuk	0.44	0.8959381527686041
Batiuk	0.445	0.8982321194666549
Batiuk	0.45	0.9032398804045694
Batiuk	0.455	0.9113689859877065
Batiuk	0.46	0.9230507878197164
Batiuk	0.465	0.9387326747560982
Batiuk	0.47000000000000003	0.9588652232046982
Batiuk	0.47500000000000003	0.9838833658327708
Batiuk	0.48	1.0141811361601418
Batiuk	0.485	1.0500802147085073
Batiuk	0.49	1.0917933434490499
Batiuk	0.495	1.139384604285318
Batiuk	0.5	1.1927294521308125
Batiuk	0.505	1.2514781100903298
Batiuk	0.51	1.315026331719191
Batiuk	0.515	1.3824975015805856
Batiuk	0.52	1.4527395243717829
Batiuk	0.525	1.5243389619282974
Batiuk	0.53	1.595653510371728
Batiuk	0.535	1.664862324646429
Batiuk	0.54	1.7300320899735941
Batiuk	0.545	1.78919530616374
Batiuk	0.55	1.8404361538954657
Batiuk	0.555	1.8819786534946488
Batiuk	0.56	1.9122716354060747
Batiuk	0.5650000000000001	1.9300652802662122
Batiuk	0.5700000000000001	1.9344745731960173
Batiuk	0.5750000000000001	1.9250258534533597
Batiuk	0.58	1.9016836394855665
Batiuk	0.585	1.8648560105507688
Batiuk	0.59	1.8153779980854317
Batiuk	0.595	1.7544736675728587
Batiuk	0.6	1.6836988342471861
Batiuk	0.605	1.6048676067867642
Batiuk	0.61	1.5199671075381591
Batiuk	0.615	1.431065656522516
Batiuk	0.62	1.3402202948119197
Batiuk	0.625	1.2493896409162926
Batiuk	0.63	1.1603576492664909
Batiuk	0.635	1.0746728735692717
Batiuk	0.64	0.9936064142773027
Batiuk	0.645	0.9181300086170071
Batiuk	0.65	0.8489139134305839
Batiuk	0.655	0.7863425586823231
Batiuk	0.66	0.7305446102556914
Batiuk	0.665	0.6814332136851684
Batiuk	0.67	0.6387518570199371
Batiuk	0.675	0.6021214713875672
Batiuk	0.68	0.571084993219775
Batiuk	0.685	0.5451465075160961
Batiuk	0.6900000000000001	0.5238031235157107
Batiuk	0.6950000000000001	0.5065687573861816
Batiuk	0.7000000000000001	0.49298989426589374
Batiuk	0.705	0.4826540977822398
Batiuk	0.71	0.4751924955261105
Batiuk	0.715	0.47027769838985095
Batiuk	0.72	0.4676186427377173
Batiuk	0.725	0.4669537258393131
Batiuk	0.73	0.46804339055854666
Batiuk	0.735	0.47066305472093817
Batiuk	0.74	0.47459701406614685
Batiuk	0.745	0.47963370340372613
Batiuk	0.75	0.48556249489235787
Batiuk	0.755	0.49217205177845963
Batiuk	0.76	0.4992501399821118
Batiuk	0.765	0.506584724118252
Batiuk	0.77	0.5139661330322702
Batiuk	0.775	0.5211900675309251
Batiuk	0.78	0.5280612365496183
Batiuk	0.785	0.5343974470095745
Batiuk	0.79	0.5400340389956001
Batiuk	0.795	0.5448286546122959
Batiuk	0.8	0.548666457107539
Batiuk	0.805	0.5514660709663831
Batiuk	0.81	0.5531866741417768
Batiuk	0.8150000000000001	0.5538367983750522
Batiuk	0.8200000000000001	0.5534854105799564
Batiuk	0.8250000000000001	0.5522756535543055
Batiuk	0.8300000000000001	0.5504410929412904
Batiuk	0.835	0.548323334945262
Batiuk	0.84	0.5463883984920515
Batiuk	0.845	0.5452373443277739
Batiuk	0.85	0.5456047066913081
Batiuk	0.855	0.5483368399707856
Batiuk	0.86	0.5543422203217079
Batiuk	0.865	0.564507934237322
Batiuk	0.87	0.5795816865788693
Batiuk	0.875	0.6000266206518277
Batiuk	0.88	0.6258659250573911
Batiuk	0.885	0.6565432591178592
Batiuk	0.89	0.6908303063767819
Batiuk	0.895	0.7268113242447136
Batiuk	0.9	0.7619650592777596
Batiuk	0.905	0.7933481894905988
Batiuk	0.91	0.8178655254444164
Batiuk	0.915	0.832595623384447
Batiuk	0.92	0.8351299789984806
Batiuk	0.925	0.8238803227886974
Batiuk	0.93	0.7983100221851082
Batiuk	0.935	0.7590506757641096
Batiuk	0.9400000000000001	0.7078747526017994
Batiuk	0.9450000000000001	0.6475128655893285
Batiuk	0.9500000000000001	0.5813315687288981
Batiuk	0.9550000000000001	0.5129199539683228
Batiuk	0.96	0.44565968934004
Batiuk	0.965	0.3823609089969107
Batiuk	0.97	0.3250293594155321
Batiuk	0.975	0.2747934660837701
Batiuk	0.98	0.23197770552032668
Batiuk	0.985	0.1962765765792992
Batiuk	0.99	0.1669709255027738
Batiuk	0.995	0.14313509775647945
Batiuk	1.0	0.12380179525753308
BrainSCOPE_CMC	0.0	0.0823745489954756
BrainSCOPE_CMC	0.005	0.09037057552005873
BrainSCOPE_CMC	0.01	0.09944075862630479
BrainSCOPE_CMC	0.015	0.10976732107860179
BrainSCOPE_CMC	0.02	0.12156216287896263
BrainSCOPE_CMC	0.025	0.13506934707313317
BrainSCOPE_CMC	0.03	0.15056699972565224
BrainSCOPE_CMC	0.035	0.16836835344753073
BrainSCOPE_CMC	0.04	0.1888216314052441
BrainSCOPE_CMC	0.045	0.21230844570071666
BrainSCOPE_CMC	0.05	0.23924037499740144
BrainSCOPE_CMC	0.055	0.27005339623427566
BrainSCOPE_CMC	0.06	0.3051998791585135
BrainSCOPE_CMC	0.065	0.34513791465293364
BrainSCOPE_CMC	0.07	0.39031784176556206
BrainSCOPE_CMC	0.075	0.4411659655259738
BrainSCOPE_CMC	0.08	0.49806561717780184
BrainSCOPE_CMC	0.085	0.5613358964567987
BrainSCOPE_CMC	0.09	0.6312086446264688
BrainSCOPE_CMC	0.095	0.7078044161503143
BrainSCOPE_CMC	0.1	0.7911084316897551
BrainSCOPE_CMC	0.105	0.8809476882776456
BrainSCOPE_CMC	0.11	0.9769705549142027
BrainSCOPE_CMC	0.115	1.0786302739694074
BrainSCOPE_CMC	0.12	1.1851738025551848
BrainSCOPE_CMC	0.125	1.2956373487301789
BrainSCOPE_CMC	0.13	1.4088497756700635
BrainSCOPE_CMC	0.135	1.52344476058833
BrainSCOPE_CMC	0.14	1.6378822105425175
BrainSCOPE_CMC	0.145	1.7504789698082135
BrainSCOPE_CMC	0.15	1.8594483277616283
BrainSCOPE_CMC	0.155	1.9629472845956466
BrainSCOPE_CMC	0.16	2.059129992955998
BrainSCOPE_CMC	0.165	2.1462053079178336
BrainSCOPE_CMC	0.17	2.222495986262662
BrainSCOPE_CMC	0.17500000000000002	2.2864968150545635
BrainSCOPE_CMC	0.18	2.336928847336537
BrainSCOPE_CMC	0.185	2.3727869965023656
BrainSCOPE_CMC	0.19	2.3933784942837093
BrainSCOPE_CMC	0.195	2.398350139638006
BrainSCOPE_CMC	0.2	2.3877028323622103
BrainSCOPE_CMC	0.20500000000000002	2.36179255888699
BrainSCOPE_CMC	0.21	2.3213177319897453
BrainSCOPE_CMC	0.215	2.267293529300049
BrainSCOPE_CMC	0.22	2.201014574814728
BrainSCOPE_CMC	0.225	2.124007914317798
BrainSCOPE_CMC	0.23	2.037978708719906
BrainSCOPE_CMC	0.23500000000000001	1.9447513793627735
BrainSCOPE_CMC	0.24	1.846209070331742
BrainSCOPE_CMC	0.245	1.7442342432947755
BrainSCOPE_CMC	0.25	1.6406530027888189
BrainSCOPE_CMC	0.255	1.5371853888085958
BrainSCOPE_CMC	0.26	1.4354034029741265
BrainSCOPE_CMC	0.265	1.3366979942934707
BrainSCOPE_CMC	0.27	1.2422556625486927
BrainSCOPE_CMC	0.275	1.1530447820471965
BrainSCOPE_CMC	0.28	1.0698112416249086
BrainSCOPE_CMC	0.28500000000000003	0.9930825669303992
BrainSCOPE_CMC	0.29	0.9231793580032217
BrainSCOPE_CMC	0.295	0.8602326494818763
BrainSCOPE_CMC	0.3	0.8042056838585269
BrainSCOPE_CMC	0.305	0.7549185734161729
BrainSCOPE_CMC	0.31	0.7120744007658112
BrainSCOPE_CMC	0.315	0.6752854536520678
BrainSCOPE_CMC	0.32	0.6440984868418895
BrainSCOPE_CMC	0.325	0.6180181318437812
BrainSCOPE_CMC	0.33	0.596527814469702
BrainSCOPE_CMC	0.335	0.5791077738651537
BrainSCOPE_CMC	0.34	0.5652499909787456
BrainSCOPE_CMC	0.34500000000000003	0.554470019735358
BrainSCOPE_CMC	0.35000000000000003	0.546315864537919
BrainSCOPE_CMC	0.355	0.5403741609311361
BrainSCOPE_CMC	0.36	0.5362739932695798
BrainSCOPE_CMC	0.365	0.53368872753557
BrainSCOPE_CMC	0.37	0.5323362543768263
BrainSCOPE_CMC	0.375	0.5319780334228262
BrainSCOPE_CMC	0.38	0.5324173118525569
BrainSCOPE_CMC	0.385	0.5334968646321585
BrainSCOPE_CMC	0.39	0.5350965765169355
BrainSCOPE_CMC	0.395	0.5371311609440136
BrainSCOPE_CMC	0.4	0.5395482901998834
BrainSCOPE_CMC	0.405	0.5423273936705499
BrainSCOPE_CMC	0.41000000000000003	0.5454793619982746
BrainSCOPE_CMC	0.41500000000000004	0.5490473661803044
BrainSCOPE_CMC	0.42	0.5531089500430865
BrainSCOPE_CMC	0.425	0.5577794675486074
BrainSCOPE_CMC	0.43	0.563216798125437
BrainSCOPE_CMC	0.435	0.5696270719195763
BrainSCOPE_CMC	0.44	0.5772708686669737
BrainSCOPE_CMC	0.445	0.5864690281992968
BrainSCOPE_CMC	0.45	0.5976068550436567
BrainSCOPE_CMC	0.455	0.6111351630737656
BrainSCOPE_CMC	0.46	0.6275663581833772
BrainSCOPE_CMC	0.465	0.6474636814180328
BrainSCOPE_CMC	0.47000000000000003	0.6714219179596478
BrainSCOPE_CMC	0.47500000000000003	0.7000383888327383
BrainSCOPE_CMC	0.48	0.7338739146435505
BrainSCOPE_CMC	0.485	0.7734046482288551
BrainSCOPE_CMC	0.49	0.8189671173563954
BrainSCOPE_CMC	0.495	0.8707003265877923
BrainSCOPE_CMC	0.5	0.9284901061989627
BrainSCOPE_CMC	0.505	0.9919218054185511
BrainSCOPE_CMC	0.51	1.0602476667007614
BrainSCOPE_CMC	0.515	1.1323746200710583
BrainSCOPE_CMC	0.52	1.2068767559942406
BrainSCOPE_CMC	0.525	1.2820344773156713
BrainSCOPE_CMC	0.53	1.3558995536909244
BrainSCOPE_CMC	0.535	1.4263823835365985
BrainSCOPE_CMC	0.54	1.491355143913551
BrainSCOPE_CMC	0.545	1.5487625883852478
BrainSCOPE_CMC	0.55	1.596731340483353
BrainSCOPE_CMC	0.555	1.633668759625583
BrainSCOPE_CMC	0.56	1.6583437628066675
BrainSCOPE_CMC	0.5650000000000001	1.6699441219504072
BrainSCOPE_CMC	0.5700000000000001	1.6681073488605462
BrainSCOPE_CMC	0.5750000000000001	1.6529249071265684
BrainSCOPE_CMC	0.58	1.6249217754316883
BrainSCOPE_CMC	0.585	1.5850150662912101
BrainSCOPE_CMC	0.59	1.5344563689746094
BrainSCOPE_CMC	0.595	1.4747627788646296
BrainSCOPE_CMC	0.6	1.407641357146208
BrainSCOPE_CMC	0.605	1.334911249347032
BrainSCOPE_CMC	0.61	1.2584270844425358
BrainSCOPE_CMC	0.615	1.1800067229526874
BrainSCOPE_CMC	0.62	1.1013659814277075
BrainSCOPE_CMC	0.625	1.0240626081699356
BrainSCOPE_CMC	0.63	0.9494514425900682
BrainSCOPE_CMC	0.635	0.8786522658761423
BrainSCOPE_CMC	0.64	0.8125312769406636
BrainSCOPE_CMC	0.645	0.7516963908678548
BrainSCOPE_CMC	0.65	0.696505703905988
BrainSCOPE_CMC	0.655	0.6470875953904773
BrainSCOPE_CMC	0.66	0.6033701629827718
BrainSCOPE_CMC	0.665	0.5651171270785962
BrainSCOPE_CMC	0.67	0.5319670736154692
BrainSCOPE_CMC	0.675	0.5034729619601408
BrainSCOPE_CMC	0.68	0.4791391822320865
BrainSCOPE_CMC	0.685	0.45845403505715365
BrainSCOPE_CMC	0.6900000000000001	0.44091622886236664
BrainSCOPE_CMC	0.6950000000000001	0.4260547402987477
BrainSCOPE_CMC	0.7000000000000001	0.41344206838208974
BrainSCOPE_CMC	0.705	0.40270146349642355
BrainSCOPE_CMC	0.71	0.39350909086239055
BrainSCOPE_CMC	0.715	0.38559228767092324
BrainSCOPE_CMC	0.72	0.37872511222233274
BrainSCOPE_CMC	0.725	0.3727222969868454
BrainSCOPE_CMC	0.73	0.367432547646499
BrainSCOPE_CMC	0.735	0.3627319182687473
BrainSCOPE_CMC	0.74	0.3585177737982868
BrainSCOPE_CMC	0.745	0.35470365072147736
BrainSCOPE_CMC	0.75	0.35121516091497107
BrainSCOPE_CMC	0.755	0.3479869596418257
BrainSCOPE_CMC	0.76	0.3449607174915107
BrainSCOPE_CMC	0.765	0.34208399539878015
BrainSCOPE_CMC	0.77	0.33930991862493803
BrainSCOPE_CMC	0.775	0.3365975784661497
BrainSCOPE_CMC	0.78	0.3339131623178045
BrainSCOPE_CMC	0.785	0.3312319326200415
BrainSCOPE_CMC	0.79	0.32854135991563355
BrainSCOPE_CMC	0.795	0.32584598925500885
BrainSCOPE_CMC	0.8	0.32317501087875383
BrainSCOPE_CMC	0.805	0.32059403647061013
BrainSCOPE_CMC	0.81	0.3182232411957585
BrainSCOPE_CMC	0.8150000000000001	0.3162647381396703
BrainSCOPE_CMC	0.8200000000000001	0.3150425987763428
BrainSCOPE_CMC	0.8250000000000001	0.3150589312426881
BrainSCOPE_CMC	0.8300000000000001	0.3170682775456115
BrainSCOPE_CMC	0.835	0.32216953288462685
BrainSCOPE_CMC	0.84	0.33190889971763143
BrainSCOPE_CMC	0.845	0.34837874617151365
BrainSCOPE_CMC	0.85	0.374286255862812
BrainSCOPE_CMC	0.855	0.4129545204067101
BrainSCOPE_CMC	0.86	0.4682110691842359
BrainSCOPE_CMC	0.865	0.5441199650715682
BrainSCOPE_CMC	0.87	0.6445287937164704
BrainSCOPE_CMC	0.875	0.7724341997287587
BrainSCOPE_CMC	0.88	0.9292172461096518
BrainSCOPE_CMC	0.885	1.1138541710885916
BrainSCOPE_CMC	0.89	1.3222540638335196
BrainSCOPE_CMC	0.895	1.5468948632285828
BrainSCOPE_CMC	0.9	1.7769090558077545
BrainSCOPE_CMC	0.905	1.998707363916169
BrainSCOPE_CMC	0.91	2.1971333918745346
BrainSCOPE_CMC	0.915	2.3570363734042177
BrainSCOPE_CMC	0.92	2.465057127591598
BrainSCOPE_CMC	0.925	2.511362343167252
BrainSCOPE_CMC	0.93	2.491043588549477
BrainSCOPE_CMC	0.935	2.4049238614846233
BrainSCOPE_CMC	0.9400000000000001	2.259589324023384
BrainSCOPE_CMC	0.9450000000000001	2.0665877573013485
BrainSCOPE_CMC	0.9500000000000001	1.8408960217219703
BrainSCOPE_CMC	0.9550000000000001	1.5989221234957376
BrainSCOPE_CMC	0.96	1.3564215289536958
BrainSCOPE_CMC	0.965	1.1267249183989427
BrainSCOPE_CMC	0.97	0.9195807828254081
BrainSCOPE_CMC	0.975	0.7407419634164556
BrainSCOPE_CMC	0.98	0.5922342732497122
BrainSCOPE_CMC	0.985	0.47310316929201407
BrainSCOPE_CMC	0.99	0.380378040925504
BrainSCOPE_CMC	0.995	0.3100203569975767
BrainSCOPE_CMC	1.0	0.25769979418701655
BrainSCOPE_Multiome	0.0	0.09362049216247176
BrainSCOPE_Multiome	0.005	0.09909483684040588
BrainSCOPE_Multiome	0.01	0.1050683442028963
BrainSCOPE_Multiome	0.015	0.1116091941049484
BrainSCOPE_Multiome	0.02	0.11879596992019385
BrainSCOPE_Multiome	0.025	0.1267187261272295
BrainSCOPE_Multiome	0.03	0.1354799732597351
BrainSCOPE_Multiome	0.035	0.14519550736861342
BrainSCOPE_Multiome	0.04	0.15599499174159767
BrainSCOPE_Multiome	0.045	0.16802217774139638
BrainSCOPE_Multiome	0.05	0.18143463080583774
BrainSCOPE_Multiome	0.055	0.19640280917361053
BrainSCOPE_Multiome	0.06	0.21310832972958987
BrainSCOPE_Multiome	0.065	0.2317412510466481
BrainSCOPE_Multiome	0.07	0.2524962120901481
BrainSCOPE_Multiome	0.075	0.2755672899268013
BrainSCOPE_Multiome	0.08	0.3011414843506356
BrainSCOPE_Multiome	0.085	0.32939080367428664
BrainSCOPE_Multiome	0.09	0.36046301437472084
BrainSCOPE_Multiome	0.095	0.3944712259107102
BrainSCOPE_Multiome	0.1	0.4314826062759776
BrainSCOPE_Multiome	0.105	0.4715066563303266
BrainSCOPE_Multiome	0.11	0.5144836015904226
BrainSCOPE_Multiome	0.115	0.5602735766941475
BrainSCOPE_Multiome	0.12	0.6086473665712381
BrainSCOPE_Multiome	0.125	0.6592795157169205
BrainSCOPE_Multiome	0.13	0.7117446104671696
BrainSCOPE_Multiome	0.135	0.7655174693430494
BrainSCOPE_Multiome	0.14	0.819977838392299
BrainSCOPE_Multiome	0.145	0.8744199828419686
BrainSCOPE_Multiome	0.15	0.9280673007827798
BrainSCOPE_Multiome	0.155	0.980091773408826
BrainSCOPE_Multiome	0.16	1.0296377302367707
BrainSCOPE_Multiome	0.165	1.0758490723953704
BrainSCOPE_Multiome	0.17	1.1178987910385954
BrainSCOPE_Multiome	0.17500000000000002	1.1550193699061728
BrainSCOPE_Multiome	0.18	1.1865324969471756
BrainSCOPE_Multiome	0.185	1.2118764499075751
BrainSCOPE_Multiome	0.19	1.2306295767583373
BrainSCOPE_Multiome	0.195	1.2425284656491238
BrainSCOPE_Multiome	0.2	1.247479681748484
BrainSCOPE_Multiome	0.20500000000000002	1.2455643205241944
BrainSCOPE_Multiome	0.21	1.2370350605957179
BrainSCOPE_Multiome	0.215	1.2223058599718113
BrainSCOPE_Multiome	0.22	1.20193489020034
BrainSCOPE_Multiome	0.225	1.1766017075501924
BrainSCOPE_Multiome	0.23	1.1470799871774926
BrainSCOPE_Multiome	0.23500000000000001	1.1142073712417464
BrainSCOPE_Multiome	0.24	1.0788540908329003
BrainSCOPE_Multiome	0.245	1.0418920108642786
BrainSCOPE_Multiome	0.25	1.0041656239627015
BrainSCOPE_Multiome	0.255	0.9664663004165559
BrainSCOPE_Multiome	0.26	0.9295108101820123
BrainSCOPE_Multiome	0.265	0.8939247979341023
BrainSCOPE_Multiome	0.27	0.8602315426557002
BrainSCOPE_Multiome	0.275	0.8288459971771364
BrainSCOPE_Multiome	0.28	0.8000738042590324
BrainSCOPE_Multiome	0.28500000000000003	0.774114742264056
BrainSCOPE_Multiome	0.29	0.7510698763854439
BrainSCOPE_Multiome	0.295	0.730951585003253
BrainSCOPE_Multiome	0.3	0.7136955928133756
BrainSCOPE_Multiome	0.305	0.6991741654160579
BrainSCOPE_Multiome	0.31	0.6872096927514069
BrainSCOPE_Multiome	0.315	0.6775879976460565
BrainSCOPE_Multiome	0.32	0.6700708367042806
BrainSCOPE_Multiome	0.325	0.6644072005135171
BrainSCOPE_Multiome	0.33	0.6603431571108859
BrainSCOPE_Multiome	0.335	0.6576301078130296
BrainSCOPE_Multiome	0.34	0.6560314315557458
BrainSCOPE_Multiome	0.34500000000000003	0.6553275792829405
BrainSCOPE_Multiome	0.35000000000000003	0.6553197426087896
BrainSCOPE_Multiome	0.355	0.6558322619396507
BrainSCOPE_Multiome	0.36	0.6567139609940684
BrainSCOPE_Multiome	0.365	0.6578386007005561
BrainSCOPE_Multiome	0.37	0.659104639780582
BrainSCOPE_Multiome	0.375	0.6604344760106433
BrainSCOPE_Multiome	0.38	0.6617733250112996
BrainSCOPE_Multiome	0.385	0.6630878757125982
BrainSCOPE_Multiome	0.39	0.6643648459309255
BrainSCOPE_Multiome	0.395	0.6656095493643722
BrainSCOPE_Multiome	0.4	0.6668445772517811
BrainSCOPE_Multiome	0.405	0.6681086931105693
BrainSCOPE_Multiome	0.41000000000000003	0.669456035054482
BrainSCOPE_Multiome	0.41500000000000004	0.6709557133160007
BrainSCOPE_Multiome	0.42	0.6726918754255056
BrainSCOPE_Multiome	0.425	0.6747642816691092
BrainSCOPE_Multiome	0.43	0.6772893824438284
BrainSCOPE_Multiome	0.435	0.6804018116809429
BrainSCOPE_Multiome	0.44	0.6842561044754334
BrainSCOPE_Multiome	0.445	0.6890283156017022
BrainSCOPE_Multiome	0.45	0.6949170692111324
BrainSCOPE_Multiome	0.455	0.7021434278214532
BrainSCOPE_Multiome	0.46	0.710948858298679
BrainSCOPE_Multiome	0.465	0.721590527623454
BrainSCOPE_Multiome	0.47000000000000003	0.7343332168984305
BrainSCOPE_Multiome	0.47500000000000003	0.7494373276076922
BrainSCOPE_Multiome	0.48	0.7671427846365202
BrainSCOPE_Multiome	0.485	0.7876491085508912
BrainSCOPE_Multiome	0.49	0.8110924994010439
BrainSCOPE_Multiome	0.495	0.8375213808443067
BrainSCOPE_Multiome	0.5	0.8668724078198549
BrainSCOPE_Multiome	0.505	0.8989493429694514
BrainSCOPE_Multiome	0.51	0.933407362472624
BrainSCOPE_Multiome	0.515	0.9697451936076262
BrainSCOPE_Multiome	0.52	1.0073069916386137
BrainSCOPE_Multiome	0.525	1.045295065990296
BrainSCOPE_Multiome	0.53	1.0827935546796956
BrainSCOPE_Multiome	0.535	1.1188020550538875
BrainSCOPE_Multiome	0.54	1.1522772020557928
BrainSCOPE_Multiome	0.545	1.1821793876352533
BrainSCOPE_Multiome	0.55	1.20752134388563
BrainSCOPE_Multiome	0.555	1.2274152165488172
BrainSCOPE_Multiome	0.56	1.2411150167948422
BrainSCOPE_Multiome	0.5650000000000001	1.2480518812442096
BrainSCOPE_Multiome	0.5700000000000001	1.247860279521646
BrainSCOPE_Multiome	0.5750000000000001	1.2403940634400155
BrainSCOPE_Multiome	0.58	1.2257319506587798
BrainSCOPE_Multiome	0.585	1.2041726172151423
BrainSCOPE_Multiome	0.59	1.1762200237923335
BrainSCOPE_Multiome	0.595	1.142559945657503
BrainSCOPE_Multiome	0.6	1.1040289623698945
BrainSCOPE_Multiome	0.605	1.0615774345848301
BrainSCOPE_Multiome	0.61	1.0162282726918648
BrainSCOPE_Multiome	0.615	0.9690335730424613
BrainSCOPE_Multiome	0.62	0.9210314174527026
BrainSCOPE_Multiome	0.625	0.8732052368930233
BrainSCOPE_Multiome	0.63	0.8264480685616636
BrainSCOPE_Multiome	0.635	0.7815337470281964
BrainSCOPE_Multiome	0.64	0.7390965627365842
BrainSCOPE_Multiome	0.645	0.6996202359298607
BrainSCOPE_Multiome	0.65	0.6634362693332785
BrainSCOPE_Multiome	0.655	0.6307309591366222
BrainSCOPE_Multiome	0.66	0.601559663296615
BrainSCOPE_Multiome	0.665	0.5758664333093785
BrainSCOPE_Multiome	0.67	0.5535068618618995
BrainSCOPE_Multiome	0.675	0.5342719957730134
BrainSCOPE_Multiome	0.68	0.5179113847741411
BrainSCOPE_Multiome	0.685	0.5041537259858411
BrainSCOPE_Multiome	0.6900000000000001	0.49272404925785
BrainSCOPE_Multiome	0.6950000000000001	0.4833568956459707
BrainSCOPE_Multiome	0.7000000000000001	0.4758054060399881
BrainSCOPE_Multiome	0.705	0.46984661331103367
BrainSCOPE_Multiome	0.71	0.46528349475508685
BrainSCOPE_Multiome	0.715	0.46194448794357557
BrainSCOPE_Multiome	0.72	0.4596812144626198
BrainSCOPE_Multiome	0.725	0.45836511495999127
BrainSCOPE_Multiome	0.73	0.4578836023972189
BrainSCOPE_Multiome	0.735	0.45813621481402766
BrainSCOPE_Multiome	0.74	0.45903111660784574
BrainSCOPE_Multiome	0.745	0.4604821749074115
BrainSCOPE_Multiome	0.75	0.4624067357206929
BrainSCOPE_Multiome	0.755	0.4647241488078346
BrainSCOPE_Multiome	0.76	0.46735504298492614
BrainSCOPE_Multiome	0.765	0.4702213358508372
BrainSCOPE_Multiome	0.77	0.4732469758179789
BrainSCOPE_Multiome	0.775	0.47635946546414915
BrainSCOPE_Multiome	0.78	0.47949231576830426
BrainSCOPE_Multiome	0.785	0.48258875276554375
BrainSCOPE_Multiome	0.79	0.4856072765864665
BrainSCOPE_Multiome	0.795	0.48853010683918796
BrainSCOPE_Multiome	0.8	0.49137619582585473
BrainSCOPE_Multiome	0.805	0.4942214004799402
BrainSCOPE_Multiome	0.81	0.49722957269952184
BrainSCOPE_Multiome	0.8150000000000001	0.5006996309489746
BrainSCOPE_Multiome	0.8200000000000001	0.5051347648058011
BrainSCOPE_Multiome	0.8250000000000001	0.511340117123485
BrainSCOPE_Multiome	0.8300000000000001	0.520553510947381
BrainSCOPE_Multiome	0.835	0.5346086530635155
BrainSCOPE_Multiome	0.84	0.5561203892846892
BrainSCOPE_Multiome	0.845	0.5886663404684351
BrainSCOPE_Multiome	0.85	0.6369196126330035
BrainSCOPE_Multiome	0.855	0.706666932107958
BrainSCOPE_Multiome	0.86	0.8046324064161594
BrainSCOPE_Multiome	0.865	0.93802860261382
BrainSCOPE_Multiome	0.87	1.1137832765028244
BrainSCOPE_Multiome	0.875	1.337447104677873
BrainSCOPE_Multiome	0.88	1.6118710346466263
BrainSCOPE_Multiome	0.885	1.9358345750927008
BrainSCOPE_Multiome	0.89	2.3028806754996882
BrainSCOPE_Multiome	0.895	2.700638524569807
BrainSCOPE_Multiome	0.9	3.1108736114565168
BrainSCOPE_Multiome	0.905	3.5103989376146116
BrainSCOPE_Multiome	0.91	3.872840772430556
BrainSCOPE_Multiome	0.915	4.171114992571812
BrainSCOPE_Multiome	0.92	4.380360858704444
BrainSCOPE_Multiome	0.925	4.480996526975281
BrainSCOPE_Multiome	0.93	4.461488303136663
BrainSCOPE_Multiome	0.935	4.320365072633697
BrainSCOPE_Multiome	0.9400000000000001	4.067004717293242
BrainSCOPE_Multiome	0.9450000000000001	3.720842592857962
BrainSCOPE_Multiome	0.9500000000000001	3.308944788553602
BrainSCOPE_Multiome	0.9550000000000001	2.8623012203160676
BrainSCOPE_Multiome	0.96	2.411578035229289
BrainSCOPE_Multiome	0.965	1.9832492861986197
BrainSCOPE_Multiome	0.97	1.5969053242457363
BrainSCOPE_Multiome	0.975	1.2641539461967886
BrainSCOPE_Multiome	0.98	0.989054828469202
BrainSCOPE_Multiome	0.985	0.7696495222988184
BrainSCOPE_Multiome	0.99	0.5999869787520687
BrainSCOPE_Multiome	0.995	0.47210161809467605
BrainSCOPE_Multiome	1.0	0.3775928536609855
BrainSCOPE_UCLA	0.0	0.09699400006043493
BrainSCOPE_UCLA	0.005	0.10401123573743767
BrainSCOPE_UCLA	0.01	0.11185657495192483
BrainSCOPE_UCLA	0.015	0.12066448985434296
BrainSCOPE_UCLA	0.02	0.13059106418359642
BrainSCOPE_UCLA	0.025	0.1418160029225383
BrainSCOPE_UCLA	0.03	0.15454434012580626
BrainSCOPE_UCLA	0.035	0.16900766746633572
BrainSCOPE_UCLA	0.04	0.18546467298018898
BrainSCOPE_UCLA	0.045	0.20420074874878447
BrainSCOPE_UCLA	0.05	0.22552640147287217
BrainSCOPE_UCLA	0.055	0.24977418556016337
BrainSCOPE_UCLA	0.06	0.277293879610126
BrainSCOPE_UCLA	0.065	0.3084456494311132
BrainSCOPE_UCLA	0.07	0.3435909890595994
BrainSCOPE_UCLA	0.075	0.3830813097631745
BrainSCOPE_UCLA	0.08	0.4272441580160564
BrainSCOPE_UCLA	0.085	0.4763671867005643
BrainSCOPE_UCLA	0.09	0.5306801758363502
BrainSCOPE_UCLA	0.095	0.5903355927882832
BrainSCOPE_UCLA	0.1	0.6553883861034997
BrainSCOPE_UCLA	0.105	0.7257759072056025
BrainSCOPE_UCLA	0.11	0.8012990325390048
BrainSCOPE_UCLA	0.115	0.8816056960778614
BrainSCOPE_UCLA	0.12	0.9661781189251969
BrainSCOPE_UCLA	0.125	1.054325021356871
BrainSCOPE_UCLA	0.13	1.1451800093291864
BrainSCOPE_UCLA	0.135	1.2377071343209454
BrainSCOPE_UCLA	0.14	1.330714332265579
BrainSCOPE_UCLA	0.145	1.4228750630007667
BrainSCOPE_UCLA	0.15	1.5127580142377632
BrainSCOPE_UCLA	0.155	1.5988642305292606
BrainSCOPE_UCLA	0.16	1.6796705124862439
BrainSCOPE_UCLA	0.165	1.75367744388602
BrainSCOPE_UCLA	0.17	1.8194599853088365
BrainSCOPE_UCLA	0.17500000000000002	1.875718261378807
BrainSCOPE_UCLA	0.18	1.9213259973139303
BrainSCOPE_UCLA	0.185	1.9553740523137129
BrainSCOPE_UCLA	0.19	1.977206662681385
BrainSCOPE_UCLA	0.195	1.9864483424112167
BrainSCOPE_UCLA	0.2	1.9830198743984093
BrainSCOPE_UCLA	0.20500000000000002	1.96714242895713
BrainSCOPE_UCLA	0.21	1.9393295244907347
BrainSCOPE_UCLA	0.215	1.9003672473599011
BrainSCOPE_UCLA	0.22	1.851283821212043
BrainSCOPE_UCLA	0.225	1.793310209770699
BrainSCOPE_UCLA	0.23	1.7278339080756324
BrainSCOPE_UCLA	0.23500000000000001	1.6563483933030254
BrainSCOPE_UCLA	0.24	1.5804008493200046
BrainSCOPE_UCLA	0.245	1.501540745838028
BrainSCOPE_UCLA	0.25	1.4212716549242237
BrainSCOPE_UCLA	0.255	1.3410083490857618
BrainSCOPE_UCLA	0.26	1.262040780410105
BrainSCOPE_UCLA	0.265	1.1855060296599662
BrainSCOPE_UCLA	0.27	1.1123687801068158
BrainSCOPE_UCLA	0.275	1.0434103535957155
BrainSCOPE_UCLA	0.28	0.9792258808681669
BrainSCOPE_UCLA	0.28500000000000003	0.9202287916528876
BrainSCOPE_UCLA	0.29	0.866661520232034
BrainSCOPE_UCLA	0.295	0.8186111370991704
BrainSCOPE_UCLA	0.3	0.7760285357474392
BrainSCOPE_UCLA	0.305	0.7387498165354922
BrainSCOPE_UCLA	0.31	0.7065186020257204
BrainSCOPE_UCLA	0.315	0.6790081714724157
BrainSCOPE_UCLA	0.32	0.6558424959765028
BrainSCOPE_UCLA	0.325	0.6366154703172984
BrainSCOPE_UCLA	0.33	0.620907854683439
BrainSCOPE_UCLA	0.335	0.6083016446041372
BrainSCOPE_UCLA	0.34	0.598391769201636
BrainSCOPE_UCLA	0.34500000000000003	0.5907951692290113
BrainSCOPE_UCLA	0.35000000000000003	0.5851574237253029
BrainSCOPE_UCLA	0.355	0.5811571772605651
BrainSCOPE_UCLA	0.36	0.5785086710078667
BrainSCOPE_UCLA	0.365	0.5769627045012247
BrainSCOPE_UCLA	0.37	0.5763063563193206
BrainSCOPE_UCLA	0.375	0.5763617769903813
BrainSCOPE_UCLA	0.38	0.5769843420118215
BrainSCOPE_UCLA	0.385	0.5780604223739394
BrainSCOPE_UCLA	0.39	0.5795049988274847
BrainSCOPE_UCLA	0.395	0.5812593175729546
BrainSCOPE_UCLA	0.4	0.583288760789075
BrainSCOPE_UCLA	0.405	0.5855810853886416
BrainSCOPE_UCLA	0.41000000000000003	0.5881451655244445
BrainSCOPE_UCLA	0.41500000000000004	0.5910103545131473
BrainSCOPE_UCLA	0.42	0.5942265539111627
BrainSCOPE_UCLA	0.425	0.5978650339730872
BrainSCOPE_UCLA	0.43	0.6020199828263151
BrainSCOPE_UCLA	0.435	0.6068106649361067
BrainSCOPE_UCLA	0.44	0.6123839399669773
BrainSCOPE_UCLA	0.445	0.6189167343475847
BrainSCOPE_UCLA	0.45	0.6266178817721719
BrainSCOPE_UCLA	0.455	0.6357285778290455
BrainSCOPE_UCLA	0.46	0.6465205603456403
BrainSCOPE_UCLA	0.465	0.659291070734774
BrainSCOPE_UCLA	0.47000000000000003	0.6743537143101043
BrainSCOPE_UCLA	0.47500000000000003	0.6920245543872189
BrainSCOPE_UCLA	0.48	0.7126031646170488
BrainSCOPE_UCLA	0.485	0.7363489186774643
BrainSCOPE_UCLA	0.49	0.7634534751460043
BrainSCOPE_UCLA	0.495	0.7940111423463154
BrainSCOPE_UCLA	0.5	0.8279894788846607
BrainSCOPE_UCLA	0.505	0.8652029818362785
BrainSCOPE_UCLA	0.51	0.9052929240270348
BrainSCOPE_UCLA	0.515	0.9477162428902369
BrainSCOPE_UCLA	0.52	0.9917458261506962
BrainSCOPE_UCLA	0.525	1.0364836196140321
BrainSCOPE_UCLA	0.53	1.0808868012594224
BrainSCOPE_UCLA	0.535	1.1238059776357863
BrainSCOPE_UCLA	0.54	1.1640331429424413
BrainSCOPE_UCLA	0.545	1.2003561694213902
BrainSCOPE_UCLA	0.55	1.2316159989718882
BrainSCOPE_UCLA	0.555	1.2567625424008826
BrainSCOPE_UCLA	0.56	1.2749055500772029
BrainSCOPE_UCLA	0.5650000000000001	1.2853573133627039
BrainSCOPE_UCLA	0.5700000000000001	1.287664863090338
BrainSCOPE_UCLA	0.5750000000000001	1.2816302109682562
BrainSCOPE_UCLA	0.58	1.267318014368334
BrainSCOPE_UCLA	0.585	1.245050760881231
BrainSCOPE_UCLA	0.59	1.2153921449426248
BrainSCOPE_UCLA	0.595	1.1791197675146399
BrainSCOPE_UCLA	0.6	1.1371886773553677
BrainSCOPE_UCLA	0.605	1.090687632410124
BrainSCOPE_UCLA	0.61	1.0407903110012904
BrainSCOPE_UCLA	0.615	0.9887040268624692
BrainSCOPE_UCLA	0.62	0.9356187474871316
BrainSCOPE_UCLA	0.625	0.8826593105759215
BrainSCOPE_UCLA	0.63	0.8308436114136604
BrainSCOPE_UCLA	0.635	0.7810491550568279
BrainSCOPE_UCLA	0.64	0.733989735641227
BrainSCOPE_UCLA	0.645	0.690203174520886
BrainSCOPE_UCLA	0.65	0.6500501144213876
BrainSCOPE_UCLA	0.655	0.613722946812742
BrainSCOPE_UCLA	0.66	0.5812631626712896
BrainSCOPE_UCLA	0.665	0.5525848582836236
BrainSCOPE_UCLA	0.67	0.5275018538518702
BrainSCOPE_UCLA	0.675	0.5057559027093014
BrainSCOPE_UCLA	0.68	0.48704374815588536
BrainSCOPE_UCLA	0.685	0.4710412552268816
BrainSCOPE_UCLA	0.6900000000000001	0.45742342044750317
BrainSCOPE_UCLA	0.6950000000000001	0.4458796570054838
BrainSCOPE_UCLA	0.7000000000000001	0.4361242917678559
BrainSCOPE_UCLA	0.705	0.42790264201897465
BrainSCOPE_UCLA	0.71	0.42099333690901436
BrainSCOPE_UCLA	0.715	0.4152077084029697
BrainSCOPE_UCLA	0.72	0.4103871147146902
BrainSCOPE_UCLA	0.725	0.40639900324868466
BrainSCOPE_UCLA	0.73	0.4031324021332653
BrainSCOPE_UCLA	0.735	0.400493380591709
BrainSCOPE_UCLA	0.74	0.39840086470122127
BrainSCOPE_UCLA	0.745	0.39678305561894267
BrainSCOPE_UCLA	0.75	0.3955745841059901
BrainSCOPE_UCLA	0.755	0.3947144541989308
BrainSCOPE_UCLA	0.76	0.39414478212836496
BrainSCOPE_UCLA	0.765	0.3938103240945151
BrainSCOPE_UCLA	0.77	0.3936588084759006
BrainSCOPE_UCLA	0.775	0.3936421467684864
BrainSCOPE_UCLA	0.78	0.3937186991839299
BrainSCOPE_UCLA	0.785	0.3938569269182801
BrainSCOPE_UCLA	0.79	0.3940409915262275
BrainSCOPE_UCLA	0.795	0.3942791861234714
BrainSCOPE_UCLA	0.8	0.3946165276418426
BrainSCOPE_UCLA	0.805	0.39515341627357503
BrainSCOPE_UCLA	0.81	0.3960729511200002
BrainSCOPE_UCLA	0.8150000000000001	0.39768017050423865
BrainSCOPE_UCLA	0.8200000000000001	0.4004569083942699
BrainSCOPE_UCLA	0.8250000000000001	0.40513566605813767
BrainSCOPE_UCLA	0.8300000000000001	0.4127941977492426
BrainSCOPE_UCLA	0.835	0.4249685394452929
BrainSCOPE_UCLA	0.84	0.4437751683987891
BrainSCOPE_UCLA	0.845	0.4720225645786153
BrainSCOPE_UCLA	0.85	0.5132794659726809
BrainSCOPE_UCLA	0.855	0.5718541285991419
BrainSCOPE_UCLA	0.86	0.652630535784541
BrainSCOPE_UCLA	0.865	0.7607099688659265
BrainSCOPE_UCLA	0.87	0.9008258868870022
BrainSCOPE_UCLA	0.875	1.076540188927651
BrainSCOPE_UCLA	0.88	1.289287256391603
BrainSCOPE_UCLA	0.885	1.5373981221588302
BrainSCOPE_UCLA	0.89	1.8152924293183814
BrainSCOPE_UCLA	0.895	2.1130490643177007
BrainSCOPE_UCLA	0.9	2.4165407265831913
BrainSCOPE_UCLA	0.905	2.708239441044085
BrainSCOPE_UCLA	0.91	2.9686822881860304
BrainSCOPE_UCLA	0.915	3.178455912301348
BrainSCOPE_UCLA	0.92	3.3204444572489344
BrainSCOPE_UCLA	0.925	3.382011145087908
BrainSCOPE_UCLA	0.93	3.356760507936158
BrainSCOPE_UCLA	0.935	3.2455613415128406
BrainSCOPE_UCLA	0.9400000000000001	3.0566036157080836
BrainSCOPE_UCLA	0.9450000000000001	2.8044160550740598
BrainSCOPE_UCLA	0.9500000000000001	2.507969370212417
BrainSCOPE_UCLA	0.9550000000000001	2.188191066890401
BrainSCOPE_UCLA	0.96	1.8653583742981537
BrainSCOPE_UCLA	0.965	1.556858928083374
BrainSCOPE_UCLA	0.97	1.2756963684151807
BrainSCOPE_UCLA	0.975	1.029907023010443
BrainSCOPE_UCLA	0.98	0.822821329582532
BrainSCOPE_UCLA	0.985	0.6539287733882679
BrainSCOPE_UCLA	0.99	0.520033043422172
BrainSCOPE_UCLA	0.995	0.416412400673054
BrainSCOPE_UCLA	1.0	0.33779123961148494
Cain_2023	0.0	0.03880826556425009
Cain_2023	0.005	0.043884901071793825
Cain_2023	0.01	0.0501005159988371
Cain_2023	0.015	0.05771651871984804
Cain_2023	0.02	0.06704147093411032
Cain_2023	0.025	0.07843522784155926
Cain_2023	0.03	0.09231215970863975
Cain_2023	0.035	0.10914301422591127
Cain_2023	0.04	0.12945492905810527
Cain_2023	0.045	0.15382907262930648
Cain_2023	0.05	0.18289538626711632
Cain_2023	0.055	0.21732393012776852
Cain_2023	0.06	0.257812405862568
Cain_2023	0.065	0.3050695461703888
Cain_2023	0.07	0.35979422807036054
Cain_2023	0.075	0.42265038232700497
Cain_2023	0.08	0.4942380311328754
Cain_2023	0.085	0.5750610802893755
Cain_2023	0.09	0.6654928061535091
Cain_2023	0.095	0.7657402922807792
Cain_2023	0.1	0.8758093628502467
Cain_2023	0.105	0.9954718039206965
Cain_2023	0.11	1.1242368329522339
Cain_2023	0.115	1.2613288469979145
Cain_2023	0.12	1.4056734297107296
Cain_2023	0.125	1.5558934125163495
Cain_2023	0.13	1.7103164604069552
Cain_2023	0.135	1.8669951927067885
Cain_2023	0.14	2.0237402701328784
Cain_2023	0.145	2.1781662091825216
Cain_2023	0.15	2.3277489612406583
Cain_2023	0.155	2.469893562791739
Cain_2023	0.16	2.602009475592276
Cain_2023	0.165	2.7215906433974695
Cain_2023	0.17	2.8262968432003692
Cain_2023	0.17500000000000002	2.914032644498026
Cain_2023	0.18	2.9830202386594515
Cain_2023	0.185	3.031862575992743
Cain_2023	0.19	3.0595936477952
Cain_2023	0.195	3.0657133545164377
Cain_2023	0.2	3.050205173066379
Cain_2023	0.20500000000000002	3.0135357266573433
Cain_2023	0.21	2.9566363101683444
Cain_2023	0.215	2.880867368837915
Cain_2023	0.22	2.787967804564096
Cain_2023	0.225	2.679991734327478
Cain_2023	0.23	2.5592359017044797
Cain_2023	0.23500000000000001	2.428161311559054
Cain_2023	0.24	2.2893128025907266
Cain_2023	0.245	2.145240192439727
Cain_2023	0.25	1.9984243419148113
Cain_2023	0.255	1.8512110193401992
Cain_2023	0.26	1.705754844786938
Cain_2023	0.265	1.5639749058480754
Cain_2023	0.27	1.427522913068073
Cain_2023	0.275	1.297764053945098
Cain_2023	0.28	1.1757700539698634
Cain_2023	0.28500000000000003	1.062323397413704
Cain_2023	0.29	0.9579312250967145
Cain_2023	0.295	0.8628471254149243
Cain_2023	0.3	0.7770988715947404
Cain_2023	0.305	0.7005201255136209
Cain_2023	0.31	0.6327842112446184
Cain_2023	0.315	0.5734382385019897
Cain_2023	0.32	0.5219361025850924
Cain_2023	0.325	0.4776691772931094
Cain_2023	0.33	0.4399938256727484
Cain_2023	0.335	0.4082551581634746
Cain_2023	0.34	0.38180675048977236
Cain_2023	0.34500000000000003	0.36002628095909633
Cain_2023	0.35000000000000003	0.3423272499694952
Cain_2023	0.355	0.3281670994604515
Cain_2023	0.36	0.3170521567726639
Cain_2023	0.365	0.30853988921920983
Cain_2023	0.37	0.3022389783013672
Cain_2023	0.375	0.2978077130977713
Cain_2023	0.38	0.2949511687267103
Cain_2023	0.385	0.2934175856613427
Cain_2023	0.39	0.29299430615226313
Cain_2023	0.395	0.29350356110834636
Cain_2023	0.4	0.2947983392115472
Cain_2023	0.405	0.2967585130497202
Cain_2023	0.41000000000000003	0.2992873464314801
Cain_2023	0.41500000000000004	0.302308463203312
Cain_2023	0.42	0.30576332002462414
Cain_2023	0.425	0.3096091919579714
Cain_2023	0.43	0.31381764816905106
Cain_2023	0.435	0.31837346327356336
Cain_2023	0.44	0.32327387629935384
Cain_2023	0.445	0.3285280735070363
Cain_2023	0.45	0.3341567349496655
Cain_2023	0.455	0.34019145141593404
Cain_2023	0.46	0.34667379429248557
Cain_2023	0.465	0.3536538135814984
Cain_2023	0.47000000000000003	0.3611877569970436
Cain_2023	0.47500000000000003	0.36933485264409766
Cain_2023	0.48	0.3781530827783371
Cain_2023	0.485	0.3876939946427432
Cain_2023	0.49	0.39799673760827714
Cain_2023	0.495	0.40908166792995004
Cain_2023	0.5	0.42094400171951135
Cain_2023	0.505	0.43354809885281287
Cain_2023	0.51	0.44682300274785125
Cain_2023	0.515	0.46065982713677406
Cain_2023	0.52	0.4749114659450435
Cain_2023	0.525	0.48939491458305234
Cain_2023	0.53	0.5038962522099498
Cain_2023	0.535	0.5181780770036707
Cain_2023	0.54	0.53198894683306
Cain_2023	0.545	0.5450741899504743
Cain_2023	0.55	0.5571873387789236
Cain_2023	0.555	0.568101414504192
Cain_2023	0.56	0.5776193451004451
Cain_2023	0.5650000000000001	0.585582915289283
Cain_2023	0.5700000000000001	0.5918797966211723
Cain_2023	0.5750000000000001	0.5964483616925633
Cain_2023	0.58	0.5992801270901361
Cain_2023	0.585	0.6004197844062157
Cain_2023	0.59	0.5999628687617273
Cain_2023	0.595	0.598051189873474
Cain_2023	0.6	0.594866225557363
Cain_2023	0.605	0.5906207626835162
Cain_2023	0.61	0.5855491691095595
Cain_2023	0.615	0.5798967848269857
Cain_2023	0.62	0.5739090150484211
Cain_2023	0.625	0.5678207707998759
Cain_2023	0.63	0.561846913316584
Cain_2023	0.635	0.5561743037752559
Cain_2023	0.64	0.5509559376188634
Cain_2023	0.645	0.5463074637773818
Cain_2023	0.65	0.5423061754013907
Cain_2023	0.655	0.5389923389893825
Cain_2023	0.66	0.536372532658124
Cain_2023	0.665	0.534424516698466
Cain_2023	0.67	0.5331030763425156
Cain_2023	0.675	0.5323462625519765
Cain_2023	0.68	0.5320815054969078
Cain_2023	0.685	0.5322311726307185
Cain_2023	0.6900000000000001	0.5327172694224632
Cain_2023	0.6950000000000001	0.5334651154949407
Cain_2023	0.7000000000000001	0.5344059542349708
Cain_2023	0.705	0.5354785568017083
Cain_2023	0.71	0.5366299546036625
Cain_2023	0.715	0.537815476126663
Cain_2023	0.72	0.5389982774002028
Cain_2023	0.725	0.5401485462894605
Cain_2023	0.73	0.5412425364250624
Cain_2023	0.735	0.5422615540845775
Cain_2023	0.74	0.5431909868047986
Cain_2023	0.745	0.5440194304355634
Cain_2023	0.75	0.5447379445796822
Cain_2023	0.755	0.5453394463222383
Cain_2023	0.76	0.5458182393544845
Cain_2023	0.765	0.5461696703749114
Cain_2023	0.77	0.5463899081088677
Cain_2023	0.775	0.5464758556212752
Cain_2023	0.78	0.5464252408975541
Cain_2023	0.785	0.5462369972926905
Cain_2023	0.79	0.5459121666133221
Cain_2023	0.795	0.5454557660693725
Cain_2023	0.8	0.5448803977107883
Cain_2023	0.805	0.544212886292239
Cain_2023	0.81	0.5435059265131755
Cain_2023	0.8150000000000001	0.5428575564419255
Cain_2023	0.8200000000000001	0.5424420793892809
Cain_2023	0.8250000000000001	0.542556468903901
Cain_2023	0.8300000000000001	0.5436857134434866
Cain_2023	0.835	0.5465881884226041
Cain_2023	0.84	0.5523971524336629
Cain_2023	0.845	0.5627263477819788
Cain_2023	0.85	0.5797567970691156
Cain_2023	0.855	0.6062700107117276
Cain_2023	0.86	0.6455835138783166
Cain_2023	0.865	0.701342962310584
Cain_2023	0.87	0.777136649124181
Cain_2023	0.875	0.8759267523035347
Cain_2023	0.88	0.9993368391621839
Cain_2023	0.885	1.1468901603444805
Cain_2023	0.89	1.31534456094164
Cain_2023	0.895	1.4982993539335665
Cain_2023	0.9	1.6862399174430351
Cain_2023	0.905	1.8671274105719513
Cain_2023	0.91	2.027537930466391
Cain_2023	0.915	2.154227862347805
Cain_2023	0.92	2.2358829819481025
Cain_2023	0.925	2.2647343847502954
Cain_2023	0.93	2.2377220371368964
Cain_2023	0.935	2.1569645670504327
Cain_2023	0.9400000000000001	2.0294354612048964
Cain_2023	0.9450000000000001	1.8659143827521711
Cain_2023	0.9500000000000001	1.6794323056067022
Cain_2023	0.9550000000000001	1.4835210875216207
Cain_2023	0.96	1.2905911317405707
Cain_2023	0.965	1.1106982944667967
Cain_2023	0.97	0.9508476618698403
Cain_2023	0.975	0.8148528988781428
Cain_2023	0.98	0.7036599985330702
Cain_2023	0.985	0.6159765486981336
Cain_2023	0.99	0.5490292172630243
Cain_2023	0.995	0.49929555964450284
Cain_2023	1.0	0.4631050155813014
Frohlich	0.0	0.12070209009914894
Frohlich	0.005	0.13036403851280037
Frohlich	0.01	0.1410919463043273
Frohlich	0.015	0.15304228413987384
Frohlich	0.02	0.1663952568482771
Frohlich	0.025	0.1813567251441184
Frohlich	0.03	0.19815968684434684
Frohlich	0.035	0.21706511307142945
Frohlich	0.04	0.2383619059292161
Frohlich	0.045	0.26236572012529996
Frohlich	0.05	0.28941637571314643
Frohlich	0.055	0.3198735869075525
Frohlich	0.06	0.3541107475487714
Frohlich	0.065	0.3925065519937527
Frohlich	0.07	0.4354342951593687
Frohlich	0.075	0.48324879004923155
Frohlich	0.08	0.5362709663160269
Frohlich	0.085	0.5947703675466767
Frohlich	0.09	0.6589459430965826
Frohlich	0.095	0.7289057239862654
Frohlich	0.1	0.8046461696033481
Frohlich	0.105	0.886032157562631
Frohlich	0.11	0.9727787455788721
Frohlich	0.115	1.064435943050116
Frohlich	0.12	1.1603777732539495
Frohlich	0.125	1.2597968691013377
Frohlich	0.13	1.3617057151759018
Frohlich	0.135	1.4649454214828446
Frohlich	0.14	1.5682025928682133
Frohlich	0.145	1.6700344540284298
Frohlich	0.15	1.7689019237749304
Frohlich	0.155	1.863209832114231
Frohlich	0.16	1.9513529743996478
Frohlich	0.165	2.0317662366619476
Frohlich	0.17	2.1029766440388675
Frohlich	0.17500000000000002	2.1636549156256777
Frohlich	0.18	2.2126639828763794
Frohlich	0.185	2.2491019636748715
Frohlich	0.19	2.2723372866826437
Frohlich	0.195	2.2820340231166956
Frohlich	0.2	2.2781659845783135
Frohlich	0.20500000000000002	2.261018752550776
Frohlich	0.21	2.2311794748175457
Frohlich	0.215	2.1895149476927998
Frohlich	0.22	2.137139150632069
Frohlich	0.225	2.075371964733432
Frohlich	0.23	2.0056912494727963
Frohlich	0.23500000000000001	1.9296807441505042
Frohlich	0.24	1.848976386397272
Frohlich	0.245	1.7652135980468027
Frohlich	0.25	1.6799778904888316
Frohlich	0.255	1.5947608106592492
Frohlich	0.26	1.5109228173382283
Frohlich	0.265	1.4296641830610404
Frohlich	0.27	1.3520044990866849
Frohlich	0.275	1.2787708571268743
Frohlich	0.28	1.2105943247320539
Frohlich	0.28500000000000003	1.1479139471345898
Frohlich	0.29	1.090987214330583
Frohlich	0.295	1.039905736777375
Frohlich	0.3	0.9946147764231589
Frohlich	0.305	0.9549352747131273
Frohlich	0.31	0.920587092906232
Frohlich	0.315	0.8912123158616589
Frohlich	0.32	0.8663976499061115
Frohlich	0.325	0.8456951498507043
Frohlich	0.33	0.8286407224404295
Frohlich	0.335	0.8147700587231599
Frohlich	0.34	0.8036318344400051
Frohlich	0.34500000000000003	0.7947981774844031
Frohlich	0.35000000000000003	0.787872530140811
Frohlich	0.355	0.782495129746696
Frohlich	0.36	0.7783463958488246
Frohlich	0.365	0.7751485481477688
Frohlich	0.37	0.7726657922856663
Frohlich	0.375	0.7707034053944142
Frohlich	0.38	0.7691060360891008
Frohlich	0.385	0.7677555097808251
Frohlich	0.39	0.766568404528855
Frohlich	0.395	0.7654936386324667
Frohlich	0.4	0.7645102905266979
Frohlich	0.405	0.7636258538557883
Frohlich	0.41000000000000003	0.7628751128399645
Frohlich	0.41500000000000004	0.7623197994321981
Frohlich	0.42	0.7620491558642057
Frohlich	0.425	0.7621814636991724
Frohlich	0.43	0.7628665027752216
Frohlich	0.435	0.7642887618543205
Frohlich	0.44	0.7666710341775917
Frohlich	0.445	0.7702778014142324
Frohlich	0.45	0.7754175573110569
Frohlich	0.455	0.7824429812573604
Frohlich	0.46	0.79174769012048
Frohlich	0.465	0.8037582327722866
Frohlich	0.47000000000000003	0.8189201065468654
Frohlich	0.47500000000000003	0.8376769189462309
Frohlich	0.48	0.8604424164505904
Frohlich	0.485	0.8875659406326148
Frohlich	0.49	0.9192928850829795
Frohlich	0.495	0.9557227978991806
Frohlich	0.5	0.9967687438385668
Frohlich	0.505	1.04212222676183
Frohlich	0.51	1.0912282065709988
Frohlich	0.515	1.1432744028272006
Frohlich	0.52	1.1971981179353854
Frohlich	0.525	1.251712297020228
Frohlich	0.53	1.305350634996144
Frohlich	0.535	1.3565294938879588
Frohlich	0.54	1.403622498638466
Frohlich	0.545	1.4450422203317985
Frohlich	0.55	1.479322549179035
Frohlich	0.555	1.505195314177061
Frohlich	0.56	1.5216554014035824
Frohlich	0.5650000000000001	1.5280099165736523
Frohlich	0.5700000000000001	1.52390860078655
Frohlich	0.5750000000000001	1.5093544768406646
Frohlich	0.58	1.4846953327583332
Frohlich	0.585	1.450597960859953
Frohlich	0.59	1.4080079775579468
Frohlich	0.595	1.3580985547953677
Frohlich	0.6	1.3022115712510396
Frohlich	0.605	1.2417946453733637
Frohlich	0.61	1.178337343304477
Frohlich	0.615	1.1133096296279106
Frohlich	0.62	1.0481053687593296
Frohlich	0.625	0.9839933707696856
Frohlich	0.63	0.9220780676951378
Frohlich	0.635	0.8632713693126041
Frohlich	0.64	0.8082765715200476
Frohlich	0.645	0.7575844048653371
Frohlich	0.65	0.7114804820723934
Frohlich	0.655	0.6700626231919706
Frohlich	0.66	0.6332659015529942
Frohlich	0.665	0.6008928425212704
Frohlich	0.67	0.5726460659596907
Frohlich	0.675	0.5481607958268304
Frohlich	0.68	0.5270350293069999
Frohlich	0.685	0.5088556948715548
Frohlich	0.6900000000000001	0.49321974911000027
Frohlich	0.6950000000000001	0.4797497812196017
Frohlich	0.7000000000000001	0.4681042403618124
Frohlich	0.705	0.45798282575012633
Frohlich	0.71	0.4491278591130923
Frohlich	0.715	0.44132259478452324
Frohlich	0.72	0.4343874332979987
Frohlich	0.725	0.4281749204612906
Frohlich	0.73	0.4225642699594315
Frohlich	0.735	0.4174559761972747
Frohlich	0.74	0.4127669121346223
Frohlich	0.745	0.4084261534396886
Frohlich	0.75	0.4043716468943277
Frohlich	0.755	0.40054775274570553
Frohlich	0.76	0.39690363826419034
Frohlich	0.765	0.3933924813540847
Frohlich	0.77	0.38997145621139045
Frohlich	0.775	0.38660251580994753
Frohlich	0.78	0.38325405759651465
Frohlich	0.785	0.3799036592742663
Frohlich	0.79	0.37654220096121394
Frohlich	0.795	0.3731798462452037
Frohlich	0.8	0.3698545301151943
Frohlich	0.805	0.36664377778148244
Frohlich	0.81	0.36368081701848787
Frohlich	0.8150000000000001	0.3611759793725917
Frohlich	0.8200000000000001	0.3594442010901796
Frohlich	0.8250000000000001	0.3589388710017689
Frohlich	0.8300000000000001	0.36029112468078034
Frohlich	0.835	0.36435174244154034
Frohlich	0.84	0.37222994668014386
Frohlich	0.845	0.38531971200532
Frohlich	0.85	0.40530020840770115
Frohlich	0.855	0.43409376879421135
Frohlich	0.86	0.47376397086715466
Frohlich	0.865	0.5263400405457763
Frohlich	0.87	0.5935634844998825
Frohlich	0.875	0.6765689670129574
Frohlich	0.88	0.7755318821094903
Frohlich	0.885	0.889334878591473
Frohlich	0.89	1.015317824806547
Frohlich	0.895	1.1491740315581445
Frohlich	0.9	1.2850379066253135
Frohlich	0.905	1.415780220935264
Frohlich	0.91	1.5334968696161555
Frohlich	0.915	1.6301549980898922
Frohlich	0.92	1.6983483588435986
Frohlich	0.925	1.732102990305323
Frohlich	0.93	1.7276524456888338
Frohlich	0.935	1.684066971772783
Frohlich	0.9400000000000001	1.6035917512142412
Frohlich	0.9450000000000001	1.4915584400010418
Frohlich	0.9500000000000001	1.3558061563038428
Frohlich	0.9550000000000001	1.2056741859846847
Frohlich	0.96	1.0507620722382183
Frohlich	0.965	0.8997311538030107
Frohlich	0.97	0.7594047236611423
Frohlich	0.975	0.6343188911360618
Frohlich	0.98	0.5267325452968038
Frohlich	0.985	0.4369842658019608
Frohlich	0.99	0.36402698860374555
Frohlich	0.995	0.3059814427041236
Frohlich	1.0	0.26060193514070457
Green	0.0	0.09142451083910395
Green	0.005	0.09707787054382984
Green	0.01	0.10327425941152327
Green	0.015	0.11008935733002588
Green	0.02	0.1176102584353975
Green	0.025	0.12593656741533954
Green	0.03	0.1351813824724461
Green	0.035	0.14547208543673534
Green	0.04	0.1569508407684734
Green	0.045	0.1697746854625311
Green	0.05	0.18411507271165903
Green	0.055	0.20015671585250458
Green	0.06	0.2180955685139154
Green	0.065	0.23813577545554723
Green	0.07	0.2604854400501181
Green	0.075	0.2853510823501547
Green	0.08	0.31293070922742394
Green	0.085	0.3434054870677496
Green	0.09	0.3769300981026241
Green	0.095	0.41362197156408936
Green	0.1	0.4535497057234134
Green	0.105	0.4967211289812589
Green	0.11	0.543071577326345
Green	0.115	0.5924530793247854
Green	0.12	0.6446252247155043
Green	0.125	0.6992485349789297
Green	0.13	0.7558811416488035
Green	0.135	0.8139795014168094
Green	0.14	0.8729037315980593
Green	0.145	0.9319279365396936
Green	0.15	0.9902556230499948
Green	0.155	1.0470399857917592
Green	0.16	1.1014085030192877
Green	0.165	1.1524909451371839
Green	0.17	1.1994495921588135
Green	0.17500000000000002	1.241510210106037
Green	0.18	1.277992176606931
Green	0.185	1.3083360923809209
Green	0.19	1.3321272794827865
Green	0.195	1.3491137504606183
Green	0.2	1.3592175254384022
Green	0.20500000000000002	1.3625385566219672
Green	0.21	1.3593509631546328
Green	0.215	1.3500917488344593
Green	0.22	1.3353426334715874
Green	0.225	1.3158060391503725
Green	0.23	1.292276603519928
Green	0.23500000000000001	1.2656098192930623
Green	0.24	1.2366895080483704
Green	0.245	1.2063958237477017
Green	0.25	1.1755753543738114
Green	0.255	1.145014665480064
Green	0.26	1.1154183311952606
Green	0.265	1.0873921547595293
Green	0.27	1.061431921804163
Green	0.275	1.0379176836360886
Green	0.28	1.0171132590551866
Green	0.28500000000000003	0.9991703902207584
Green	0.29	0.9841368024690298
Green	0.295	0.9719673044185868
Green	0.3	0.9625370213382592
Green	0.305	0.9556558743457378
Green	0.31	0.9510834893765691
Green	0.315	0.948543829523576
Green	0.32	0.9477389780758942
Green	0.325	0.9483616438081889
Green	0.33	0.9501061029159925
Green	0.335	0.952677424004949
Green	0.34	0.9557989370126615
Green	0.34500000000000003	0.9592179999321954
Green	0.35000000000000003	0.9627101873100763
Green	0.355	0.9660820724297723
Green	0.36	0.9691728032192013
Green	0.365	0.9718546837118343
Green	0.37	0.9740329724573236
Green	0.375	0.975645100941745
Green	0.38	0.9766595030044809
Green	0.385	0.9770742340999364
Green	0.39	0.9769155498910504
Green	0.395	0.9762366087141535
Green	0.4	0.9751164619105288
Green	0.405	0.9736594977307962
Green	0.41000000000000003	0.9719955037326965
Green	0.41500000000000004	0.9702805016703705
Green	0.42	0.9686984774020062
Green	0.425	0.9674640639512396
Green	0.43	0.9668261259849501
Green	0.435	0.9670720287621091
Green	0.44	0.9685321508570686
Green	0.445	0.9715839256419381
Green	0.45	0.9766543950301348
Green	0.455	0.984219971809834
Green	0.46	0.9948018930743703
Green	0.465	1.008955778348577
Green	0.47000000000000003	1.0272538557228827
Green	0.47500000000000003	1.0502588481904291
Green	0.48	1.0784892495525065
Green	0.485	1.1123767447295227
Green	0.49	1.1522177616981968
Green	0.495	1.1981224367824184
Green	0.5	1.2499654355194407
Green	0.505	1.3073438774522328
Green	0.51	1.369547859831707
Green	0.515	1.4355486173893257
Green	0.52	1.5040081488465522
Green	0.525	1.5733122675857125
Green	0.53	1.6416267033433374
Green	0.535	1.706973404200292
Green	0.54	1.7673219229073414
Green	0.545	1.820689060010511
Green	0.55	1.8652390339996798
Green	0.555	1.8993764741393169
Green	0.56	1.9218254432031694
Green	0.5650000000000001	1.9316893063580398
Green	0.5700000000000001	1.9284882783166126
Green	0.5750000000000001	1.9121735770564903
Green	0.58	1.8831189961574077
Green	0.585	1.842092176034387
Green	0.59	1.7902088220971666
Green	0.595	1.72887361448866
Green	0.6	1.659711691045752
Green	0.605	1.5844945075084436
Green	0.61	1.5050637156781175
Green	0.615	1.4232565276318432
Green	0.62	1.3408358622466034
Green	0.625	1.2594283526681802
Green	0.63	1.1804729549903974
Green	0.635	1.1051823713914957
Green	0.64	1.034518755808924
Green	0.645	0.9691842335971214
Green	0.65	0.9096257212258417
Green	0.655	0.8560524999829516
Green	0.66	0.8084641128083317
Green	0.665	0.7666855318557408
Green	0.67	0.7304062600196994
Green	0.675	0.6992201009787486
Green	0.68	0.6726627223597526
Green	0.685	0.6502447644992456
Green	0.6900000000000001	0.6314790069336944
Green	0.6950000000000001	0.615900886145361
Green	0.7000000000000001	0.6030823657032571
Green	0.705	0.5926397254254873
Green	0.71	0.5842362237854389
Green	0.715	0.577580792928115
Green	0.72	0.5724239686232642
Green	0.725	0.5685521743693385
Green	0.73	0.5657813123309455
Green	0.735	0.5639504051938699
Green	0.74	0.5629158170048101
Green	0.745	0.5625463828629594
Green	0.75	0.5627196124154039
Green	0.755	0.5633190075178017
Green	0.76	0.5642324510437412
Green	0.765	0.5653515789380887
Green	0.77	0.5665720371977498
Green	0.775	0.5677945460378686
Green	0.78	0.5689267432938987
Green	0.785	0.5698858586164472
Green	0.79	0.5706023818085806
Green	0.795	0.571025036176734
Green	0.8	0.5711275524603635
Green	0.805	0.5709179546149411
Green	0.81	0.5704512920674932
Green	0.8150000000000001	0.5698469290713396
Green	0.8200000000000001	0.5693115261622398
Green	0.8250000000000001	0.5691685525110357
Green	0.8300000000000001	0.5698943169004749
Green	0.835	0.5721588324639066
Green	0.84	0.5768671248587668
Green	0.845	0.5851928534480891
Green	0.85	0.598591753216196
Green	0.855	0.618778441689162
Green	0.86	0.647648258115702
Green	0.865	0.6871281406258994
Green	0.87	0.7389490313390658
Green	0.875	0.8043476293707903
Green	0.88	0.8837258294700056
Green	0.885	0.9763172691144603
Green	0.89	1.079925156527301
Green	0.895	1.1907971560225274
Green	0.9	1.3036883152746492
Green	0.905	1.412134805284097
Green	0.91	1.5089282594534517
Green	0.915	1.586752361531413
Green	0.92	1.6389241338303864
Green	0.925	1.6601676899123528
Green	0.93	1.6473299056686435
Green	0.935	1.5999245311465053
Green	0.9400000000000001	1.5203778209081091
Green	0.9450000000000001	1.4138693213935993
Green	0.9500000000000001	1.2877327878358344
Green	0.9550000000000001	1.1504939660345634
Green	0.96	1.0107333387846642
Green	0.965	0.8760212001162736
Green	0.97	0.7521480849840383
Green	0.975	0.6427747409970885
Green	0.98	0.5494969889055267
Green	0.985	0.47221554243526276
Green	0.99	0.4096533134137986
Green	0.995	0.3598750465841187
Green	1.0	0.32071370510627073
Lau_2020	0.0	0.0828437328425222
Lau_2020	0.005	0.08826177907043085
Lau_2020	0.01	0.09425598811153027
Lau_2020	0.015	0.10092018331611785
Lau_2020	0.02	0.10836407216969382
Lau_2020	0.025	0.1167148199487624
Lau_2020	0.03	0.12611839525686422
Lau_2020	0.035	0.13674054955759823
Lau_2020	0.04	0.14876726986878447
Lau_2020	0.045	0.16240452384816956
Lau_2020	0.05	0.17787710216096161
Lau_2020	0.055	0.19542635727510196
Lau_2020	0.06	0.21530664395178153
Lau_2020	0.065	0.23778028797485634
Lau_2020	0.07	0.2631109490613274
Lau_2020	0.075	0.2915553036488957
Lau_2020	0.08	0.32335305440375917
Lau_2020	0.085	0.3587153752127915
Lau_2020	0.09	0.3978120204337886
Lau_2020	0.095	0.44075746023561563
Lau_2020	0.1	0.4875965424694467
Lau_2020	0.105	0.5382903158619854
Lau_2020	0.11	0.5927027677217764
Lau_2020	0.115	0.6505893189743992
Lau_2020	0.12	0.7115879672623125
Lau_2020	0.125	0.7752139632931002
Lau_2020	0.13	0.8408588373864291
Lau_2020	0.135	0.9077944569914684
Lau_2020	0.14	0.9751825917190814
Lau_2020	0.145	1.0420901960787714
Lau_2020	0.15	1.107510303931338
Lau_2020	0.155	1.1703880810665759
Lau_2020	0.16	1.2296512268143236
Lau_2020	0.165	1.2842435791807063
Lau_2020	0.17	1.333160488879201
Lau_2020	0.17500000000000002	1.3754843126165268
Lau_2020	0.18	1.410418257789156
Lau_2020	0.185	1.4373168053714214
Lau_2020	0.19	1.455711052545212
Lau_2020	0.195	1.465327548877909
Lau_2020	0.2	1.4660995366878138
Lau_2020	0.20500000000000002	1.4581699252581566
Lau_2020	0.21	1.4418857997148744
Lau_2020	0.215	1.4177847536025066
Lau_2020	0.22	1.3865738026343295
Lau_2020	0.225	1.3491020505916633
Lau_2020	0.23	1.3063286066966142
Lau_2020	0.23500000000000001	1.2592874744784457
Lau_2020	0.24	1.209051232302157
Lau_2020	0.245	1.1566953029209448
Lau_2020	0.25	1.103264471515372
Lau_2020	0.255	1.0497430755859454
Lau_2020	0.26	0.9970299796247479
Lau_2020	0.265	0.9459190908821411
Lau_2020	0.27	0.8970857993991611
Lau_2020	0.275	0.851079364108883
Lau_2020	0.28	0.8083209418215457
Lau_2020	0.28500000000000003	0.7691066863929029
Lau_2020	0.29	0.7336151438535572
Lau_2020	0.295	0.7019180413858455
Lau_2020	0.3	0.6739935129144391
Lau_2020	0.305	0.6497408153243962
Lau_2020	0.31	0.6289956563330257
Lau_2020	0.315	0.611545364554169
Lau_2020	0.32	0.5971432699232138
Lau_2020	0.325	0.5855218142953953
Lau_2020	0.33	0.5764040649968754
Lau_2020	0.335	0.5695134479190032
Lau_2020	0.34	0.5645816435901182
Lau_2020	0.34500000000000003	0.561354694524063
Lau_2020	0.35000000000000003	0.5595974526768315
Lau_2020	0.355	0.5590965520091864
Lau_2020	0.36	0.5596621247782539
Lau_2020	0.365	0.5611284944339866
Lau_2020	0.37	0.5633540768813304
Lau_2020	0.375	0.5662207097607049
Lau_2020	0.38	0.5696326106384835
Lau_2020	0.385	0.5735151435454126
Lau_2020	0.39	0.5778135524279326
Lau_2020	0.395	0.5824918020835246
Lau_2020	0.4	0.5875316530685637
Lau_2020	0.405	0.5929320863684673
Lau_2020	0.41000000000000003	0.5987091839591718
Lau_2020	0.41500000000000004	0.6048965584550731
Lau_2020	0.42	0.6115464026500221
Lau_2020	0.425	0.6187311903593161
Lau_2020	0.43	0.6265459956877188
Lau_2020	0.435	0.6351113021992505
Lau_2020	0.44	0.6445760436827455
Lau_2020	0.445	0.655120457927431
Lau_2020	0.45	0.6669581567129723
Lau_2020	0.455	0.6803366422076084
Lau_2020	0.46	0.6955353656791423
Lau_2020	0.465	0.712860369996571
Lau_2020	0.47000000000000003	0.7326346257534049
Lau_2020	0.47500000000000003	0.7551833979946172
Lau_2020	0.48	0.7808143851887408
Lau_2020	0.485	0.8097929455681191
Lau_2020	0.49	0.8423134251029868
Lau_2020	0.495	0.8784683472747611
Lau_2020	0.5	0.9182179094372689
Lau_2020	0.505	0.9613627317600313
Lau_2020	0.51	1.007523008075298
Lau_2020	0.515	1.0561270312926645
Lau_2020	0.52	1.1064114816438697
Lau_2020	0.525	1.1574349138346014
Lau_2020	0.53	1.2081046669157935
Lau_2020	0.535	1.2572161086401705
Lau_2020	0.54	1.3035018987876348
Lau_2020	0.545	1.3456879865237084
Lau_2020	0.55	1.382552472297337
Lau_2020	0.555	1.4129833211896725
Lau_2020	0.56	1.4360311888992527
Lau_2020	0.5650000000000001	1.4509542219712304
Lau_2020	0.5700000000000001	1.4572524867000445
Lau_2020	0.5750000000000001	1.4546905257703941
Lau_2020	0.58	1.4433073246041617
Lau_2020	0.585	1.4234136271676696
Lau_2020	0.59	1.3955770667324692
Lau_2020	0.595	1.3605960088683715
Lau_2020	0.6	1.3194634002956491
Lau_2020	0.605	1.2733223277173207
Lau_2020	0.61	1.2234154315469485
Lau_2020	0.615	1.1710307613798951
Lau_2020	0.62	1.1174470329146107
Lau_2020	0.625	1.06388145738791
Lau_2020	0.63	1.011443277192914
Lau_2020	0.635	0.9610958006873792
Lau_2020	0.64	0.9136290831160855
Lau_2020	0.645	0.8696445054703613
Lau_2020	0.65	0.8295514653508075
Lau_2020	0.655	0.7935753491050848
Lau_2020	0.66	0.7617750405429421
Lau_2020	0.665	0.7340675520760495
Lau_2020	0.67	0.7102570090229445
Lau_2020	0.675	0.6900651938903934
Lau_2020	0.68	0.6731611307640334
Lau_2020	0.685	0.6591876875365477
Lau_2020	0.6900000000000001	0.6477838009361451
Lau_2020	0.6950000000000001	0.6386015885427351
Lau_2020	0.7000000000000001	0.6313182185050488
Lau_2020	0.705	0.6256429004712454
Lau_2020	0.71	0.621319707405878
Lau_2020	0.715	0.6181271314219681
Lau_2020	0.72	0.6158753328573894
Lau_2020	0.725	0.6144019897485886
Lau_2020	0.73	0.6135675297948991
Lau_2020	0.735	0.613250363482204
Lau_2020	0.74	0.6133425647499964
Lau_2020	0.745	0.6137462865434796
Lau_2020	0.75	0.6143710671846723
Lau_2020	0.755	0.6151320875288958
Lau_2020	0.76	0.6159493814786602
Lau_2020	0.765	0.6167479841911513
Lau_2020	0.77	0.617459023158834
Lau_2020	0.775	0.6180218178721987
Lau_2020	0.78	0.6183871559395091
Lau_2020	0.785	0.6185220604963865
Lau_2020	0.79	0.6184165587524374
Lau_2020	0.795	0.6180932054920553
Lau_2020	0.8	0.6176204020589547
Lau_2020	0.805	0.6171308589531066
Lau_2020	0.81	0.6168468269724828
Lau_2020	0.8150000000000001	0.6171138653840795
Lau_2020	0.8200000000000001	0.6184447470216943
Lau_2020	0.8250000000000001	0.6215743426638495
Lau_2020	0.8300000000000001	0.6275246077211967
Lau_2020	0.835	0.6376756998320039
Lau_2020	0.84	0.653834475570471
Lau_2020	0.845	0.6782851891459043
Lau_2020	0.85	0.713799868960841
Lau_2020	0.855	0.763579295190872
Lau_2020	0.86	0.8310925556772686
Lau_2020	0.865	0.9197873874311672
Lau_2020	0.87	1.0326582736273884
Lau_2020	0.875	1.1716861333565372
Lau_2020	0.88	1.3372004168057052
Lau_2020	0.885	1.5272547318196825
Lau_2020	0.89	1.7371395963823193
Lau_2020	0.895	1.9591675369775365
Lau_2020	0.9	2.182846265093951
Lau_2020	0.905	2.395502412866418
Lau_2020	0.91	2.5833390311861604
Lau_2020	0.915	2.7328215579960107
Lau_2020	0.92	2.832209868165349
Lau_2020	0.925	2.8730062038909674
Lau_2020	0.93	2.851081128608323
Lau_2020	0.935	2.767275549514231
Lau_2020	0.9400000000000001	2.62735370349993
Lau_2020	0.9450000000000001	2.4412911000666555
Lau_2020	0.9500000000000001	2.2220054402843283
Lau_2020	0.9550000000000001	1.9837502194798116
Lau_2020	0.96	1.7404580594008963
Lau_2020	0.965	1.504319633603181
Lau_2020	0.97	1.2848115670773614
Lau_2020	0.975	1.088266259395579
Lau_2020	0.98	0.9179486834071646
Lau_2020	0.985	0.774509289970333
Lau_2020	0.99	0.6566401335029165
Lau_2020	0.995	0.5617718867278304
Lau_2020	1.0	0.4866940728317887
Leng_2021	0.0	0.05755293655013405
Leng_2021	0.005	0.05995572044271459
Leng_2021	0.01	0.06245482172845442
Leng_2021	0.015	0.06505536342101796
Leng_2021	0.02	0.06776307718505892
Leng_2021	0.025	0.07058436817241051
Leng_2021	0.03	0.0735263719439964
Leng_2021	0.035	0.07659699797967898
Leng_2021	0.04	0.07980495335812846
Leng_2021	0.045	0.08315973941432812
Leng_2021	0.05	0.08667161365686651
Leng_2021	0.055	0.09035150906557518
Leng_2021	0.06	0.0942109032118959
Leng_2021	0.065	0.09826163056429749
Leng_2021	0.07	0.10251563295690505
Leng_2021	0.075	0.10698464557810387
Leng_2021	0.08	0.11167981899799204
Leng_2021	0.085	0.11661128165897261
Leng_2021	0.09	0.12178765178852217
Leng_2021	0.095	0.12721551266071515
Leng_2021	0.1	0.13289887025192643
Leng_2021	0.105	0.13883861724560834
Leng_2021	0.11	0.14503203161695605
Leng_2021	0.115	0.15147234120919
Leng_2021	0.12	0.15814838733663206
Leng_2021	0.125	0.1650444200968492
Leng_2021	0.13	0.17214005541892255
Leng_2021	0.135	0.1794104187338386
Leng_2021	0.14	0.18682649252866224
Leng_2021	0.145	0.19435567515892452
Leng_2021	0.15	0.2019625465953528
Leng_2021	0.155	0.20960982394593636
Leng_2021	0.16	0.21725947648459915
Leng_2021	0.165	0.22487395752431122
Leng_2021	0.17	0.23241749983380428
Leng_2021	0.17500000000000002	0.23985741340360933
Leng_2021	0.18	0.24716532006037065
Leng_2021	0.185	0.2543182593059754
Leng_2021	0.19	0.2612996040967787
Leng_2021	0.195	0.26809973398521375
Leng_2021	0.2	0.27471642564603566
Leng_2021	0.20500000000000002	0.2811549364715959
Leng_2021	0.21	0.287427774524382
Leng_2021	0.215	0.29355416636896914
Leng_2021	0.22	0.2995592517876874
Leng_2021	0.225	0.3054730497929533
Leng_2021	0.23	0.3113292525471392
Leng_2021	0.23500000000000001	0.31716391194027055
Leng_2021	0.24	0.3230140871717983
Leng_2021	0.245	0.32891652064742954
Leng_2021	0.25	0.3349064041375277
Leng_2021	0.255	0.3410162880949264
Leng_2021	0.26	0.3472751752060802
Leng_2021	0.265	0.35370782572245785
Leng_2021	0.27	0.36033428801441536
Leng_2021	0.275	0.36716965417977404
Leng_2021	0.28	0.3742240283516199
Leng_2021	0.28500000000000003	0.3815026852990497
Leng_2021	0.29	0.3890063894622797
Leng_2021	0.295	0.39673183990755184
Leng_2021	0.3	0.4046722047779604
Leng_2021	0.305	0.4128177093946497
Leng_2021	0.31	0.4211562448131413
Leng_2021	0.315	0.429673967849544
Leng_2021	0.32	0.43835586881189414
Leng_2021	0.325	0.4471862888701347
Leng_2021	0.33	0.45614937470073913
Leng_2021	0.335	0.4652294633638247
Leng_2021	0.34	0.47441139503126273
Leng_2021	0.34500000000000003	0.4836807550107289
Leng_2021	0.35000000000000003	0.49302404942976974
Leng_2021	0.355	0.5024288209676986
Leng_2021	0.36	0.5118837122288065
Leng_2021	0.365	0.5213784848595632
Leng_2021	0.37	0.5309040024706896
Leng_2021	0.375	0.5404521849837153
Leng_2021	0.38	0.5500159413243393
Leng_2021	0.385	0.5595890865566747
Leng_2021	0.39	0.5691662486938702
Leng_2021	0.395	0.5787427696049041
Leng_2021	0.4	0.5883146037103203
Leng_2021	0.405	0.5978782175415119
Leng_2021	0.41000000000000003	0.6074304927265336
Leng_2021	0.41500000000000004	0.6169686345395069
Leng_2021	0.42	0.6264900877756716
Leng_2021	0.425	0.6359924613466382
Leng_2021	0.43	0.6454734625846276
Leng_2021	0.435	0.6549308417597582
Leng_2021	0.44	0.6643623467236212
Leng_2021	0.445	0.6737656868910537
Leng_2021	0.45	0.6831385049867359
Leng_2021	0.455	0.6924783541772294
Leng_2021	0.46	0.7017826774827133
Leng_2021	0.465	0.7110487858464705
Leng_2021	0.47000000000000003	0.7202738310785897
Leng_2021	0.47500000000000003	0.7294547702171009
Leng_2021	0.48	0.7385883187566751
Leng_2021	0.485	0.7476708917004047
Leng_2021	0.49	0.7566985334136038
Leng_2021	0.495	0.7656668396102735
Leng_2021	0.5	0.7745708771941
Leng_2021	0.505	0.7834051097529302
Leng_2021	0.51	0.792163337904433
Leng_2021	0.515	0.8008386641030709
Leng_2021	0.52	0.8094234907565756
Leng_2021	0.525	0.8179095585430938
Leng_2021	0.53	0.8262880288308099
Leng_2021	0.535	0.8345496104062897
Leng_2021	0.54	0.8426847267512138
Leng_2021	0.545	0.8506837163372415
Leng_2021	0.55	0.8585370552555365
Leng_2021	0.555	0.8662355892686658
Leng_2021	0.56	0.8737707612299765
Leng_2021	0.5650000000000001	0.8811348197776706
Leng_2021	0.5700000000000001	0.8883209961867641
Leng_2021	0.5750000000000001	0.895323638101724
Leng_2021	0.58	0.902138291413932
Leng_2021	0.585	0.9087617246458967
Leng_2021	0.59	0.9151918937305121
Leng_2021	0.595	0.9214278488946517
Leng_2021	0.6	0.9274695892962427
Leng_2021	0.605	0.9333178748769712
Leng_2021	0.61	0.9389740082582099
Leng_2021	0.615	0.9444396020585287
Leng_2021	0.62	0.9497163483927007
Leng_2021	0.625	0.9548058072586134
Leng_2021	0.63	0.9597092289247552
Leng_2021	0.635	0.9644274223991669
Leng_2021	0.64	0.9689606779057657
Leng_2021	0.645	0.9733087465032726
Leng_2021	0.65	0.9774708751378336
Leng_2021	0.655	0.981445891101307
Leng_2021	0.66	0.9852323265515235
Leng_2021	0.665	0.9888285717432008
Leng_2021	0.67	0.9922330450124244
Leng_2021	0.675	0.9954443682414263
Leng_2021	0.68	0.9984615382261444
Leng_2021	0.685	1.0012840866986228
Leng_2021	0.6900000000000001	1.0039122243138394
Leng_2021	0.6950000000000001	1.0063469663286242
Leng_2021	0.7000000000000001	1.008590239698211
Leng_2021	0.705	1.010644972725395
Leng_2021	0.71	1.012515169166108
Leng_2021	0.715	1.0142059688754164
Leng_2021	0.72	1.0157236968058003
Leng_2021	0.725	1.0170759016485431
Leng_2021	0.73	1.0182713849044371
Leng_2021	0.735	1.0193202210237624
Leng_2021	0.74	1.0202337699280182
Leng_2021	0.745	1.021024685370212
Leng_2021	0.75	1.0217069271616124
Leng_2021	0.755	1.0222957936943717
Leng_2021	0.76	1.0228080054572635
Leng_2021	0.765	1.0232618932673454
Leng_2021	0.77	1.0236777807409154
Leng_2021	0.775	1.0240787045804582
Leng_2021	0.78	1.0244916959088604
Leng_2021	0.785	1.0249499607918022
Leng_2021	0.79	1.0254964604141765
Leng_2021	0.795	1.0261896150260168
Leng_2021	0.8	1.0271121531468397
Leng_2021	0.805	1.0283845011169075
Leng_2021	0.81	1.0301845335377222
Leng_2021	0.8150000000000001	1.0327759027319388
Leng_2021	0.8200000000000001	1.0365473608796143
Leng_2021	0.8250000000000001	1.042065173089046
Leng_2021	0.8300000000000001	1.0501394321165245
Leng_2021	0.835	1.0619022562099416
Leng_2021	0.84	1.0788909554924468
Leng_2021	0.845	1.1031221024570796
Leng_2021	0.85	1.1371336046892753
Leng_2021	0.855	1.1839630965602705
Leng_2021	0.86	1.2470253746031048
Leng_2021	0.865	1.3298534283744203
Leng_2021	0.87	1.4356811481620984
Leng_2021	0.875	1.5668735579764532
Leng_2021	0.88	1.7242510648717229
Leng_2021	0.885	1.9064008647214141
Leng_2021	0.89	2.1091089906767575
Leng_2021	0.895	2.3250653727019532
Leng_2021	0.9	2.5439786455776314
Leng_2021	0.905	2.753182131868155
Leng_2021	0.91	2.93872410349573
Leng_2021	0.915	3.0868323454917386
Leng_2021	0.92	3.1855500968216846
Leng_2021	0.925	3.2262815661025095
Leng_2021	0.93	3.204976695549619
Leng_2021	0.935	3.1227319304872876
Leng_2021	0.9400000000000001	2.985680429230912
Leng_2021	0.9450000000000001	2.8041750012273186
Leng_2021	0.9500000000000001	2.5914043010917265
Leng_2021	0.9550000000000001	2.361695254270557
Leng_2021	0.96	2.1288113369782002
Leng_2021	0.965	1.904538874297489
Leng_2021	0.97	1.6977662736820147
Leng_2021	0.975	1.5141320921296466
Leng_2021	0.98	1.356188267653608
Leng_2021	0.985	1.2239320331671055
Leng_2021	0.99	1.1155230754701677
Leng_2021	0.995	1.0280181520335436
Leng_2021	1.0	0.9580044529442538
Mathys_2019	0.0	0.06514251721605586
Mathys_2019	0.005	0.06965798172769197
Mathys_2019	0.01	0.07464538855502295
Mathys_2019	0.015	0.0801761528737964
Mathys_2019	0.02	0.08633372116604988
Mathys_2019	0.025	0.09321504847850165
Mathys_2019	0.03	0.10093203394798071
Mathys_2019	0.035	0.10961282616910667
Mathys_2019	0.04	0.11940288308448271
Mathys_2019	0.045	0.1304656421326629
Mathys_2019	0.05	0.14298262750818164
Mathys_2019	0.055	0.15715279558555367
Mathys_2019	0.06	0.1731909007035753
Mathys_2019	0.065	0.1913246561368485
Mathys_2019	0.07	0.2117904740738404
Mathys_2019	0.075	0.2348275985003931
Mathys_2019	0.08	0.26067050001379266
Mathys_2019	0.085	0.2895394842598707
Mathys_2019	0.09	0.3216295762113507
Mathys_2019	0.095	0.35709787839222445
Mathys_2019	0.1	0.39604975662620256
Mathys_2019	0.105	0.4385243727120508
Mathys_2019	0.11	0.48448024709112486
Mathys_2019	0.115	0.5337816808916511
Mathys_2019	0.12	0.5861869789226476
Mathys_2019	0.125	0.6413394763285148
Mathys_2019	0.13	0.6987623664450775
Mathys_2019	0.135	0.7578582442734424
Mathys_2019	0.14	0.8179141127733259
Mathys_2019	0.145	0.8781123488424865
Mathys_2019	0.15	0.9375478015135013
Mathys_2019	0.155	0.9952508141016168
Mathys_2019	0.16	1.0502155500737247
Mathys_2019	0.165	1.101432590687855
Mathys_2019	0.17	1.147924395942642
Mathys_2019	0.17500000000000002	1.1887819143406733
Mathys_2019	0.18	1.223200423324812
Mathys_2019	0.185	1.2505126059483453
Mathys_2019	0.19	1.2702169352529882
Mathys_2019	0.195	1.2819996485039453
Mathys_2019	0.2	1.285748938128784
Mathys_2019	0.20500000000000002	1.2815604413624226
Mathys_2019	0.21	1.2697336417479312
Mathys_2019	0.215	1.2507593606164067
Mathys_2019	0.22	1.2252990697343726
Mathys_2019	0.225	1.1941572527372097
Mathys_2019	0.23	1.1582484435186253
Mathys_2019	0.23500000000000001	1.1185608444989612
Mathys_2019	0.24	1.0761185588057038
Mathys_2019	0.245	1.0319444534680353
Mathys_2019	0.25	0.9870255146598123
Mathys_2019	0.255	0.9422822814737831
Mathys_2019	0.26	0.8985435813436988
Mathys_2019	0.265	0.8565273732314491
Mathys_2019	0.27	0.8168280709330521
Mathys_2019	0.275	0.7799103032121336
Mathys_2019	0.28	0.7461086997157664
Mathys_2019	0.28500000000000003	0.7156329941626609
Mathys_2019	0.29	0.6885775228913023
Mathys_2019	0.295	0.6649340724554692
Mathys_2019	0.3	0.6446069913846206
Mathys_2019	0.305	0.6274295186497612
Mathys_2019	0.31	0.6131803801971132
Mathys_2019	0.315	0.6015998478688451
Mathys_2019	0.32	0.5924046242022901
Mathys_2019	0.325	0.5853010951404457
Mathys_2019	0.33	0.5799966661374732
Mathys_2019	0.335	0.5762090542630727
Mathys_2019	0.34	0.5736735420363127
Mathys_2019	0.34500000000000003	0.5721483037124118
Mathys_2019	0.35000000000000003	0.5714179906132008
Mathys_2019	0.355	0.5712958104089748
Mathys_2019	0.36	0.5716243594902279
Mathys_2019	0.365	0.5722754723806621
Mathys_2019	0.37	0.5731493427871542
Mathys_2019	0.375	0.574173152660462
Mathys_2019	0.38	0.5752994234791566
Mathys_2019	0.385	0.576504282066654
Mathys_2019	0.39	0.5777858147578953
Mathys_2019	0.395	0.5791626704227215
Mathys_2019	0.4	0.5806730647571656
Mathys_2019	0.405	0.5823743332552758
Mathys_2019	0.41000000000000003	0.584343173741281
Mathys_2019	0.41500000000000004	0.586676703930956
Mathys_2019	0.42	0.5894944253339369
Mathys_2019	0.425	0.5929411203479974
Mathys_2019	0.43	0.5971906031172762
Mathys_2019	0.435	0.6024500879282412
Mathys_2019	0.44	0.6089647294350495
Mathys_2019	0.445	0.6170216354481755
Mathys_2019	0.45	0.6269523786626688
Mathys_2019	0.455	0.6391327787933926
Mathys_2019	0.46	0.6539785476027634
Mathys_2019	0.465	0.6719353538513344
Mathys_2019	0.47000000000000003	0.6934620418134062
Mathys_2019	0.47500000000000003	0.7190061803321288
Mathys_2019	0.48	0.7489718526580211
Mathys_2019	0.485	0.7836805955103032
Mathys_2019	0.49	0.8233275742599253
Mathys_2019	0.495	0.8679362942753996
Mathys_2019	0.5	0.9173162022920306
Mathys_2019	0.505	0.9710282109777821
Mathys_2019	0.51	1.0283632875872657
Mathys_2019	0.515	1.0883386493511764
Mathys_2019	0.52	1.1497147726144814
Mathys_2019	0.525	1.2110344462854181
Mathys_2019	0.53	1.270682708430265
Mathys_2019	0.535	1.3269640250031862
Mathys_2019	0.54	1.3781908773194878
Mathys_2019	0.545	1.4227763744685429
Mathys_2019	0.55	1.4593228608946103
Mathys_2019	0.555	1.486698862601968
Mathys_2019	0.56	1.5040980485745084
Mathys_2019	0.5650000000000001	1.5110759542152292
Mathys_2019	0.5700000000000001	1.5075626802675404
Mathys_2019	0.5750000000000001	1.4938522556259128
Mathys_2019	0.58	1.4705714779900931
Mathys_2019	0.585	1.4386325622421186
Mathys_2019	0.59	1.3991747107155759
Mathys_2019	0.595	1.3534997950010252
Mathys_2019	0.6	1.3030068471101692
Mathys_2019	0.605	1.2491292097182851
Mathys_2019	0.61	1.1932772137859091
Mathys_2019	0.615	1.1367883214850316
Mathys_2019	0.62	1.0808859068326122
Mathys_2019	0.625	1.0266472808646112
Mathys_2019	0.63	0.9749811726293436
Mathys_2019	0.635	0.9266145847316704
Mathys_2019	0.64	0.8820886805707776
Mathys_2019	0.645	0.8417630791587428
Mathys_2019	0.65	0.8058276177606428
Mathys_2019	0.655	0.7743203143002145
Mathys_2019	0.66	0.7471499677106659
Mathys_2019	0.665	0.724121630363199
Mathys_2019	0.67	0.7049631177491763
Mathys_2019	0.675	0.6893508091545963
Mathys_2019	0.68	0.6769332330470846
Mathys_2019	0.685	0.6673512899357302
Mathys_2019	0.6900000000000001	0.6602543932520951
Mathys_2019	0.6950000000000001	0.6553122483980649
Mathys_2019	0.7000000000000001	0.6522223890944104
Mathys_2019	0.705	0.6507139091176587
Mathys_2019	0.71	0.6505480444592874
Mathys_2019	0.715	0.6515163716884192
Mathys_2019	0.72	0.6534374034705683
Mathys_2019	0.725	0.6561523023279566
Mathys_2019	0.73	0.6595203238671782
Mathys_2019	0.735	0.663414465654225
Mathys_2019	0.74	0.6677176588784408
Mathys_2019	0.745	0.672319712735102
Mathys_2019	0.75	0.6771151162284083
Mathys_2019	0.755	0.6820017241626908
Mathys_2019	0.76	0.6868803053782726
Mathys_2019	0.765	0.6916549120635176
Mathys_2019	0.77	0.6962340395202377
Mathys_2019	0.775	0.7005325878957248
Mathys_2019	0.78	0.7044747157917972
Mathys_2019	0.785	0.7079977989157791
Mathys_2019	0.79	0.7110578881480641
Mathys_2019	0.795	0.7136373174171277
Mathys_2019	0.8	0.7157554593295505
Mathys_2019	0.805	0.7174840721736668
Mathys_2019	0.81	0.7189692019458359
Mathys_2019	0.8150000000000001	0.7204621098770289
Mathys_2019	0.8200000000000001	0.7223619926845292
Mathys_2019	0.8250000000000001	0.7252729970427941
Mathys_2019	0.8300000000000001	0.7300766739524479
Mathys_2019	0.835	0.7380179213284873
Mathys_2019	0.84	0.7507970240407673
Mathys_2019	0.845	0.7706524049707444
Mathys_2019	0.85	0.8004087877451055
Mathys_2019	0.855	0.843455610598888
Mathys_2019	0.86	0.9036142501151482
Mathys_2019	0.865	0.9848546565626702
Mathys_2019	0.87	1.0908371312437861
Mathys_2019	0.875	1.2242859235705985
Mathys_2019	0.88	1.3862463790887587
Mathys_2019	0.885	1.5753286208394373
Mathys_2019	0.89	1.7870843231630658
Mathys_2019	0.895	2.013682358078914
Mathys_2019	0.9	2.244030248618854
Mathys_2019	0.905	2.464427088573825
Mathys_2019	0.91	2.659738646130852
Mathys_2019	0.915	2.8149772176457075
Mathys_2019	0.92	2.9170730447250723
Mathys_2019	0.925	2.956563222574105
Mathys_2019	0.93	2.9289118737682798
Mathys_2019	0.935	2.835216593167699
Mathys_2019	0.9400000000000001	2.6821480741801675
Mathys_2019	0.9450000000000001	2.4811021609563135
Mathys_2019	0.9500000000000001	2.24669516931949
Mathys_2019	0.9550000000000001	1.9948702074261873
Mathys_2019	0.96	1.7409641105383311
Mathys_2019	0.965	1.4980809490635074
Mathys_2019	0.97	1.2760254981521226
Mathys_2019	0.975	1.080898469056617
Mathys_2019	0.98	0.9152962976043251
Mathys_2019	0.985	0.7789417848079827
Mathys_2019	0.99	0.6695250049554463
Mathys_2019	0.995	0.5835537255848045
Mathys_2019	1.0	0.5170743598741864
Mathys	0.0	0.07545626946829537
Mathys	0.005	0.0810468401910658
Mathys	0.01	0.08726341219325637
Mathys	0.015	0.09420149304970751
Mathys	0.02	0.10197152072722226
Mathys	0.025	0.11070018252170818
Mathys	0.03	0.12053149888556684
Mathys	0.035	0.13162755085623407
Mathys	0.04	0.1441687110792852
Mathys	0.045	0.15835322193525203
Mathys	0.05	0.1743959520169066
Mathys	0.055	0.1925261565865562
Mathys	0.06	0.21298407144571996
Mathys	0.065	0.23601618583265477
Mathys	0.07	0.26186907141332644
Mathys	0.075	0.2907816936123072
Mathys	0.08	0.32297620005720484
Mathys	0.085	0.35864726908291705
Mathys	0.09	0.39795020758123334
Mathys	0.095	0.44098810833808944
Mathys	0.1	0.4877985063077909
Mathys	0.105	0.5383401025165271
Mathys	0.11	0.5924802427603124
Mathys	0.115	0.6499839336509782
Mathys	0.12	0.7105052378655906
Mathys	0.125	0.7735819011990318
Mathys	0.13	0.8386340157001937
Mathys	0.135	0.9049674087550095
Mathys	0.14	0.9717822653084507
Mathys	0.145	1.038187243320869
Mathys	0.15	1.1032190414538485
Mathys	0.155	1.1658670398469921
Mathys	0.16	1.2251022823958104
Mathys	0.165	1.2799097290683257
Mathys	0.17	1.3293224083417965
Mathys	0.17500000000000002	1.372455870864682
Mathys	0.18	1.4085412103278703
Mathys	0.185	1.436954894177787
Mathys	0.19	1.4572437443881294
Mathys	0.195	1.4691436259594042
Mathys	0.2	1.4725907263775697
Mathys	0.20500000000000002	1.4677247211676974
Mathys	0.21	1.454883588938725
Mathys	0.215	1.4345903284453232
Mathys	0.22	1.4075323025631106
Mathys	0.225	1.3745343535205063
Mathys	0.23	1.3365271690009703
Mathys	0.23500000000000001	1.2945126063701873
Mathys	0.24	1.2495277886550862
Mathys	0.245	1.20260976811669
Mathys	0.25	1.1547624189708228
Mathys	0.255	1.106926986943434
Mathys	0.26	1.0599574139543668
Mathys	0.265	1.0146011997784437
Mathys	0.27	0.9714861889838321
Mathys	0.275	0.9311133093814365
Mathys	0.28	0.8938549624284826
Mathys	0.28500000000000003	0.8599584957057649
Mathys	0.29	0.8295539852648155
Mathys	0.295	0.8026654269087989
Mathys	0.3	0.7792243793990971
Mathys	0.305	0.7590851127037647
Mathys	0.31	0.7420403800965373
Mathys	0.315	0.7278370409368234
Mathys	0.32	0.7161908970106328
Mathys	0.325	0.7068002554115198
Mathys	0.33	0.6993578825485507
Mathys	0.335	0.6935611566597628
Mathys	0.34	0.6891203525080802
Mathys	0.34500000000000003	0.6857650968250959
Mathys	0.35000000000000003	0.6832491142385747
Mathys	0.355	0.6813534408294624
Mathys	0.36	0.6798883178798112
Mathys	0.365	0.6786939948657977
Mathys	0.37	0.6776406722029582
Mathys	0.375	0.6766278049077901
Mathys	0.38	0.6755829724120389
Mathys	0.385	0.6744605010861371
Mathys	0.39	0.6732400077346918
Mathys	0.395	0.6719250165464533
Mathys	0.4	0.6705417894963943
Mathys	0.405	0.669138500100758
Mathys	0.41000000000000003	0.6677848698116615
Mathys	0.41500000000000004	0.6665723701305746
Mathys	0.42	0.665615064598511
Mathys	0.425	0.6650511146299404
Mathys	0.43	0.6650448929953083
Mathys	0.435	0.665789531846435
Mathys	0.44	0.6675095764598223
Mathys	0.445	0.6704632271964815
Mathys	0.45	0.6749434472644646
Mathys	0.455	0.6812770221091753
Mathys	0.46	0.689820519245131
Mathys	0.465	0.7009520651961302
Mathys	0.47000000000000003	0.7150579800952415
Mathys	0.47500000000000003	0.7325136316965994
Mathys	0.48	0.7536584074920311
Mathys	0.485	0.7787654394159241
Mathys	0.49	0.8080075895317774
Mathys	0.495	0.8414221114898153
Mathys	0.5	0.8788771999300089
Mathys	0.505	0.9200441708618119
Mathys	0.51	0.9643791354536486
Mathys	0.515	1.0111176377077675
Mathys	0.52	1.0592847974038213
Mathys	0.525	1.1077220997711144
Mathys	0.53	1.1551302613777954
Mathys	0.535	1.200125808940689
Mathys	0.54	1.2413073994595272
Mathys	0.545	1.2773267360235614
Mathys	0.55	1.3069583781364633
Mathys	0.555	1.3291628890805132
Mathys	0.56	1.3431385658949129
Mathys	0.5650000000000001	1.3483583092644684
Mathys	0.5700000000000001	1.3445897832022307
Mathys	0.5750000000000001	1.3318986327728772
Mathys	0.58	1.3106359431215449
Mathys	0.585	1.2814121750742022
Mathys	0.59	1.2450604348301717
Mathys	0.595	1.2025921530979302
Mathys	0.6	1.1551481569800433
Mathys	0.605	1.1039478432161327
Mathys	0.61	1.050238824944414
Mathys	0.615	0.9952491099289997
Mathys	0.62	0.9401436084622579
Mathys	0.625	0.885986547354995
Mathys	0.63	0.83371113473513
Mathys	0.635	0.7840975245228523
Mathys	0.64	0.7377597326531017
Mathys	0.645	0.6951416559722298
Mathys	0.65	0.6565217732851224
Mathys	0.655	0.6220255300442522
Mathys	0.66	0.5916439010910031
Mathys	0.665	0.5652562616846283
Mathys	0.67	0.5426555256693036
Mathys	0.675	0.5235735485959493
Mathys	0.68	0.507705026229335
Mathys	0.685	0.49472849989633316
Mathys	0.6900000000000001	0.48432354680920375
Mathys	0.6950000000000001	0.4761837185702874
Mathys	0.7000000000000001	0.4700252346653944
Mathys	0.705	0.46559179588224775
Mathys	0.71	0.46265613111119425
Mathys	0.715	0.4610190252936423
Mathys	0.72	0.46050660767733137
Mathys	0.725	0.46096662976475894
Mathys	0.73	0.46226435779970504
Mathys	0.735	0.4642785713841552
Mathys	0.74	0.46689802007375775
Mathys	0.745	0.4700185601469973
Mathys	0.75	0.4735410848561517
Mathys	0.755	0.47737027898976314
Mathys	0.76	0.4814141747061538
Mathys	0.765	0.48558446103441744
Mathys	0.77	0.4897975054798325
Mathys	0.775	0.4939760869348448
Mathys	0.78	0.49805192396403763
Mathys	0.785	0.5019692287826504
Mathys	0.79	0.5056897524468288
Mathys	0.795	0.5092001493543085
Mathys	0.8	0.5125230238854892
Mathys	0.805	0.515733764717728
Mathys	0.81	0.5189862165229598
Mathys	0.8150000000000001	0.5225512779042013
Mathys	0.8200000000000001	0.5268733611259551
Mathys	0.8250000000000001	0.5326497490105249
Mathys	0.8300000000000001	0.5409363692705095
Mathys	0.835	0.553279262386193
Mathys	0.84	0.571862957024911
Mathys	0.845	0.5996545617405785
Mathys	0.85	0.6405064450590034
Mathys	0.855	0.6991638617600401
Mathys	0.86	0.7811123138514465
Mathys	0.865	0.8922004020639076
Mathys	0.87	1.0379951938152814
Mathys	0.875	1.2228733328755044
Mathys	0.88	1.4489197909147513
Mathys	0.885	1.7147849508412398
Mathys	0.89	2.0147178656814475
Mathys	0.895	2.3380233184399914
Mathys	0.9	2.6691625813490174
Mathys	0.905	2.988627968640031
Mathys	0.91	3.274585057272078
Mathys	0.915	3.505125051508942
Mathys	0.92	3.660837629600354
Mathys	0.925	3.727327018559771
Mathys	0.93	3.6972633956390157
Mathys	0.935	3.5715938604753745
Mathys	0.9400000000000001	3.359638908362179
Mathys	0.9450000000000001	3.077975682074345
Mathys	0.9500000000000001	2.74824325921922
Mathys	0.9550000000000001	2.3942483698045636
Mathys	0.96	2.038924365208801
Mathys	0.965	1.701729227852229
Mathys	0.97	1.3969350257524147
Mathys	0.975	1.1330056234508918
Mathys	0.98	0.9129765347282346
Mathys	0.985	0.7355388500958406
Mathys	0.99	0.5964442917637228
Mathys	0.995	0.4898872214053997
Mathys	1.0	0.40963447213600673
Morabito_2021	0.0	0.07740062421861416
Morabito_2021	0.005	0.08170023615647959
Morabito_2021	0.01	0.08632993849832317
Morabito_2021	0.015	0.0913170413387137
Morabito_2021	0.02	0.0966901339495483
Morabito_2021	0.025	0.10247896143411489
Morabito_2021	0.03	0.10871433239715028
Morabito_2021	0.035	0.11542807810856931
Morabito_2021	0.04	0.12265307694347083
Morabito_2021	0.045	0.13042334596333646
Morabito_2021	0.05	0.13877418454106
Morabito_2021	0.055	0.1477423339152658
Morabito_2021	0.06	0.15736609334345808
Morabito_2021	0.065	0.16768531076882118
Morabito_2021	0.07	0.17874114689298956
Morabito_2021	0.075	0.190575499821765
Morabito_2021	0.08	0.2032299764646984
Morabito_2021	0.085	0.2167443094681728
Morabito_2021	0.09	0.23115414641886428
Morabito_2021	0.095	0.24648818165797476
Morabito_2021	0.1	0.2627646588059258
Morabito_2021	0.105	0.2799873406250316
Morabito_2021	0.11	0.2981411169511698
Morabito_2021	0.115	0.3171874944213655
Morabito_2021	0.12	0.33706027596793714
Morabito_2021	0.125	0.357661785643271
Morabito_2021	0.13	0.3788600179573908
Morabito_2021	0.135	0.4004870846678691
Morabito_2021	0.14	0.42233929222536964
Morabito_2021	0.145	0.4441791091284847
Morabito_2021	0.15	0.46573917688716204
Morabito_2021	0.155	0.4867283871651277
Morabito_2021	0.16	0.5068399001437913
Morabito_2021	0.165	0.5257608268897145
Morabito_2021	0.17	0.5431831546774676
Morabito_2021	0.17500000000000002	0.5588153722276068
Morabito_2021	0.18	0.5723941639377027
Morabito_2021	0.185	0.5836954981937477
Morabito_2021	0.19	0.5925444408742954
Morabito_2021	0.195	0.5988230828485397
Morabito_2021	0.2	0.6024760764376883
Morabito_2021	0.20500000000000002	0.6035134226122749
Morabito_2021	0.21	0.602010326333189
Morabito_2021	0.215	0.5981041273064569
Morabito_2021	0.22	0.5919885015871444
Morabito_2021	0.225	0.5839053003222872
Morabito_2021	0.23	0.5741345317427806
Morabito_2021	0.23500000000000001	0.5629830908071165
Morabito_2021	0.24	0.5507728913513844
Morabito_2021	0.245	0.5378290565267924
Morabito_2021	0.25	0.5244687775819172
Morabito_2021	0.255	0.5109913655383256
Morabito_2021	0.26	0.4976699049154036
Morabito_2021	0.265	0.48474478510525404
Morabito_2021	0.27	0.4724192455207181
Morabito_2021	0.275	0.4608569367586291
Morabito_2021	0.28	0.4501813815021491
Morabito_2021	0.28500000000000003	0.4404771230082969
Morabito_2021	0.29	0.43179228019346616
Morabito_2021	0.295	0.42414218803341996
Morabito_2021	0.3	0.41751378908478326
Morabito_2021	0.305	0.41187045312049
Morabito_2021	0.31	0.40715693236077666
Morabito_2021	0.315	0.40330420397434474
Morabito_2021	0.32	0.40023400366786704
Morabito_2021	0.325	0.3978629089233435
Morabito_2021	0.33	0.3961058832420754
Morabito_2021	0.335	0.39487924013748504
Morabito_2021	0.34	0.39410302527833424
Morabito_2021	0.34500000000000003	0.39370284594324384
Morabito_2021	0.35000000000000003	0.39361119863062594
Morabito_2021	0.355	0.3937683589025841
Morabito_2021	0.36	0.39412290353341894
Morabito_2021	0.365	0.39463193534493346
Morabito_2021	0.37	0.39526107745712635
Morabito_2021	0.375	0.3959842977633521
Morabito_2021	0.38	0.3967836178011115
Morabito_2021	0.385	0.39764875411997197
Morabito_2021	0.39	0.3985767356785915
Morabito_2021	0.395	0.3995715382179493
Morabito_2021	0.4	0.4006437758952907
Morabito_2021	0.405	0.4018104910080339
Morabito_2021	0.41000000000000003	0.40309508292866003
Morabito_2021	0.41500000000000004	0.4045274151631054
Morabito_2021	0.42	0.4061441317724601
Morabito_2021	0.425	0.40798919783566
Morabito_2021	0.43	0.4101146498035564
Morabito_2021	0.435	0.41258149798008137
Morabito_2021	0.44	0.4154606643659446
Morabito_2021	0.445	0.41883376724906607
Morabito_2021	0.45	0.42279348599165306
Morabito_2021	0.455	0.42744316708131946
Morabito_2021	0.46	0.4328952819360691
Morabito_2021	0.465	0.4392683375465428
Morabito_2021	0.47000000000000003	0.44668189232764477
Morabito_2021	0.47500000000000003	0.4552494569435528
Morabito_2021	0.48	0.4650692696292137
Morabito_2021	0.485	0.4762132200039896
Morabito_2021	0.49	0.48871452979512786
Morabito_2021	0.495	0.5025551411436457
Morabito_2021	0.5	0.5176540575109095
Morabito_2021	0.505	0.533858067223933
Morabito_2021	0.51	0.550936299656141
Morabito_2021	0.515	0.5685798816898058
Morabito_2021	0.52	0.586407570111036
Morabito_2021	0.525	0.6039776634753768
Morabito_2021	0.53	0.6208058110748564
Morabito_2021	0.535	0.6363876318130695
Morabito_2021	0.54	0.6502244398653707
Morabito_2021	0.545	0.6618499475452432
Morabito_2021	0.55	0.670855651798323
Morabito_2021	0.555	0.6769127388729116
Morabito_2021	0.56	0.6797887412971382
Morabito_2021	0.5650000000000001	0.6793577850269134
Morabito_2021	0.5700000000000001	0.6756039724422345
Morabito_2021	0.5750000000000001	0.6686181466974379
Morabito_2021	0.58	0.6585888734060888
Morabito_2021	0.585	0.6457888852332467
Morabito_2021	0.59	0.6305584331707852
Morabito_2021	0.595	0.613286986663651
Morabito_2021	0.6	0.5943945684966602
Morabito_2021	0.605	0.5743137631197105
Morabito_2021	0.61	0.5534731638969864
Morabito_2021	0.615	0.5322827772184078
Morabito_2021	0.62	0.5111217087981603
Morabito_2021	0.625	0.4903283251228068
Morabito_2021	0.63	0.47019299712873486
Morabito_2021	0.635	0.45095346996278995
Morabito_2021	0.64	0.43279283827273235
Morabito_2021	0.645	0.41584002513081203
Morabito_2021	0.65	0.4001725609807517
Morabito_2021	0.655	0.38582134564516507
Morabito_2021	0.66	0.37277696854869685
Morabito_2021	0.665	0.36099707963703975
Morabito_2021	0.67	0.3504142625272203
Morabito_2021	0.675	0.3409438712052396
Morabito_2021	0.68	0.332491351663338
Morabito_2021	0.685	0.32495867101606546
Morabito_2021	0.6900000000000001	0.31824960342421416
Morabito_2021	0.6950000000000001	0.31227375656106354
Morabito_2021	0.7000000000000001	0.3069493473528788
Morabito_2021	0.705	0.3022048380970845
Morabito_2021	0.71	0.2979796159486894
Morabito_2021	0.715	0.29422393791761975
Morabito_2021	0.72	0.2908983724786342
Morabito_2021	0.725	0.2879729535360696
Morabito_2021	0.73	0.28542623035913633
Morabito_2021	0.735	0.2832443559630382
Morabito_2021	0.74	0.28142031316116023
Morabito_2021	0.745	0.2799533376895107
Morabito_2021	0.75	0.278848565584697
Morabito_2021	0.755	0.27811691070288047
Morabito_2021	0.76	0.2777751713437185
Morabito_2021	0.765	0.27784637750801944
Morabito_2021	0.77	0.27836043154766155
Morabito_2021	0.775	0.2793551817541051
Morabito_2021	0.78	0.2808782307886171
Morabito_2021	0.785	0.28299006914392055
Morabito_2021	0.79	0.28576961658921823
Morabito_2021	0.795	0.28932406289390067
Morabito_2021	0.8	0.29380615879551025
Morabito_2021	0.805	0.2994439443756247
Morabito_2021	0.81	0.30659034710498156
Morabito_2021	0.8150000000000001	0.31580292835009893
Morabito_2021	0.8200000000000001	0.32796664649384666
Morabito_2021	0.8250000000000001	0.34447349475390643
Morabito_2021	0.8300000000000001	0.3674700943415565
Morabito_2021	0.835	0.40017492324018133
Morabito_2021	0.84	0.44724794548267055
Morabito_2021	0.845	0.5151653824555571
Morabito_2021	0.85	0.6125128986625539
Morabito_2021	0.855	0.7500685551091686
Morabito_2021	0.86	0.9405160097496927
Morabito_2021	0.865	1.1976274535471327
Morabito_2021	0.87	1.5348041202828488
Morabito_2021	0.875	1.9629715848200888
Morabito_2021	0.88	2.4879913781123904
Morabito_2021	0.885	3.1079388279783986
Morabito_2021	0.89	3.810755792177382
Morabito_2021	0.895	4.572854440396568
Morabito_2021	0.9	5.359180085128542
Morabito_2021	0.905	6.125034356245524
Morabito_2021	0.91	6.819660442003496
Morabito_2021	0.915	7.3912743962431255
Morabito_2021	0.92	7.792956993129043
Morabito_2021	0.925	7.988629047346162
Morabito_2021	0.93	7.958219499540194
Morabito_2021	0.935	7.701109688742481
Morabito_2021	0.9400000000000001	7.237052009448377
Morabito_2021	0.9450000000000001	6.604093096001076
Morabito_2021	0.9500000000000001	5.853603314550986
Morabito_2021	0.9550000000000001	5.0432158094508805
Morabito_2021	0.96	4.229068597713388
Morabito_2021	0.965	3.458959786398741
Morabito_2021	0.97	2.7677413308967647
Morabito_2021	0.975	2.175589007881294
Morabito_2021	0.98	1.6889743535097654
Morabito_2021	0.985	1.3035368760972732
Morabito_2021	0.99	1.0077966674558692
Morabito_2021	0.995	0.7867565841159604
Morabito_2021	1.0	0.6247770803152045
Multiome2025_DLPFC	0.0	0.0674572310330092
Multiome2025_DLPFC	0.005	0.07168126804944902
Multiome2025_DLPFC	0.01	0.07630502777341447
Multiome2025_DLPFC	0.015	0.08138542143437859
Multiome2025_DLPFC	0.02	0.08698865740318787
Multiome2025_DLPFC	0.025	0.0931912446371038
Multiome2025_DLPFC	0.03	0.10008090010060967
Multiome2025_DLPFC	0.035	0.1077572856441984
Multiome2025_DLPFC	0.04	0.1163324844622644
Multiome2025_DLPFC	0.045	0.12593111222226241
Multiome2025_DLPFC	0.05	0.1366899446048026
Multiome2025_DLPFC	0.055	0.1487569330761985
Multiome2025_DLPFC	0.06	0.1622894763700483
Multiome2025_DLPFC	0.065	0.17745181880383695
Multiome2025_DLPFC	0.07	0.19441146072710333
Multiome2025_DLPFC	0.075	0.21333449346434136
Multiome2025_DLPFC	0.08	0.23437981297028912
Multiome2025_DLPFC	0.085	0.2576922240825508
Multiome2025_DLPFC	0.09	0.28339452049424174
Multiome2025_DLPFC	0.095	0.3115787124999191
Multiome2025_DLPFC	0.1	0.3422966714033284
Multiome2025_DLPFC	0.105	0.37555056039803814
Multiome2025_DLPFC	0.11	0.4112835189931088
Multiome2025_DLPFC	0.115	0.4493711523352483
Multiome2025_DLPFC	0.12	0.48961443782571357
Multiome2025_DLPFC	0.125	0.5317346889703852
Multiome2025_DLPFC	0.13	0.5753712012526077
Multiome2025_DLPFC	0.135	0.6200821401134194
Multiome2025_DLPFC	0.14	0.6653491135051524
Multiome2025_DLPFC	0.145	0.7105857021083478
Multiome2025_DLPFC	0.15	0.755150005487308
Multiome2025_DLPFC	0.155	0.7983610138361933
Multiome2025_DLPFC	0.16	0.8395183490241448
Multiome2025_DLPFC	0.165	0.8779246556496906
Multiome2025_DLPFC	0.17	0.912909685139857
Multiome2025_DLPFC	0.17500000000000002	0.943854925964638
Multiome2025_DLPFC	0.18	0.9702175108453222
Multiome2025_DLPFC	0.185	0.9915520928640812
Multiome2025_DLPFC	0.19	1.0075294355062416
Multiome2025_DLPFC	0.195	1.0179506078252547
Multiome2025_DLPFC	0.2	1.0227559075648134
Multiome2025_DLPFC	0.20500000000000002	1.0220279365346412
Multiome2025_DLPFC	0.21	1.015988601314783
Multiome2025_DLPFC	0.215	1.0049901812066782
Multiome2025_DLPFC	0.22	0.989500964904564
Multiome2025_DLPFC	0.225	0.9700862790769732
Multiome2025_DLPFC	0.23	0.9473859909939096
Multiome2025_DLPFC	0.23500000000000001	0.922089744595261
Multiome2025_DLPFC	0.24	0.8949112737722102
Multiome2025_DLPFC	0.245	0.86656312546981
Multiome2025_DLPFC	0.25	0.8377330242861709
Multiome2025_DLPFC	0.255	0.8090629327362209
Multiome2025_DLPFC	0.26	0.7811316261621265
Multiome2025_DLPFC	0.265	0.754441330803124
Multiome2025_DLPFC	0.27	0.7294086912830763
Multiome2025_DLPFC	0.275	0.7063600620337355
Multiome2025_DLPFC	0.28	0.6855308750850326
Multiome2025_DLPFC	0.28500000000000003	0.6670686387678937
Multiome2025_DLPFC	0.29	0.6510389773397601
Multiome2025_DLPFC	0.295	0.6374340339476973
Multiome2025_DLPFC	0.3	0.626182527133385
Multiome2025_DLPFC	0.305	0.6171607684293589
Multiome2025_DLPFC	0.31	0.6102040065580446
Multiome2025_DLPFC	0.315	0.6051175515669149
Multiome2025_DLPFC	0.32	0.6016872385941404
Multiome2025_DLPFC	0.325	0.5996889050725894
Multiome2025_DLPFC	0.33	0.5988966676412846
Multiome2025_DLPFC	0.335	0.5990898883793274
Multiome2025_DLPFC	0.34	0.6000588089547134
Multiome2025_DLPFC	0.34500000000000003	0.6016089028564382
Multiome2025_DLPFC	0.35000000000000003	0.6035640490464848
Multiome2025_DLPFC	0.355	0.6057686658173922
Multiome2025_DLPFC	0.36	0.6080889633512411
Multiome2025_DLPFC	0.365	0.6104134802997503
Multiome2025_DLPFC	0.37	0.6126530669748157
Multiome2025_DLPFC	0.375	0.6147404689207974
Multiome2025_DLPFC	0.38	0.6166296530410054
Multiome2025_DLPFC	0.385	0.6182950069582479
Multiome2025_DLPFC	0.39	0.6197305331192607
Multiome2025_DLPFC	0.395	0.6209491535771472
Multiome2025_DLPFC	0.4	0.6219822394191862
Multiome2025_DLPFC	0.405	0.6228794788616963
Multiome2025_DLPFC	0.41000000000000003	0.6237091965962468
Multiome2025_DLPFC	0.41500000000000004	0.6245592284115634
Multiome2025_DLPFC	0.42	0.6255384317881467
Multiome2025_DLPFC	0.425	0.626778866015174
Multiome2025_DLPFC	0.43	0.6284385952556052
Multiome2025_DLPFC	0.435	0.6307049477478328
Multiome2025_DLPFC	0.44	0.633797901740737
Multiome2025_DLPFC	0.445	0.6379730697833195
Multiome2025_DLPFC	0.45	0.6435235349021424
Multiome2025_DLPFC	0.455	0.6507795854914549
Multiome2025_DLPFC	0.46	0.6601052437389319
Multiome2025_DLPFC	0.465	0.6718904375582314
Multiome2025_DLPFC	0.47000000000000003	0.6865377822347863
Multiome2025_DLPFC	0.47500000000000003	0.7044432594970126
Multiome2025_DLPFC	0.48	0.7259706294897057
Multiome2025_DLPFC	0.485	0.7514201699243316
Multiome2025_DLPFC	0.49	0.780993245970422
Multiome2025_DLPFC	0.495	0.8147551668377483
Multiome2025_DLPFC	0.5	0.8525996350349615
Multiome2025_DLPFC	0.505	0.8942186784438535
Multiome2025_DLPFC	0.51	0.9390821211452184
Multiome2025_DLPFC	0.515	0.9864302883403487
Multiome2025_DLPFC	0.52	1.0352827205052686
Multiome2025_DLPFC	0.525	1.0844642530090227
Multiome2025_DLPFC	0.53	1.1326480565449386
Multiome2025_DLPFC	0.535	1.1784133642529182
Multiome2025_DLPFC	0.54	1.2203139052955296
Multiome2025_DLPFC	0.545	1.2569517823357441
Multiome2025_DLPFC	0.55	1.287050869679761
Multiome2025_DLPFC	0.555	1.3095238649538132
Multiome2025_DLPFC	0.56	1.3235278736501301
Multiome2025_DLPFC	0.5650000000000001	1.328504702001751
Multiome2025_DLPFC	0.5700000000000001	1.3242036564431172
Multiome2025_DLPFC	0.5750000000000001	1.3106863407954106
Multiome2025_DLPFC	0.58	1.2883144681856098
Multiome2025_DLPFC	0.585	1.257722890325254
Multiome2025_DLPFC	0.59	1.219780808100622
Multiome2025_DLPFC	0.595	1.175544471288116
Multiome2025_DLPFC	0.6	1.1262046793197962
Multiome2025_DLPFC	0.605	1.0730321740805113
Multiome2025_DLPFC	0.61	1.017323684375217
Multiome2025_DLPFC	0.615	0.9603510249214808
Multiome2025_DLPFC	0.62	0.903315310635099
Multiome2025_DLPFC	0.625	0.847308016412115
Multiome2025_DLPFC	0.63	0.793280262197585
Multiome2025_DLPFC	0.635	0.7420212953875127
Multiome2025_DLPFC	0.64	0.6941466551541318
Multiome2025_DLPFC	0.645	0.6500959426330326
Multiome2025_DLPFC	0.65	0.6101395253798253
Multiome2025_DLPFC	0.655	0.5743929364240675
Multiome2025_DLPFC	0.66	0.5428372588174489
Multiome2025_DLPFC	0.665	0.5153434783957082
Multiome2025_DLPFC	0.67	0.4916986798378283
Multiome2025_DLPFC	0.675	0.47163206165750393
Multiome2025_DLPFC	0.68	0.4548390300184338
Multiome2025_DLPFC	0.685	0.44100204918495517
Multiome2025_DLPFC	0.6900000000000001	0.4298074135821153
Multiome2025_DLPFC	0.6950000000000001	0.4209575966711443
Multiome2025_DLPFC	0.7000000000000001	0.41417926833463126
Multiome2025_DLPFC	0.705	0.4092274152972191
Multiome2025_DLPFC	0.71	0.4058862283812157
Multiome2025_DLPFC	0.715	0.4039675352002374
Multiome2025_DLPFC	0.72	0.40330757125483724
Multiome2025_DLPFC	0.725	0.4037628196756122
Multiome2025_DLPFC	0.73	0.4052055370331549
Multiome2025_DLPFC	0.735	0.40751944550702984
Multiome2025_DLPFC	0.74	0.4105959317027614
Multiome2025_DLPFC	0.745	0.4143309650522789
Multiome2025_DLPFC	0.75	0.4186228436309309
Multiome2025_DLPFC	0.755	0.4233707971384531
Multiome2025_DLPFC	0.76	0.42847442745748665
Multiome2025_DLPFC	0.765	0.4338339475809801
Multiome2025_DLPFC	0.77	0.43935119261081373
Multiome2025_DLPFC	0.775	0.44493142983454503
Multiome2025_DLPFC	0.78	0.4504861054616268
Multiome2025_DLPFC	0.785	0.45593686417827217
Multiome2025_DLPFC	0.79	0.46122151378719567
Multiome2025_DLPFC	0.795	0.4663031515634787
Multiome2025_DLPFC	0.8	0.4711845076731317
Multiome2025_DLPFC	0.805	0.4759307717292594
Multiome2025_DLPFC	0.81	0.48070576599227716
Multiome2025_DLPFC	0.8150000000000001	0.48582816806422685
Multiome2025_DLPFC	0.8200000000000001	0.49185612520744804
Multiome2025_DLPFC	0.8250000000000001	0.499709152385488
Multiome2025_DLPFC	0.8300000000000001	0.5108342415058877
Multiome2025_DLPFC	0.835	0.5274167659239604
Multiome2025_DLPFC	0.84	0.5526241739832309
Multiome2025_DLPFC	0.845	0.5908506405555202
Multiome2025_DLPFC	0.85	0.6479049667103608
Multiome2025_DLPFC	0.855	0.7310567918580646
Multiome2025_DLPFC	0.86	0.8488365826628814
Multiome2025_DLPFC	0.865	1.01048530139533
Multiome2025_DLPFC	0.87	1.2249827687316366
Multiome2025_DLPFC	0.875	1.4996567172732718
Multiome2025_DLPFC	0.88	1.838482471098821
Multiome2025_DLPFC	0.885	2.2403046313621786
Multiome2025_DLPFC	0.89	2.6973110517044976
Multiome2025_DLPFC	0.895	3.1941260412027837
Multiome2025_DLPFC	0.9	3.7078384382586305
Multiome2025_DLPFC	0.905	4.209144977355623
Multiome2025_DLPFC	0.91	4.664605886709401
Multiome2025_DLPFC	0.915	5.039827311589675
Multiome2025_DLPFC	0.92	5.303238076555768
Multiome2025_DLPFC	0.925	5.4300176842823005
Multiome2025_DLPFC	0.93	5.405640251330997
Multiome2025_DLPFC	0.935	5.228428043511038
Multiome2025_DLPFC	0.9400000000000001	4.910512848366284
Multiome2025_DLPFC	0.9450000000000001	4.47677107154623
Multiome2025_DLPFC	0.9500000000000001	3.961677513037328
Multiome2025_DLPFC	0.9550000000000001	3.40454742468754
Multiome2025_DLPFC	0.96	2.844119390626801
Multiome2025_DLPFC	0.965	2.3136519405737714
Multiome2025_DLPFC	0.97	1.8375424517414143
Multiome2025_DLPFC	0.975	1.4299865981213093
Multiome2025_DLPFC	0.98	1.0955906447972612
Multiome2025_DLPFC	0.985	0.8313696730475146
Multiome2025_DLPFC	0.99	0.6293617892845494
Multiome2025_DLPFC	0.995	0.4791646003664922
Multiome2025_DLPFC	1.0	0.36994756369442383
Olah_2020	0.0	0.29725688215916724
Olah_2020	0.005	0.30303356790350927
Olah_2020	0.01	0.3089773591382473
Olah_2020	0.015	0.3151056356990488
Olah_2020	0.02	0.3214374925038871
Olah_2020	0.025	0.32799377603701235
Olah_2020	0.03	0.334797131148226
Olah_2020	0.035	0.34187206058952724
Olah_2020	0.04	0.3492449931774498
Olah_2020	0.045	0.35694434731168345
Olah_2020	0.05	0.3650005653684549
Olah_2020	0.055	0.37344608228982545
Olah_2020	0.06	0.38231518003918463
Olah_2020	0.065	0.391643670363935
Olah_2020	0.07	0.4014683435198582
Olah_2020	0.075	0.4118261221768626
Olah_2020	0.08	0.42275286915018145
Olah_2020	0.085	0.4342818157098468
Olah_2020	0.09	0.4464416039279128
Olah_2020	0.095	0.45925397069004664
Olah_2020	0.1	0.47273114041829306
Olah_2020	0.105	0.4868730350622498
Olah_2020	0.11	0.5016644496436696
Olah_2020	0.115	0.5170723753553864
Olah_2020	0.12	0.5330436757600177
Olah_2020	0.125	0.5495033313689445
Olah_2020	0.13	0.5663534611176175
Olah_2020	0.135	0.5834733046013597
Olah_2020	0.14	0.6007203065520739
Olah_2020	0.145	0.6179323867195899
Olah_2020	0.15	0.6349314074589836
Olah_2020	0.155	0.651527772681718
Olah_2020	0.16	0.6675260111946687
Olah_2020	0.165	0.6827311211785001
Olah_2020	0.17	0.6969553870166452
Olah_2020	0.17500000000000002	0.7100253306981715
Olah_2020	0.18	0.7217884323018193
Olah_2020	0.185	0.7321192507697967
Olah_2020	0.19	0.7409245985199756
Olah_2020	0.195	0.7481474705377532
Olah_2020	0.2	0.7537694974496936
Olah_2020	0.20500000000000002	0.7578117778391505
Olah_2020	0.21	0.7603340413628032
Olah_2020	0.215	0.7614321937801414
Olah_2020	0.22	0.7612343902564468
Olah_2020	0.225	0.7598958671020952
Olah_2020	0.23	0.7575928283919411
Olah_2020	0.23500000000000001	0.7545157281975686
Olah_2020	0.24	0.750862308964863
Olah_2020	0.245	0.7468307515171062
Olah_2020	0.25	0.7426132639743196
Olah_2020	0.255	0.7383903890816861
Olah_2020	0.26	0.7343262469460903
Olah_2020	0.265	0.7305648587447895
Olah_2020	0.27	0.7272276226038472
Olah_2020	0.275	0.7244119412469772
Olah_2020	0.28	0.7221909370957853
Olah_2020	0.28500000000000003	0.7206141380178905
Olah_2020	0.29	0.7197089782714425
Olah_2020	0.295	0.7194829353784407
Olah_2020	0.3	0.7199261143574532
Olah_2020	0.305	0.7210140945361103
Olah_2020	0.31	0.7227108688019486
Olah_2020	0.315	0.7249717278935274
Olah_2020	0.32	0.7277459702562455
Olah_2020	0.325	0.7309793482621816
Olah_2020	0.33	0.7346161917167499
Olah_2020	0.335	0.7386011775191031
Olah_2020	0.34	0.7428807386362818
Olah_2020	0.34500000000000003	0.7474041252907788
Olah_2020	0.35000000000000003	0.7521241460735223
Olah_2020	0.355	0.7569976266531839
Olah_2020	0.36	0.7619856292772683
Olah_2020	0.365	0.7670534780038035
Olah_2020	0.37	0.7721706333461824
Olah_2020	0.375	0.77731045657511
Olah_2020	0.38	0.7824498990803861
Olah_2020	0.385	0.7875691466408807
Olah_2020	0.39	0.7926512427506923
Olah_2020	0.395	0.7976817097337509
Olah_2020	0.4	0.802648181542443
Olah_2020	0.405	0.8075400580473622
Olah_2020	0.41000000000000003	0.8123481873467772
Olah_2020	0.41500000000000004	0.817064580132069
Olah_2020	0.42	0.8216821583525931
Olah_2020	0.425	0.8261945392031618
Olah_2020	0.43	0.8305958546625413
Olah_2020	0.435	0.8348806062926162
Olah_2020	0.44	0.839043554627935
Olah_2020	0.445	0.8430796421304817
Olah_2020	0.45	0.8469839482719708
Olah_2020	0.455	0.8507516747883825
Olah_2020	0.46	0.8543781585175593
Olah_2020	0.465	0.857858908502748
Olah_2020	0.47000000000000003	0.8611896632735281
Olah_2020	0.47500000000000003	0.8643664634713715
Olah_2020	0.48	0.8673857343517795
Olah_2020	0.485	0.8702443722502615
Olah_2020	0.49	0.8729398289171942
Olah_2020	0.495	0.8754701877591317
Olah_2020	0.5	0.8778342264974032
Olah_2020	0.505	0.8800314615638523
Olah_2020	0.51	0.8820621706616456
Olah_2020	0.515	0.8839273912601242
Olah_2020	0.52	0.8856288942770418
Olah_2020	0.525	0.8871691337241969
Olah_2020	0.53	0.8885511745431148
Olah_2020	0.535	0.8897786021309171
Olah_2020	0.54	0.890855418062899
Olah_2020	0.545	0.8917859271910283
Olah_2020	0.55	0.8925746215991416
Olah_2020	0.555	0.8932260668203088
Olah_2020	0.56	0.8937447952948473
Olah_2020	0.5650000000000001	0.8941352113213797
Olah_2020	0.5700000000000001	0.8944015108015833
Olah_2020	0.5750000000000001	0.8945476179885381
Olah_2020	0.58	0.8945771403098164
Olah_2020	0.585	0.8944933412367048
Olah_2020	0.59	0.894299130185841
Olah_2020	0.595	0.8939970676278851
Olah_2020	0.6	0.8935893829781004
Olah_2020	0.605	0.8930780024730717
Olah_2020	0.61	0.892464584093108
Olah_2020	0.615	0.8917505566506687
Olah_2020	0.62	0.8909371603976002
Olah_2020	0.625	0.8900254868658077
Olah_2020	0.63	0.8890165161013562
Olah_2020	0.635	0.887911149935922
Olah_2020	0.64	0.8867102404216057
Olah_2020	0.645	0.8854146130021692
Olah_2020	0.65	0.8840250843813089
Olah_2020	0.655	0.8825424753613333
Olah_2020	0.66	0.8809676191569239
Olah_2020	0.665	0.8793013658394675
Olah_2020	0.67	0.8775445836445007
Olah_2020	0.675	0.8756981578890264
Olah_2020	0.68	0.8737629882099694
Olah_2020	0.685	0.871739984763776
Olah_2020	0.6900000000000001	0.8696300639333369
Olah_2020	0.6950000000000001	0.8674341439838472
Olah_2020	0.7000000000000001	0.8651531410035094
Olah_2020	0.705	0.8627879653654388
Olah_2020	0.71	0.8603395188587311
Olah_2020	0.715	0.857808692562178
Olah_2020	0.72	0.8551963654747181
Olah_2020	0.725	0.8525034038720182
Olah_2020	0.73	0.8497306613273921
Olah_2020	0.735	0.8468789793156948
Olah_2020	0.74	0.8439491883088054
Olah_2020	0.745	0.8409421092686796
Olah_2020	0.75	0.8378585554467697
Olah_2020	0.755	0.834699334405218
Olah_2020	0.76	0.8314652501844328
Olah_2020	0.765	0.8281571055527912
Olah_2020	0.77	0.8247757042875598
Olah_2020	0.775	0.8213218534531155
Olah_2020	0.78	0.8177963656668201
Olah_2020	0.785	0.8142000613809743
Olah_2020	0.79	0.8105337712721726
Olah_2020	0.795	0.8067983389330758
Olah_2020	0.8	0.8029946242266195
Olah_2020	0.805	0.7991235079093555
Olah_2020	0.81	0.7951858984685107
Olah_2020	0.8150000000000001	0.7911827425251471
Olah_2020	0.8200000000000001	0.7871150405525279
Olah_2020	0.8250000000000001	0.7829838698708881
Olah_2020	0.8300000000000001	0.7787904166197807
Olah_2020	0.835	0.7745360172898512
Olah_2020	0.84	0.7702222080125835
Olah_2020	0.845	0.7658507759094454
Olah_2020	0.85	0.7614238015523702
Olah_2020	0.855	0.7569436758361386
Olah_2020	0.86	0.7524130700199567
Olah_2020	0.865	0.7478348368197083
Olah_2020	0.87	0.7432118258905174
Olah_2020	0.875	0.7385466107083593
Olah_2020	0.88	0.7338411455794259
Olah_2020	0.885	0.7290963980423003
Olah_2020	0.89	0.7243120267540544
Olah_2020	0.895	0.719486189355773
Olah_2020	0.9	0.714615560411382
Olah_2020	0.905	0.7096956115859816
Olah_2020	0.91	0.7047211566836263
Olah_2020	0.915	0.699687102696118
Olah_2020	0.92	0.6945892904583081
Olah_2020	0.925	0.6894252723963079
Olah_2020	0.93	0.6841948735013208
Olah_2020	0.935	0.6789004189357676
Olah_2020	0.9400000000000001	0.6735465797442762
Olah_2020	0.9450000000000001	0.6681398693267335
Olah_2020	0.9500000000000001	0.6626878956704492
Olah_2020	0.9550000000000001	0.6571985187684621
Olah_2020	0.96	0.6516790690819312
Olah_2020	0.965	0.6461357529234306
Olah_2020	0.97	0.6405733160167848
Olah_2020	0.975	0.634994974403286
Olah_2020	0.98	0.6294025689174663
Olah_2020	0.985	0.6237968668021528
Olah_2020	0.99	0.6181779251255909
Olah_2020	0.995	0.6125454419093211
Olah_2020	1.0	0.6068990443474984
PsychAD	0.0	0.10507304705650136
PsychAD	0.005	0.11113648980992702
PsychAD	0.01	0.11766460354515743
PsychAD	0.015	0.12469928668737798
PsychAD	0.02	0.132286206176303
PsychAD	0.025	0.14047499620089726
PsychAD	0.03	0.1493194564836642
PsychAD	0.035	0.15887774766564058
PsychAD	0.04	0.1692125723626601
PsychAD	0.045	0.18039131691152305
PsychAD	0.05	0.1924861109149683
PsychAD	0.055	0.20557374043441873
PsychAD	0.06	0.2197353279706423
PsychAD	0.065	0.23505567100154628
PsychAD	0.07	0.25162211434469167
PsychAD	0.075	0.26952282397192
PsychAD	0.08	0.28884433515716035
PsychAD	0.085	0.30966826953161486
PsychAD	0.09	0.33206715622477645
PsychAD	0.095	0.3560993526036849
PsychAD	0.1	0.38180313885851785
PsychAD	0.105	0.40919015401981995
PsychAD	0.11	0.43823844257853317
PsychAD	0.115	0.4688854820315652
PsychAD	0.12	0.5010216519362268
PsychAD	0.125	0.5344846730778365
PsychAD	0.13	0.5690555800475232
PsychAD	0.135	0.6044567823866194
PsychAD	0.14	0.640352711909538
PsychAD	0.145	0.6763534444431964
PsychAD	0.15	0.7120215256259145
PsychAD	0.155	0.7468820306402749
PsychAD	0.16	0.7804356601024729
PsychAD	0.165	0.8121744364749853
PsychAD	0.17	0.8415993379025888
PsychAD	0.17500000000000002	0.868239010824119
PsychAD	0.18	0.8916685592789554
PsychAD	0.185	0.9115273340667975
PsychAD	0.19	0.9275346497152922
PsychAD	0.195	0.9395024452708303
PsychAD	0.2	0.9473440720498827
PsychAD	0.20500000000000002	0.951078625705002
PsychAD	0.21	0.9508305225970894
PsychAD	0.215	0.9468243279874676
PsychAD	0.22	0.9393751499946231
PsychAD	0.225	0.9288751928905052
PsychAD	0.23	0.9157772933413136
PsychAD	0.23500000000000001	0.9005764260139189
PsychAD	0.24	0.8837902497687363
PsychAD	0.245	0.865939769262851
PsychAD	0.25	0.8475311135632888
PsychAD	0.255	0.829039294345772
PsychAD	0.26	0.8108946175503299
PsychAD	0.265	0.7934722032011128
PsychAD	0.27	0.777084838632855
PsychAD	0.275	0.7619791696399735
PsychAD	0.28	0.7483350382696251
PsychAD	0.28500000000000003	0.7362676172311413
PsychAD	0.29	0.7258318765706432
PsychAD	0.295	0.7170288509305207
PsychAD	0.3	0.7098131535727168
PsychAD	0.305	0.7041012010339507
PsychAD	0.31	0.699779661950056
PsychAD	0.315	0.6967137160361216
PsychAD	0.32	0.694754794975447
PsychAD	0.325	0.6937475672417104
PsychAD	0.33	0.6935360161792333
PsychAD	0.335	0.6939685392716544
PsychAD	0.34	0.6949020626324369
PsychAD	0.34500000000000003	0.6962052164036853
PsychAD	0.35000000000000003	0.6977606536467673
PsychAD	0.355	0.6994666184615195
PsychAD	0.36	0.701237880444835
PsychAD	0.365	0.7030061547477834
PsychAD	0.37	0.7047201227289462
PsychAD	0.375	0.7063451603355427
PsychAD	0.38	0.7078628724413877
PsychAD	0.385	0.7092705235751721
PsychAD	0.39	0.7105804503177198
PsychAD	0.395	0.7118195388567313
PsychAD	0.4	0.7130288524399023
PsychAD	0.405	0.7142634961297454
PsychAD	0.41000000000000003	0.7155928071486156
PsychAD	0.41500000000000004	0.7171009533325982
PsychAD	0.42	0.7188880033372672
PsychAD	0.425	0.7210714927708806
PsychAD	0.43	0.7237884429750759
PsychAD	0.435	0.7271976882238823
PsychAD	0.44	0.7314822314748167
PsychAD	0.445	0.7368511843504589
PsychAD	0.45	0.7435406692138593
PsychAD	0.455	0.7518128965515202
PsychAD	0.46	0.7619525164677564
PsychAD	0.465	0.7742593231687287
PsychAD	0.47000000000000003	0.7890365105951036
PsychAD	0.47500000000000003	0.8065739713227784
PsychAD	0.48	0.8271266142279827
PsychAD	0.485	0.8508883322395135
PsychAD	0.49	0.8779630236881074
PsychAD	0.495	0.9083348633596269
PsychAD	0.5	0.9418407048468185
PsychAD	0.505	0.9781479330460199
PsychAD	0.51	1.0167411457371842
PsychAD	0.515	1.056920638664729
PsychAD	0.52	1.0978147797292848
PsychAD	0.525	1.1384070492126326
PsychAD	0.53	1.1775769433266028
PsychAD	0.535	1.214152303140227
PsychAD	0.54	1.2469691868042794
PsychAD	0.545	1.274934382391963
PsychAD	0.55	1.2970852333011282
PsychAD	0.555	1.312641692631986
PsychAD	0.56	1.321046397809557
PsychAD	0.5650000000000001	1.321989915616447
PsychAD	0.5700000000000001	1.3154199276857
PsychAD	0.5750000000000001	1.3015347537676976
PsychAD	0.58	1.2807630115371316
PsychAD	0.585	1.2537322181471275
PsychAD	0.59	1.2212296711926585
PsychAD	0.595	1.184159020315631
PsychAD	0.6	1.1434956470579003
PsychAD	0.605	1.10024344566353
PsychAD	0.61	1.0553949839937566
PsychAD	0.615	1.0098964383096396
PsychAD	0.62	0.9646182090771683
PsychAD	0.625	0.9203317571931268
PsychAD	0.63	0.8776929301239873
PsychAD	0.635	0.8372318320701839
PsychAD	0.64	0.7993490867359074
PsychAD	0.645	0.7643181165149397
PsychAD	0.65	0.7322928132044106
PsychAD	0.655	0.7033197219655889
PsychAD	0.66	0.6773536373027513
PsychAD	0.665	0.6542753563267343
PsychAD	0.67	0.6339102813765803
PsychAD	0.675	0.6160466253246532
PsychAD	0.68	0.6004521426221808
PsychAD	0.685	0.5868885632612113
PsychAD	0.6900000000000001	0.5751232091278851
PsychAD	0.6950000000000001	0.5649375823253133
PsychAD	0.7000000000000001	0.5561329961201577
PsychAD	0.705	0.5485335437137762
PsychAD	0.71	0.5419868528679753
PsychAD	0.715	0.5363631527793737
PsychAD	0.72	0.5315531910609159
PsychAD	0.725	0.5274654976955692
PsychAD	0.73	0.5240234169346487
PsychAD	0.735	0.5211622347166307
PsychAD	0.74	0.51882663320293
PsychAD	0.745	0.5169686167345517
PsychAD	0.75	0.5155459823953029
PsychAD	0.755	0.5145213577938302
PsychAD	0.76	0.5138618010768777
PsychAD	0.765	0.5135389554808243
PsychAD	0.77	0.5135297758770354
PsychAD	0.775	0.5138179033783387
PsychAD	0.78	0.5143958661046487
PsychAD	0.785	0.5152684456482775
PsychAD	0.79	0.5164577928766252
PsychAD	0.795	0.5180112333179437
PsychAD	0.8	0.5200132026417937
PsychAD	0.805	0.5226034144075002
PsychAD	0.81	0.5260041595662338
PsychAD	0.8150000000000001	0.5305604507113508
PsychAD	0.8200000000000001	0.5367972721277658
PsychAD	0.8250000000000001	0.545497965599207
PsychAD	0.8300000000000001	0.5578059951645367
PsychAD	0.835	0.5753480268614943
PsychAD	0.84	0.6003685381833004
PsychAD	0.845	0.635854711002027
PsychAD	0.85	0.6856161046677184
PsychAD	0.855	0.7542694750277357
PsychAD	0.86	0.8470703259711725
PsychAD	0.865	0.9695362888723634
PsychAD	0.87	1.1268298991644319
PsychAD	0.875	1.322912860313513
PsychAD	0.88	1.559546163577474
PsychAD	0.885	1.8352766156854092
PsychAD	0.89	2.1445989612087493
PsychAD	0.895	2.477492351634322
PsychAD	0.9	2.8194900156612652
PsychAD	0.905	3.1523609361701057
PsychAD	0.91	3.455389125325565
PsychAD	0.915	3.7071586288478677
PsychAD	0.92	3.8877002110454457
PsychAD	0.925	3.9808098816966404
PsychAD	0.93	3.9762803131367455
PsychAD	0.935	3.871691023320952
PsychAD	0.9400000000000001	3.6733334640752946
PsychAD	0.9450000000000001	3.395891762071424
PsychAD	0.9500000000000001	3.0607217109866394
PsychAD	0.9550000000000001	2.6929388912870875
PsychAD	0.96	2.3179042645963834
PsychAD	0.965	1.9579051453296126
PsychAD	0.97	1.6297607195553672
PsychAD	0.975	1.3437613141073186
PsychAD	0.98	1.1039274448784664
PsychAD	0.985	0.9092282351936385
PsychAD	0.99	0.7552442516383482
PsychAD	0.995	0.6358043309335435
PsychAD	1.0	0.5442933275009338
Ruzicka	0.0	0.0910969988601335
Ruzicka	0.005	0.09824196586107202
Ruzicka	0.01	0.10604092762732846
Ruzicka	0.015	0.11456240218415309
Ruzicka	0.02	0.12388284210517546
Ruzicka	0.025	0.13408732350851463
Ruzicka	0.03	0.14527020322631165
Ruzicka	0.035	0.1575357078503575
Ruzicka	0.04	0.1709984011429383
Ruzicka	0.045	0.18578345420172038
Ruzicka	0.05	0.20202661662706856
Ruzicka	0.055	0.2198737586645475
Ruzicka	0.06	0.2394798269453597
Ruzicka	0.065	0.26100703419019594
Ruzicka	0.07	0.28462209112058523
Ruzicka	0.075	0.3104922923299455
Ruzicka	0.08	0.3387802923383489
Ruzicka	0.085	0.36963745790943076
Ruzicka	0.09	0.403195760616864
Ruzicka	0.095	0.439558279722876
Ruzicka	0.1	0.4787885165432845
Ruzicka	0.105	0.5208988708266403
Ruzicka	0.11	0.565838786748693
Ruzicka	0.115	0.6134832270705044
Ruzicka	0.12	0.6636222625547439
Ruzicka	0.125	0.7159526525644063
Ruzicka	0.13	0.7700723253126894
Ruzicka	0.135	0.825478628704439
Ruzicka	0.14	0.8815711061607977
Ruzicka	0.145	0.937659353961954
Ruzicka	0.15	0.9929762431538938
Ruzicka	0.155	1.0466964541201047
Ruzicka	0.16	1.0979598977838274
Ruzicka	0.165	1.1458992130006678
Ruzicka	0.17	1.18967016819949
Ruzicka	0.17500000000000002	1.228483490992252
Ruzicka	0.18	1.26163643404137
Ruzicka	0.185	1.2885422845403582
Ruzicka	0.19	1.3087560544926955
Ruzicka	0.195	1.321994754187876
Ruzicka	0.2	1.3281509437667292
Ruzicka	0.20500000000000002	1.3272986570351697
Ruzicka	0.21	1.3196912665833473
Ruzicka	0.215	1.3057513710303827
Ruzicka	0.22	1.2860532913786598
Ruzicka	0.225	1.2612992222160189
Ruzicka	0.23	1.2322904579500156
Ruzicka	0.23500000000000001	1.1998953760488593
Ruzicka	0.24	1.1650159912072022
Ruzicka	0.245	1.1285548917
Ruzicka	0.25	1.0913842394910034
Ruzicka	0.255	1.0543182773289388
Ruzicka	0.26	1.0180904658101837
Ruzicka	0.265	0.9833360029970069
Ruzicka	0.27	0.9505800919959303
Ruzicka	0.275	0.9202319494608869
Ruzicka	0.28	0.8925842172002303
Ruzicka	0.28500000000000003	0.8678171701809767
Ruzicka	0.29	0.8460069197188665
Ruzicka	0.295	0.8271366950762047
Ruzicka	0.3	0.8111102473696268
Ruzicka	0.305	0.7977664479930053
Ruzicka	0.31	0.7868942368449858
Ruzicka	0.315	0.7782471983185367
Ruzicka	0.32	0.7715571894892271
Ruzicka	0.325	0.7665466004041666
Ruzicka	0.33	0.762938978092312
Ruzicka	0.335	0.7604678839706296
Ruzicka	0.34	0.7588839719113815
Ruzicka	0.34500000000000003	0.757960367632847
Ruzicka	0.35000000000000003	0.7574964982903989
Ruzicka	0.355	0.7573205654304845
Ruzicka	0.36	0.7572908777421998
Ruzicka	0.365	0.757296266297185
Ruzicka	0.37	0.7572557987612122
Ruzicka	0.375	0.7571179950525091
Ruzicka	0.38	0.756859729517749
Ruzicka	0.385	0.7564849877300958
Ruzicka	0.39	0.7560236324419735
Ruzicka	0.395	0.7555303247901463
Ruzicka	0.4	0.7550837436747223
Ruzicka	0.405	0.7547862463591579
Ruzicka	0.41000000000000003	0.7547641122764204
Ruzicka	0.41500000000000004	0.7551685024613379
Ruzicka	0.42	0.7561772388987167
Ruzicka	0.425	0.7579974493086672
Ruzicka	0.43	0.7608690210640288
Ruzicka	0.435	0.7650686530388391
Ruzicka	0.44	0.7709140824136109
Ruzicka	0.445	0.7787678016242363
Ruzicka	0.45	0.789039290360832
Ruzicka	0.455	0.8021845079516361
Ruzicka	0.46	0.8187011790276438
Ruzicka	0.465	0.839118329141482
Ruzicka	0.47000000000000003	0.8639786590071902
Ruzicka	0.47500000000000003	0.8938127465698464
Ruzicka	0.48	0.9291047662877223
Ruzicka	0.485	0.9702503994264049
Ruzicka	0.49	1.0175088036484987
Ruzicka	0.495	1.0709517791181016
Ruzicka	0.5	1.1304144253294615
Ruzicka	0.505	1.195452415831592
Ruzicka	0.51	1.2653113262460556
Ruzicka	0.515	1.3389130878413844
Ruzicka	0.52	1.4148635510048768
Ruzicka	0.525	1.4914833952847038
Ruzicka	0.53	1.5668624018073734
Ruzicka	0.535	1.638934694705251
Ruzicka	0.54	1.7055702970621485
Ruzicka	0.545	1.7646765598862066
Ruzicka	0.55	1.8143019627661416
Ruzicka	0.555	1.8527345832712392
Ruzicka	0.56	1.8785881753872888
Ruzicka	0.5650000000000001	1.8908701367161969
Ruzicka	0.5700000000000001	1.8890274347111495
Ruzicka	0.5750000000000001	1.8729685199437236
Ruzicka	0.58	1.8430611177159386
Ruzicka	0.585	1.800107367877275
Ruzicka	0.59	1.7452989823001135
Ruzicka	0.595	1.6801559089270113
Ruzicka	0.6	1.606452495313441
Ruzicka	0.605	1.5261354233917928
Ruzicka	0.61	1.441237816830086
Ruzicka	0.615	1.3537939377862187
Ruzicka	0.62	1.2657587778705723
Ruzicka	0.625	1.1789365605036533
Ruzicka	0.63	1.0949216523405778
Ruzicka	0.635	1.0150545965517879
Ruzicka	0.64	0.9403949438714864
Ruzicka	0.645	0.8717113384018663
Ruzicka	0.65	0.8094880334016709
Ruzicka	0.655	0.7539458143880237
Ruzicka	0.66	0.7050743373848494
Ruzicka	0.665	0.6626722622000445
Ruzicka	0.67	0.6263913344918425
Ruzicka	0.675	0.5957807444951074
Ruzicka	0.68	0.5703286055039122
Ruzicka	0.685	0.5494981502317013
Ruzicka	0.6900000000000001	0.5327571160606916
Ruzicka	0.6950000000000001	0.5195996608213386
Ruzicka	0.7000000000000001	0.509560919361928
Ruzicka	0.705	0.502224910124506
Ruzicka	0.71	0.4972268985973881
Ruzicka	0.715	0.4942515222481921
Ruzicka	0.72	0.49302800595423946
Ruzicka	0.725	0.49332368981941294
Ruzicka	0.73	0.4949368996564946
Ruzicka	0.735	0.4976899586152652
Ruzicka	0.74	0.5014229026877376
Ruzicka	0.745	0.5059882488922792
Ruzicka	0.75	0.5112469881490252
Ruzicka	0.755	0.5170658417991322
Ruzicka	0.76	0.5233157318736021
Ruzicka	0.765	0.5298713678393708
Ruzicka	0.77	0.5366118433702931
Ruzicka	0.775	0.5434221642406467
Ruzicka	0.78	0.5501956949835136
Ruzicka	0.785	0.5568376250046128
Ruzicka	0.79	0.5632697279758069
Ruzicka	0.795	0.5694369404858476
Ruzicka	0.8	0.575316637246731
Ruzicka	0.805	0.5809319413721559
Ruzicka	0.81	0.5863709597086103
Ruzicka	0.8150000000000001	0.5918143907378945
Ruzicka	0.8200000000000001	0.5975743219894852
Ruzicka	0.8250000000000001	0.6041468660102535
Ruzicka	0.8300000000000001	0.6122800573920726
Ruzicka	0.835	0.6230555091031158
Ruzicka	0.84	0.637977124599784
Ruzicka	0.845	0.6590524945110836
Ruzicka	0.85	0.6888431368027838
Ruzicka	0.855	0.7304504410924294
Ruzicka	0.86	0.7873985325276562
Ruzicka	0.865	0.8633778600941354
Ruzicka	0.87	0.961828521394379
Ruzicka	0.875	1.0853721707033273
Ruzicka	0.88	1.2351430063928093
Ruzicka	0.885	1.410112726657675
Ruzicka	0.89	1.60653734651181
Ruzicka	0.895	1.8176609367372119
Ruzicka	0.9	2.033785060338958
Ruzicka	0.905	2.2427578712896734
Ruzicka	0.91	2.4308702979696513
Ruzicka	0.915	2.5840879459795763
Ruzicka	0.92	2.689505444792915
Ruzicka	0.925	2.7368773336184264
Ruzicka	0.93	2.7200410317090897
Ruzicka	0.935	2.638001454582581
Ruzicka	0.9400000000000001	2.4954214306223563
Ruzicka	0.9450000000000001	2.3023055445557725
Ruzicka	0.9500000000000001	2.0728099480709177
Ruzicka	0.9550000000000001	1.823335414479901
Ruzicka	0.96	1.5702831799909536
Ruzicka	0.965	1.3279693747956272
Ruzicka	0.97	1.1071416373268452
Ruzicka	0.975	0.9143401343683757
Ruzicka	0.98	0.752085040560237
Ruzicka	0.985	0.6196617015323598
Ruzicka	0.99	0.5141817601670552
Ruzicka	0.995	0.4316270366722276
Ruzicka	1.0	0.3676864468439806
Yang_2022	0.0	0.20206059389135264
Yang_2022	0.005	0.2092211087758851
Yang_2022	0.01	0.21656964491049846
Yang_2022	0.015	0.22410816463275215
Yang_2022	0.02	0.23183857485931414
Yang_2022	0.025	0.23976273842228757
Yang_2022	0.03	0.24788248713638938
Yang_2022	0.035	0.2561996359473495
Yang_2022	0.04	0.2647159971522382
Yang_2022	0.045	0.2734333932639546
Yang_2022	0.05	0.28235366663273764
Yang_2022	0.055	0.2914786834672508
Yang_2022	0.06	0.3008103294597306
Yang_2022	0.065	0.31035049387009966
Yang_2022	0.07	0.320101038730076
Yang_2022	0.075	0.3300637498640972
Yang_2022	0.08	0.34024026676324604
Yang_2022	0.085	0.3506319890560987
Yang_2022	0.09	0.3612399584413337
Yang_2022	0.095	0.3720647164942128
Yang_2022	0.1	0.38310614070321286
Yang_2022	0.105	0.39436326335348515
Yang_2022	0.11	0.405834080314364
Yang_2022	0.115	0.4175153592192258
Yang_2022	0.12	0.4294024587138368
Yang_2022	0.125	0.44148917213320327
Yang_2022	0.13	0.4537676098838065
Yang_2022	0.135	0.46622813472274593
Yang_2022	0.14	0.4788593628628157
Yang_2022	0.145	0.4916482413094302
Yang_2022	0.15	0.5045802080843804
Yang_2022	0.155	0.5176394371760455
Yang_2022	0.16	0.5308091644701116
Yang_2022	0.165	0.5440720849679137
Yang_2022	0.17	0.5574108057823269
Yang_2022	0.17500000000000002	0.5708083342408079
Yang_2022	0.18	0.5842485764292977
Yang_2022	0.185	0.5977168191090901
Yang_2022	0.19	0.6112001674301808
Yang_2022	0.195	0.6246879123757263
Yang_2022	0.2	0.6381718053351942
Yang_2022	0.20500000000000002	0.6516462223567239
Yang_2022	0.21	0.6651082070402552
Yang_2022	0.215	0.6785573881459416
Yang_2022	0.22	0.6919957751884318
Yang_2022	0.225	0.7054274419552982
Yang_2022	0.23	0.7188581134920222
Yang_2022	0.23500000000000001	0.7322946762366452
Yang_2022	0.24	0.7457446334408735
Yang_2022	0.245	0.7592155287518674
Yang_2022	0.25	0.7727143600081839
Yang_2022	0.255	0.7862470032389918
Yang_2022	0.26	0.7998176639695761
Yang_2022	0.265	0.8134283696963472
Yang_2022	0.27	0.8270785142512225
Yang_2022	0.275	0.8407644621021754
Yang_2022	0.28	0.8544792186859225
Yang_2022	0.28500000000000003	0.8682121717432564
Yang_2022	0.29	0.8819489082757627
Yang_2022	0.295	0.895671111973142
Yang_2022	0.3	0.9093565464748447
Yang_2022	0.305	0.9229791302692871
Yang_2022	0.31	0.9365091090315013
Yang_2022	0.315	0.9499133304332464
Yang_2022	0.32	0.9631556246966168
Yang_2022	0.325	0.9761972912963074
Yang_2022	0.33	0.9889976882844265
Yang_2022	0.335	1.0015149158987025
Yang_2022	0.34	1.0137065807351693
Yang_2022	0.34500000000000003	1.0255306212369233
Yang_2022	0.35000000000000003	1.0369461700494447
Yang_2022	0.355	1.0479144244120018
Yang_2022	0.36	1.0583994926496996
Yang_2022	0.365	1.068369183375764
Yang_2022	0.37	1.077795704462132
Yang_2022	0.375	1.0866562412941425
Yang_2022	0.38	1.0949333882369188
Yang_2022	0.385	1.1026154133922321
Yang_2022	0.39	1.1096963442571708
Yang_2022	0.395	1.1161758703372815
Yang_2022	0.4	1.122059067568918
Yang_2022	0.405	1.12735595798975
Yang_2022	0.41000000000000003	1.132080925900897
Yang_2022	0.41500000000000004	1.1362520182883986
Yang_2022	0.42	1.139890162115206
Yang_2022	0.425	1.1430183339858893
Yang_2022	0.43	1.1456607184994647
Yang_2022	0.435	1.1478418903668313
Yang_2022	0.44	1.149586052246966
Yang_2022	0.445	1.150916355543327
Yang_2022	0.45	1.1518543254878555
Yang_2022	0.455	1.1524194051756325
Yang_2022	0.46	1.152628626273991
Yang_2022	0.465	1.1524964073781212
Yang_2022	0.47000000000000003	1.1520344748353921
Yang_2022	0.47500000000000003	1.1512518956501414
Yang_2022	0.48	1.150155208047796
Yang_2022	0.485	1.1487486325485936
Yang_2022	0.49	1.1470343449894134
Yang_2022	0.495	1.1450127927440437
Yang_2022	0.5	1.142683036246821
Yang_2022	0.505	1.1400430995800377
Yang_2022	0.51	1.137090316071047
Yang_2022	0.515	1.1338216572942832
Yang_2022	0.52	1.130234036355351
Yang_2022	0.525	1.1263245786759164
Yang_2022	0.53	1.1220908555965072
Yang_2022	0.535	1.1175310779358534
Yang_2022	0.54	1.1126442482124927
Yang_2022	0.545	1.107430271603138
Yang_2022	0.55	1.101890026946184
Yang_2022	0.555	1.096025400243824
Yang_2022	0.56	1.0898392841843396
Yang_2022	0.5650000000000001	1.0833355481688716
Yang_2022	0.5700000000000001	1.076518984122122
Yang_2022	0.5750000000000001	1.0693952339145953
Yang_2022	0.58	1.0619707044507056
Yang_2022	0.585	1.0542524763347985
Yang_2022	0.59	1.0462482115115814
Yang_2022	0.595	1.0379660644337834
Yang_2022	0.6	1.029414600228205
Yang_2022	0.605	1.0206027221322576
Yang_2022	0.61	1.011539609287393
Yang_2022	0.615	1.0022346649229426
Yang_2022	0.62	0.9926974741340463
Yang_2022	0.625	0.9829377699005794
Yang_2022	0.63	0.9729654057176125
Yang_2022	0.635	0.9627903331819669
Yang_2022	0.64	0.9524225830473179
Yang_2022	0.645	0.941872248552867
Yang_2022	0.65	0.9311494701786953
Yang_2022	0.655	0.9202644213260618
Yang_2022	0.66	0.9092272947212006
Yang_2022	0.665	0.8980482895731086
Yang_2022	0.67	0.8867375996726465
Yang_2022	0.675	0.8753054027076627
Yang_2022	0.68	0.8637618511000825
Yang_2022	0.685	0.8521170646618451
Yang_2022	0.6900000000000001	0.8403811253320128
Yang_2022	0.6950000000000001	0.8285640742086431
Yang_2022	0.7000000000000001	0.8166759110328515
Yang_2022	0.705	0.8047265962213245
Yang_2022	0.71	0.7927260554762757
Yang_2022	0.715	0.780684186925247
Yang_2022	0.72	0.7686108706536009
Yang_2022	0.725	0.7565159803878796
Yang_2022	0.73	0.744409396970669
Yang_2022	0.735	0.7323010231488034
Yang_2022	0.74	0.7202007991080993
Yang_2022	0.745	0.7081187182036459
Yang_2022	0.75	0.6960648426243323
Yang_2022	0.755	0.6840493196721755
Yang_2022	0.76	0.6720824017598684
Yang_2022	0.765	0.6601744788969104
Yang_2022	0.77	0.6483361449570952
Yang_2022	0.775	0.6365783454588776
Yang_2022	0.78	0.6249127080121569
Yang_2022	0.785	0.6133522596578631
Yang_2022	0.79	0.6019129244305111
Yang_2022	0.795	0.5906165225042231
Yang_2022	0.8	0.579496526125341
Yang_2022	0.805	0.5686086333538622
Yang_2022	0.81	0.5580493278155205
Yang_2022	0.8150000000000001	0.5479869280706274
Yang_2022	0.8200000000000001	0.5387109223265834
Yang_2022	0.8250000000000001	0.5307060557217682
Yang_2022	0.8300000000000001	0.5247567353166307
Yang_2022	0.835	0.5220835660482188
Yang_2022	0.84	0.5245059095215905
Yang_2022	0.845	0.5346114900556554
Yang_2022	0.85	0.555896894966222
Yang_2022	0.855	0.5928243116660984
Yang_2022	0.86	0.6507258783452526
Yang_2022	0.865	0.7354858377373535
Yang_2022	0.87	0.8529507615492019
Yang_2022	0.875	1.0080643873183073
Yang_2022	0.88	1.2037929554973301
Yang_2022	0.885	1.4399852094627918
Yang_2022	0.89	1.7123747158552283
Yang_2022	0.895	2.0119552426010507
Yang_2022	0.9	2.3249271510908414
Yang_2022	0.905	2.633329116741506
Yang_2022	0.91	2.9163604156085694
Yang_2022	0.915	3.152296176739091
Yang_2022	0.92	3.3208181672666712
Yang_2022	0.925	3.405517794879955
Yang_2022	0.93	3.3962550514122807
Yang_2022	0.935	3.290977659803793
Yang_2022	0.9400000000000001	3.096565737913619
Yang_2022	0.9450000000000001	2.828346659354056
Yang_2022	0.9500000000000001	2.5081723829634592
Yang_2022	0.9550000000000001	2.1613276196490823
Yang_2022	0.96	1.8129035828488664
Yang_2022	0.965	1.4844581143137596
Yang_2022	0.97	1.1916882402818894
Yang_2022	0.975	0.9435012064979695
Yang_2022	0.98	0.7424368640430892
Yang_2022	0.985	0.5860475742029148
Yang_2022	0.99	0.4686939258032464
Yang_2022	0.995	0.3832693558155056
Yang_2022	1.0	0.3225451737811637
Zhou_2020	0.0	0.08361184257844653
Zhou_2020	0.005	0.0880713816246806
Zhou_2020	0.01	0.09294389634313524
Zhou_2020	0.015	0.09829278184350072
Zhou_2020	0.02	0.10419203554673254
Zhou_2020	0.025	0.11072739193911388
Zhou_2020	0.03	0.1179973567878065
Zhou_2020	0.035	0.1261140592870765
Zhou_2020	0.04	0.1352038226026355
Zhou_2020	0.045	0.14540733527847627
Zhou_2020	0.05	0.15687928952992422
Zhou_2020	0.055	0.16978733964781595
Zhou_2020	0.06	0.18431022713604747
Zhou_2020	0.065	0.20063492170451588
Zhou_2020	0.07	0.2189526418832866
Zhou_2020	0.075	0.23945364867565738
Zhou_2020	0.08	0.2623207526166671
Zhou_2020	0.085	0.2877215401085909
Zhou_2020	0.09	0.31579940872658496
Zhou_2020	0.095	0.34666360116401856
Zhou_2020	0.1	0.38037853922406584
Zhou_2020	0.105	0.4169528760122815
Zhou_2020	0.11	0.4563287972685715
Zhou_2020	0.115	0.498372200824985
Zhou_2020	0.12	0.5428644546713007
Zhou_2020	0.125	0.5894964672391192
Zhou_2020	0.13	0.6378657877438031
Zhou_2020	0.135	0.6874773818934763
Zhou_2020	0.14	0.7377485951549396
Zhou_2020	0.145	0.7880186233876109
Zhou_2020	0.15	0.8375625662342486
Zhou_2020	0.155	0.8856098554507794
Zhou_2020	0.16	0.9313665471492892
Zhou_2020	0.165	0.974040666789595
Zhou_2020	0.17	1.012869524158229
Zhou_2020	0.17500000000000002	1.0471476980055452
Zhou_2020	0.18	1.0762542493278786
Zhou_2020	0.185	1.0996776761090072
Zhou_2020	0.19	1.1170371808440487
Zhou_2020	0.195	1.1280989865227646
Zhou_2020	0.2	1.1327866984663162
Zhou_2020	0.20500000000000002	1.1311850507708059
Zhou_2020	0.21	1.1235367716022937
Zhou_2020	0.215	1.1102327202686315
Zhou_2020	0.22	1.0917958574930664
Zhou_2020	0.225	1.06885997613764
Zhou_2020	0.23	1.042144414361106
Zhou_2020	0.23500000000000001	1.0124261752597437
Zhou_2020	0.24	0.9805109736176311
Zhou_2020	0.245	0.9472047184008815
Zhou_2020	0.25	0.9132868255911816
Zhou_2020	0.255	0.879486554866105
Zhou_2020	0.26	0.8464632970096421
Zhou_2020	0.265	0.8147914322899477
Zhou_2020	0.27	0.784950060149058
Zhou_2020	0.275	0.7573175928146472
Zhou_2020	0.28	0.7321709316514898
Zhou_2020	0.28500000000000003	0.7096887217438875
Zhou_2020	0.29	0.6899580176805193
Zhou_2020	0.295	0.6729835957742197
Zhou_2020	0.3	0.6586991130809422
Zhou_2020	0.305	0.6469793347957253
Zhou_2020	0.31	0.6376527185764788
Zhou_2020	0.315	0.6305137447105073
Zhou_2020	0.32	0.6253345018278754
Zhou_2020	0.325	0.6218751667765066
Zhou_2020	0.33	0.619893143637466
Zhou_2020	0.335	0.6191507422756357
Zhou_2020	0.34	0.6194213754560061
Zhou_2020	0.34500000000000003	0.6204943321327665
Zhou_2020	0.35000000000000003	0.6221782420756687
Zhou_2020	0.355	0.624303384484135
Zhou_2020	0.36	0.6267230130248335
Zhou_2020	0.365	0.6293138751028724
Zhou_2020	0.37	0.6319760978834036
Zhou_2020	0.375	0.6346326014173819
Zhou_2020	0.38	0.6372281837256727
Zhou_2020	0.385	0.6397284068780826
Zhou_2020	0.39	0.642118399270329
Zhou_2020	0.395	0.64440167885798
Zhou_2020	0.4	0.6465990953796121
Zhou_2020	0.405	0.6487479856549426
Zhou_2020	0.41000000000000003	0.6509016325087419
Zhou_2020	0.41500000000000004	0.6531291108632393
Zhou_2020	0.42	0.6555155887632605
Zhou_2020	0.425	0.6581631202617352
Zhou_2020	0.43	0.6611919147919678
Zhou_2020	0.435	0.6647419887616888
Zhou_2020	0.44	0.6689749976724291
Zhou_2020	0.445	0.6740759145023041
Zhou_2020	0.45	0.6802540731979237
Zhou_2020	0.455	0.6877429543982172
Zhou_2020	0.46	0.6967979819444086
Zhou_2020	0.465	0.7076915574302123
Zhou_2020	0.47000000000000003	0.7207046213705208
Zhou_2020	0.47500000000000003	0.7361142228867185
Zhou_2020	0.48	0.7541769198729539
Zhou_2020	0.485	0.7751083102002544
Zhou_2020	0.49	0.7990595746272808
Zhou_2020	0.495	0.8260925269629047
Zhou_2020	0.5	0.8561552257910052
Zhou_2020	0.505	0.8890606023821084
Zhou_2020	0.51	0.9244707058041494
Zhou_2020	0.515	0.9618889908533945
Zhou_2020	0.52	1.000662555572338
Zhou_2020	0.525	1.0399954086099088
Zhou_2020	0.53	1.078972805910605
Zhou_2020	0.535	1.116595579442243
Zhou_2020	0.54	1.1518223469765452
Zhou_2020	0.545	1.1836166907899652
Zhou_2020	0.55	1.2109959345231793
Zhou_2020	0.555	1.2330780799789391
Zhou_2020	0.56	1.2491237686951415
Zhou_2020	0.5650000000000001	1.2585707248496065
Zhou_2020	0.5700000000000001	1.261058895505331
Zhou_2020	0.5750000000000001	1.2564453015225854
Zhou_2020	0.58	1.2448083387560327
Zhou_2020	0.585	1.2264418581305385
Zhou_2020	0.59	1.2018397890113077
Zhou_2020	0.595	1.1716723803697275
Zhou_2020	0.6	1.1367553702341993
Zhou_2020	0.605	1.098013607394871
Zhou_2020	0.61	1.056440870176657
Zhou_2020	0.615	1.0130578510146102
Zhou_2020	0.62	0.9688704642943331
Zhou_2020	0.625	0.9248307284033186
Zhou_2020	0.63	0.8818024092303947
Zhou_2020	0.635	0.8405333488349149
Zhou_2020	0.64	0.8016359325242952
Zhou_2020	0.645	0.7655765048851632
Zhou_2020	0.65	0.7326738023824169
Zhou_2020	0.655	0.7031057220064038
Zhou_2020	0.66	0.6769230907497532
Zhou_2020	0.665	0.6540686220989054
Zhou_2020	0.67	0.6343989949369673
Zhou_2020	0.675	0.6177079806590366
Zhou_2020	0.68	0.6037487520454488
Zhou_2020	0.685	0.5922538796644246
Zhou_2020	0.6900000000000001	0.5829519890534373
Zhou_2020	0.6950000000000001	0.5755805427965892
Zhou_2020	0.7000000000000001	0.5698946632716271
Zhou_2020	0.705	0.5656722789911471
Zhou_2020	0.71	0.5627161355501262
Zhou_2020	0.715	0.5608533565518372
Zhou_2020	0.72	0.5599332817737049
Zhou_2020	0.725	0.5598242708231613
Zhou_2020	0.73	0.5604100666919313
Zhou_2020	0.735	0.561586190601103
Zhou_2020	0.74	0.5632567091788259
Zhou_2020	0.745	0.5653315936312443
Zhou_2020	0.75	0.5677247886951476
Zhou_2020	0.755	0.5703530324604078
Zhou_2020	0.76	0.5731354189898682
Zhou_2020	0.765	0.5759936750644887
Zhou_2020	0.77	0.5788531321529795
Zhou_2020	0.775	0.581644419778846
Zhou_2020	0.78	0.5843059975114873
Zhou_2020	0.785	0.5867877991872203
Zhou_2020	0.79	0.5890565153829999
Zhou_2020	0.795	0.5911034314828911
Zhou_2020	0.8	0.5929563191004837
Zhou_2020	0.805	0.5946976890866593
Zhou_2020	0.81	0.5964927499772246
Zhou_2020	0.8150000000000001	0.5986315623529886
Zhou_2020	0.8200000000000001	0.6015908244544361
Zhou_2020	0.8250000000000001	0.606120860742347
Zhou_2020	0.8300000000000001	0.6133617598015273
Zhou_2020	0.835	0.6249879948981882
Zhou_2020	0.84	0.6433720594162883
Zhou_2020	0.845	0.671744082030643
Zhou_2020	0.85	0.7143069551162489
Zhou_2020	0.855	0.7762484923108774
Zhou_2020	0.86	0.8635796484753417
Zhou_2020	0.865	0.9827292630828949
Zhou_2020	0.87	1.139849565621236
Zhou_2020	0.875	1.3398374948999114
Zhou_2020	0.88	1.5851511976014336
Zhou_2020	0.885	1.8745841685612579
Zhou_2020	0.89	2.202226791737534
Zhou_2020	0.895	2.5568694060308848
Zhou_2020	0.9	2.9220646424876273
Zhou_2020	0.905	3.2769718444930054
Zhou_2020	0.91	3.597976737510547
Zhou_2020	0.915	3.8609492024369283
Zhou_2020	0.92	4.043896151240026
Zhou_2020	0.925	4.12968909733995
Zhou_2020	0.93	4.108487681325513
Zhou_2020	0.935	3.9794433594842538
Zhou_2020	0.9400000000000001	3.7512850776298077
Zhou_2020	0.9450000000000001	3.4415139453789356
Zhou_2020	0.9500000000000001	3.0741936485156374
Zhou_2020	0.9550000000000001	2.6766714778588794
Zhou_2020	0.96	2.275878654717869
Zhou_2020	0.965	1.8949958278467143
Zhou_2020	0.97	1.5511534818545354
Zhou_2020	0.975	1.2545085364529203
Zhou_2020	0.98	1.0086363393578808
Zhou_2020	0.985	0.8118601446408255
Zhou_2020	0.99	0.6590053620088158
Zhou_2020	0.995	0.5431150896126746
Zhou_2020	1.0	0.4568258438428166
