dataset	phenotype	cell_type	cls	depth	beta	se	beta_adj	gamma	delta	predicted
Green	cerad_ad	Chandelier_1	Inhibitory	0.5377438373044524	0.012930773144894022	0.013011443053042209	0.014149842915726393	-0.8164781192644931	0.0008988508778937644	-0.0007338920742819393
Green	cerad_ad	Chandelier_2	Inhibitory	0.3083839397387943	0.029705167102130326	0.029350869996178437	0.033628509541898874	-2.17371855435396	0.0008988508778937644	-0.0019538488308750213
Green	cerad_ad	L2/3 IT_1	Excitatory	0.1919707901948373	-0.011044841004509918	0.021483605024322908	0.0021164522577028777	-7.271828198118003	0.0013673103594197538	-0.009942846027207427
Green	cerad_ad	L2/3 IT_10	Excitatory	0.3436600012425826	-0.07589612269371182	0.03153920983183057	-0.06241048242007733	-8.571102481807092	0.0013673103594197538	-0.011719357215023199
Green	cerad_ad	L2/3 IT_12	Excitatory	0.3032241530756692	0.003760718945994449	0.03167043668602707	0.01078375253126599	-4.074050978034594	0.0013673103594197538	-0.005570492107070881
Green	cerad_ad	L2/3 IT_13	Excitatory	0.4258329844029131	0.009858492583677301	0.0226818836359999	0.01429461189909085	-3.479030022243569	0.0013673103594197538	-0.004756913790145968
Green	cerad_ad	L2/3 IT_2	Excitatory	0.2660203989385524	0.01820661072903687	0.03259870637927536	0.025699298046144032	-3.8950969670033	0.0013673103594197538	-0.0053258064339280755
Green	cerad_ad	L2/3 IT_3	Excitatory	0.3798489777663303	-0.026245947492127022	0.027779100807229305	-0.024061277022101674	-1.3242234852650379	0.0013673103594197538	-0.001810624489589818
Green	cerad_ad	L2/3 IT_5	Excitatory	0.3677645450571993	-0.011212836767537093	0.02038541606070433	-0.00530400244426666	-3.3884049965344336	0.0013673103594197538	-0.004633001253671186
Green	cerad_ad	L2/3 IT_6	Excitatory	0.1979691675974276	-0.032101877310107774	0.029961900859920662	-0.015891063797342973	-10.34797209714019	0.0013673103594197538	-0.014148889447406336
Green	cerad_ad	L2/3 IT_7	Excitatory	0.2177554769451218	0.10759661306855119	0.04021663371975103	0.11490095492823879	-2.6451975089876827	0.0013673103594197538	-0.003616805956750186
Green	cerad_ad	L2/3 IT_8	Excitatory	0.2744983406514524	0.05443492765347346	0.04149625987004503	0.05989670308187957	-4.809234576861267	0.0013673103594197538	-0.006575716257822087
Green	cerad_ad	L4 IT_1	Excitatory	0.5630840855967468	0.004286685980245241	0.02206263726219109	0.0010746221388239826	2.013834931768243	0.0013673103594197538	0.002753537364368092
Green	cerad_ad	L4 IT_2	Excitatory	0.5512355818998482	-0.015147753038264978	0.02272133829040871	-0.01864776242043888	2.6314831942699475	0.0013673103594197538	0.0035980542321642837
Green	cerad_ad	L4 IT_3	Excitatory	0.5314108664019961	0.004411343789142688	0.027131258209167165	0.004822070759680545	0.1206736229172093	0.0013673103594197538	0.00016499829472341329
Green	cerad_ad	L4 IT_4	Excitatory	0.5532418211408268	0.0075218397183974784	0.021992979633860668	0.005324463475821628	1.491111452940979	0.0013673103594197538	0.0020388121366556413
Green	cerad_ad	L5 ET_2	Excitatory	0.5803583932144897	-0.009956176530161235	0.02760397852959233	-0.023856844510805934	7.879816992772475	0.0013673103594197538	0.010774155404549617
Green	cerad_ad	L5 IT_1	Excitatory	0.5629397259705062	0.01272813388889241	0.021005213706960065	0.000935305691164505	6.807488669090768	0.0013673103594197538	0.009307949778880399
Green	cerad_ad	L5 IT_2	Excitatory	0.5925571972392969	-0.0010664003826733777	0.018042023250243178	-0.009490123121248393	4.950201386531909	0.0013673103594197538	0.006768461637019108
Green	cerad_ad	L5 IT_3	Excitatory	0.6164728933312946	-0.0011002386690560895	0.02841793405583058	-0.01341780710851042	6.803941406570289	0.0013673103594197538	0.009303099570088567
Green	cerad_ad	L5 IT_5	Excitatory	0.5837304045657066	-0.03003370606460199	0.019580455046014057	-0.03748550829386361	3.8318170720879587	0.0013673103594197538	0.005239283178067335
Green	cerad_ad	L5 IT_6	Excitatory	0.5076176320839733	0.08751383541535199	0.03147039833933385	0.07885108339986158	4.798825771406803	0.0013673103594197538	0.0065614841902950135
Green	cerad_ad	L5 IT_7	Excitatory	0.5909416812135041	-0.028995777035898517	0.03596178966099965	-0.0411659654481818	6.109305279945965	0.0013673103594197538	0.008353316398127917
Green	cerad_ad	L5/6 NP_1	Excitatory	0.6407527971721316	0.011694193394506575	0.02362861623786385	-0.0013283556927611434	7.588122466120632	0.0013673103594197538	0.01037531845647251
Green	cerad_ad	L5/6 NP_2	Excitatory	0.6302251538114368	-0.03284530504129073	0.022726878828201725	-0.04262954397049534	5.970633384307512	0.0013673103594197538	0.008163708878661085
Green	cerad_ad	L5/6 NP_3	Excitatory	0.6131612028240632	0.0405956538080234	0.01852198013424922	0.03733402725253107	2.2643628370801405	0.0013673103594197538	0.0030960867646247802
Green	cerad_ad	L5/6 NP_4	Excitatory	0.6353904788345692	0.005779656123467851	0.03295515379869519	-0.009909517225019114	8.893221821229703	0.0013673103594197538	0.012159794324785183
Green	cerad_ad	L5/6 NP_6	Excitatory	0.6193951422603103	0.022541691376541436	0.030257864165044203	0.01667469997731294	3.9758541852080653	0.0013673103594197538	0.005436226614977372
Green	cerad_ad	L6 CT_1	Excitatory	0.9279759816375948	0.07596075779445446	0.051286389197588114	0.05137803166111454	15.489383370161681	0.0013673103594197538	0.021178794343046124
Green	cerad_ad	L6 CT_2	Excitatory	0.8331534913085406	-0.031883558507168924	0.03679631823023469	-0.05467252833575798	13.006899755412919	0.0013673103594197538	0.017784468779510346
Green	cerad_ad	L6 CT_3	Excitatory	0.8051462951414932	-0.010039034799550806	0.03385551154482305	-0.024986987080290977	10.079911044942323	0.0013673103594197538	0.013782366793779234
Green	cerad_ad	L6 CT_4	Excitatory	0.8135731387095528	0.01150078401008518	0.02229069445264591	0.005227605732663239	4.371470508008557	0.0013673103594197538	0.005977156911498034
Green	cerad_ad	L6 IT Car3_1	Excitatory	0.7663699966007065	0.009378911836949179	0.03087935157761784	0.004696013378292055	3.4718755313028264	0.0013673103594197538	0.004747131380566316
Green	cerad_ad	L6 IT Car3_3	Excitatory	0.7973887453221391	-0.0022175829329058976	0.02939314307559347	-0.021414526224598225	11.420397252976347	0.0013673103594197538	0.015615227472683457
Green	cerad_ad	L6 IT_1	Excitatory	0.8530337414259787	-0.01591395360937027	0.0416988241583327	-0.03444676224118011	11.08863412315609	0.0013673103594197538	0.0151616043084067
Green	cerad_ad	L6 IT_2	Excitatory	0.8197358450038192	-0.004287000801761738	0.03810332384860958	-0.02975643733743734	15.090158555742613	0.0013673103594197538	0.020632930118553505
Green	cerad_ad	L6b_1	Excitatory	0.9410415642527472	0.01843622789735456	0.023352332523935364	0.012851650955669345	4.575373973275933	0.0013673103594197538	0.006255956231879702
Green	cerad_ad	L6b_2	Excitatory	0.9170995043620296	-0.014024326917374728	0.040996245232902184	-0.03138915518408994	12.242143737928812	0.0013673103594197538	0.01673880995437573
Green	cerad_ad	L6b_3	Excitatory	0.8642836597560695	0.01906797484343349	0.02235851673620645	0.014392232007681294	2.7034708977017	0.0013673103594197538	0.0036964837648173557
Green	cerad_ad	L6b_4	Excitatory	0.923495610477519	0.049166527725690745	0.03888047897922695	0.031023640563336945	11.304550296268484	0.0013673103594197538	0.015456828728669545
Green	cerad_ad	L6b_5	Excitatory	0.8919508779002744	0.028637707991137958	0.03536050524028899	0.014015111571195345	9.910381544814404	0.0013673103594197538	0.013550567352027077
Green	cerad_ad	L6b_6	Excitatory	0.861725382393208	0.04196351960287706	0.039398848181207015	0.017219679418783537	15.79271144928131	0.0013673103594197538	0.021593537967929288
Green	cerad_ad	Lamp5_1	Inhibitory	0.579758694166293	0.00896809283883535	0.028871665741454673	0.004761776252113534	2.3145569487297704	0.0008988508778937644	0.0020804415453008667
Green	cerad_ad	Lamp5_2	Inhibitory	0.4551264444335245	0.001932785299733883	0.013019542360496343	0.004844250729781696	-2.1123376122636603	0.0008988508778937644	-0.001898676517191209
Green	cerad_ad	Lamp5_3	Inhibitory	0.2465184059874807	-0.013844662794462038	0.030318247529176216	-0.005833614056777646	-5.766030538372209	0.0008988508778937644	-0.005182801611378115
Green	cerad_ad	Lamp5_4	Inhibitory	0.1322474178935395	0.009044845155799902	0.033442813073571984	0.015566585351955747	-3.693622891449406	0.0008988508778937644	-0.003320016178587803
Green	cerad_ad	Lamp5_5	Inhibitory	0.0932772268895256	-0.05198309576488569	0.04040839513600297	-0.03803502913748601	-9.502754291902843	0.0008988508778937644	-0.008541559037685607
Green	cerad_ad	Lamp5_6	Inhibitory	0.1296752919101563	0.0008191255575586266	0.034309718931360776	0.008982372473717571	-4.881919671432194	0.0008988508778937644	-0.004388117782473665
Green	cerad_ad	Lamp5_Lhx6_1	Inhibitory	0.9202262402030006	0.004756297735804441	0.01276111143680727	0.003495150422546889	0.9837555362909777	0.0008988508778937644	0.0008842495274279963
Green	cerad_ad	Pax6_1	Inhibitory	0.1062743761433986	-0.0026997911894823335	0.033653234262264256	0.007990975773359929	-6.689590219361945	0.0008988508778937644	-0.006012944041423025
Green	cerad_ad	Pax6_2	Inhibitory	0.1767240916513598	-0.006847647261986063	0.03218911609675115	-0.0004474625075330217	-4.1731472642692555	0.0008988508778937644	-0.0037510370820683816
Green	cerad_ad	Pax6_3	Inhibitory	0.2804480041403503	0.034615197734507594	0.0332084958838059	0.03700307909813475	-1.0353548464821647	0.0008988508778937644	-0.0009306296126920573
Green	cerad_ad	Pax6_4	Inhibitory	0.205431236839579	-0.038070458758616636	0.03164984239799	-0.03335011735022356	-3.856931704030305	0.0008988508778937644	-0.0034668064481439323
Green	cerad_ad	Pvalb_1	Inhibitory	0.5900508231599844	0.022070241224902448	0.025627248073196857	0.015417730025855433	4.406069859119703	0.0008988508778937644	0.0039603997609309995
Green	cerad_ad	Pvalb_10	Inhibitory	0.6817932985315721	0.02980323198426008	0.033020284313904594	0.01952718137603171	6.893960144274173	0.0008988508778937644	0.006196642127845463
Green	cerad_ad	Pvalb_12	Inhibitory	0.6108336179898526	0.0273523412195322	0.03367256515276183	0.019153299115186387	4.925442487514657	0.0008988508778937644	0.004427238303917796
Green	cerad_ad	Pvalb_13	Inhibitory	0.6092756177219957	0.005796896174823219	0.0329481449770258	-0.0016299050035267562	5.115837793226585	0.0008988508778937644	0.004598375291603814
Green	cerad_ad	Pvalb_15	Inhibitory	0.5265084301382293	0.0009569740308766213	0.013177764030062692	0.0009267718309609479	-0.5133934478666311	0.0008988508778937644	-0.00046146415131982795
Green	cerad_ad	Pvalb_2	Inhibitory	0.3495695430871181	0.01704746479781962	0.01896150763917683	0.022777767101777487	-3.7699166946893103	0.0008988508778937644	-0.0033885929306078453
Green	cerad_ad	Pvalb_3	Inhibitory	0.504731485099097	0.005746555885100918	0.02450313520878959	0.011226817074717697	-3.8327814752146057	0.0008988508778937644	-0.0034450989937716055
Green	cerad_ad	Pvalb_5	Inhibitory	0.2666822594830076	-0.07300684656631443	0.033092842141639905	-0.06595226586679478	-3.45868872295172	0.0008988508778937644	-0.0031088453949864162
Green	cerad_ad	Pvalb_6	Inhibitory	0.4638743634718683	-0.04459264671193377	0.022909985853640114	-0.040663876616559	-2.9414936006650936	0.0008988508778937644	-0.002643964105276709
Green	cerad_ad	Pvalb_7	Inhibitory	0.8803705194855638	0.014695131410451066	0.03451475785997808	0.004721858148286032	6.438688086599889	0.0008988508778937644	0.005787420439124433
Green	cerad_ad	Pvalb_8	Inhibitory	0.2749435083648415	-0.08939213921999896	0.034087163261862605	-0.08262099587301816	-5.217619952671583	0.0008988508778937644	-0.004689862274974874
Green	cerad_ad	Pvalb_9	Inhibitory	0.6427079814410825	0.00887296446338489	0.029836188329016734	0.0002067924536159546	5.13146165619709	0.0008988508778937644	0.004612418814550945
Green	cerad_ad	Sncg_1	Inhibitory	0.2284107828293974	-0.030995721118939674	0.03370630941525732	-0.020549824285837785	-6.689157232768034	0.0008988508778937644	-0.006012554851042971
Green	cerad_ad	Sncg_2	Inhibitory	0.1166485153506787	0.058468610611311284	0.03299099362604956	0.06443401276061494	-3.5759198109250594	0.0008988508778937644	-0.0032142186613276936
Green	cerad_ad	Sncg_3	Inhibitory	0.1323250123250063	-0.010555276497771292	0.032231223105497524	-0.0037877950936336044	-4.882114986874841	0.0008988508778937644	-0.004388293341930755
Green	cerad_ad	Sncg_4	Inhibitory	0.1160922736587884	0.01412971617972553	0.0352937063958524	0.02780091151989052	-8.978332186111198	0.0008988508778937644	-0.008070181767507891
Green	cerad_ad	Sncg_5	Inhibitory	0.0884437751366371	0.009109846200825233	0.03739794160073091	0.020083569003476045	-7.545415294703547	0.0008988508778937644	-0.006782203161717321
Green	cerad_ad	Sncg_6	Inhibitory	0.1181267995791516	-0.027845256339347573	0.03431711487008716	-0.018259072730411188	-6.014198912170816	0.0008988508778937644	-0.0054058679720324606
Green	cerad_ad	Sncg_8	Inhibitory	0.1204937514720459	0.00402334037358415	0.030830832609865775	0.015007559632805284	-6.789342393397016	0.0008988508778937644	-0.006102606370626259
Green	cerad_ad	Sst Chodl_1	Inhibitory	0.8747911559403596	-0.018193050803738148	0.030729315982153685	-0.022043258588231068	2.4453521658527095	0.0008988508778937644	0.002198006941036126
Green	cerad_ad	Sst Chodl_2	Inhibitory	0.2773765687049466	-0.0035415183469452733	0.02928909621034483	-0.00037148549124325133	-1.187108687954282	0.0008988508778937644	-0.0010670336863230212
Green	cerad_ad	Sst_1	Inhibitory	0.815785423135265	0.06219654636795053	0.031362311981252	0.055097742462841985	5.824207688629115	0.0008988508778937644	0.0052350941939598925
Green	cerad_ad	Sst_10	Inhibitory	0.6105200510345437	0.004638443588138769	0.028897435318241575	-0.003020203992035078	4.826975037670871	0.0008988508778937644	0.004338730750181749
Green	cerad_ad	Sst_11	Inhibitory	0.2387819276287432	-0.11510309696227834	0.04104140086100371	-0.10553729994140088	-6.524980068412305	0.0008988508778937644	-0.005864984062731716
Green	cerad_ad	Sst_12	Inhibitory	0.7803451676571576	-0.09532604743400228	0.03428077304155411	-0.1037574778318072	5.0984218562033305	0.0008988508778937644	0.004582720961321119
Green	cerad_ad	Sst_13	Inhibitory	0.6048978450950697	-0.03905696251170836	0.023953630993616366	-0.042023865669963516	1.615592725966975	0.0008988508778937644	0.0014521769400541952
Green	cerad_ad	Sst_19	Inhibitory	0.5541324758571757	-0.048656000683062806	0.02362424173749274	-0.04884378246488712	0.4930112911494047	0.0008988508778937644	0.0004431436318611807
Green	cerad_ad	Sst_2	Inhibitory	0.3192887752225759	-0.07906871197022917	0.029154816108331493	-0.07212351215712867	-4.636502086345126	0.0008988508778937644	-0.0041675239706675865
Green	cerad_ad	Sst_20	Inhibitory	0.2957429970923577	-0.08172650541287099	0.03768309326084082	-0.0726023591145929	-6.860826294648772	0.0008988508778937644	-0.006166859738021672
Green	cerad_ad	Sst_22	Inhibitory	0.2621819638814291	0.003928457432610263	0.031143556759481182	0.00692610713719978	-2.132635205719171	0.0008988508778937644	-0.0019169210268878258
Green	cerad_ad	Sst_23	Inhibitory	0.1967533779707338	-0.09904555871879296	0.03978365002355937	-0.0877685846494671	-7.397200403030837	0.0008988508778937644	-0.006648980076220375
Green	cerad_ad	Sst_25	Inhibitory	0.2177220453776422	-0.06327800037827985	0.044730517439876376	-0.05499832018627597	-5.583159250625106	0.0008988508778937644	-0.005018427593845068
Green	cerad_ad	Sst_3	Inhibitory	0.4598165704652676	-0.061597640363659084	0.0219205785621771	-0.05699373886020784	-2.9908387999937927	0.0008988508778937644	-0.0026883180810131535
Green	cerad_ad	Sst_4	Inhibitory	0.7590957304050299	0.009159309438221389	0.03106064352458649	-0.0006257975238080221	6.808810090459207	0.0008988508778937644	0.0061201049272211795
Green	cerad_ad	Sst_5	Inhibitory	0.679538710548478	0.022971161194729865	0.02992356568878551	0.013856765024985826	5.9345101126680815	0.0008988508778937644	0.005334239624641128
Green	cerad_ad	Sst_7	Inhibitory	0.8373444632991687	0.07870257523570032	0.0326842243050899	0.06929993038751595	5.7117327747553555	0.0008988508778937644	0.005133996018883438
Green	cerad_ad	Sst_9	Inhibitory	0.6073494399404031	-0.045424015083186026	0.03095361611430567	-0.04999590364421342	2.2910246644829635	0.0008988508778937644	0.002059289530946779
Green	cerad_ad	Vip_1	Inhibitory	0.2350554089747075	-0.032074596784714686	0.020265497003321427	-0.02544664786956941	-4.046831397331493	0.0008988508778937644	-0.003637497954179462
Green	cerad_ad	Vip_11	Inhibitory	0.2582343862743472	-0.027290137146732552	0.0238933624300064	-0.017262794846662023	-6.371098177324811	0.0008988508778937644	-0.005726667189835768
Green	cerad_ad	Vip_12	Inhibitory	0.2662593472494122	-0.00788594146922604	0.024460479980387487	-0.0020920842533793046	-3.4360545305305306	0.0008988508778937644	-0.0030885006312582138
Green	cerad_ad	Vip_13	Inhibitory	0.2194681761737045	-0.026383471058641972	0.02709746379486644	-0.017839833360657604	-4.963067573791294	0.0008988508778937644	-0.00446105764574838
Green	cerad_ad	Vip_14	Inhibitory	0.3315424436417966	0.04377296094483308	0.030735900951367207	0.047579576862550044	-3.273830670484983	0.0008988508778937644	-0.002942685572240958
Green	cerad_ad	Vip_15	Inhibitory	0.348308194180037	-0.014125620659093275	0.021922906215952668	-0.007968963773744855	-3.9901388818044112	0.0008988508778937644	-0.0035865398368279382
Green	cerad_ad	Vip_16	Inhibitory	0.2376843396288952	-0.053548147604793477	0.031165026268573846	-0.04760646779886085	-4.049153692492582	0.0008988508778937644	-0.003639585351223735
Green	cerad_ad	Vip_18	Inhibitory	0.4317549423950566	0.04624516872773242	0.023657830006317212	0.04639711634847622	-0.5641524184203017	0.0008988508778937644	-0.0005070888965629785
Green	cerad_ad	Vip_19	Inhibitory	0.5167087850184927	0.005705339670640664	0.013517050017928968	0.007228161790483489	-1.250895168815184	0.0008988508778937644	-0.0011243682206425966
Green	cerad_ad	Vip_2	Inhibitory	0.3743908763624244	-0.008112581514702073	0.020539927202302823	-0.004798851646418738	-2.29389184949456	0.0008988508778937644	-0.002061866702711536
Green	cerad_ad	Vip_21	Inhibitory	0.2073933055044298	-0.003842629499644183	0.03130181051556185	0.003240962046371032	-3.992316520062425	0.0008988508778937644	-0.003588497208887889
Green	cerad_ad	Vip_23	Inhibitory	0.514918470758501	-0.021313088197768445	0.01643130234759369	-0.020567243488042633	-0.6389711609326335	0.0008988508778937644	-0.0005743397889530954
Green	cerad_ad	Vip_4	Inhibitory	0.2460677831117061	-0.010619374147148584	0.019675276836212247	-0.003582646357668806	-4.827912564370084	0.0008988508778937644	-0.004339573446878386
Green	cerad_ad	Vip_5	Inhibitory	0.2025897285247291	0.007593423146333168	0.033711088222802166	0.015608168383747236	-5.24130721394507	0.0008988508778937644	-0.004711153590565446
Green	cerad_ad	Vip_6	Inhibitory	0.2124526037871233	-0.0477086961692979	0.029480163299429707	-0.04142967763710701	-4.615038611897812	0.0008988508778937644	-0.004148231507817968
Green	cerad_ad	Vip_9	Inhibitory	0.1955107516726868	0.015359873388048086	0.030675933882050248	0.027061140421910063	-7.501007980630882	0.0008988508778937644	-0.006742287608478201
Green	cogdx	Chandelier_1	Inhibitory	0.5377438373044524	0.003191083615523589	0.011086173907211238	0.004162021137327717	-0.8164781192644931	0.0004622221292075372	-0.00037739425473779946
Green	cogdx	Chandelier_2	Inhibitory	0.3083839397387943	-0.0007324843714731633	0.02490113906874098	0.002445388512861555	-2.17371855435396	0.0004622221292075372	-0.001004740818491417
Green	cogdx	L2/3 IT_1	Excitatory	0.1919707901948373	-0.016887503975054213	0.01833526726313603	-0.0029054869669517674	-7.271828198118003	0.0012574336802988427	-0.009143841693660422
Green	cogdx	L2/3 IT_10	Excitatory	0.3436600012425826	-0.07061249753271777	0.027130656554978098	-0.05589182076970199	-8.571102481807092	0.0012574336802988427	-0.010777592937917236
Green	cogdx	L2/3 IT_12	Excitatory	0.3032241530756692	0.037100500537487674	0.027086577939485868	0.044585568930382985	-4.074050978034594	0.0012574336802988427	-0.00512284891503514
Green	cogdx	L2/3 IT_13	Excitatory	0.4258329844029131	0.025834024777604447	0.01942915699448549	0.030641031582474314	-3.479030022243569	0.0012574336802988427	-0.004374649524739896
Green	cogdx	L2/3 IT_2	Excitatory	0.2660203989385524	0.02561559982807698	0.02748478201638055	0.03321850615448378	-3.8950969670033	0.0012574336802988427	-0.00489782611433982
Green	cogdx	L2/3 IT_3	Excitatory	0.3798489777663303	-0.0467370970947365	0.023711091369161556	-0.04412480175381635	-1.3242234852650379	0.0012574336802988427	-0.001665123210614977
Green	cogdx	L2/3 IT_5	Excitatory	0.3677645450571993	0.0036772628032575782	0.017521091633919853	0.009923187812375615	-3.3884049965344336	0.0012574336802988427	-0.00426069456513528
Green	cogdx	L2/3 IT_6	Excitatory	0.1979691675974276	-0.012357260193673933	0.02578400180831665	0.005037285816603385	-10.34797209714019	0.0012574336802988427	-0.013011888637736722
Green	cogdx	L2/3 IT_7	Excitatory	0.2177554769451218	0.028623068285509815	0.03450513278055253	0.036158220440703534	-2.6451975089876827	0.0012574336802988427	-0.003326160438843713
Green	cogdx	L2/3 IT_8	Excitatory	0.2744983406514524	0.04196063700215802	0.03572921954161074	0.047650895651696695	-4.809234576861267	0.0012574336802988427	-0.006047293533403111
Green	cogdx	L4 IT_1	Excitatory	0.5630840855967468	0.012504997868129102	0.018930744386457383	0.00917939092710145	2.013834931768243	0.0012574336802988427	0.002532263869767711
Green	cogdx	L4 IT_2	Excitatory	0.5512355818998482	0.003392540292576817	0.019533867866677927	-9.516978256839809e-05	2.6314831942699475	0.0012574336802988427	0.0033089155976154146
Green	cogdx	L4 IT_3	Excitatory	0.5314108664019961	0.030664000315586405	0.02328789237682246	0.031141022741817417	0.1206736229172093	0.0012574336802988427	0.00015173907777978125
Green	cogdx	L4 IT_4	Excitatory	0.5532418211408268	0.024985076216474635	0.018793984003563968	0.02276821416552098	1.491111452940979	0.0012574336802988427	0.00187497376200733
Green	cogdx	L5 ET_2	Excitatory	0.5803583932144897	0.003227093788883609	0.02341575860697783	-0.011332450367223742	7.879816992772475	0.0012574336802988427	0.009908347281303253
Green	cogdx	L5 IT_1	Excitatory	0.5629397259705062	0.007220865785907309	0.017900744609980253	-0.005216690982808553	6.807488669090768	0.0012574336802988427	0.008559965530767474
Green	cogdx	L5 IT_2	Excitatory	0.5925571972392969	0.004822688368940316	0.015435156380663794	-0.004075701856690664	4.950201386531909	0.0012574336802988427	0.006224549947687253
Green	cogdx	L5 IT_3	Excitatory	0.6164728933312946	0.0056575859385226464	0.024133817334984917	-0.007173459934793645	6.803941406570289	0.0012574336802988427	0.008555505083401362
Green	cogdx	L5 IT_5	Excitatory	0.5837304045657066	-0.003735686123663382	0.016856571210432904	-0.01161992890337803	3.8318170720879587	0.0012574336802988427	0.004818255843187498
Green	cogdx	L5 IT_6	Excitatory	0.5076176320839733	0.030781508609608738	0.027308246016561684	0.02113557660444034	4.798825771406803	0.0012574336802988427	0.00603420515085299
Green	cogdx	L5 IT_7	Excitatory	0.5909416812135041	-0.00644844909231475	0.030651503597068662	-0.01937532901218467	6.109305279945965	0.0012574336802988427	0.007682046222231607
Green	cogdx	L5/6 NP_1	Excitatory	0.6407527971721316	-0.005789439594083144	0.020141009854958508	-0.019561665883257265	7.588122466120632	0.0012574336802988427	0.009541560759132397
Green	cogdx	L5/6 NP_2	Excitatory	0.6302251538114368	-0.017143720905654615	0.01947920389750074	-0.027384571003915465	5.970633384307512	0.0012574336802988427	0.00750767551014493
Green	cogdx	L5/6 NP_3	Excitatory	0.6131612028240632	0.041068604141508445	0.0158302940029728	0.03724405731095293	2.2643628370801405	0.0012574336802988427	0.00284728609576161
Green	cogdx	L5/6 NP_4	Excitatory	0.6353904788345692	0.012692641297013654	0.028258260418685555	-0.003999786227374472	8.893221821229703	0.0012574336802988427	0.011182636644382843
Green	cogdx	L5/6 NP_6	Excitatory	0.6193951422603103	0.03892560007750739	0.02584508941042177	0.03239563803666199	3.9758541852080653	0.0012574336802988427	0.004999372960437734
Green	cogdx	L6 CT_1	Excitatory	0.9279759816375948	0.025339567768379083	0.044310150218120244	-0.0014109015606267733	15.489383370161681	0.0012574336802988427	0.019476872336702093
Green	cogdx	L6 CT_2	Excitatory	0.8331534913085406	-0.0502794935635398	0.03130289221467444	-0.07453302656375764	13.006899755412919	0.0012574336802988427	0.016355313828726983
Green	cogdx	L6 CT_3	Excitatory	0.8051462951414932	0.01969194860250444	0.0289193151925739	0.004022547140081448	10.079911044942323	0.0012574336802988427	0.012674819642326779
Green	cogdx	L6 CT_4	Excitatory	0.8135731387095528	0.015390979882686347	0.01908289414192204	0.008261708103970429	4.371470508008557	0.0012574336802988427	0.005496834249203052
Green	cogdx	L6 IT Car3_1	Excitatory	0.7663699966007065	0.04868748931891751	0.026148838909923432	0.04377299619295017	3.4718755313028264	0.0012574336802988427	0.004365653226865613
Green	cogdx	L6 IT Car3_3	Excitatory	0.7973887453221391	0.007139964473840371	0.02455265790662841	-0.012901242965749508	11.420397252976347	0.0012574336802988427	0.01436039214828484
Green	cogdx	L6 IT_1	Excitatory	0.8530337414259787	0.008694659542559902	0.03587681514432305	-0.011528287252922487	11.08863412315609	0.0012574336802988427	0.013943222014967494
Green	cogdx	L6 IT_2	Excitatory	0.8197358450038192	-0.0322776642288182	0.032420734647238	-0.05952675844675995	15.090158555742613	0.0012574336802988427	0.018974873609040505
Green	cogdx	L6b_1	Excitatory	0.9410415642527472	0.021045431760548187	0.020024221229991424	0.014765111396436565	4.575373973275933	0.0012574336802988427	0.005753229333959895
Green	cogdx	L6b_2	Excitatory	0.9170995043620296	-0.030582934318410165	0.034923151276192776	-0.0499998430299691	12.242143737928812	0.0012574336802988427	0.015393683855131257
Green	cogdx	L6b_3	Excitatory	0.8642836597560695	0.04919909256209707	0.018943761473383496	0.04431729337506593	2.7034708977017	0.0012574336802988427	0.0033994353604778647
Green	cogdx	L6b_4	Excitatory	0.923495610477519	0.03268540088245653	0.03328608362703278	0.012955153724345143	11.304550296268484	0.0012574336802988427	0.014214722283160253
Green	cogdx	L6b_5	Excitatory	0.8919508779002744	0.027806168953791337	0.030361074288374115	0.012017768207998457	9.910381544814404	0.0012574336802988427	0.012461647539061706
Green	cogdx	L6b_6	Excitatory	0.861725382393208	-0.002850296653828772	0.03380880942764339	-0.029409648912399937	15.79271144928131	0.0012574336802988427	0.01985828727956747
Green	cogdx	Lamp5_1	Inhibitory	0.579758694166293	-0.00842393274044949	0.024285852309004534	-0.012338782319411244	2.3145569487297704	0.0004622221292075372	0.0010698394410139749
Green	cogdx	Lamp5_2	Inhibitory	0.4551264444335245	0.003959838589501706	0.011096051078074008	0.0063994502390559375	-2.1123376122636603	0.0004622221292075372	-0.0009763691887456742
Green	cogdx	Lamp5_3	Inhibitory	0.2465184059874807	-0.023903404609368465	0.026059566813452454	-0.016956022680081166	-5.766030538372209	0.0004622221292075372	-0.0026651869125220843
Green	cogdx	Lamp5_4	Inhibitory	0.1322474178935395	-0.00354168567681007	0.028678425000052854	0.002052885930351366	-3.693622891449406	0.0004622221292075372	-0.0017072742373754443
Green	cogdx	Lamp5_5	Inhibitory	0.0932772268895256	-0.05977149928672899	0.03444902818603162	-0.04771772410119135	-9.502754291902843	0.0004622221292075372	-0.004392383322139394
Green	cogdx	Lamp5_6	Inhibitory	0.1296752919101563	-0.01702830709182532	0.029434668862252798	-0.010054305546167094	-4.881919671432194	0.0004622221292075372	-0.0022565313051495493
Green	cogdx	Lamp5_Lhx6_1	Inhibitory	0.9202262402030006	-0.005392215539721402	0.01082164333140504	-0.006447001173687675	0.9837555362909777	0.0004622221292075372	0.0004547135786041183
Green	cogdx	Pax6_1	Inhibitory	0.1062743761433986	-0.006226629821525067	0.02863941976366102	0.002799108554877902	-6.689590219361945	0.0004622221292075372	-0.0030920766347193943
Green	cogdx	Pax6_2	Inhibitory	0.1767240916513598	0.007119499632144553	0.027592137784901848	0.012465759953177122	-4.1731472642692555	0.0004622221292075372	-0.001928921013987144
Green	cogdx	Pax6_3	Inhibitory	0.2804480041403503	0.03811605890958499	0.02796625526926373	0.03979285295014962	-1.0353548464821647	0.0004622221292075372	-0.00047856392162632896
Green	cogdx	Pax6_4	Inhibitory	0.205431236839579	0.007689539130954217	0.027263405499156936	0.011848914497823866	-3.856931704030305	0.0004622221292075372	-0.0017827591844449423
Green	cogdx	Pvalb_1	Inhibitory	0.5900508231599844	0.018486361324952516	0.022090012886094405	0.012772765445598695	4.406069859119703	0.0004622221292075372	0.0020365829917194625
Green	cogdx	Pvalb_10	Inhibitory	0.6817932985315721	0.032233183616769114	0.028173631190693084	0.02354451339608466	6.893960144274173	0.0004622221292075372	0.003186540936558308
Green	cogdx	Pvalb_12	Inhibitory	0.6108336179898526	0.02737963868748222	0.028810577684005467	0.02048282135507365	4.925442487514657	0.0004622221292075372	0.0022766485138682934
Green	cogdx	Pvalb_13	Inhibitory	0.6092756177219957	0.03358291354019148	0.02813640438348077	0.02737554268480551	5.115837793226585	0.0004622221292075372	0.0023646534374655802
Green	cogdx	Pvalb_15	Inhibitory	0.5265084301382293	0.010598594240861871	0.011284249949776178	0.010602833920466683	-0.5133934478666311	0.0004622221292075372	-0.00023730181259411297
Green	cogdx	Pvalb_2	Inhibitory	0.3495695430871181	0.026804999127844634	0.016112163619636095	0.03159934625882277	-3.7699166946893103	0.0004622221292075372	-0.0017425389215543338
Green	cogdx	Pvalb_3	Inhibitory	0.504731485099097	0.002037655314302268	0.02105957639566117	0.006642106486816351	-3.8327814752146057	0.0004622221292075372	-0.0017715964142609004
Green	cogdx	Pvalb_5	Inhibitory	0.2666822594830076	-0.08048105840506456	0.02840799894793682	-0.07432727474062054	-3.45868872295172	0.0004622221292075372	-0.0015986824657888417
Green	cogdx	Pvalb_6	Inhibitory	0.4638743634718683	0.0002334234010277804	0.019587993631793005	0.0036520496056834588	-2.9414936006650936	0.0004622221292075372	-0.0013596234351497647
Green	cogdx	Pvalb_7	Inhibitory	0.8803705194855638	0.014468446500581676	0.029603073400738738	0.005958687300091296	6.438688086599889	0.0004622221292075372	0.002976104116691404
Green	cogdx	Pvalb_8	Inhibitory	0.2749435083648415	-0.06553317607858897	0.029411906391248455	-0.059331916624141265	-5.217619952671583	0.0004622221292075372	-0.0024116994039195885
Green	cogdx	Pvalb_9	Inhibitory	0.6427079814410825	-0.006021626368430148	0.025386160018014175	-0.0134000797457446	5.13146165619709	0.0004622221292075372	0.0023718751326742542
Green	cogdx	Sncg_1	Inhibitory	0.2284107828293974	-0.023887399863228548	0.02872378003336318	-0.014979237250916343	-6.689157232768034	0.0004622221292075372	-0.003091876498734038
Green	cogdx	Sncg_2	Inhibitory	0.1166485153506787	-0.0378641007723973	0.02811366619607651	-0.03293014971192668	-3.5759198109250594	0.0004622221292075372	-0.0016528692688811946
Green	cogdx	Sncg_3	Inhibitory	0.1323250123250063	-0.011443510123181682	0.027701524504908506	-0.005511465789216	-4.882114986874841	0.0004622221292075372	-0.0022566215842693164
Green	cogdx	Sncg_4	Inhibitory	0.1160922736587884	-0.028366070721814143	0.03035710372109529	-0.01656943643800323	-8.978332186111198	0.0004622221292075372	-0.00414998381979688
Green	cogdx	Sncg_5	Inhibitory	0.0884437751366371	-0.019924750673681792	0.031870343331146044	-0.010611955175894076	-7.545415294703547	0.0004622221292075372	-0.00348765792327299
Green	cogdx	Sncg_6	Inhibitory	0.1181267995791516	-0.016540172503988836	0.029180781321741994	-0.0086065710553054	-6.014198912170816	0.0004622221292075372	-0.0027798958266612482
Green	cogdx	Sncg_8	Inhibitory	0.1204937514720459	-0.0144845434650799	0.026239996558640923	-0.005164945200889566	-6.789342393397016	0.0004622221292075372	-0.003138184296994965
Green	cogdx	Sst Chodl_1	Inhibitory	0.8747911559403596	-0.002781444019466885	0.02632795379677807	-0.006119971849684514	2.4453521658527095	0.0004622221292075372	0.001130295884762702
Green	cogdx	Sst Chodl_2	Inhibitory	0.2773765687049466	-0.02942944619069637	0.02492446915458754	-0.027026164475464784	-1.187108687954282	0.0004622221292075372	-0.000548707905346994
Green	cogdx	Sst_1	Inhibitory	0.815785423135265	0.004537374839519141	0.026899007663717795	-0.0014265044610459812	5.824207688629115	0.0004622221292075372	0.0026920776787850583
Green	cogdx	Sst_10	Inhibitory	0.6105200510345437	0.01863749131752441	0.024373296885574647	0.012296357420976192	4.826975037670871	0.0004622221292075372	0.002231134679543862
Green	cogdx	Sst_11	Inhibitory	0.2387819276287432	-0.05566650325440743	0.03518586651383469	-0.04717175414903501	-6.524980068412305	0.0004622221292075372	-0.0030159901802582776
Green	cogdx	Sst_12	Inhibitory	0.7803451676571576	-0.003383536548507149	0.02931645295622022	-0.010172424551079483	5.0984218562033305	0.0004622221292075372	0.0023566034059725473
Green	cogdx	Sst_13	Inhibitory	0.6048978450950697	0.009754041363409734	0.0205619196121269	0.007468174800519103	1.615592725966975	0.0004622221292075372	0.0007467627097286643
Green	cogdx	Sst_19	Inhibitory	0.5541324758571757	-0.020991429346692535	0.02025377498475241	-0.02081859890509948	0.4930112911494047	0.0004622221292075372	0.00022788072871843484
Green	cogdx	Sst_2	Inhibitory	0.3192887752225759	-0.03447422117360063	0.025116645132864688	-0.028226412576232332	-4.636502086345126	0.0004622221292075372	-0.0021430938664256326
Green	cogdx	Sst_20	Inhibitory	0.2957429970923577	-0.06594426045803814	0.03241819209805175	-0.05771942520282367	-6.860826294648772	0.0004622221292075372	-0.0031712257380356133
Green	cogdx	Sst_22	Inhibitory	0.2621819638814291	-0.02506397419700738	0.026620122015728116	-0.02263682746740469	-2.132635205719171	0.0004622221292075372	-0.0009857511856104693
Green	cogdx	Sst_23	Inhibitory	0.1967533779707338	-0.0683515450070474	0.033851516671875116	-0.058422920106090445	-7.397200403030837	0.0004622221292075372	-0.0034191497204637657
Green	cogdx	Sst_25	Inhibitory	0.2177220453776422	-0.04317516084643549	0.03839461302845659	-0.03568123638844331	-5.583159250625106	0.0004622221292075372	-0.002580659756528694
Green	cogdx	Sst_3	Inhibitory	0.4598165704652676	-0.017803259713945332	0.01858663586704581	-0.013630122619812453	-2.9908387999937927	0.0004622221292075372	-0.0013824318782496463
Green	cogdx	Sst_4	Inhibitory	0.7590957304050299	0.03145565831386348	0.026343478205037442	0.02335205561204165	6.808810090459207	0.0004622221292075372	0.003147182697381818
Green	cogdx	Sst_5	Inhibitory	0.679538710548478	0.021912763828458793	0.025458955094327072	0.014250223967679831	5.9345101126680815	0.0004622221292075372	0.002743061900081102
Green	cogdx	Sst_7	Inhibitory	0.8373444632991687	0.052474500732913834	0.028059807979349316	0.044468687128908106	5.7117327747553555	0.0004622221292075372	0.002640089284611895
Green	cogdx	Sst_9	Inhibitory	0.6073494399404031	-0.008212789425242418	0.026239935754423075	-0.011895661782797063	2.2910246644829635	0.0004622221292075372	0.0010589622984842988
Green	cogdx	Vip_1	Inhibitory	0.2350554089747075	-0.025690000731720848	0.017223635411619982	-0.02017456974229504	-4.046831397331493	0.0004622221292075372	-0.0018705350250184756
Green	cogdx	Vip_11	Inhibitory	0.2582343862743472	-0.015943979542560285	0.02027343087023237	-0.007529420763051558	-6.371098177324811	0.0004622221292075372	-0.0029448625649133335
Green	cogdx	Vip_12	Inhibitory	0.2662593472494122	-0.02851369188127527	0.020946489796288794	-0.02343103836836424	-3.4360545305305306	0.0004622221292075372	-0.0015882204411750264
Green	cogdx	Vip_13	Inhibitory	0.2194681761737045	-0.016743906331417226	0.023083037019137352	-0.00958310082449254	-4.963067573791294	0.0004622221292075372	-0.0022940396613586977
Green	cogdx	Vip_14	Inhibitory	0.3315424436417966	0.0052605882594453715	0.026351844769641447	0.008512093054345348	-3.273830670484983	0.0004622221292075372	-0.001513236983176508
Green	cogdx	Vip_15	Inhibitory	0.348308194180037	-0.01752552922647431	0.018831001364922686	-0.012228947970396337	-3.9901388818044112	0.0004622221292075372	-0.0018443304897814165
Green	cogdx	Vip_16	Inhibitory	0.2376843396288952	-0.0036506352512524097	0.026487041547333376	0.0013116122556502095	-4.049153692492582	0.0004622221292075372	-0.0018716084412324825
Green	cogdx	Vip_18	Inhibitory	0.4317549423950566	0.0024770437485871015	0.020328130545614335	0.0026003045549133318	-0.5641524184203017	0.0004622221292075372	-0.00026076373203981327
Green	cogdx	Vip_19	Inhibitory	0.5167087850184927	0.0024550368686151363	0.011564399199227004	0.003713489268991328	-1.250895168815184	0.0004622221292075372	-0.000578191428345176
Green	cogdx	Vip_2	Inhibitory	0.3743908763624244	-0.01935858259712321	0.017677078158664313	-0.01654262026531813	-2.29389184949456	0.0004622221292075372	-0.0010602875748451908
Green	cogdx	Vip_21	Inhibitory	0.2073933055044298	-0.06175411310358388	0.026763638210183585	-0.055753677317111186	-3.992316520062425	0.0004622221292075372	-0.0018453370423736793
Green	cogdx	Vip_23	Inhibitory	0.514918470758501	-0.009754978029165235	0.01410459299822311	-0.009106783826389728	-0.6389711609326335	0.0004622221292075372	-0.00029534661050849374
Green	cogdx	Vip_4	Inhibitory	0.2460677831117061	-0.006771557085375511	0.016896346860547216	-0.0007759034462910333	-4.827912564370084	0.0004622221292075372	-0.0022315680251309613
Green	cogdx	Vip_5	Inhibitory	0.2025897285247291	0.00033334051671833967	0.028827631190685685	0.007161257876815102	-5.24130721394507	0.0004622221292075372	-0.0024226481802605148
Green	cogdx	Vip_6	Inhibitory	0.2124526037871233	-0.010493147439514062	0.02545030109243482	-0.004932307021989353	-4.615038611897812	0.0004622221292075372	-0.0021331729735664033
Green	cogdx	Vip_9	Inhibitory	0.1955107516726868	-0.02141953833497374	0.02636288912202895	-0.011413350661836331	-7.501007980630882	0.0004622221292075372	-0.0034671318800099347
Green	dementia	Chandelier_1	Inhibitory	0.5377438373044524	0.01708082629458364	0.03055305680398386	0.021461085447710734	-0.8164781192644931	0.0037080565301293483	-0.0030275470218464324
Green	dementia	Chandelier_2	Inhibitory	0.3083839397387943	-0.007849598751364546	0.06894758982370512	0.006174200734692867	-2.17371855435396	0.0037080565301293483	-0.008060271280135528
Green	dementia	L2/3 IT_1	Excitatory	0.1919707901948373	-0.061395133752682	0.050336597214881235	-0.011262056732544885	-7.271828198118003	0.005236081307428663	-0.038075883698998336
Green	dementia	L2/3 IT_10	Excitatory	0.3436600012425826	-0.15451829959438074	0.07412406519376938	-0.10314233083047947	-8.571102481807092	0.005236081307428663	-0.04487898948904554
Green	dementia	L2/3 IT_12	Excitatory	0.3032241530756692	0.11035559687631688	0.07412080345171224	0.13770460583840893	-4.074050978034594	0.005236081307428663	-0.021332062171598404
Green	dementia	L2/3 IT_13	Excitatory	0.4258329844029131	0.08233742803772334	0.05308336459970885	0.09962097055992512	-3.479030022243569	0.005236081307428663	-0.01821648406745268
Green	dementia	L2/3 IT_2	Excitatory	0.2660203989385524	0.03576162230388373	0.07649580941457822	0.06446574751089328	-3.8950969670033	0.005236081307428663	-0.02039504441954806
Green	dementia	L2/3 IT_3	Excitatory	0.3798489777663303	-0.11013435455937637	0.06503091341470346	-0.10211187497428849	-1.3242234852650379	0.005236081307428663	-0.006933741838054301
Green	dementia	L2/3 IT_5	Excitatory	0.3677645450571993	0.024368942545019697	0.04783343309673059	0.04715835074069708	-3.3884049965344336	0.005236081307428663	-0.017741964064351832
Green	dementia	L2/3 IT_6	Excitatory	0.1979691675974276	-0.057299621738852516	0.07034005291340573	0.004657658788912916	-10.34797209714019	0.005236081307428663	-0.05418282326762913
Green	dementia	L2/3 IT_7	Excitatory	0.2177554769451218	0.0784780650355569	0.0950653573941073	0.10606264350205541	-2.6451975089876827	0.005236081307428663	-0.013850469231267268
Green	dementia	L2/3 IT_8	Excitatory	0.2744983406514524	0.11768852971868575	0.09739347404449186	0.13876125311280013	-4.809234576861267	0.005236081307428663	-0.02518154327094288
Green	dementia	L4 IT_1	Excitatory	0.5630840855967468	0.042660315844200505	0.051727937622387775	0.030542508799084378	2.013834931768243	0.005236081307428663	0.010544603442478576
Green	dementia	L4 IT_2	Excitatory	0.5512355818998482	0.042829953444674954	0.05329951243627462	0.02974122598287062	2.6314831942699475	0.005236081307428663	0.013778659964329542
Green	dementia	L4 IT_3	Excitatory	0.5314108664019961	0.07728724360828348	0.06355232769838003	0.0791862626060869	0.1206736229172093	0.005236081307428663	0.0006318569012564948
Green	dementia	L4 IT_4	Excitatory	0.5532418211408268	0.06961099046994719	0.051501141013509166	0.061477496748431074	1.491111452940979	0.005236081307428663	0.007807580806037055
Green	dementia	L5 ET_2	Excitatory	0.5803583932144897	-0.018365725674472932	0.06477195771785342	-0.07155564247076752	7.879816992772475	0.005236081307428663	0.0412593624618147
Green	dementia	L5 IT_1	Excitatory	0.5629397259705062	0.019901770519779212	0.04929695011773841	-0.02519989938974545	6.807488669090768	0.005236081307428663	0.0356445641707586
Green	dementia	L5 IT_2	Excitatory	0.5925571972392969	0.028834199124546447	0.0423100986716195	-0.0032469288515634583	4.950201386531909	0.005236081307428663	0.025919656948027184
Green	dementia	L5 IT_3	Excitatory	0.6164728933312946	0.05599489290493223	0.06662371565709074	0.009145238429296536	6.803941406570289	0.005236081307428663	0.03562599041578258
Green	dementia	L5 IT_5	Excitatory	0.5837304045657066	0.00569006891555676	0.046066465041143985	-0.02258704602416571	3.8318170720879587	0.005236081307428663	0.02006370574464579
Green	dementia	L5 IT_6	Excitatory	0.5076176320839733	0.08459069864065615	0.0743868607704882	0.05126185776543246	4.798825771406803	0.005236081307428663	0.025127041919270097
Green	dementia	L5 IT_7	Excitatory	0.5909416812135041	-0.012759893276472237	0.08443970852209323	-0.05917755028083914	6.109305279945965	0.005236081307428663	0.03198881917770031
Green	dementia	L5/6 NP_1	Excitatory	0.6407527971721316	0.008550014993734352	0.055454883596485	-0.04130105171809837	7.588122466120632	0.005236081307428663	0.039732026203333735
Green	dementia	L5/6 NP_2	Excitatory	0.6302251538114368	-0.00046745160992323846	0.0534536633350348	-0.03767607727171296	5.970633384307512	0.005236081307428663	0.03126272185708211
Green	dementia	L5/6 NP_3	Excitatory	0.6131612028240632	0.07244499337383917	0.04356054134721961	0.06003298902041599	2.2643628370801405	0.005236081307428663	0.011856387924471459
Green	dementia	L5/6 NP_4	Excitatory	0.6353904788345692	0.0428154472202141	0.07729920286596689	-0.017037796937472774	8.893221821229703	0.005236081307428663	0.046565632540957545
Green	dementia	L5/6 NP_6	Excitatory	0.6193951422603103	0.09047219730014852	0.07090725315741385	0.06829827508716943	3.9758541852080653	0.005236081307428663	0.02081789578022997
Green	dementia	L6 CT_1	Excitatory	0.9279759816375948	0.04214571990607108	0.1206232476499341	-0.05219777385454029	15.489383370161681	0.005236081307428663	0.08110367072809997
Green	dementia	L6 CT_2	Excitatory	0.8331534913085406	-0.10428115459952961	0.08626577349394263	-0.19172064791196727	13.006899755412919	0.005236081307428663	0.06810518467691604
Green	dementia	L6 CT_3	Excitatory	0.8051462951414932	0.02562684972827244	0.0794349513412082	-0.03136505099014722	10.079911044942323	0.005236081307428663	0.05277923380296622
Green	dementia	L6 CT_4	Excitatory	0.8135731387095528	0.008508997862164963	0.052315988862731796	-0.015523950385256636	4.371470508008557	0.005236081307428663	0.02288937501295929
Green	dementia	L6 IT Car3_1	Excitatory	0.7663699966007065	0.10778136808994697	0.07227530612151026	0.09030461576106714	3.4718755313028264	0.005236081307428663	0.018179022571173688
Green	dementia	L6 IT Car3_3	Excitatory	0.7973887453221391	0.028742382182069294	0.06895280507388919	-0.044540131018548944	11.420397252976347	0.005236081307428663	0.059798128579719105
Green	dementia	L6 IT_1	Excitatory	0.8530337414259787	0.043968032854725496	0.09783311406797954	-0.026612275927461154	11.08863412315609	0.005236081307428663	0.058060989857173236
Green	dementia	L6 IT_2	Excitatory	0.8197358450038192	-0.07091196254011108	0.08933942322889844	-0.16863439695918697	15.090158555742613	0.005236081307428663	0.07901329713985861
Green	dementia	L6b_1	Excitatory	0.9410415642527472	0.033116564146958134	0.054808797514452945	0.011785084062482049	4.575373973275933	0.005236081307428663	0.023957030135965722
Green	dementia	L6b_2	Excitatory	0.9170995043620296	-0.09856754359988208	0.0960870740400229	-0.16535193488643682	12.242143737928812	0.005236081307428663	0.06410085998902391
Green	dementia	L6b_3	Excitatory	0.8642836597560695	0.11271542002696942	0.05222394269762839	0.09522418480284588	2.7034708977017	0.005236081307428663	0.014155593432633258
Green	dementia	L6b_4	Excitatory	0.923495610477519	0.09232202542909351	0.09128738863937219	0.023022422172496212	11.304550296268484	0.005236081307428663	0.05919154449517857
Green	dementia	L6b_5	Excitatory	0.8919508779002744	0.08438094051406313	0.08293130824580773	0.028647099788889553	9.910381544814404	0.005236081307428663	0.051891563556288704
Green	dementia	L6b_6	Excitatory	0.861725382393208	0.00730501663493097	0.09256360167753969	-0.08758894919365928	15.79271144928131	0.005236081307428663	0.0826919212131965
Green	dementia	Lamp5_1	Inhibitory	0.579758694166293	0.02664282278095344	0.06773809164157446	0.011534762844666025	2.3145569487297704	0.0037080565301293483	0.008582508008093685
Green	dementia	Lamp5_2	Inhibitory	0.4551264444335245	0.01608945418117318	0.030539202490789875	0.02658296432300335	-2.1123376122636603	0.0037080565301293483	-0.007832667276992101
Green	dementia	Lamp5_3	Inhibitory	0.2465184059874807	-0.05808768123084815	0.07109908322422359	-0.02933416438364206	-5.766030538372209	0.0037080565301293483	-0.02138076719073631
Green	dementia	Lamp5_4	Inhibitory	0.1322474178935395	-0.06326819157584872	0.07841568968501748	-0.03993753085584045	-3.693622891449406	0.0037080565301293483	-0.013696162482474215
Green	dementia	Lamp5_5	Inhibitory	0.0932772268895256	-0.1640067353266459	0.0946648424744407	-0.11397699779642778	-9.502754291902843	0.0037080565301293483	-0.035236750106305025
Green	dementia	Lamp5_6	Inhibitory	0.1296752919101563	-0.07382773806195671	0.08042381035940056	-0.04458955905444573	-4.881919671432194	0.0037080565301293483	-0.01810243411722107
Green	dementia	Lamp5_Lhx6_1	Inhibitory	0.9202262402030006	-0.012163235361185883	0.029940962066927722	-0.016731275446307092	0.9837555362909777	0.0037080565301293483	0.003647821140394659
Green	dementia	Pax6_1	Inhibitory	0.1062743761433986	-0.06394272783278117	0.07890246028207933	-0.025588482937376547	-6.689590219361945	0.0037080565301293483	-0.024805378696794483
Green	dementia	Pax6_2	Inhibitory	0.1767240916513598	0.020261698060373475	0.07552417555785206	0.043332368008088124	-4.1731472642692555	0.0037080565301293483	-0.015474265964465038
Green	dementia	Pax6_3	Inhibitory	0.2804480041403503	0.11723644929810882	0.0778120715938201	0.12593064097344348	-1.0353548464821647	0.0037080565301293483	-0.0038391542994992596
Green	dementia	Pax6_4	Inhibitory	0.205431236839579	0.008282381930649507	0.07438438199152833	0.025369903152724235	-3.856931704030305	0.0037080565301293483	-0.014301720791392488
Green	dementia	Pvalb_1	Inhibitory	0.5900508231599844	0.09779514333472736	0.05999753884304421	0.07397253511560141	4.406069859119703	0.0037080565301293483	0.016337956113314914
Green	dementia	Pvalb_10	Inhibitory	0.6817932985315721	0.14056888437072756	0.07725425816475728	0.10376395402005631	6.893960144274173	0.0037080565301293483	0.02556319393142731
Green	dementia	Pvalb_12	Inhibitory	0.6108336179898526	0.08598002915016709	0.07895920880323096	0.05656216320427155	4.925442487514657	0.0037080565301293483	0.018263819179605265
Green	dementia	Pvalb_13	Inhibitory	0.6092756177219957	0.11349410508027945	0.07711713747274931	0.08695328169097566	5.115837793226585	0.0037080565301293483	0.018969815736256352
Green	dementia	Pvalb_15	Inhibitory	0.5265084301382293	0.03886859372615522	0.0308630587807776	0.03882140637599189	-0.5133934478666311	0.0037080565301293483	-0.0019036919268874827
Green	dementia	Pvalb_2	Inhibitory	0.3495695430871181	0.08442908116536044	0.04434603231674528	0.10513559431623956	-3.7699166946893103	0.0037080565301293483	-0.013979064217786346
Green	dementia	Pvalb_3	Inhibitory	0.504731485099097	0.01144012707649251	0.05749363551068833	0.03115583170717997	-3.8327814752146057	0.0037080565301293483	-0.014212170377728315
Green	dementia	Pvalb_5	Inhibitory	0.2666822594830076	-0.1645919918369639	0.07768052832864956	-0.1393047561033266	-3.45868872295172	0.0037080565301293483	-0.01282501330482586
Green	dementia	Pvalb_6	Inhibitory	0.4638743634718683	0.021351679008616273	0.05397996671165791	0.03562996582023216	-2.9414936006650936	0.0037080565301293483	-0.01090722455427989
Green	dementia	Pvalb_7	Inhibitory	0.8803705194855638	0.007362538979302757	0.08099946465577616	-0.028534166928114963	6.438688086599889	0.0037080565301293483	0.023875019404982756
Green	dementia	Pvalb_8	Inhibitory	0.2749435083648415	-0.15464369096203862	0.08026999488645951	-0.13031833957717717	-5.217619952671583	0.0037080565301293483	-0.019347229737237046
Green	dementia	Pvalb_9	Inhibitory	0.6427079814410825	-0.010116176455744816	0.07001122341812685	-0.04132556780389871	5.13146165619709	0.0037080565301293483	0.019027749903369983
Green	dementia	Sncg_1	Inhibitory	0.2284107828293974	-0.13325016703617107	0.07890370315121573	-0.09581931042034023	-6.689157232768034	0.0037080565301293483	-0.02480377315802747
Green	dementia	Sncg_2	Inhibitory	0.1166485153506787	-0.1645654708987797	0.07728436067298126	-0.1435266429887318	-3.5759198109250594	0.0037080565301293483	-0.01325971280611957
Green	dementia	Sncg_3	Inhibitory	0.1323250123250063	-0.02709026167694635	0.07562346369148261	-0.0027669582143623472	-4.882114986874841	0.0037080565301293483	-0.018103158357923612
Green	dementia	Sncg_4	Inhibitory	0.1160922736587884	-0.050717688923390014	0.08279033354657205	-0.001664086250958173	-8.978332186111198	0.0037080565301293483	-0.033292163292380134
Green	dementia	Sncg_5	Inhibitory	0.0884437751366371	-0.07046469922308926	0.08768868408055795	-0.03113315710658287	-7.545415294703547	0.0037080565301293483	-0.02797882645606335
Green	dementia	Sncg_6	Inhibitory	0.1181267995791516	-0.09306494100907058	0.08045634923130267	-0.05866821024671043	-6.014198912170816	0.0037080565301293483	-0.022300989549771815
Green	dementia	Sncg_8	Inhibitory	0.1204937514720459	-0.06981466268354604	0.07226292180452527	-0.03043149729562099	-6.789342393397016	0.0037080565301293483	-0.025175265397119825
Green	dementia	Sst Chodl_1	Inhibitory	0.8747911559403596	0.0010848910221345218	0.07213055382786847	-0.012715944911247216	2.4453521658527095	0.0037080565301293483	0.009067504067056085
Green	dementia	Sst Chodl_2	Inhibitory	0.2773765687049466	-0.10855692160522981	0.0685244914849588	-0.09732438544965816	-1.187108687954282	0.0037080565301293483	-0.004401866122342158
Green	dementia	Sst_1	Inhibitory	0.815785423135265	0.02413492527275258	0.0739116363487938	-0.0015149038188831156	5.824207688629115	0.0037080565301293483	0.021596491352650748
Green	dementia	Sst_10	Inhibitory	0.6105200510345437	0.05653318892847567	0.06775056425546946	0.02906780337991105	4.826975037670871	0.0037080565301293483	0.01789869630920683
Green	dementia	Sst_11	Inhibitory	0.2387819276287432	-0.16083620335052184	0.09686104092087473	-0.12640451967219002	-6.524980068412305	0.0037080565301293483	-0.02419499495164009
Green	dementia	Sst_12	Inhibitory	0.7803451676571576	0.07200171494696395	0.08107693838259783	0.0420337920154546	5.0984218562033305	0.0037080565301293483	0.018905236457248953
Green	dementia	Sst_13	Inhibitory	0.6048978450950697	0.04319999396695175	0.056337638528038164	0.03269791962771968	1.615592725966975	0.0037080565301293483	0.005990709157551316
Green	dementia	Sst_19	Inhibitory	0.5541324758571757	-0.034716096566176385	0.05567685671379561	-0.035326081450720435	0.4930112911494047	0.0037080565301293483	0.0018281137375740514
Green	dementia	Sst_2	Inhibitory	0.3192887752225759	-0.07373158902229421	0.06889563469857779	-0.04867325421370934	-4.636502086345126	0.0037080565301293483	-0.017192411838230393
Green	dementia	Sst_20	Inhibitory	0.2957429970923577	-0.13552379936916675	0.088657823887356	-0.10272306291352883	-6.860826294648772	0.0037080565301293483	-0.025440331743955522
Green	dementia	Sst_22	Inhibitory	0.2621819638814291	-0.06495633978593561	0.073007762917366	-0.054291005121801614	-2.132635205719171	0.0037080565301293483	-0.007907931900950719
Green	dementia	Sst_23	Inhibitory	0.1967533779707338	-0.2010071643652152	0.09351436196304737	-0.160527133920327	-7.397200403030837	0.0037080565301293483	-0.027429237259133942
Green	dementia	Sst_25	Inhibitory	0.2177220453776422	-0.06837234222743269	0.10514423256112518	-0.0385450938513926	-5.583159250625106	0.0037080565301293483	-0.020702670118032503
Green	dementia	Sst_3	Inhibitory	0.4598165704652676	-0.04778580826772319	0.0518500458648053	-0.03114999116610155	-2.9908387999937927	0.0037080565301293483	-0.011090199342881206
Green	dementia	Sst_4	Inhibitory	0.7590957304050299	0.087266307078772	0.07276503783803119	0.05219159315189371	6.808810090459207	0.0037080565301293483	0.02524745271833786
Green	dementia	Sst_5	Inhibitory	0.679538710548478	0.056773938209176464	0.0702055194868228	0.024026779302354757	5.9345101126680815	0.0037080565301293483	0.022005498976397534
Green	dementia	Sst_7	Inhibitory	0.8373444632991687	0.13362837228883004	0.07693296842987354	0.09983043066374475	5.7117327747553555	0.0037080565301293483	0.021179428013785417
Green	dementia	Sst_9	Inhibitory	0.6073494399404031	0.008268469402844699	0.07280732390779818	-0.008047767712343473	2.2910246644829635	0.0037080565301293483	0.008495248967823452
Green	dementia	Vip_1	Inhibitory	0.2350554089747075	-0.06858339008233119	0.047573046452745626	-0.04477595992136541	-4.046831397331493	0.0037080565301293483	-0.01500587958920752
Green	dementia	Vip_11	Inhibitory	0.2582343862743472	-0.04637572268920001	0.0561021086406222	-0.01031693203629604	-6.371098177324811	0.0037080565301293483	-0.023624392200524452
Green	dementia	Vip_12	Inhibitory	0.2662593472494122	-0.08537401093280705	0.05725227157620231	-0.0646550989638369	-3.4360545305305306	0.0037080565301293483	-0.012741084439814266
Green	dementia	Vip_13	Inhibitory	0.2194681761737045	-0.05256063575201721	0.06359924632863982	-0.02185086819894213	-4.963067573791294	0.0037080565301293483	-0.01840333512647003
Green	dementia	Vip_14	Inhibitory	0.3315424436417966	-0.0009828802681626017	0.07228585926269632	0.01259695227204439	-3.273830670484983	0.0037080565301293483	-0.012139549196229584
Green	dementia	Vip_15	Inhibitory	0.348308194180037	-0.02589610143541044	0.05144815060428667	-0.0037588606930341988	-3.9901388818044112	0.0037080565301293483	-0.014795660536797864
Green	dementia	Vip_16	Inhibitory	0.2376843396288952	-0.007120449416483453	0.07337228671137531	0.01437362638652954	-4.049153692492582	0.0037080565301293483	-0.015014490790944482
Green	dementia	Vip_18	Inhibitory	0.4317549423950566	0.06890926188208166	0.05565552781396896	0.06945259789443199	-0.5641524184203017	0.0037080565301293483	-0.0020919090591116642
Green	dementia	Vip_19	Inhibitory	0.5167087850184927	0.004990925063648776	0.03172118342811558	0.010462043174722263	-1.250895168815184	0.0037080565301293483	-0.004638389999232396
Green	dementia	Vip_2	Inhibitory	0.3743908763624244	-0.02506427577917985	0.04818720310511491	-0.013166226948329147	-2.29389184949456	0.0037080565301293483	-0.00850588065192879
Green	dementia	Vip_21	Inhibitory	0.2073933055044298	-0.1570437820387245	0.07305618884320055	-0.13181387400206007	-3.992316520062425	0.0037080565301293483	-0.01480373534256075
Green	dementia	Vip_23	Inhibitory	0.514918470758501	-0.0002578165956947198	0.038628371445861405	0.0024780512980092377	-0.6389711609326335	0.0037080565301293483	-0.0023693411858605826
Green	dementia	Vip_4	Inhibitory	0.2460677831117061	-0.038104679027941006	0.04614398600530745	-0.012830884476202436	-4.827912564370084	0.0037080565301293483	-0.01790217271120602
Green	dementia	Vip_5	Inhibitory	0.2025897285247291	-0.02984212867342275	0.07908918361822394	-0.0010828709968021717	-5.24130721394507	0.0037080565301293483	-0.019435063441083075
Green	dementia	Vip_6	Inhibitory	0.2124526037871233	-0.02349440776416119	0.06937054188347108	-0.0008285893747493099	-4.615038611897812	0.0037080565301293483	-0.017112824061646763
Green	dementia	Vip_9	Inhibitory	0.1955107516726868	-0.05179460214272285	0.0719538194506003	-0.00983129227063348	-7.501007980630882	0.0037080565301293483	-0.027814161625130698
Mathys	cerad_ad	Chandelier_1	Inhibitory	0.5377438373044524	-0.014465688310223393	0.023078652022682195	-0.013356896105736172	-0.7306720805091838	0.001317134559725536	-0.0009623934490652052
Mathys	cerad_ad	Chandelier_2	Inhibitory	0.3083839397387943	0.065260919256521	0.030823066064508627	0.06726434405391174	-1.0380642094506924	0.001317134559725536	-0.0013672702454816746
Mathys	cerad_ad	L2/3 IT_1	Excitatory	0.1919707901948373	-0.01643836907181242	0.033076884192444665	-0.00962284952767362	-6.7792037335220705	-0.00018020200491740822	0.0012216261045242564
Mathys	cerad_ad	L2/3 IT_10	Excitatory	0.3436600012425826	-0.17149587062616461	0.04619877385045333	-0.1669411010218662	-5.647080712156186	-0.00018020200491740822	0.0010176152662609702
Mathys	cerad_ad	L2/3 IT_12	Excitatory	0.3032241530756692	0.06415329565695348	0.04232215650448902	0.07543670408220718	-1.3735706216070114	-0.00018020200491740822	0.00024752017990923415
Mathys	cerad_ad	L2/3 IT_13	Excitatory	0.4258329844029131	0.013093308389549266	0.03719680865092829	0.027820692885199044	-0.52656045329513	-0.00018020200491740822	9.488724939400172e-05
Mathys	cerad_ad	L2/3 IT_2	Excitatory	0.2660203989385524	0.04664403117650685	0.03176827215249724	0.04005841127692499	-2.2916620953122893	-0.00018020200491740822	0.00041296210416850315
Mathys	cerad_ad	L2/3 IT_3	Excitatory	0.3798489777663303	0.02293913341919657	0.03438522023289303	0.04974737990251568	-0.33902778651331716	-0.00018020200491740822	6.109348685241081e-05
Mathys	cerad_ad	L2/3 IT_5	Excitatory	0.3677645450571993	-0.007478549863221157	0.033327723678037206	0.014608288527753786	-0.5085633785400189	-0.00018020200491740822	9.164414044048222e-05
Mathys	cerad_ad	L2/3 IT_6	Excitatory	0.1979691675974276	-0.06016592899665287	0.042308128902744276	-0.046696364860846995	-6.449418739835417	-0.00018020200491740822	0.0011621981874702465
Mathys	cerad_ad	L2/3 IT_7	Excitatory	0.2177554769451218	0.07306721136342414	0.039178281599748066	0.0678720828419878	-3.7148593317521907	-0.00018020200491740822	0.0006694250995678881
Mathys	cerad_ad	L2/3 IT_8	Excitatory	0.2744983406514524	0.05098205952874718	0.04512307724414303	0.04243646270952958	-0.10998482823209534	-0.00018020200491740822	1.9819486557920342e-05
Mathys	cerad_ad	L4 IT_1	Excitatory	0.5630840855967468	0.007253746189102965	0.027700523488837038	0.022454870705389127	2.7551566409650343	-0.00018020200491740822	-0.0004964847505634111
Mathys	cerad_ad	L4 IT_2	Excitatory	0.5512355818998482	0.002207409298622677	0.033248687062022136	0.011630200106005836	3.0536536650616517	-0.00018020200491740822	-0.0005502745127675014
Mathys	cerad_ad	L4 IT_3	Excitatory	0.5314108664019961	0.03185856190479458	0.03202994418745011	0.03105220432381047	-0.40834437868533063	-0.00018020200491740822	7.358447573584996e-05
Mathys	cerad_ad	L4 IT_4	Excitatory	0.5532418211408268	-0.015748770959284012	0.03390788861271439	-0.0017617079814769773	3.4376378419694795	-0.00018020200491740822	-0.0006194692313028527
Mathys	cerad_ad	L5 ET_2	Excitatory	0.5803583932144897	0.011317317948012783	0.03349941325164126	0.00810778595973511	3.393277690156814	-0.00018020200491740822	-0.0006114754430077698
Mathys	cerad_ad	L5 IT_1	Excitatory	0.5629397259705062	0.010415911185664897	0.026153783368984333	0.00975261051216187	5.660704658563879	-0.00018020200491740822	-0.0010200703287185236
Mathys	cerad_ad	L5 IT_2	Excitatory	0.5925571972392969	-0.0025045300681138857	0.02897807835928275	0.0009065338522123018	3.9395669162828226	-0.00018020200491740822	-0.000709917856820456
Mathys	cerad_ad	L5 IT_3	Excitatory	0.6164728933312946	-0.01988150743422748	0.028612037611447236	-0.020866380634800896	4.742340506509245	-0.00018020200491740822	-0.0008545792672740031
Mathys	cerad_ad	L5 IT_5	Excitatory	0.5837304045657066	-0.02683050594076144	0.02919977766711066	-0.015573011035598395	3.3459146564262663	-0.00018020200491740822	-0.0006029405293705543
Mathys	cerad_ad	L5 IT_6	Excitatory	0.5076176320839733	0.0472614285953043	0.03347577853613064	0.055642411905501	4.4124744282452015	-0.00018020200491740822	-0.0007951367386165798
Mathys	cerad_ad	L5 IT_7	Excitatory	0.5909416812135041	0.013397106273237067	0.035935252815125045	0.014221811213982409	5.6255573811708155	-0.00018020200491740822	-0.0010137367188649054
Mathys	cerad_ad	L5/6 NP_1	Excitatory	0.6407527971721316	-0.010681554677186888	0.0272675652875231	0.003552139813715386	5.174104250364249	-0.00018020200491740822	-0.0009323839595673212
Mathys	cerad_ad	L5/6 NP_2	Excitatory	0.6302251538114368	-0.04914245885077956	0.02727069622639421	-0.04587567388141625	3.8260103633646816	-0.00018020200491740822	-0.0006894547383130971
Mathys	cerad_ad	L5/6 NP_3	Excitatory	0.6131612028240632	0.035068124432664084	0.031258996638411904	0.021702417644508937	0.03110336112444358	-0.00018020200491740822	-5.6048880342949054e-06
Mathys	cerad_ad	L5/6 NP_4	Excitatory	0.6353904788345692	0.02033763689946598	0.03296508804564671	0.01293144567667973	5.607590635402835	-0.00018020200491740822	-0.001010499075255674
Mathys	cerad_ad	L5/6 NP_6	Excitatory	0.6193951422603103	-0.013268759751726809	0.03278364537200992	-0.02568723173903472	1.5131355255847103	-0.00018020200491740822	-0.000272670055422121
Mathys	cerad_ad	L6 CT_1	Excitatory	0.9279759816375948	0.024893421688610237	0.05065210903530927	0.030814684986897295	14.38527831007208	-0.00018020200491740822	-0.002592255992769895
Mathys	cerad_ad	L6 CT_2	Excitatory	0.8331534913085406	-0.04495635050905261	0.032213313903288576	-0.036056513453197825	8.826592664128723	-0.00018020200491740822	-0.0015905696946652834
Mathys	cerad_ad	L6 CT_3	Excitatory	0.8051462951414932	-0.003032636378289859	0.03176684352003153	-0.011426029547386364	3.6917055257046663	-0.00018020200491740822	-0.0006652527372966553
Mathys	cerad_ad	L6 CT_4	Excitatory	0.8135731387095528	0.006504555481759483	0.032984777316303775	-0.005171059351801902	2.7726491688071873	-0.00018020200491740822	-0.0004996369391516406
Mathys	cerad_ad	L6 IT Car3_1	Excitatory	0.7663699966007065	-0.02746382067446439	0.03853271307394172	-0.041557509847430056	3.0043545864276413	-0.00018020200491740822	-0.0005413907199570717
Mathys	cerad_ad	L6 IT Car3_3	Excitatory	0.7973887453221391	0.05782217884184132	0.02957585682709069	0.055068226623011404	8.710863065257152	-0.00018020200491740822	-0.001569714988920339
Mathys	cerad_ad	L6 IT_1	Excitatory	0.8530337414259787	0.010853554134889825	0.03983565413302631	0.005419628319169097	9.183541465431642	-0.00018020200491740822	-0.0016548925843129349
Mathys	cerad_ad	L6 IT_2	Excitatory	0.8197358450038192	0.022249143631660837	0.03634606784512124	0.010888089213796727	11.741629881279962	-0.00018020200491740822	-0.002115865245604799
Mathys	cerad_ad	L6b_1	Excitatory	0.9410415642527472	-0.044759401126768794	0.04669795049942118	-0.05337277502802712	8.463815014235232	-0.00018020200491740822	-0.0015251964348152508
Mathys	cerad_ad	L6b_2	Excitatory	0.9170995043620296	-0.02128773068351225	0.04392556411567383	-0.004528726747337508	12.788041620034178	-0.00018020200491740822	-0.00230443073889742
Mathys	cerad_ad	L6b_3	Excitatory	0.8642836597560695	0.002862437871474304	0.03170444696708268	-0.009833589884693846	1.601504758316319	-0.00018020200491740822	-0.00028859436833336997
Mathys	cerad_ad	L6b_4	Excitatory	0.923495610477519	-0.004123559149948752	0.039267929081968814	-0.016530717825181417	10.883120499276684	-0.00018020200491740822	-0.0019611601337274033
Mathys	cerad_ad	L6b_5	Excitatory	0.8919508779002744	0.015070345557198696	0.03410073522622428	0.010389568411510279	5.95635667361285	-0.00018020200491740822	-0.0010733474145882202
Mathys	cerad_ad	L6b_6	Excitatory	0.861725382393208	-0.0166794190298939	0.03702972712940787	-0.023012577973709862	11.067710600395694	-0.00018020200491740822	-0.001994423640036956
Mathys	cerad_ad	Lamp5_1	Inhibitory	0.579758694166293	0.006099106317567561	0.026300661455809896	0.0038152073332173167	2.5087348610864955	0.001317134559725536	0.0033043413867252652
Mathys	cerad_ad	Lamp5_2	Inhibitory	0.4551264444335245	0.015026819842270323	0.026882699909832716	0.017692675527715623	-2.845635422765295	0.001317134559725536	-0.0037480847597033563
Mathys	cerad_ad	Lamp5_3	Inhibitory	0.2465184059874807	-0.01999256288890678	0.03392566310318828	-0.016554516108401966	-3.4902134713687833	0.001317134559725536	-0.004597080783959457
Mathys	cerad_ad	Lamp5_4	Inhibitory	0.1322474178935395	-0.022297436701900257	0.03404116576805943	-0.017787899110677404	-4.160939143658955	0.001317134559725536	-0.005480516747027987
Mathys	cerad_ad	Lamp5_5	Inhibitory	0.0932772268895256	-0.03409697268986152	0.04103268847347223	-0.028583072197531638	-5.097521356270701	0.001317134559725536	-0.006714121547283128
Mathys	cerad_ad	Lamp5_6	Inhibitory	0.1296752919101563	-0.011463065768733703	0.03500320699238802	-0.008765022146262064	-2.6137154517467964	0.001317134559725536	-0.003442614950784347
Mathys	cerad_ad	Lamp5_Lhx6_1	Inhibitory	0.9202262402030006	0.010005113868191624	0.021733894322886627	0.00956017473066335	1.1312207682484803	0.001317134559725536	0.0014899699685393447
Mathys	cerad_ad	Pax6_1	Inhibitory	0.1062743761433986	-0.018344462245121273	0.030575454499574547	-0.012642608476214682	-5.140508644508777	0.001317134559725536	-0.00677074159025038
Mathys	cerad_ad	Pax6_2	Inhibitory	0.1767240916513598	-0.019228013202503665	0.028823040321983157	-0.016988864761384514	-2.0336428326053277	0.001317134559725536	-0.0026785812569626102
Mathys	cerad_ad	Pax6_3	Inhibitory	0.2804480041403503	0.045843654734243615	0.030986522470111664	0.047370747558095866	-0.9934740944123699	0.001317134559725536	-0.0013085390639425625
Mathys	cerad_ad	Pax6_4	Inhibitory	0.205431236839579	0.012413429914788618	0.026872657287550478	0.012546329871286744	0.21681108717543499	0.001317134559725536	0.0002855693758504314
Mathys	cerad_ad	Pvalb_1	Inhibitory	0.5900508231599844	0.020341416345465418	0.02620846084714193	0.01859739217285044	1.9896638438722567	0.001317134559725536	0.0026206550110005025
Mathys	cerad_ad	Pvalb_10	Inhibitory	0.6817932985315721	0.017802159069824623	0.029435604940900098	0.015663372749610716	2.311755225924603	0.001317134559725536	0.003044892701691409
Mathys	cerad_ad	Pvalb_12	Inhibitory	0.6108336179898526	-0.015652603739209202	0.029788588478437614	-0.01671561555054816	1.4064250716315017	0.001317134559725536	0.0018524510675103135
Mathys	cerad_ad	Pvalb_13	Inhibitory	0.6092756177219957	0.01285332949544806	0.02866197888690671	0.010745787245970669	2.0396888398931754	0.001317134559725536	0.002686544662109787
Mathys	cerad_ad	Pvalb_15	Inhibitory	0.5265084301382293	0.001759377083645243	0.02754764992645134	0.0023929451334167833	-2.821472726113398	0.001317134559725536	-0.0037162592368869783
Mathys	cerad_ad	Pvalb_2	Inhibitory	0.3495695430871181	0.0005928841964079803	0.03398587850530881	0.004315929461506755	-2.8092705077065063	0.001317134559725536	-0.0037001872733179422
Mathys	cerad_ad	Pvalb_3	Inhibitory	0.504731485099097	-0.008236832512347199	0.030660196296113565	-0.005034651216408887	-2.5384607326554223	0.001317134559725536	-0.003343494359486661
Mathys	cerad_ad	Pvalb_5	Inhibitory	0.2666822594830076	-0.06466159442223961	0.03482290176188466	-0.06138172355517009	-3.1104860104931906	0.001317134559725536	-0.004096928621963388
Mathys	cerad_ad	Pvalb_6	Inhibitory	0.4638743634718683	-0.0030079170215678228	0.029827265372186898	-0.0007352205354465512	-1.3091527954609439	0.001317134559725536	-0.001724330390862905
Mathys	cerad_ad	Pvalb_7	Inhibitory	0.8803705194855638	0.015535262688890866	0.0325491073115327	0.01083890730758703	4.8614242427279315	0.001317134559725536	0.006403149879584502
Mathys	cerad_ad	Pvalb_8	Inhibitory	0.2749435083648415	-0.06109570606868186	0.033200141940935755	-0.05906539770795673	-2.305182906260617	0.001317134559725536	-0.0030362360723244094
Mathys	cerad_ad	Pvalb_9	Inhibitory	0.6427079814410825	0.0157977505479125	0.027004767882326995	0.013327349494923205	2.8973897712128647	0.001317134559725536	0.003816252200659728
Mathys	cerad_ad	Sncg_1	Inhibitory	0.2284107828293974	-0.0574429164592166	0.03582315678003094	-0.05312971503985875	-4.245217222768397	0.001317134559725536	-0.005591522317650316
Mathys	cerad_ad	Sncg_2	Inhibitory	0.1166485153506787	0.014867773467244818	0.03111959238108684	0.017373864828856347	-2.2671841268646293	0.001317134559725536	-0.0029861865667545674
Mathys	cerad_ad	Sncg_3	Inhibitory	0.1323250123250063	-0.035813506781815	0.030889886355156524	-0.03271380025331405	-3.3946027490258825	0.001317134559725536	-0.0044711485972813
Mathys	cerad_ad	Sncg_4	Inhibitory	0.1160922736587884	0.025613525261103717	0.035629440472818116	0.03220202817408748	-5.867098102988763	0.001317134559725536	-0.007727757676746632
Mathys	cerad_ad	Sncg_5	Inhibitory	0.0884437751366371	-8.558746108281237e-05	0.037915338748497444	0.004541569695754803	-4.440485626286266	0.001317134559725536	-0.005848717080346132
Mathys	cerad_ad	Sncg_6	Inhibitory	0.1181267995791516	0.0033534584260249984	0.031103134151343102	0.007188219654003441	-3.3644975932718184	0.001317134559725536	-0.004431496056211702
Mathys	cerad_ad	Sncg_8	Inhibitory	0.1204937514720459	-0.029043108408061576	0.03139385164018808	-0.02440888347111668	-4.6516638907099885	0.001317134559725536	-0.006126867270681475
Mathys	cerad_ad	Sst Chodl_1	Inhibitory	0.8747911559403596	-0.03544301223530083	0.033275045832274155	-0.03683569897192915	0.755295677682711	0.001317134559725536	0.000994826039887218
Mathys	cerad_ad	Sst Chodl_2	Inhibitory	0.2773765687049466	-0.0033403045921334574	0.031015240653638202	-0.00200648069906779	-1.4223888866896324	0.001317134559725536	-0.0018734775600284443
Mathys	cerad_ad	Sst_1	Inhibitory	0.815785423135265	0.0006656758512892389	0.02864865538593304	-0.002473825023266551	3.1739942754800086	0.001317134559725536	0.004180577552605733
Mathys	cerad_ad	Sst_10	Inhibitory	0.6105200510345437	-0.011354084844041368	0.027512438823578497	-0.01369978301792038	2.5184292349072326	0.001317134559725536	0.0033171101815194564
Mathys	cerad_ad	Sst_11	Inhibitory	0.2387819276287432	-0.05970287079194092	0.041285788579675235	-0.05597704213201456	-3.926012492577717	0.001317134559725536	-0.005171086735888305
Mathys	cerad_ad	Sst_12	Inhibitory	0.7803451676571576	-0.02317558962209928	0.028970920617069563	-0.02534314289866811	2.815759703595649	0.001317134559725536	0.003708734417488361
Mathys	cerad_ad	Sst_13	Inhibitory	0.6048978450950697	-0.054218696337946876	0.02783477370962924	-0.054855100936554026	1.0576212295621017	0.001317134559725536	0.001393029472555659
Mathys	cerad_ad	Sst_19	Inhibitory	0.5541324758571757	-0.05139337866818921	0.02701494811323636	-0.05750078104501343	0.6768791971202198	0.001317134559725536	0.0008915409832863151
Mathys	cerad_ad	Sst_2	Inhibitory	0.3192887752225759	-0.06960841657685558	0.036395367154166275	-0.07453908706353467	-3.8347467465265948	0.001317134559725536	-0.005050877467645238
Mathys	cerad_ad	Sst_20	Inhibitory	0.2957429970923577	-0.08612286085978962	0.042125395157949205	-0.08094637354615736	-4.626976263244299	0.001317134559725536	-0.006094350343348786
Mathys	cerad_ad	Sst_22	Inhibitory	0.2621819638814291	-0.057600116574211886	0.0326300255088261	-0.05615944929616752	-1.9081757843741642	0.001317134559725536	-0.0025133242716305943
Mathys	cerad_ad	Sst_23	Inhibitory	0.1967533779707338	-0.03432834309339968	0.04154822884094496	-0.02979891474912004	-4.285886850782601	0.001317134559725536	-0.0056450896902390055
Mathys	cerad_ad	Sst_25	Inhibitory	0.2177220453776422	-0.015941334077255145	0.04356174993018351	-0.012162542149481287	-3.2170569049375466	0.001317134559725536	-0.004237296830096911
Mathys	cerad_ad	Sst_3	Inhibitory	0.4598165704652676	-0.07751393498856311	0.03762189956385173	-0.07525380714546837	-4.384139240491552	0.001317134559725536	-0.005774501308300287
Mathys	cerad_ad	Sst_4	Inhibitory	0.7590957304050299	0.03506724727297342	0.02781942581140227	0.03153029704100447	4.098132074014513	0.001317134559725536	0.005397791385004204
Mathys	cerad_ad	Sst_5	Inhibitory	0.679538710548478	-0.026130374060903842	0.028125951426695266	-0.02942479029070379	3.436973741020248	0.001317134559725536	0.004526956895166933
Mathys	cerad_ad	Sst_7	Inhibitory	0.8373444632991687	0.07156500436837857	0.03410144480231895	0.06753095220126348	4.12054852077838	0.001317134559725536	0.00542731686174314
Mathys	cerad_ad	Sst_9	Inhibitory	0.6073494399404031	-0.07598841979146136	0.03143229388869023	-0.07683292472840615	1.1019859319246457	0.001317134559725536	0.0014514637552693027
Mathys	cerad_ad	Vip_1	Inhibitory	0.2350554089747075	0.036034260496737344	0.03569205116903911	0.03798584762471985	-5.515684429444736	0.001317134559725536	-0.007264898582561687
Mathys	cerad_ad	Vip_11	Inhibitory	0.2582343862743472	0.043038507856181255	0.054359827694254445	0.049671413550007606	-6.720528806228852	0.001317134559725536	-0.008851840750315022
Mathys	cerad_ad	Vip_12	Inhibitory	0.2662593472494122	0.01823698980057694	0.024781218160205294	0.02014255332568947	-1.0242932973579149	0.001317134559725536	-0.0013491321012453349
Mathys	cerad_ad	Vip_13	Inhibitory	0.2194681761737045	0.08776868100821926	0.027313924574321004	0.09032601792310925	-1.7634963181094172	0.001317134559725536	-0.002322761946530651
Mathys	cerad_ad	Vip_14	Inhibitory	0.3315424436417966	0.0162235467323635	0.02850961991557797	0.018624327662171983	-2.178627991019088	0.001317134559725536	-0.0028695462197566557
Mathys	cerad_ad	Vip_15	Inhibitory	0.348308194180037	-0.00893316242001816	0.026860887915567143	-0.006469936588519982	-2.27345404912723	0.001317134559725536	-0.0029944448980534313
Mathys	cerad_ad	Vip_16	Inhibitory	0.2376843396288952	0.03272184992995899	0.027948215782686546	0.035135423485447945	-2.0971593530897596	0.001317134559725536	-0.0027622410612061707
Mathys	cerad_ad	Vip_18	Inhibitory	0.4317549423950566	-0.011802471182265076	0.0289051522875343	-0.012826772973710102	1.2103634467868232	0.001317134559725536	0.0015942115255914446
Mathys	cerad_ad	Vip_19	Inhibitory	0.5167087850184927	0.042449447395796744	0.02828831192592075	0.04518860015225569	-2.014586952318559	0.001317134559725536	-0.002653482098470915
Mathys	cerad_ad	Vip_2	Inhibitory	0.3743908763624244	-0.017306595555270414	0.026950434799299528	-0.014475200595337152	-2.2329154912439915	0.001317134559725536	-0.002941050162463984
Mathys	cerad_ad	Vip_21	Inhibitory	0.2073933055044298	0.030277387261337746	0.028005908175774384	0.032958627224039555	-2.1521537303007805	0.001317134559725536	-0.0028346760560213884
Mathys	cerad_ad	Vip_23	Inhibitory	0.514918470758501	0.014768454957681875	0.02335909214810528	0.015825973033002802	-0.39053547211331435	0.001317134559725536	-0.0005143877671191747
Mathys	cerad_ad	Vip_4	Inhibitory	0.2460677831117061	0.03219815993054751	0.03268304668276616	0.03583797411347358	-5.761760019019341	0.001317134559725536	-0.007589013245895237
Mathys	cerad_ad	Vip_5	Inhibitory	0.2025897285247291	0.045338984143680074	0.0312830880519062	0.048475380419158165	-2.8346550339371652	0.001317134559725536	-0.003733622110098603
Mathys	cerad_ad	Vip_6	Inhibitory	0.2124526037871233	0.052231299712327615	0.028679608120075084	0.05573570684191056	-2.832644607946235	0.001317134559725536	-0.003730974108546178
Mathys	cerad_ad	Vip_9	Inhibitory	0.1955107516726868	0.018928606151219565	0.027776922751910252	0.023004344617262182	-3.436603675929366	0.001317134559725536	-0.004526469469646384
Mathys	cogdx	Chandelier_1	Inhibitory	0.5377438373044524	-0.03308708685574637	0.020958353187216408	-0.0287833621189189	-0.7306720805091838	0.0030181691938719144	-0.0022052919642151178
Mathys	cogdx	Chandelier_2	Inhibitory	0.3083839397387943	0.014220281541523886	0.028032929217785947	0.017776261295328277	-1.0380642094506924	0.0030181691938719144	-0.0031330534182250824
Mathys	cogdx	L2/3 IT_1	Excitatory	0.1919707901948373	-0.020569504446628018	0.030167658780608453	-0.005403642020070612	-6.7792037335220705	0.0004560696345301922	-0.003091788969153125
Mathys	cogdx	L2/3 IT_10	Excitatory	0.3436600012425826	-0.1164365590665433	0.04223305373337335	-0.10670101586053148	-5.647080712156186	0.0004560696345301922	-0.0025754620365555695
Mathys	cogdx	L2/3 IT_12	Excitatory	0.3032241530756692	-0.029298942747559956	0.038387721424931444	-0.01659532308360892	-1.3735706216070114	0.0004560696345301922	-0.0006264438513977186
Mathys	cogdx	L2/3 IT_13	Excitatory	0.4258329844029131	-0.018782219751008175	0.03397582320098868	-0.0017500125588694251	-0.52656045329513	0.0004560696345301922	-0.00024014823349236228
Mathys	cogdx	L2/3 IT_2	Excitatory	0.2660203989385524	0.06687851197880668	0.028702175408875267	0.06276873046785168	-2.2916620953122893	0.0004560696345301922	-0.0010451574942757702
Mathys	cogdx	L2/3 IT_3	Excitatory	0.3798489777663303	-0.027172432958426147	0.031356065417408756	-0.008405833412034384	-0.33902778651331716	0.0004560696345301922	-0.0001546202786907086
Mathys	cogdx	L2/3 IT_5	Excitatory	0.3677645450571993	-0.05812061661743687	0.030301428985849945	-0.04756448728774136	-0.5085633785400189	0.0004560696345301922	-0.0002319403141861862
Mathys	cogdx	L2/3 IT_6	Excitatory	0.1979691675974276	-0.09008473113268754	0.03834480433950363	-0.07362170355989524	-6.449418739835417	0.0004560696345301922	-0.002941384047608911
Mathys	cogdx	L2/3 IT_7	Excitatory	0.2177554769451218	0.022435206620491102	0.03566284807342851	0.014034969595643413	-3.7148593317521907	0.0004560696345301922	-0.0016942345377632957
Mathys	cogdx	L2/3 IT_8	Excitatory	0.2744983406514524	0.020314025709992148	0.04093288836591592	0.010289696066577352	-0.10998482823209534	0.0004560696345301922	-5.0160740415677684e-05
Mathys	cogdx	L4 IT_1	Excitatory	0.5630840855967468	-0.007070681345209157	0.025120988856056136	-0.0009194479313766289	2.7551566409650343	0.0004560696345301922	0.0012565432823183553
Mathys	cogdx	L4 IT_2	Excitatory	0.5512355818998482	-0.027379078222268077	0.030318701657480827	-0.026327257187492986	3.0536536650616517	0.0004560696345301922	0.0013926787110064495
Mathys	cogdx	L4 IT_3	Excitatory	0.5314108664019961	0.020123220534924664	0.029058423375588983	0.017752508484683155	-0.40834437868533063	0.0004560696345301922	-0.00018623347154947715
Mathys	cogdx	L4 IT_4	Excitatory	0.5532418211408268	0.005675230618849622	0.03093976147639559	0.0042466718788344154	3.4376378419694795	0.0004560696345301922	0.0015678022342341792
Mathys	cogdx	L5 ET_2	Excitatory	0.5803583932144897	-0.006525878458323177	0.030415530583700452	-0.0143551568964567	3.393277690156814	0.0004560696345301922	0.0015475709160092728
Mathys	cogdx	L5 IT_1	Excitatory	0.5629397259705062	-0.004221941639215368	0.023863977064145742	-0.008107668764351334	5.660704658563879	0.0004560696345301922	0.0025816755048145845
Mathys	cogdx	L5 IT_2	Excitatory	0.5925571972392969	-0.008449121649912097	0.026446765299106313	-0.006565125959406993	3.9395669162828226	0.0004560696345301922	0.0017967168437163432
Mathys	cogdx	L5 IT_3	Excitatory	0.6164728933312946	0.04796594105323977	0.025900834447321157	0.04809135518844621	4.742340506509245	0.0004560696345301922	0.002162837501621398
Mathys	cogdx	L5 IT_5	Excitatory	0.5837304045657066	-0.012542581894123573	0.02653524734685762	-0.006819528046518211	3.3459146564262663	0.0004560696345301922	0.0015259700745255409
Mathys	cogdx	L5 IT_6	Excitatory	0.5076176320839733	-0.01493093116404303	0.03053406541468469	-0.015976057683384025	4.4124744282452015	0.0004560696345301922	0.0020123955998636077
Mathys	cogdx	L5 IT_7	Excitatory	0.5909416812135041	0.00848995492116525	0.03235409497748744	0.002985265782102918	5.6255573811708155	0.0004560696345301922	0.002565645898859199
Mathys	cogdx	L5/6 NP_1	Excitatory	0.6407527971721316	-0.02560238672994883	0.024867236390464384	-0.013172424570658762	5.174104250364249	0.0004560696345301922	0.002359751834484737
Mathys	cogdx	L5/6 NP_2	Excitatory	0.6302251538114368	-0.04203253719050106	0.024891812946062103	-0.038357051712143965	3.8260103633646816	0.0004560696345301922	0.0017449271481284581
Mathys	cogdx	L5/6 NP_3	Excitatory	0.6131612028240632	0.05104910421202409	0.028261637958844375	0.03387940411270042	0.03110336112444358	0.0004560696345301922	1.4185298540685571e-05
Mathys	cogdx	L5/6 NP_4	Excitatory	0.6353904788345692	0.01651199889518444	0.02981341758296514	0.005353117123086115	5.607590635402835	0.0004560696345301922	0.0025574518116830993
Mathys	cogdx	L5/6 NP_6	Excitatory	0.6193951422603103	0.04875944612155641	0.029532358393255152	0.035102222877893066	1.5131355255847103	0.0004560696345301922	0.0006900951661480691
Mathys	cogdx	L6 CT_1	Excitatory	0.9279759816375948	0.005582162248049631	0.0460823082657072	-0.0005258726272436148	14.38527831007208	0.0004560696345301922	0.006560688621489674
Mathys	cogdx	L6 CT_2	Excitatory	0.8331534913085406	-0.0434456368725737	0.02934251907480654	-0.045287412410091016	8.826592664128723	0.0004560696345301922	0.004025540890476062
Mathys	cogdx	L6 CT_3	Excitatory	0.8051462951414932	-0.024053441567233838	0.02865621189920919	-0.03622656255100574	3.6917055257046663	0.0004560696345301922	0.0016836747899012182
Mathys	cogdx	L6 CT_4	Excitatory	0.8135731387095528	0.01113234669505782	0.02994137710895237	-0.005493378514580876	2.7726491688071873	0.0004560696345301922	0.001264521093098335
Mathys	cogdx	L6 IT Car3_1	Excitatory	0.7663699966007065	0.05779771033635196	0.03453609558125409	0.04278642769834384	3.0043545864276413	0.0004560696345301922	0.001370194898231161
Mathys	cogdx	L6 IT Car3_3	Excitatory	0.7973887453221391	0.056889188492420986	0.02690481070886864	0.04238933582037942	8.710863065257152	0.0004560696345301922	0.003972760134614379
Mathys	cogdx	L6 IT_1	Excitatory	0.8530337414259787	0.04320290706679304	0.03592026269662372	0.02760444239855392	9.183541465431642	0.0004560696345301922	0.004188334399832274
Mathys	cogdx	L6 IT_2	Excitatory	0.8197358450038192	0.03153145529979882	0.0331856948437309	0.011770881235312246	11.741629881279962	0.0004560696345301922	0.005355000848744136
Mathys	cogdx	L6b_1	Excitatory	0.9410415642527472	0.024098059724500867	0.042171852764845634	0.012683957401164545	8.463815014235232	0.0004560696345301922	0.003860089020273416
Mathys	cogdx	L6b_2	Excitatory	0.9170995043620296	-0.006252270087909146	0.039891262886446635	-0.005463709220074629	12.788041620034178	0.0004560696345301922	0.005832237468005875
Mathys	cogdx	L6b_3	Excitatory	0.8642836597560695	0.038688721892656076	0.02857302556463471	0.023143362725577606	1.601504758316319	0.0004560696345301922	0.0007303976898236875
Mathys	cogdx	L6b_4	Excitatory	0.923495610477519	0.05492043415279051	0.035571289406364004	0.03768922548203545	10.883120499276684	0.0004560696345301922	0.00496346078865316
Mathys	cogdx	L6b_5	Excitatory	0.8919508779002744	0.050359901156071536	0.030908238595337055	0.03802657727661656	5.95635667361285	0.0004560696345301922	0.002716513411266084
Mathys	cogdx	L6b_6	Excitatory	0.861725382393208	0.012060275711844464	0.03366163386168516	-0.0021815912143490976	11.067710600395694	0.0004560696345301922	0.005047646728608398
Mathys	cogdx	Lamp5_1	Inhibitory	0.579758694166293	0.02024334758547487	0.023825755619769736	0.012437856484436662	2.5087348610864955	0.0030181691938719144	0.007571786273323797
Mathys	cogdx	Lamp5_2	Inhibitory	0.4551264444335245	-0.010023890621841234	0.024272899191299796	-0.0004424084083328502	-2.845635422765295	0.0030181691938719144	-0.008588609169980894
Mathys	cogdx	Lamp5_3	Inhibitory	0.2465184059874807	-0.047406461312702125	0.03065359395377838	-0.03707371255764491	-3.4902134713687833	0.0030181691938719144	-0.010534054779322018
Mathys	cogdx	Lamp5_4	Inhibitory	0.1322474178935395	-0.07066670886312902	0.03072039969194568	-0.057707999902083196	-4.160939143658955	0.0030181691938719144	-0.012558418340967242
Mathys	cogdx	Lamp5_5	Inhibitory	0.0932772268895256	-0.07434930845575469	0.037150061722638184	-0.057310495624421594	-5.097521356270701	0.0030181691938719144	-0.01538518192260041
Mathys	cogdx	Lamp5_6	Inhibitory	0.1296752919101563	-0.007876271822036348	0.03164927969875244	-0.0007015223781060183	-2.6137154517467964	0.0030181691938719144	-0.007888635458009195
Mathys	cogdx	Lamp5_Lhx6_1	Inhibitory	0.9202262402030006	-0.02057562682896965	0.019762597044289492	-0.021276293483933513	1.1312207682484803	0.0030181691938719144	0.0034142156741956836
Mathys	cogdx	Pax6_1	Inhibitory	0.1062743761433986	-0.021950931745160863	0.027810719225718983	-0.005517590082570151	-5.140508644508777	0.0030181691938719144	-0.015514924831688662
Mathys	cogdx	Pax6_2	Inhibitory	0.1767240916513598	0.01960526111505212	0.02609093568613137	0.02612723755213589	-2.0336428326053277	0.0030181691938719144	-0.006137878148707819
Mathys	cogdx	Pax6_3	Inhibitory	0.2804480041403503	0.05893098631716408	0.027922343515728965	0.061912606785830715	-0.9934740944123699	0.0030181691938719144	-0.002998472906665213
Mathys	cogdx	Pax6_4	Inhibitory	0.205431236839579	0.022837147948354217	0.02436558231562932	0.022236299370927665	0.21681108717543499	0.0030181691938719144	0.000654372544202776
Mathys	cogdx	Pvalb_1	Inhibitory	0.5900508231599844	0.01033520462760104	0.023810945746918333	0.003932031114305219	1.9896638438722567	0.0030181691938719144	0.006005142119736024
Mathys	cogdx	Pvalb_10	Inhibitory	0.6817932985315721	0.05537066132313546	0.02667489454315678	0.04774134685067751	2.311755225924603	0.0030181691938719144	0.006977268406658044
Mathys	cogdx	Pvalb_12	Inhibitory	0.6108336179898526	0.043137073197705066	0.026686549641716257	0.03929662815573432	1.4064250716315017	0.0030181691938719144	0.0042448288246872985
Mathys	cogdx	Pvalb_13	Inhibitory	0.6092756177219957	0.010781525538644428	0.025943329268091515	0.002821319890545765	2.0396888398931754	0.0030181691938719144	0.006156126021649925
Mathys	cogdx	Pvalb_15	Inhibitory	0.5265084301382293	0.006002959419317426	0.025088778661097183	0.01276920294305252	-2.821472726113398	0.0030181691938719144	-0.008515682063305267
Mathys	cogdx	Pvalb_2	Inhibitory	0.3495695430871181	-0.03643720159216063	0.030942362182264756	-0.023835270032252016	-2.8092705077065063	0.0030181691938719144	-0.00847885370361269
Mathys	cogdx	Pvalb_3	Inhibitory	0.504731485099097	-0.029093431945477623	0.02769453063335919	-0.019332286279310617	-2.5384607326554223	0.0030181691938719144	-0.007661503983154125
Mathys	cogdx	Pvalb_5	Inhibitory	0.2666822594830076	-0.05328984159019544	0.03148662693573153	-0.042789330767878796	-3.1104860104931906	0.0030181691938719144	-0.0093879730548401
Mathys	cogdx	Pvalb_6	Inhibitory	0.4638743634718683	-0.07030706345167254	0.026747528341362375	-0.06438347639155921	-1.3091527954609439	0.0030181691938719144	-0.0039512446373315205
Mathys	cogdx	Pvalb_7	Inhibitory	0.8803705194855638	0.03144787150218507	0.029323754130299813	0.015766727170159665	4.8614242427279315	0.0030181691938719144	0.014672600887743543
Mathys	cogdx	Pvalb_8	Inhibitory	0.2749435083648415	-0.012163878829964654	0.030066115412566867	-0.005974188475660327	-2.305182906260617	0.0030181691938719144	-0.006957432033915923
Mathys	cogdx	Pvalb_9	Inhibitory	0.6427079814410825	0.008459460661537315	0.02467003599332044	-0.00019841785672417272	2.8973897712128647	0.0030181691938719144	0.008744812550114263
Mathys	cogdx	Sncg_1	Inhibitory	0.2284107828293974	-0.02725528368073907	0.03268288203401543	-0.013362469115616529	-4.245217222768397	0.0030181691938719144	-0.01281278384305406
Mathys	cogdx	Sncg_2	Inhibitory	0.1166485153506787	0.025914977757441456	0.02804807590235622	0.031808885550431945	-2.2671841268646293	0.0030181691938719144	-0.006842745288538218
Mathys	cogdx	Sncg_3	Inhibitory	0.1323250123250063	-0.04174074084803463	0.02803288301771438	-0.032623808856302366	-3.3946027490258825	0.0030181691938719144	-0.010245485442542833
Mathys	cogdx	Sncg_4	Inhibitory	0.1160922736587884	-0.02249830450804291	0.03246350109536339	-0.002602959572560515	-5.867098102988763	0.0030181691938719144	-0.017707894751865034
Mathys	cogdx	Sncg_5	Inhibitory	0.0884437751366371	-0.04693878439944428	0.03435891589756009	-0.03418602199928209	-4.440485626286266	0.0030181691938719144	-0.013402136923088243
Mathys	cogdx	Sncg_6	Inhibitory	0.1181267995791516	-0.03469803676936911	0.02819809960023589	-0.023966191618191267	-3.3644975932718184	0.0030181691938719144	-0.0101546229888692
Mathys	cogdx	Sncg_8	Inhibitory	0.1204937514720459	-0.03997891587880382	0.02838520653570454	-0.02533522685185216	-4.6516638907099885	0.0030181691938719144	-0.01403950865518726
Mathys	cogdx	Sst Chodl_1	Inhibitory	0.8747911559403596	0.027209014356245658	0.029877536452339492	0.023071346006246284	0.755295677682711	0.0030181691938719144	0.002279610146646569
Mathys	cogdx	Sst Chodl_2	Inhibitory	0.2773765687049466	0.01850009963892343	0.02804415975444941	0.02101500130488069	-1.4223888866896324	0.0030181691938719144	-0.004293010319512417
Mathys	cogdx	Sst_1	Inhibitory	0.815785423135265	0.022742555844748446	0.025782377750398884	0.012535232336929164	3.1739942754800086	0.0030181691938719144	0.009579651743779569
Mathys	cogdx	Sst_10	Inhibitory	0.6105200510345437	-0.015669876260967053	0.02467073910416659	-0.023534510604646876	2.5184292349072326	0.0030181691938719144	0.007601045533743424
Mathys	cogdx	Sst_11	Inhibitory	0.2387819276287432	-0.047151316218539255	0.03714763894707593	-0.035508513843057456	-3.926012492577717	0.0030181691938719144	-0.011849369959854352
Mathys	cogdx	Sst_12	Inhibitory	0.7803451676571576	-0.04329899247676279	0.026050234919643003	-0.050504337347375056	2.815759703595649	0.0030181691938719144	0.008498439194738302
Mathys	cogdx	Sst_13	Inhibitory	0.6048978450950697	-0.00943485688170206	0.024983388426743518	-0.009878479069689333	1.0576212295621017	0.0030181691938719144	0.0031920798138492714
Mathys	cogdx	Sst_19	Inhibitory	0.5541324758571757	-0.027903010632367616	0.024722581255916507	-0.03145581341314291	0.6768791971202198	0.0030181691938719144	0.0020429359407210025
Mathys	cogdx	Sst_2	Inhibitory	0.3192887752225759	-0.03708711780733708	0.033097504493245535	-0.028466930211204784	-3.8347467465265948	0.0030181691938719144	-0.011573914496667118
Mathys	cogdx	Sst_20	Inhibitory	0.2957429970923577	-0.0717443817234023	0.038128048735837756	-0.05476283286517568	-4.626976263244299	0.0030181691938719144	-0.01396499721850053
Mathys	cogdx	Sst_22	Inhibitory	0.2621819638814291	-0.006961461135837172	0.02972511438678187	-0.0029492399751779143	-1.9081757843741642	0.0030181691938719144	-0.0057591973688904795
Mathys	cogdx	Sst_23	Inhibitory	0.1967533779707338	-0.06501909328081905	0.03732364432171569	-0.051656266200948424	-4.285886850782601	0.0030181691938719144	-0.012935531661452762
Mathys	cogdx	Sst_25	Inhibitory	0.2177220453776422	0.01368348049149995	0.03927991312277744	0.02448830644241777	-3.2170569049375466	0.0030181691938719144	-0.009709622045415431
Mathys	cogdx	Sst_3	Inhibitory	0.4598165704652676	-0.04441562440895018	0.03438004913837862	-0.03261631317483522	-4.384139240491552	0.0030181691938719144	-0.013232073997296616
Mathys	cogdx	Sst_4	Inhibitory	0.7590957304050299	0.04657106661039516	0.025091764063828587	0.034584675076393415	4.098132074014513	0.0030181691938719144	0.01236885597820902
Mathys	cogdx	Sst_5	Inhibitory	0.679538710548478	0.018993121621040877	0.025414538123172317	0.009167452188287326	3.436973741020248	0.0030181691938719144	0.01037336826529402
Mathys	cogdx	Sst_7	Inhibitory	0.8373444632991687	0.08813209911558356	0.030997890823445867	0.07334260728959748	4.12054852077838	0.0030181691938719144	0.012436512607267792
Mathys	cogdx	Sst_9	Inhibitory	0.6073494399404031	-0.011842122269108824	0.028736062021040006	-0.013564355790707965	1.1019859319246457	0.0030181691938719144	0.0033259799918151983
Mathys	cogdx	Vip_1	Inhibitory	0.2350554089747075	0.042106004164786874	0.032528507284213914	0.05508520184912961	-5.515684429444736	0.0030181691938719144	-0.01664726882806909
Mathys	cogdx	Vip_11	Inhibitory	0.2582343862743472	0.04833279511248145	0.04972664364182173	0.06567414736061888	-6.720528806228852	0.0030181691938719144	-0.020283693009488714
Mathys	cogdx	Vip_12	Inhibitory	0.2662593472494122	-0.025816086003712845	0.022442985141354836	-0.020746733488596188	-1.0242932973579149	0.0030181691938719144	-0.003091490475575143
Mathys	cogdx	Vip_13	Inhibitory	0.2194681761737045	0.005151997296500453	0.02519873052930107	0.010772460389606208	-1.7634963181094172	0.0030181691938719144	-0.005322530260824389
Mathys	cogdx	Vip_14	Inhibitory	0.3315424436417966	0.036545411241252886	0.02564059364832666	0.042882717767232875	-2.178627991019088	0.0030181691938719144	-0.00657546788740087
Mathys	cogdx	Vip_15	Inhibitory	0.348308194180037	-0.02585662021250807	0.024402692868204703	-0.018381760598242557	-2.27345404912723	0.0030181691938719144	-0.006861668974759171
Mathys	cogdx	Vip_16	Inhibitory	0.2376843396288952	-0.020049473455135806	0.02542784026075998	-0.014829924045667502	-2.0971593530897596	0.0030181691938719144	-0.006329581754135866
Mathys	cogdx	Vip_18	Inhibitory	0.4317549423950566	-0.007470781430666527	0.0262271633429321	-0.010744166270411894	1.2103634467868232	0.0030181691938719144	0.003653081668480618
Mathys	cogdx	Vip_19	Inhibitory	0.5167087850184927	0.020962574318864963	0.02590456923935877	0.026727800478875914	-2.014586952318559	0.0030181691938719144	-0.006080364277864183
Mathys	cogdx	Vip_2	Inhibitory	0.3743908763624244	-0.0061420476967127755	0.024394629857876004	0.0030858631798869746	-2.2329154912439915	0.0030181691938719144	-0.006739316748191988
Mathys	cogdx	Vip_21	Inhibitory	0.2073933055044298	-0.030585710338223916	0.025445538728610308	-0.023894967259990012	-2.1521537303007805	0.0030181691938719144	-0.00649556408927034
Mathys	cogdx	Vip_23	Inhibitory	0.514918470758501	-0.03209313417691561	0.0212322220634054	-0.029070063539964816	-0.39053547211331435	0.0030181691938719144	-0.0011787021310466295
Mathys	cogdx	Vip_4	Inhibitory	0.2460677831117061	0.013600922379364718	0.029886224704386625	0.027389078518887687	-5.761760019019341	0.0030181691938719144	-0.017389966591887032
Mathys	cogdx	Vip_5	Inhibitory	0.2025897285247291	0.022195992458963212	0.028322819483749925	0.029952095721089825	-2.8346550339371652	0.0030181691938719144	-0.008555468498683098
Mathys	cogdx	Vip_6	Inhibitory	0.2124526037871233	-0.01487545110765043	0.026198131840234774	-0.006349911511478439	-2.832644607946235	0.0030181691938719144	-0.008549400692890712
Mathys	cogdx	Vip_9	Inhibitory	0.1955107516726868	-0.022909262053680195	0.02517569402335341	-0.010741048976620229	-3.436603675929366	0.0030181691938719144	-0.010372251346236993
Mathys	dementia	Chandelier_1	Inhibitory	0.5377438373044524	-0.04992190135648146	0.057419728819579546	-0.03933316736690899	-0.7306720805091838	0.011051335590526653	-0.008074902368335298
Mathys	dementia	Chandelier_2	Inhibitory	0.3083839397387943	0.03625785074775864	0.07713674129607744	0.05028741920268198	-1.0380642094506924	0.011051335590526653	-0.01147199594315435
Mathys	dementia	L2/3 IT_1	Excitatory	0.1919707901948373	-0.08650473225567203	0.08224363158588628	-0.041256473630116475	-6.7792037335220705	0.0016830262461867435	-0.011409577811764807
Mathys	dementia	L2/3 IT_10	Excitatory	0.3436600012425826	-0.26516365759574456	0.11622398207611125	-0.22003287341224165	-5.647080712156186	0.0016830262461867435	-0.009504185052893788
Mathys	dementia	L2/3 IT_12	Excitatory	0.3032241530756692	-0.08653948772427317	0.10556279431960999	-0.054636012694830816	-1.3735706216070114	0.0016830262461867435	-0.0023117554071556403
Mathys	dementia	L2/3 IT_13	Excitatory	0.4258329844029131	-0.008178778400793512	0.09260195080891097	0.04775917804404239	-0.52656045329513	0.0016830262461867435	-0.0008862150630996928
Mathys	dementia	L2/3 IT_2	Excitatory	0.2660203989385524	0.1552340063748104	0.07890530989251561	0.1412427146037094	-2.2916620953122893	0.0016830262461867435	-0.0038569274538018893
Mathys	dementia	L2/3 IT_3	Excitatory	0.3798489777663303	-0.08721724060288683	0.08552538379597618	-0.030308579552499226	-0.33902778651331716	0.0016830262461867435	-0.0005705926628885088
Mathys	dementia	L2/3 IT_5	Excitatory	0.3677645450571993	-0.1195846268389886	0.08274385577547701	-0.07239642305671115	-0.5085633785400189	0.0016830262461867435	-0.0008559255139322558
Mathys	dementia	L2/3 IT_6	Excitatory	0.1979691675974276	-0.21014211340975725	0.10504894188848299	-0.14648079785036325	-6.449418739835417	0.0016830262461867435	-0.01085454101179164
Mathys	dementia	L2/3 IT_7	Excitatory	0.2177554769451218	0.04680027739448105	0.09792161109949225	0.023396305233055484	-3.7148593317521907	0.0016830262461867435	-0.006252205756230684
Mathys	dementia	L2/3 IT_8	Excitatory	0.2744983406514524	-0.022946410457924893	0.11249382135285338	-0.05798305525806592	-0.10998482823209534	0.0016830262461867435	-0.0001851073525969572
Mathys	dementia	L4 IT_1	Excitatory	0.5630840855967468	-0.021997185706339035	0.06894775846095746	0.006073660498679523	2.7551566409650343	0.0016830262461867435	0.004637000939099859
Mathys	dementia	L4 IT_2	Excitatory	0.5512355818998482	-0.026466209562149193	0.08275057826369474	-0.010857098431128968	3.0536536650616517	0.0016830262461867435	0.005139379265063103
Mathys	dementia	L4 IT_3	Excitatory	0.5314108664019961	0.04912604720527958	0.07978888586961247	0.042772439116407796	-0.40834437868533063	0.0016830262461867435	-0.0006872543068102301
Mathys	dementia	L4 IT_4	Excitatory	0.5532418211408268	0.048171328223702264	0.08438992081902831	0.044951902923467055	3.4376378419694795	0.0016830262461867435	0.005785634712919391
Mathys	dementia	L5 ET_2	Excitatory	0.5803583932144897	-0.03611030663491961	0.08337718308638482	-0.06504483035093751	3.393277690156814	0.0016830262461867435	0.005710975413133846
Mathys	dementia	L5 IT_1	Excitatory	0.5629397259705062	0.028193249683741473	0.0650982100048591	0.0231702946690977	5.660704658563879	0.0016830262461867435	0.009527114512274577
Mathys	dementia	L5 IT_2	Excitatory	0.5925571972392969	0.0156124499084061	0.07212708076249129	0.0259891893952599	3.9395669162828226	0.0016830262461867435	0.006630394518712964
Mathys	dementia	L5 IT_3	Excitatory	0.6164728933312946	0.11938887091308226	0.07100890222538599	0.11937406228720199	4.742340506509245	0.0016830262461867435	0.007981483540809594
Mathys	dementia	L5 IT_5	Excitatory	0.5837304045657066	-0.006165403044894798	0.07275969869757912	0.01155798445474443	3.3459146564262663	0.0016830262461867435	0.005631262184266307
Mathys	dementia	L5 IT_6	Excitatory	0.5076176320839733	-0.057185833842182246	0.08348693011344778	-0.057930209956331497	4.4124744282452015	0.0016830262461867435	0.007426310273364519
Mathys	dementia	L5 IT_7	Excitatory	0.5909416812135041	0.0015966514435627084	0.08946385218827588	-0.01702542207188264	5.6255573811708155	0.0016830262461867435	0.009467960721940045
Mathys	dementia	L5/6 NP_1	Excitatory	0.6407527971721316	-0.06682987778547281	0.06780264255649555	-0.03374626844531923	5.174104250364249	0.0016830262461867435	0.008708153253869417
Mathys	dementia	L5/6 NP_2	Excitatory	0.6302251538114368	-0.07429005834157612	0.06805708548638861	-0.06409714157645201	3.8260103633646816	0.0016830262461867435	0.006439275859725238
Mathys	dementia	L5/6 NP_3	Excitatory	0.6131612028240632	0.058735160348741856	0.07787620227822295	0.0013274204157119537	0.03110336112444358	0.0016830262461867435	5.234777311706297e-05
Mathys	dementia	L5/6 NP_4	Excitatory	0.6353904788345692	0.032564570507196515	0.08207816752714084	-0.00958332630893028	5.607590635402835	0.0016830262461867435	0.009437722217253969
Mathys	dementia	L5/6 NP_6	Excitatory	0.6193951422603103	0.09425982289269243	0.08148200178152891	0.04898410144298991	1.5131355255847103	0.0016830262461867435	0.0025466468035966403
Mathys	dementia	L6 CT_1	Excitatory	0.9279759816375948	0.040313459107710385	0.12610281088447042	0.01456597853024931	14.38527831007208	0.0016830262461867435	0.024210800954552195
Mathys	dementia	L6 CT_2	Excitatory	0.8331534913085406	-0.10048975861403164	0.08022201684157541	-0.10085350459072231	8.826592664128723	0.0016830262461867435	0.014855387118128014
Mathys	dementia	L6 CT_3	Excitatory	0.8051462951414932	-0.08496713254828318	0.0789572969699672	-0.12681142083520724	3.6917055257046663	0.0016830262461867435	0.006213237292953583
Mathys	dementia	L6 CT_4	Excitatory	0.8135731387095528	-0.010617121568933104	0.08210625606274286	-0.06451657776825036	2.7726491688071873	0.0016830262461867435	0.004666441322570355
Mathys	dementia	L6 IT Car3_1	Excitatory	0.7663699966007065	0.13262893272426368	0.09574251243226696	0.08515504180572894	3.0043545864276413	0.0016830262461867435	0.005056407621809239
Mathys	dementia	L6 IT Car3_3	Excitatory	0.7973887453221391	0.16838289790562722	0.07348686972381877	0.1308822441061685	8.710863065257152	0.0016830262461867435	0.014660611165766495
Mathys	dementia	L6 IT_1	Excitatory	0.8530337414259787	0.12526323858089952	0.09896512310276444	0.07588635456308618	9.183541465431642	0.0016830262461867435	0.015456141319265721
Mathys	dementia	L6 IT_2	Excitatory	0.8197358450038192	0.12966385658646476	0.09027767537506286	0.07759812607160829	11.741629881279962	0.0016830262461867435	0.019761471263204714
Mathys	dementia	L6b_1	Excitatory	0.9410415642527472	0.0498015032283813	0.11634643437144197	0.006795860010535951	8.463815014235232	0.0016830262461867435	0.014244822811827321
Mathys	dementia	L6b_2	Excitatory	0.9170995043620296	0.01589256911763596	0.10936682202661982	0.013552057234163507	12.788041620034178	0.0016830262461867435	0.021522609683845964
Mathys	dementia	L6b_3	Excitatory	0.8642836597560695	-0.008058463064390444	0.0789167887603027	-0.062450606683597025	1.601504758316319	0.0016830262461867435	0.0026953745416393223
Mathys	dementia	L6b_4	Excitatory	0.923495610477519	0.12260513438908568	0.09754964254196222	0.0650295082893909	10.883120499276684	0.0016830262461867435	0.018316577440695637
Mathys	dementia	L6b_5	Excitatory	0.8919508779002744	0.12694615464503206	0.0846615476927728	0.08853775363676501	5.95635667361285	0.0016830262461867435	0.010024704613339994
Mathys	dementia	L6b_6	Excitatory	0.861725382393208	0.030647522831513407	0.09218321922751396	-0.010094319639879598	11.067710600395694	0.0016830262461867435	0.018627247425665194
Mathys	dementia	Lamp5_1	Inhibitory	0.579758694166293	0.05757574126515067	0.06540638345926376	0.029916725337951137	2.5087348610864955	0.011051335590526653	0.027724870857520127
Mathys	dementia	Lamp5_2	Inhibitory	0.4551264444335245	-0.040301719708073516	0.0669107108197636	-0.005361157770258553	-2.845635422765295	0.011051335590526653	-0.03144807202526946
Mathys	dementia	Lamp5_3	Inhibitory	0.2465184059874807	-0.1021519567709198	0.08432626547365514	-0.0663684239939398	-3.4902134713687833	0.011051335590526653	-0.038571520354673414
Mathys	dementia	Lamp5_4	Inhibitory	0.1322474178935395	-0.17118436593142677	0.08433979151215787	-0.12433360331340665	-4.160939143658955	0.011051335590526653	-0.0459839348483337
Mathys	dementia	Lamp5_5	Inhibitory	0.0932772268895256	-0.13792490167791868	0.10198940967557303	-0.0788685405701687	-5.097521356270701	0.011051335590526653	-0.05633441918802409
Mathys	dementia	Lamp5_6	Inhibitory	0.1296752919101563	0.028415283664874277	0.08712821185026637	0.056647433017069204	-2.6137154517467964	0.011051335590526653	-0.028885046595398818
Mathys	dementia	Lamp5_Lhx6_1	Inhibitory	0.9202262402030006	-0.04092817802383523	0.0540740982274103	-0.04938677029586067	1.1312207682484803	0.011051335590526653	0.012501500336887333
Mathys	dementia	Pax6_1	Inhibitory	0.1062743761433986	-0.05693241632856155	0.07608750622596933	0.0037302257248439663	-5.140508644508777	0.011051335590526653	-0.056809486136469765
Mathys	dementia	Pax6_2	Inhibitory	0.1767240916513598	0.03360063127543295	0.07176531862477595	0.05785580645600746	-2.0336428326053277	0.011051335590526653	-0.022474469414390696
Mathys	dementia	Pax6_3	Inhibitory	0.2804480041403503	0.12750900714934973	0.07707671836132	0.13897681037857373	-0.9934740944123699	0.011051335590526653	-0.010979215617845659
Mathys	dementia	Pax6_4	Inhibitory	0.205431236839579	0.05649392657499317	0.06684753329806901	0.05484601230612788	0.21681108717543499	0.011051335590526653	0.002396052084122661
Mathys	dementia	Pvalb_1	Inhibitory	0.5900508231599844	0.03145451400140676	0.065267318606963	0.008324351038115706	1.9896638438722567	0.011051335590526653	0.021988442850969535
Mathys	dementia	Pvalb_10	Inhibitory	0.6817932985315721	0.14675193836867853	0.07292974966980853	0.12072479340942886	2.311755225924603	0.011051335590526653	0.025547982804846544
Mathys	dementia	Pvalb_12	Inhibitory	0.6108336179898526	0.10290333164646809	0.07399275073414419	0.0908916125426363	1.4064250716315017	0.011051335590526653	0.015542875449530211
Mathys	dementia	Pvalb_13	Inhibitory	0.6092756177219957	0.01903830653620932	0.07135562681483744	-0.0075669593946201385	2.0396888398931754	0.011051335590526653	0.022541285869911467
Mathys	dementia	Pvalb_15	Inhibitory	0.5265084301382293	0.019490321984887152	0.06856346367898274	0.048956494667049974	-2.821472726113398	0.011051335590526653	-0.03118104195579725
Mathys	dementia	Pvalb_2	Inhibitory	0.3495695430871181	-0.06789417331705493	0.08452668903650512	-0.02991141351535906	-2.8092705077065063	0.011051335590526653	-0.03104619114523379
Mathys	dementia	Pvalb_3	Inhibitory	0.504731485099097	-0.01963098390713043	0.07631830538287625	0.013793317828734048	-2.5384607326554223	0.011051335590526653	-0.02805338143994923
Mathys	dementia	Pvalb_5	Inhibitory	0.2666822594830076	-0.09065762672564118	0.08693786728758704	-0.052527624410428624	-3.1104860104931906	0.011051335590526653	-0.034375024751598655
Mathys	dementia	Pvalb_6	Inhibitory	0.4638743634718683	-0.10802027317380725	0.07404568486814872	-0.08636793736284336	-1.3091527954609439	0.011051335590526653	-0.014467886881914988
Mathys	dementia	Pvalb_7	Inhibitory	0.8803705194855638	0.08704675469563647	0.08092418270597886	0.03247243315909313	4.8614242427279315	0.011051335590526653	0.05372523075430827
Mathys	dementia	Pvalb_8	Inhibitory	0.2749435083648415	-0.03045220027136783	0.08298022512164922	-0.005674443899259226	-2.305182906260617	0.011051335590526653	-0.02547534989463162
Mathys	dementia	Pvalb_9	Inhibitory	0.6427079814410825	0.04160989965299019	0.06721533193713772	0.010842827865682957	2.8973897712128647	0.011051335590526653	0.032020026698232604
Mathys	dementia	Sncg_1	Inhibitory	0.2284107828293974	-0.07264777195542761	0.08938467758152045	-0.02360248746686677	-4.245217222768397	0.011051335590526653	-0.046915320183497096
Mathys	dementia	Sncg_2	Inhibitory	0.1166485153506787	0.026538494483412434	0.07747212668932336	0.05055185087398133	-2.2671841268646293	0.011051335590526653	-0.02505541263149617
Mathys	dementia	Sncg_3	Inhibitory	0.1323250123250063	-0.1397832029202588	0.07669788677603523	-0.10690250295709103	-3.3946027490258825	0.011051335590526653	-0.03751489417600935
Mathys	dementia	Sncg_4	Inhibitory	0.1160922736587884	-0.036143449508598643	0.0887263633622712	0.030758613771661752	-5.867098102988763	0.011051335590526653	-0.06483927007867112
Mathys	dementia	Sncg_5	Inhibitory	0.0884437751366371	-0.11539276092399323	0.09419762097801336	-0.06901774507664869	-4.440485626286266	0.011051335590526653	-0.049073296840999446
Mathys	dementia	Sncg_6	Inhibitory	0.1181267995791516	-0.08969161769580236	0.07728942949776069	-0.05145702722442561	-3.3644975932718184	0.011051335590526653	-0.03718219199676611
Mathys	dementia	Sncg_8	Inhibitory	0.1204937514720459	-0.08377211931654764	0.07811479959087216	-0.03379572896917686	-4.6516638907099885	0.011051335590526653	-0.051407098710570975
Mathys	dementia	Sst Chodl_1	Inhibitory	0.8747911559403596	0.02485770126659404	0.08293617985874538	0.010627636244573826	0.755295677682711	0.011051335590526653	0.00834702600414589
Mathys	dementia	Sst Chodl_2	Inhibitory	0.2773765687049466	-0.02663606951942321	0.07719095435300952	-0.014482829456469615	-1.4223888866896324	0.011051335590526653	-0.015719296927042718
Mathys	dementia	Sst_1	Inhibitory	0.815785423135265	0.024050863067777383	0.07130045762781709	-0.012783903511308495	3.1739942754800086	0.011051335590526653	0.03507687590074007
Mathys	dementia	Sst_10	Inhibitory	0.6105200510345437	-0.07021854195095545	0.06840588346507648	-0.09802212320531253	2.5184292349072326	0.011051335590526653	0.027832006635953106
Mathys	dementia	Sst_11	Inhibitory	0.2387819276287432	-0.058215167824735625	0.10299699014112652	-0.01608731245767201	-3.926012492577717	0.011051335590526653	-0.04338768158807638
Mathys	dementia	Sst_12	Inhibitory	0.7803451676571576	-0.08975323775813707	0.07202962133775634	-0.11524524236905101	2.815759703595649	0.011051335590526653	0.031117905426717375
Mathys	dementia	Sst_13	Inhibitory	0.6048978450950697	-0.051309142042393605	0.06956963413703264	-0.056549880982295686	1.0576212295621017	0.011051335590526653	0.011688127135556213
Mathys	dementia	Sst_19	Inhibitory	0.5541324758571757	-0.06813606861816585	0.06746503047450644	-0.0817082750191564	0.6768791971202198	0.011051335590526653	0.007480419161621791
Mathys	dementia	Sst_2	Inhibitory	0.3192887752225759	-0.04521063659154161	0.09098446280745753	-0.011219605327971099	-3.8347467465265948	0.011051335590526653	-0.042379073200545646
Mathys	dementia	Sst_20	Inhibitory	0.2957429970923577	-0.1071782244027009	0.10527261545998665	-0.04676853685770408	-4.626976263244299	0.011051335590526653	-0.05113426745451374
Mathys	dementia	Sst_22	Inhibitory	0.2621819638814291	-0.05218835830130697	0.08149906957515506	-0.034476026957376095	-1.9081757843741642	0.011051335590526653	-0.02108789095883531
Mathys	dementia	Sst_23	Inhibitory	0.1967533779707338	-0.1500010842221141	0.10323296250091273	-0.10227038209955303	-4.285886850782601	0.011051335590526653	-0.047364773891023955
Mathys	dementia	Sst_25	Inhibitory	0.2177220453776422	0.14276632456760477	0.10821124126280407	0.18381257477419538	-3.2170569049375466	0.011051335590526653	-0.035552775470285826
Mathys	dementia	Sst_3	Inhibitory	0.4598165704652676	-0.12900438250111812	0.09392496515792119	-0.07811271691888849	-4.384139240491552	0.011051335590526653	-0.04845059402226878
Mathys	dementia	Sst_4	Inhibitory	0.7590957304050299	0.14878463740483713	0.06898005935078848	0.10603372254962526	4.098132074014513	0.011051335590526653	0.0452898328442354
Mathys	dementia	Sst_5	Inhibitory	0.679538710548478	0.043129487843205826	0.07005256985113927	0.007219412131985552	3.436973741020248	0.011051335590526653	0.0379831502278426
Mathys	dementia	Sst_7	Inhibitory	0.8373444632991687	0.2568190258128011	0.08437028967036309	0.20654890928850736	4.12054852077838	0.011051335590526653	0.04553756452017006
Mathys	dementia	Sst_9	Inhibitory	0.6073494399404031	-0.010063795790614814	0.07881610814402269	-0.015246124810599414	1.1019859319246457	0.011051335590526653	0.012178416349738517
Mathys	dementia	Vip_1	Inhibitory	0.2350554089747075	0.05103858288909587	0.08892042202616772	0.10678507696262049	-5.515684429444736	0.011051335590526653	-0.060955679641236306
Mathys	dementia	Vip_11	Inhibitory	0.2582343862743472	0.0709485985108243	0.1353699941795687	0.15187938142871293	-6.720528806228852	0.011051335590526653	-0.07427081918343652
Mathys	dementia	Vip_12	Inhibitory	0.2662593472494122	-0.032436817828125575	0.06170483003955381	-0.016339158556799925	-1.0242932973579149	0.011051335590526653	-0.011319808972229424
Mathys	dementia	Vip_13	Inhibitory	0.2194681761737045	0.01747624490251106	0.0688678536223657	0.03547084311303229	-1.7634963181094172	0.011051335590526653	-0.019488989624085313
Mathys	dementia	Vip_14	Inhibitory	0.3315424436417966	0.07881489065949963	0.07088265567304976	0.10198546938529116	-2.178627991019088	0.011051335590526653	-0.02407674905566683
Mathys	dementia	Vip_15	Inhibitory	0.348308194180037	-0.040310800561596125	0.0668392269723461	-0.015670748682185816	-2.27345404912723	0.011051335590526653	-0.025124703646546686
Mathys	dementia	Vip_16	Inhibitory	0.2376843396288952	-0.052282619386790914	0.06963832342801712	-0.03208545181508718	-2.0971593530897596	0.011051335590526653	-0.02317641179780671
Mathys	dementia	Vip_18	Inhibitory	0.4317549423950566	-0.004369949586452867	0.07196404625873949	-0.01689533515178314	1.2103634467868232	0.011051335590526653	0.013376132636947731
Mathys	dementia	Vip_19	Inhibitory	0.5167087850184927	0.03315432814125607	0.07059492752358143	0.0596470445410551	-2.014586952318559	0.011051335590526653	-0.02226387648636871
Mathys	dementia	Vip_2	Inhibitory	0.3743908763624244	0.051210680553257795	0.0670690767926331	0.0816516038116575	-2.2329154912439915	0.011051335590526653	-0.024676698439023027
Mathys	dementia	Vip_21	Inhibitory	0.2073933055044298	-0.026188749272370516	0.06980166457446572	-0.0025222762371038387	-2.1521537303007805	0.011051335590526653	-0.023784173115957714
Mathys	dementia	Vip_23	Inhibitory	0.514918470758501	-0.015260556813364284	0.05816861135786083	-0.0077739748660802625	-0.39053547211331435	0.011051335590526653	-0.004315938562329
Mathys	dementia	Vip_4	Inhibitory	0.2460677831117061	0.032116517036374685	0.08143696044110733	0.08996962385228528	-5.761760019019341	0.011051335590526653	-0.06367514356226198
Mathys	dementia	Vip_5	Inhibitory	0.2025897285247291	0.055073081760755774	0.07802616904982929	0.08331627936082216	-2.8346550339371652	0.011051335590526653	-0.03132672406341533
Mathys	dementia	Vip_6	Inhibitory	0.2124526037871233	-0.0077726163530117635	0.071686528141069	0.0231251061849325	-2.832644607946235	0.011051335590526653	-0.03130450617110964
Mathys	dementia	Vip_9	Inhibitory	0.1955107516726868	-0.05387681208512716	0.06912829984608632	-0.014054957000144946	-3.436603675929366	0.011051335590526653	-0.037979060514332925
Multiome 2025	cerad_ad	Chandelier_1	Inhibitory	0.5377438373044524	-0.0219937059133961	0.04124785319437018	-0.012197251339874624	-1.6490024530193803	0.0069587840926553235	-0.011475052038820871
Multiome 2025	cerad_ad	Chandelier_2	Inhibitory	0.3083839397387943	0.0617363884204671	0.03493481466173696	0.06479082548196818	-0.6326923136434277	0.0069587840926553235	-0.004402769207727177
Multiome 2025	cerad_ad	L2/3 IT_1	Excitatory	0.1919707901948373	0.013903891396220922	0.03598621980954991	0.039700629357766026	-8.119354649051074	0.002210437679287357	-0.017947327447759467
Multiome 2025	cerad_ad	L2/3 IT_10	Excitatory	0.3436600012425826	-0.1708047273113559	0.055360718388467435	-0.14528729960814943	-8.601959083761308	0.002210437679287357	-0.019014094474434143
Multiome 2025	cerad_ad	L2/3 IT_12	Excitatory	0.3032241530756692	-0.004736101375792196	0.049646081252900376	0.024356474783207932	-6.096860155978802	0.002210437679287357	-0.013476729414121334
Multiome 2025	cerad_ad	L2/3 IT_13	Excitatory	0.4258329844029131	-0.0769038853330135	0.037989923117580454	-0.05430502417836123	-3.5091028583168336	0.002210437679287357	-0.007756653178518492
Multiome 2025	cerad_ad	L2/3 IT_2	Excitatory	0.2660203989385524	0.07314547431362974	0.03533829996313151	0.06625676136501114	-2.875712618616173	0.002210437679287357	-0.006356583526991301
Multiome 2025	cerad_ad	L2/3 IT_3	Excitatory	0.3798489777663303	-0.13738872732690788	0.03579361097058934	-0.12391683501330471	-3.071117044080136	0.002210437679287357	-0.006788512831736343
Multiome 2025	cerad_ad	L2/3 IT_5	Excitatory	0.3677645450571993	-0.08579230778493704	0.03387833330516666	-0.05475220591489596	-4.7369842931606225	0.002210437679287357	-0.010470808567794627
Multiome 2025	cerad_ad	L2/3 IT_6	Excitatory	0.1979691675974276	-0.09929152899694257	0.052155425140499465	-0.04370542824781325	-14.392617937963236	0.002210437679287357	-0.03181398499366104
Multiome 2025	cerad_ad	L2/3 IT_7	Excitatory	0.2177554769451218	0.04204499059565678	0.031266386057963065	0.02647119962676349	0.734454491459981	0.002210437679287357	0.0016234658816449761
Multiome 2025	cerad_ad	L2/3 IT_8	Excitatory	0.2744983406514524	0.03283922618193487	0.050627272207936	0.04433584306321436	-5.045054296701319	0.002210437679287357	-0.011151778111479172
Multiome 2025	cerad_ad	L4 IT_1	Excitatory	0.5630840855967468	-0.01374236231302882	0.036058519598245665	0.010155075491825219	1.5982311615759948	0.002210437679287357	0.0035327903797587783
Multiome 2025	cerad_ad	L4 IT_2	Excitatory	0.5512355818998482	0.014654746153080371	0.033493600752633836	0.029323675014352582	1.34233440043532	0.002210437679287357	0.002967146536925834
Multiome 2025	cerad_ad	L4 IT_3	Excitatory	0.5314108664019961	0.018867205694264713	0.032452789728679765	0.022109288895033385	-1.4459510282818515	0.002210437679287357	-0.003196184635318503
Multiome 2025	cerad_ad	L4 IT_4	Excitatory	0.5532418211408268	0.0045532113788914	0.030691852258288396	0.023857200098702923	-0.8482407489973462	0.002210437679287357	-0.0018749833126906635
Multiome 2025	cerad_ad	L5 ET_2	Excitatory	0.5803583932144897	-0.006446850351593829	0.05384156722292744	-0.011153950649217231	5.100524878557203	0.002210437679287357	0.01127439237570541
Multiome 2025	cerad_ad	L5 IT_1	Excitatory	0.5629397259705062	0.011921826110780577	0.03333085481502683	0.025044676448577115	5.219199107284578	0.002210437679287357	0.011536714362444767
Multiome 2025	cerad_ad	L5 IT_2	Excitatory	0.5925571972392969	-0.002629239452657684	0.030193911581039713	0.006757489474773233	2.7429925815649985	0.002210437679287357	0.006063214156296971
Multiome 2025	cerad_ad	L5 IT_3	Excitatory	0.6164728933312946	-0.005158287825743811	0.03499272444819986	-0.011321010061911708	5.907786686665831	0.002210437679287357	0.013058794293398361
Multiome 2025	cerad_ad	L5 IT_5	Excitatory	0.5837304045657066	0.017056104681973924	0.034656406065644844	0.03527343550256857	2.1264522719680734	0.002210437679287357	0.004700390225164435
Multiome 2025	cerad_ad	L5 IT_6	Excitatory	0.5076176320839733	-0.044286537646900916	0.036255058158011874	-0.02819132088325116	1.3771176465764032	0.002210437679287357	0.0030440327348040114
Multiome 2025	cerad_ad	L5 IT_7	Excitatory	0.5909416812135041	-0.009195591473086014	0.038878371264843475	-0.0069402923178984305	2.397906061593966	0.002210437679287357	0.005300421909938851
Multiome 2025	cerad_ad	L5/6 NP_1	Excitatory	0.6407527971721316	-0.08690474685170746	0.0496483257852845	-0.08802731045090709	4.560063327796089	0.002210437679287357	0.01007973579969697
Multiome 2025	cerad_ad	L5/6 NP_2	Excitatory	0.6302251538114368	-0.036576460938819846	0.04547145377169319	-0.04028929213092397	3.84722184295118	0.002210437679287357	0.008504044122236635
Multiome 2025	cerad_ad	L5/6 NP_3	Excitatory	0.6131612028240632	0.05678241778082781	0.025561644902654706	0.03504834454314993	2.347061162741407	0.002210437679287357	0.005188032429715601
Multiome 2025	cerad_ad	L5/6 NP_4	Excitatory	0.6353904788345692	0.024587371161865598	0.04146088532886476	0.015730455984490306	6.051289879649355	0.002210437679287357	0.013375999158267189
Multiome 2025	cerad_ad	L5/6 NP_6	Excitatory	0.6193951422603103	0.03227506354248652	0.03372222962453465	0.01300975973986108	2.669910480847103	0.002210437679287357	0.005901670727188661
Multiome 2025	cerad_ad	L6 CT_1	Excitatory	0.9279759816375948	0.10004507266954461	0.05677364655942294	0.06704631355555886	14.019993329845727	0.002210437679287357	0.030990321519648412
Multiome 2025	cerad_ad	L6 CT_2	Excitatory	0.8331534913085406	-0.010253566213294568	0.0465135972414674	-0.03323395630364845	11.054020815569904	0.002210437679287357	0.024434224118362474
Multiome 2025	cerad_ad	L6 CT_3	Excitatory	0.8051462951414932	0.02062663813304719	0.0389317416668591	0.004195525279121107	7.678675457479097	0.002210437679287357	0.01697323355823088
Multiome 2025	cerad_ad	L6 CT_4	Excitatory	0.8135731387095528	0.045824547749856184	0.03182053222441913	0.021644861581065898	4.271887185514681	0.002210437679287357	0.009442740396526471
Multiome 2025	cerad_ad	L6 IT Car3_1	Excitatory	0.7663699966007065	0.08139460266995323	0.03611536979924914	0.0682242339830462	3.6432945982105873	0.002210437679287357	0.008053275656628774
Multiome 2025	cerad_ad	L6 IT Car3_3	Excitatory	0.7973887453221391	0.0418439905505899	0.046929805115019124	0.03383032373972384	9.372053852935297	0.002210437679287357	0.02071634096883843
Multiome 2025	cerad_ad	L6 IT_1	Excitatory	0.8530337414259787	0.05047994859732092	0.04703725888123361	0.02917430172432571	10.777928478410296	0.002210437679287357	0.023823939213342367
Multiome 2025	cerad_ad	L6 IT_2	Excitatory	0.8197358450038192	0.01873873504649222	0.04556567507923727	0.0012505415647910273	11.497372136508059	0.002210437679287357	0.02541422458332599
Multiome 2025	cerad_ad	L6b_1	Excitatory	0.9410415642527472	0.07836543406566861	0.05637141345622325	0.030336156692287272	8.75539403769737	0.002210437679287357	0.019353252877934133
Multiome 2025	cerad_ad	L6b_2	Excitatory	0.9170995043620296	0.062311287641397664	0.05504029648172784	0.021193473747905145	13.821009287803786	0.002210437679287357	0.030550479695542004
Multiome 2025	cerad_ad	L6b_3	Excitatory	0.8642836597560695	0.06884443016061632	0.03144540895496164	0.04670733886760519	4.123594099573911	0.002210437679287357	0.009114947771785193
Multiome 2025	cerad_ad	L6b_4	Excitatory	0.923495610477519	0.08335437037191644	0.050302421869210016	0.06106816381450398	11.74097486965818	0.002210437679287357	0.025952693243458405
Multiome 2025	cerad_ad	L6b_5	Excitatory	0.8919508779002744	0.021333389780685205	0.04075267180566277	0.003060862703298098	7.739780460624414	0.002210437679287357	0.01710830235957626
Multiome 2025	cerad_ad	L6b_6	Excitatory	0.861725382393208	0.04205801804714311	0.052196968025862274	0.01602377703294537	12.738502162928107	0.002210437679287357	0.02815766515861978
Multiome 2025	cerad_ad	Lamp5_1	Inhibitory	0.579758694166293	0.04727571884629309	0.03478433542595199	0.02355094529734287	3.0467414776319375	0.0069587840926553235	0.021201616128978303
Multiome 2025	cerad_ad	Lamp5_2	Inhibitory	0.4551264444335245	0.003032471526134064	0.030822666177649498	0.018193646857429014	-1.8927674159248942	0.0069587840926553235	-0.013171359785034475
Multiome 2025	cerad_ad	Lamp5_3	Inhibitory	0.2465184059874807	-0.12477170332519749	0.0398985294497847	-0.09798194746120185	-4.75164590853232	0.0069587840926553235	-0.03306567796222546
Multiome 2025	cerad_ad	Lamp5_4	Inhibitory	0.1322474178935395	0.0246497858218655	0.03604791052073258	0.03464190675886568	-1.7096784939186107	0.0069587840926553235	-0.01189728350703574
Multiome 2025	cerad_ad	Lamp5_5	Inhibitory	0.0932772268895256	-0.028517810828837347	0.04767390164695033	0.006473164841267073	-6.217134033481633	0.0069587840926553235	-0.04326369341409802
Multiome 2025	cerad_ad	Lamp5_6	Inhibitory	0.1296752919101563	0.015035964854497211	0.03660075908319903	0.025992399075538505	-1.9208729456782123	0.0069587840926553235	-0.013366940098397517
Multiome 2025	cerad_ad	Lamp5_Lhx6_1	Inhibitory	0.9202262402030006	0.02179887284426552	0.03921654346922039	0.019118550676450297	1.3843464120505413	0.0069587840926553235	0.009633367790901778
Multiome 2025	cerad_ad	Pax6_1	Inhibitory	0.1062743761433986	-0.027276698317823356	0.04330458562173002	0.010915693918253457	-7.42212340363801	0.0069587840926553235	-0.051648954274960975
Multiome 2025	cerad_ad	Pax6_2	Inhibitory	0.1767240916513598	0.0491972891179191	0.034775306351981235	0.06746122321920986	-3.3509487613933704	0.0069587840926553235	-0.023318528936087244
Multiome 2025	cerad_ad	Pax6_3	Inhibitory	0.2804480041403503	0.045379704886098084	0.03465975533829159	0.05373097809261143	-1.6590976661153076	0.0069587840926553235	-0.011545302447124775
Multiome 2025	cerad_ad	Pax6_4	Inhibitory	0.205431236839579	0.061994353904966375	0.034135705887845674	0.06177097088374535	0.1272874323042194	0.0069587840926553235	0.0008857657591135433
Multiome 2025	cerad_ad	Pvalb_1	Inhibitory	0.5900508231599844	-0.024025347027096827	0.0343136994709244	-0.03608697044614379	1.5550002212365504	0.0069587840926553235	0.010820910803616416
Multiome 2025	cerad_ad	Pvalb_10	Inhibitory	0.6817932985315721	-0.03186917951101918	0.037992775491468136	-0.05646956434152775	4.1447869749677695	0.0069587840926553235	0.028842677668850694
Multiome 2025	cerad_ad	Pvalb_12	Inhibitory	0.6108336179898526	-0.011478116145367367	0.03655122815030468	-0.0365116858467443	4.266445989958034	0.0069587840926553235	0.02968927648709306
Multiome 2025	cerad_ad	Pvalb_13	Inhibitory	0.6092756177219957	0.009073514670700378	0.03707337801342229	-0.01494059473183933	3.570333199908093	0.0069587840926553235	0.024845177876999615
Multiome 2025	cerad_ad	Pvalb_15	Inhibitory	0.5265084301382293	-0.022272582183784296	0.02508883860313792	-0.014217140319340767	-0.8046169917963861	0.0069587840926553235	-0.005599155923192871
Multiome 2025	cerad_ad	Pvalb_2	Inhibitory	0.3495695430871181	-0.008715721016405524	0.03826089453106224	0.021631803132804522	-4.123046147085629	0.0069587840926553235	-0.0286913879416233
Multiome 2025	cerad_ad	Pvalb_3	Inhibitory	0.504731485099097	-0.056732667277623924	0.03659078262247854	-0.03535040208838951	-4.103163187871625	0.0069587840926553235	-0.028553026721329974
Multiome 2025	cerad_ad	Pvalb_5	Inhibitory	0.2666822594830076	-0.022918582848417787	0.039322457624029916	0.0008123509345332111	-3.511998945797259	0.0069587840926553235	-0.02443924239743623
Multiome 2025	cerad_ad	Pvalb_6	Inhibitory	0.4638743634718683	-0.04194753396838176	0.03238622159959538	-0.02158804378067008	-3.0373188710978165	0.0069587840926553235	-0.02113604624451731
Multiome 2025	cerad_ad	Pvalb_7	Inhibitory	0.8803705194855638	-0.0013469068108873175	0.038924584625380836	-0.0364969347677692	5.139630454591729	0.0069587840926553235	0.035765578649539775
Multiome 2025	cerad_ad	Pvalb_8	Inhibitory	0.2749435083648415	0.027806835002929405	0.034221580491930914	0.03812911543950414	-2.143428809650382	0.0069587840926553235	-0.014915658304334214
Multiome 2025	cerad_ad	Pvalb_9	Inhibitory	0.6427079814410825	0.002324136842286853	0.03407142511782643	-0.01648748493062958	3.3152037890956856	0.0069587840926553235	0.023069787391469712
Multiome 2025	cerad_ad	Sncg_1	Inhibitory	0.2284107828293974	-0.005484270050889601	0.042320772417454064	0.022494456976963093	-4.6961142920501056	0.0069587840926553235	-0.03267924543280959
Multiome 2025	cerad_ad	Sncg_2	Inhibitory	0.1166485153506787	-0.023556051825762623	0.029790085598926975	-0.021089648586980897	-0.7974287962795421	0.0069587840926553235	-0.00554913482257536
Multiome 2025	cerad_ad	Sncg_3	Inhibitory	0.1323250123250063	-0.023472003316764592	0.035506329194208215	-0.004355453434839996	-3.2929595260055446	0.0069587840926553235	-0.0229149943673252
Multiome 2025	cerad_ad	Sncg_4	Inhibitory	0.1160922736587884	-0.0013679973198061947	0.04533371750928401	0.039925345478827284	-6.933350401052089	0.0069587840926553235	-0.04824768847964669
Multiome 2025	cerad_ad	Sncg_5	Inhibitory	0.0884437751366371	0.012970424946081034	0.03988244363401006	0.02959258754096982	-2.763439399645213	0.0069587840926553235	-0.019230178135268085
Multiome 2025	cerad_ad	Sncg_6	Inhibitory	0.1181267995791516	-0.013676483515169398	0.03580798970911896	0.007458224578024669	-3.6147960051864962	0.0069587840926553235	-0.0251545849390858
Multiome 2025	cerad_ad	Sncg_8	Inhibitory	0.1204937514720459	0.014629652093892217	0.04093803774932857	0.048737791699049286	-4.976024522647426	0.0069587840926553235	-0.034627080292861705
Multiome 2025	cerad_ad	Sst Chodl_1	Inhibitory	0.8747911559403596	0.008084535425314239	0.04205255616777976	-0.019713103718902794	4.242934958250827	0.0069587840926553235	0.029525668293647035
Multiome 2025	cerad_ad	Sst Chodl_2	Inhibitory	0.2773765687049466	0.01939492761794774	0.032788777590309445	0.014198095742701672	-0.35113932292375455	0.0069587840926553235	-0.002443502734667584
Multiome 2025	cerad_ad	Sst_1	Inhibitory	0.815785423135265	0.02102369463279357	0.03331855481706356	-0.0068290850124510145	3.7755951165227604	0.0069587840926553235	0.026273551237165706
Multiome 2025	cerad_ad	Sst_10	Inhibitory	0.6105200510345437	-0.0843435527003695	0.033749365260592426	-0.10418796002972985	3.1943706375925918	0.0069587840926553235	0.02222893557892457
Multiome 2025	cerad_ad	Sst_11	Inhibitory	0.2387819276287432	-0.02827129166772678	0.042531066482829796	-0.009739076384164339	-3.4604321613890154	0.0069587840926553235	-0.02408040027838676
Multiome 2025	cerad_ad	Sst_12	Inhibitory	0.7803451676571576	-0.037960795464939995	0.03645063643961316	-0.06296817325166248	4.260965720548071	0.0069587840926553235	0.029651140475499542
Multiome 2025	cerad_ad	Sst_13	Inhibitory	0.6048978450950697	-0.026730815431175357	0.02982464752735898	-0.03907054144494003	1.6326125262259927	0.0069587840926553235	0.01136099807697126
Multiome 2025	cerad_ad	Sst_19	Inhibitory	0.5541324758571757	-0.07855931078971709	0.033125798869910315	-0.0762836522725358	0.017055303370647937	0.0069587840926553235	0.00011868417379107558
Multiome 2025	cerad_ad	Sst_2	Inhibitory	0.3192887752225759	-0.08935202081102335	0.0365626769240849	-0.07036339082767858	-3.853546820893737	0.0069587840926553235	-0.026816000317537832
Multiome 2025	cerad_ad	Sst_20	Inhibitory	0.2957429970923577	-0.03224243053200912	0.04380693401781541	-0.00946333210802492	-3.9755989484857706	0.0069587840926553235	-0.027665334721500012
Multiome 2025	cerad_ad	Sst_22	Inhibitory	0.2621819638814291	0.029845044717503093	0.028865422417101574	0.02347495365213506	-0.22990311035064337	0.0069587840926553235	-0.0015998461071600385
Multiome 2025	cerad_ad	Sst_23	Inhibitory	0.1967533779707338	-0.07394882044281019	0.04358899439892848	-0.04580482103700089	-4.377350563221934	0.0069587840926553235	-0.030461037467324613
Multiome 2025	cerad_ad	Sst_25	Inhibitory	0.2177220453776422	-0.04679626149971233	0.04393670401123477	-0.034232120300647276	-2.404517545883827	0.0069587840926553235	-0.01673251844880699
Multiome 2025	cerad_ad	Sst_3	Inhibitory	0.4598165704652676	-0.09350330232854859	0.03501779025792211	-0.07940788946610455	-3.1239037141222576	0.0069587840926553235	-0.02173857147282085
Multiome 2025	cerad_ad	Sst_4	Inhibitory	0.7590957304050299	0.019881954097323948	0.03364791774022254	-0.0009845518684555889	3.7664441363744476	0.0069587840926553235	0.026209871542077424
Multiome 2025	cerad_ad	Sst_5	Inhibitory	0.679538710548478	0.04265142948907209	0.03216578030838214	0.018964052398524785	3.8952556476448086	0.0069587840926553235	0.027106243037656505
Multiome 2025	cerad_ad	Sst_7	Inhibitory	0.8373444632991687	0.07751634360597408	0.037681418435711246	0.045581816600785544	5.112816382925657	0.0069587840926553235	0.03557898531417059
Multiome 2025	cerad_ad	Sst_9	Inhibitory	0.6073494399404031	-0.04727104430194827	0.034702204637389635	-0.05780764313425064	1.4274498668668243	0.0069587840926553235	0.009933315426615815
Multiome 2025	cerad_ad	Vip_1	Inhibitory	0.2350554089747075	-0.0044454356737597895	0.030151696865709583	0.023158492862647193	-4.3474421493410125	0.0069587840926553235	-0.030252911272573506
Multiome 2025	cerad_ad	Vip_11	Inhibitory	0.2582343862743472	-0.012759224203377051	0.03655803613496395	0.02610294223165187	-5.978368893323096	0.0069587840926553235	-0.04160217835488217
Multiome 2025	cerad_ad	Vip_12	Inhibitory	0.2662593472494122	-0.012102151519247052	0.030839430734519533	0.008596734508552896	-2.9760675741421583	0.0069587840926553235	-0.02070981169360777
Multiome 2025	cerad_ad	Vip_13	Inhibitory	0.2194681761737045	-0.045518612499989876	0.03527506278796079	-0.014894261734455284	-4.876376176632038	0.0069587840926553235	-0.03393364896775041
Multiome 2025	cerad_ad	Vip_14	Inhibitory	0.3315424436417966	-0.004473884607842743	0.03345221336408506	0.005388384674006018	-2.4763127654315387	0.0069587840926553235	-0.017232125880524304
Multiome 2025	cerad_ad	Vip_15	Inhibitory	0.348308194180037	-0.04534702541252197	0.031231963333312872	-0.02628174089060557	-2.892939478941669	0.0069587840926553235	-0.020131341227073867
Multiome 2025	cerad_ad	Vip_16	Inhibitory	0.2376843396288952	0.012149164539288559	0.032965553593555894	0.0233736559234365	-2.067103981117119	0.0069587840926553235	-0.014384530301662299
Multiome 2025	cerad_ad	Vip_18	Inhibitory	0.4317549423950566	-0.027683619828446054	0.03195330445153484	-0.027224679584711555	-0.1928939823150957	0.0069587840926553235	-0.0013423075757032252
Multiome 2025	cerad_ad	Vip_19	Inhibitory	0.5167087850184927	-0.015705330829411033	0.0226346535177113	-0.005842095401166131	-0.7031502473444181	0.0069587840926553235	-0.004893070755966993
Multiome 2025	cerad_ad	Vip_2	Inhibitory	0.3743908763624244	-0.06428874235387508	0.03335457761097342	-0.046692148920883886	-3.5329295604572213	0.0069587840926553235	-0.024584894025781477
Multiome 2025	cerad_ad	Vip_21	Inhibitory	0.2073933055044298	0.029196865820904208	0.036938819646199626	0.04993972498628975	-3.56886025797664	0.0069587840926553235	-0.024834927992117617
Multiome 2025	cerad_ad	Vip_23	Inhibitory	0.514918470758501	-0.02248225837341722	0.026003201442442732	-0.013102884073464913	-1.1494372704002047	0.0069587840926553235	-0.0079986857927661
Multiome 2025	cerad_ad	Vip_4	Inhibitory	0.2460677831117061	0.006950262500425735	0.0329416368660308	0.03694410090932982	-4.687246576121923	0.0069587840926553235	-0.032617536912270366
Multiome 2025	cerad_ad	Vip_5	Inhibitory	0.2025897285247291	0.047083221257994766	0.035855478185606526	0.07019532537470062	-3.3751568492565807	0.0069587840926553235	-0.023486987792823356
Multiome 2025	cerad_ad	Vip_6	Inhibitory	0.2124526037871233	0.03668606897062221	0.03509579437034752	0.05838216654749702	-3.715173041431543	0.0069587840926553235	-0.02585308706217572
Multiome 2025	cerad_ad	Vip_9	Inhibitory	0.1955107516726868	-0.02168675763165847	0.04206994486702	0.022935548338167213	-6.756803518937386	0.0069587840926553235	-0.04701913684477899
Multiome 2025	cogdx	Chandelier_1	Inhibitory	0.5377438373044524	0.009153953923227405	0.03984956388555313	0.013442027035515858	-1.6490024530193803	0.0035200113731613334	-0.005804507388999156
Multiome 2025	cogdx	Chandelier_2	Inhibitory	0.3083839397387943	-0.020232574617134253	0.03246850291129121	-0.018505708100519578	-0.6326923136434277	0.0035200113731613334	-0.002227084139736623
Multiome 2025	cogdx	L2/3 IT_1	Excitatory	0.1919707901948373	0.015421314421753814	0.034899521674986306	0.024177542649237074	-8.119354649051074	0.0012708391225489683	-0.010318393537863953
Multiome 2025	cogdx	L2/3 IT_10	Excitatory	0.3436600012425826	-0.10180250694067924	0.053082447869139404	-0.09485795394591254	-8.601959083761308	0.0012708391225489683	-0.010931706134209348
Multiome 2025	cogdx	L2/3 IT_12	Excitatory	0.3032241530756692	0.05063090433107933	0.04661213716969918	0.07874968141851027	-6.096860155978802	0.0012708391225489683	-0.007748128410927866
Multiome 2025	cogdx	L2/3 IT_13	Excitatory	0.4258329844029131	-0.01856658450975008	0.03631793733248306	-0.01460902643985467	-3.5091028583168336	0.0012708391225489683	-0.004459505197397441
Multiome 2025	cogdx	L2/3 IT_2	Excitatory	0.2660203989385524	-0.01865235975333817	0.032606540677150846	-0.021896098122674686	-2.875712618616173	0.0012708391225489683	-0.003654568100945173
Multiome 2025	cogdx	L2/3 IT_3	Excitatory	0.3798489777663303	-0.08217574882774206	0.03412325914805988	-0.07013684298452369	-3.071117044080136	0.0012708391225489683	-0.0039028956895439814
Multiome 2025	cogdx	L2/3 IT_5	Excitatory	0.3677645450571993	-0.006910386173917623	0.03243358421170893	0.0036928851030341558	-4.7369842931606225	0.0012708391225489683	-0.006019944962648491
Multiome 2025	cogdx	L2/3 IT_6	Excitatory	0.1979691675974276	-0.09220169426522003	0.05048696812456485	-0.059384338087966906	-14.392617937963236	0.0012708391225489683	-0.01829070195146374
Multiome 2025	cogdx	L2/3 IT_7	Excitatory	0.2177554769451218	0.017544093387546384	0.028743347745892513	0.011624251942871875	0.734454491459981	0.0012708391225489683	0.000933373501479151
Multiome 2025	cogdx	L2/3 IT_8	Excitatory	0.2744983406514524	0.05928185399794496	0.047715988988589766	0.06426082452254651	-5.045054296701319	0.0012708391225489683	-0.006411452375631807
Multiome 2025	cogdx	L4 IT_1	Excitatory	0.5630840855967468	0.027833562833268054	0.034375464978276635	0.03272553100844659	1.5982311615759948	0.0012708391225489683	0.0020310946870076554
Multiome 2025	cogdx	L4 IT_2	Excitatory	0.5512355818998482	0.013060462882901804	0.032434893467203046	0.01912020682783948	1.34233440043532	0.0012708391225489683	0.0017058910716165174
Multiome 2025	cogdx	L4 IT_3	Excitatory	0.5314108664019961	0.04579752162755439	0.03082218878910309	0.05316654625694779	-1.4459510282818515	0.0012708391225489683	-0.0018375711360304867
Multiome 2025	cogdx	L4 IT_4	Excitatory	0.5532418211408268	0.02799179701980781	0.028890745444987848	0.03010765100338787	-0.8482407489973462	0.0012708391225489683	-0.0010779775291660672
Multiome 2025	cogdx	L5 ET_2	Excitatory	0.5803583932144897	0.012974151827730445	0.05094811436070614	0.004794460175171329	5.100524878557203	0.0012708391225489683	0.006481946561204819
Multiome 2025	cogdx	L5 IT_1	Excitatory	0.5629397259705062	0.012015642026166024	0.03204860395494857	-0.00790988821493955	5.219199107284578	0.0012708391225489683	0.006632762413909892
Multiome 2025	cogdx	L5 IT_2	Excitatory	0.5925571972392969	0.03653795371551653	0.028377281217277547	0.03789698670010423	2.7429925815649985	0.0012708391225489683	0.003485902285514392
Multiome 2025	cogdx	L5 IT_3	Excitatory	0.6164728933312946	0.02723382498643489	0.033757839905754004	0.007631025210108326	5.907786686665831	0.0012708391225489683	0.007507846449088881
Multiome 2025	cogdx	L5 IT_5	Excitatory	0.5837304045657066	0.0388256569511572	0.03281394106063888	0.025020681833321207	2.1264522719680734	0.0012708391225489683	0.0027023787394501665
Multiome 2025	cogdx	L5 IT_6	Excitatory	0.5076176320839733	-0.0035322603475622816	0.0338277342981064	0.005660125615464473	1.3771176465764032	0.0012708391225489683	0.0017500949816218565
Multiome 2025	cogdx	L5 IT_7	Excitatory	0.5909416812135041	0.004059642813810917	0.03642521132214888	-0.01328410901807833	2.397906061593966	0.0012708391225489683	0.003047352835270928
Multiome 2025	cogdx	L5/6 NP_1	Excitatory	0.6407527971721316	-0.027116551240402395	0.04760979002874994	-0.03804053686439918	4.560063327796089	0.0012708391225489683	0.005795106878264111
Multiome 2025	cogdx	L5/6 NP_2	Excitatory	0.6302251538114368	0.03758419940059919	0.04347036449596499	0.01661075484230214	3.84722184295118	0.0012708391225489683	0.004889200031147302
Multiome 2025	cogdx	L5/6 NP_3	Excitatory	0.6131612028240632	0.030439138665661596	0.023838888607650318	0.02127556107805509	2.347061162741407	0.0012708391225489683	0.0029827371486270513
Multiome 2025	cogdx	L5/6 NP_4	Excitatory	0.6353904788345692	0.04522913965054031	0.03909889630967014	0.04302730234135298	6.051289879649355	0.0012708391225489683	0.007690215920943038
Multiome 2025	cogdx	L5/6 NP_6	Excitatory	0.6193951422603103	0.03659948706776493	0.031312549743624914	0.027105543284807465	2.669910480847103	0.0012708391225489683	0.003393026692764026
Multiome 2025	cogdx	L6 CT_1	Excitatory	0.9279759816375948	0.05835169480266545	0.0542616552916112	0.04500624645641693	14.019993329845727	0.0012708391225489683	0.01781715602144353
Multiome 2025	cogdx	L6 CT_2	Excitatory	0.8331534913085406	-0.029573227679423456	0.04463115427082044	-0.04081491339580283	11.054020815569904	0.0012708391225489683	0.014047882113896888
Multiome 2025	cogdx	L6 CT_3	Excitatory	0.8051462951414932	0.03594907900919784	0.03624265607130519	0.029472963315593403	7.678675457479097	0.0012708391225489683	0.009758361180721034
Multiome 2025	cogdx	L6 CT_4	Excitatory	0.8135731387095528	0.010202162121175614	0.029712832847230804	-0.0012819203374409872	4.271887185514681	0.0012708391225489683	0.005428881362467659
Multiome 2025	cogdx	L6 IT Car3_1	Excitatory	0.7663699966007065	0.02217466582840539	0.03421097451948653	0.01720968081723555	3.6432945982105873	0.0012708391225489683	0.004630041310377339
Multiome 2025	cogdx	L6 IT Car3_3	Excitatory	0.7973887453221391	0.08786423396401324	0.04502243390492572	0.08608907343609105	9.372053852935297	0.0012708391225489683	0.011910372694945971
Multiome 2025	cogdx	L6 IT_1	Excitatory	0.8530337414259787	0.03842791479450487	0.04402982189773529	0.017335080197494968	10.777928478410296	0.0012708391225489683	0.013697013170398478
Multiome 2025	cogdx	L6 IT_2	Excitatory	0.8197358450038192	0.04704362975465108	0.04347073804102708	0.03317249076918348	11.497372136508059	0.0012708391225489683	0.014611310317578858
Multiome 2025	cogdx	L6b_1	Excitatory	0.9410415642527472	-0.0166070583175425	0.053502354062482764	-0.03514027564747568	8.75539403769737	0.0012708391225489683	0.011126697276437794
Multiome 2025	cogdx	L6b_2	Excitatory	0.9170995043620296	0.029217570162935563	0.05256225065235079	0.007104101387440553	13.821009287803786	0.0012708391225489683	0.017564279316053706
Multiome 2025	cogdx	L6b_3	Excitatory	0.8642836597560695	0.032748709183485394	0.029300773033104244	0.016359771146278297	4.123594099573911	0.0012708391225489683	0.005240424707250612
Multiome 2025	cogdx	L6b_4	Excitatory	0.923495610477519	0.06718041742526402	0.04743868592765556	0.04062439753941739	11.74097486965818	0.0012708391225489683	0.01492089020122589
Multiome 2025	cogdx	L6b_5	Excitatory	0.8919508779002744	0.04508296888894337	0.03824699530505116	0.02813052055330645	7.739780460624414	0.0012708391225489683	0.00983601580930158
Multiome 2025	cogdx	L6b_6	Excitatory	0.861725382393208	0.04440180521480704	0.050326263382469115	0.01954914869909788	12.738502162928107	0.0012708391225489683	0.01618858691132369
Multiome 2025	cogdx	Lamp5_1	Inhibitory	0.579758694166293	-0.015888704704940543	0.03258812429632642	-0.02602810077302411	3.0467414776319375	0.0035200113731613334	0.010724564652346787
Multiome 2025	cogdx	Lamp5_2	Inhibitory	0.4551264444335245	0.0016224533880625745	0.028799903091980782	0.009187064060336618	-1.8927674159248942	0.0035200113731613334	-0.006662562830804815
Multiome 2025	cogdx	Lamp5_3	Inhibitory	0.2465184059874807	-0.10013328662946995	0.038293714446064504	-0.08645113954850377	-4.75164590853232	0.0035200113731613334	-0.016725847639269285
Multiome 2025	cogdx	Lamp5_4	Inhibitory	0.1322474178935395	-0.04795045364611324	0.033193587969712654	-0.043003091196958235	-1.7096784939186107	0.0035200113731613334	-0.0060180877430428496
Multiome 2025	cogdx	Lamp5_5	Inhibitory	0.0932772268895256	-0.0530606589913422	0.04535836431485607	-0.03361354162044003	-6.217134033481633	0.0035200113731613334	-0.021884382506323744
Multiome 2025	cogdx	Lamp5_6	Inhibitory	0.1296752919101563	-0.01784471045456821	0.0340322927318511	-0.012051879956426308	-1.9208729456782123	0.0035200113731613334	-0.0067614946151852194
Multiome 2025	cogdx	Lamp5_Lhx6_1	Inhibitory	0.9202262402030006	-0.02427363556148793	0.03435327194159611	-0.027419250069170304	1.3843464120505413	0.0035200113731613334	0.004872915114812991
Multiome 2025	cogdx	Pax6_1	Inhibitory	0.1062743761433986	-0.03166907937209205	0.04138498292941522	-0.008844144221087008	-7.42212340363801	0.0035200113731613334	-0.0261259587938127
Multiome 2025	cogdx	Pax6_2	Inhibitory	0.1767240916513598	0.006832609783108096	0.032554983529494874	0.016595328882991783	-3.3509487613933704	0.0035200113731613334	-0.011795377750985547
Multiome 2025	cogdx	Pax6_3	Inhibitory	0.2804480041403503	0.024506009007603018	0.033041935244282374	0.029452421926546166	-1.6590976661153076	0.0035200113731613334	-0.005840042653911307
Multiome 2025	cogdx	Pax6_4	Inhibitory	0.205431236839579	0.001008076044926416	0.0326683159303582	0.0008169483487883199	0.1272874323042194	0.0035200113731613334	0.0004480532093713556
Multiome 2025	cogdx	Pvalb_1	Inhibitory	0.5900508231599844	0.0018082195054730799	0.03336824441580661	-0.004950635208826791	1.5550002212365504	0.0035200113731613334	0.005473618464021047
Multiome 2025	cogdx	Pvalb_10	Inhibitory	0.6817932985315721	-0.02907994188837382	0.03658954356591433	-0.04201028931442727	4.1447869749677695	0.0035200113731613334	0.014589697291217507
Multiome 2025	cogdx	Pvalb_12	Inhibitory	0.6108336179898526	-0.0507654134133413	0.03489874488883583	-0.06387767809889108	4.266445989958034	0.0035200113731613334	0.015017938407630844
Multiome 2025	cogdx	Pvalb_13	Inhibitory	0.6092756177219957	0.016492311138094042	0.03446608907396468	0.005337283752068718	3.570333199908093	0.0035200113731613334	0.012567613469651984
Multiome 2025	cogdx	Pvalb_15	Inhibitory	0.5265084301382293	0.03768518927045478	0.02440540717575147	0.04138976859721268	-0.8046169917963861	0.0035200113731613334	-0.0028322609621621387
Multiome 2025	cogdx	Pvalb_2	Inhibitory	0.3495695430871181	0.05514713240092134	0.036736155098235065	0.07085549332923266	-4.123046147085629	0.0035200113731613334	-0.014513169329810432
Multiome 2025	cogdx	Pvalb_3	Inhibitory	0.504731485099097	-0.032059394722463865	0.035023504973482125	-0.0197663411623865	-4.103163187871625	0.0035200113731613334	-0.014443181087245033
Multiome 2025	cogdx	Pvalb_5	Inhibitory	0.2666822594830076	-0.02420771165233155	0.03680012989434614	-0.012676423400978652	-3.511998945797259	0.0035200113731613334	-0.012362276231736965
Multiome 2025	cogdx	Pvalb_6	Inhibitory	0.4638743634718683	-0.009263278472020908	0.03032829028971614	0.0005879001810569946	-3.0373188710978165	0.0035200113731613334	-0.010691396970181856
Multiome 2025	cogdx	Pvalb_7	Inhibitory	0.8803705194855638	0.011515128782971965	0.035702179246364533	-0.006016225011550302	5.139630454591729	0.0035200113731613334	0.01809155765400924
Multiome 2025	cogdx	Pvalb_8	Inhibitory	0.2749435083648415	-0.02750359871321838	0.0318605025005996	-0.022157634412147825	-2.143428809650382	0.0035200113731613334	-0.0075448937875310035
Multiome 2025	cogdx	Pvalb_9	Inhibitory	0.6427079814410825	0.03383075886380166	0.03229064484937176	0.02366013203123344	3.3152037890956856	0.0035200113731613334	0.011669555041964359
Multiome 2025	cogdx	Sncg_1	Inhibitory	0.2284107828293974	-0.026229285627175518	0.03984841067441727	-0.010696931687506461	-4.6961142920501056	0.0035200113731613334	-0.016530375717681855
Multiome 2025	cogdx	Sncg_2	Inhibitory	0.1166485153506787	0.012849214385506886	0.02805914640022837	0.015944601358610314	-0.7974287962795421	0.0035200113731613334	-0.0028069584321903404
Multiome 2025	cogdx	Sncg_3	Inhibitory	0.1323250123250063	0.00777954204340057	0.03373329327881922	0.01859718058735535	-3.2929595260055446	0.0035200113731613334	-0.01159125498289947
Multiome 2025	cogdx	Sncg_4	Inhibitory	0.1160922736587884	-0.026777958206754566	0.04344449552093258	-0.0037753295395384946	-6.933350401052089	0.0035200113731613334	-0.024405472265816047
Multiome 2025	cogdx	Sncg_5	Inhibitory	0.0884437751366371	0.008365963070926751	0.03703869593331998	0.016563100519963576	-2.763439399645213	0.0035200113731613334	-0.009727338115793276
Multiome 2025	cogdx	Sncg_6	Inhibitory	0.1181267995791516	-0.037393754487215845	0.033642951868782876	-0.026055128878220014	-3.6147960051864962	0.0035200113731613334	-0.012724123049914621
Multiome 2025	cogdx	Sncg_8	Inhibitory	0.1204937514720459	0.008271204001961891	0.03870652208957375	0.02534171472739762	-4.976024522647426	0.0035200113731613334	-0.01751566291284863
Multiome 2025	cogdx	Sst Chodl_1	Inhibitory	0.8747911559403596	-0.02849094423733937	0.03951071346596551	-0.04267758753554911	4.242934958250827	0.0035200113731613334	0.01493517930862672
Multiome 2025	cogdx	Sst Chodl_2	Inhibitory	0.2773765687049466	0.011859972091163294	0.030195798127629816	0.010825032126319009	-0.35113932292375455	0.0035200113731613334	-0.001236014410255786
Multiome 2025	cogdx	Sst_1	Inhibitory	0.815785423135265	0.0026467702815698452	0.031619741400447175	-0.010186515971497681	3.7755951165227604	0.0035200113731613334	0.013290137750612507
Multiome 2025	cogdx	Sst_10	Inhibitory	0.6105200510345437	0.008697379747594373	0.0322048802681567	-0.001833288867306753	3.1943706375925918	0.0035200113731613334	0.011244220974418543
Multiome 2025	cogdx	Sst_11	Inhibitory	0.2387819276287432	-0.029252436521891252	0.03951772484170312	-0.019780139673573872	-3.4604321613890154	0.0035200113731613334	-0.012180760564142589
Multiome 2025	cogdx	Sst_12	Inhibitory	0.7803451676571576	0.02847699593743347	0.034610202209197395	0.015105236538026725	4.260965720548071	0.0035200113731613334	0.014998647796979785
Multiome 2025	cogdx	Sst_13	Inhibitory	0.6048978450950697	0.01194964548364385	0.028813394818370842	0.006649122167765243	1.6326125262259927	0.0035200113731613334	0.00574681466028115
Multiome 2025	cogdx	Sst_19	Inhibitory	0.5541324758571757	-0.050113789614058615	0.03178572790343116	-0.04914303356523766	0.017055303370647937	0.0035200113731613334	6.0034861837397565e-05
Multiome 2025	cogdx	Sst_2	Inhibitory	0.3192887752225759	-0.08429694671842525	0.03490506586994239	-0.07243936449572355	-3.853546820893737	0.0035200113731613334	-0.013564528636555655
Multiome 2025	cogdx	Sst_20	Inhibitory	0.2957429970923577	-0.03963497649019777	0.04083724851559657	-0.027423917124241103	-3.9755989484857706	0.0035200113731613334	-0.01399415351379815
Multiome 2025	cogdx	Sst_22	Inhibitory	0.2621819638814291	-0.025503265268132506	0.02676072508002549	-0.026708127922159125	-0.22990311035064337	0.0035200113731613334	-0.0008092615631594297
Multiome 2025	cogdx	Sst_23	Inhibitory	0.1967533779707338	-0.05502810389821502	0.041017298638620484	-0.041369862329098596	-4.377350563221934	0.0035200113731613334	-0.015408323766855376
Multiome 2025	cogdx	Sst_25	Inhibitory	0.2177220453776422	-0.015980565227640374	0.04068790545470575	-0.007957060266235653	-2.404517545883827	0.0035200113731613334	-0.008463929108477049
Multiome 2025	cogdx	Sst_3	Inhibitory	0.4598165704652676	-0.03401623904321726	0.03379053993658268	-0.02326206739482866	-3.1239037141222576	0.0035200113731613334	-0.010996176602371278
Multiome 2025	cogdx	Sst_4	Inhibitory	0.7590957304050299	0.03720676496781171	0.03222051110382383	0.025510826810841557	3.7664441363744476	0.0035200113731613334	0.013257926196414872
Multiome 2025	cogdx	Sst_5	Inhibitory	0.679538710548478	0.03453258259893451	0.03092991636448092	0.021036524898409303	3.8952556476448086	0.0035200113731613334	0.013711344181080642
Multiome 2025	cogdx	Sst_7	Inhibitory	0.8373444632991687	0.025937095597170393	0.036291019065206605	0.009329299698060092	5.112816382925657	0.0035200113731613334	0.017997171816783904
Multiome 2025	cogdx	Sst_9	Inhibitory	0.6073494399404031	-0.0389333175316195	0.03280663964898735	-0.04447229369136858	1.4274498668668243	0.0035200113731613334	0.005024639765988853
Multiome 2025	cogdx	Vip_1	Inhibitory	0.2350554089747075	-0.021896568115505596	0.029243409495949793	-0.006601342413514604	-4.3474421493410125	0.0035200113731613334	-0.015303045809841317
Multiome 2025	cogdx	Vip_11	Inhibitory	0.2582343862743472	-0.03760016229572619	0.03553877845898579	-0.016755130792027458	-5.978368893323096	0.0035200113731613334	-0.021043926497451234
Multiome 2025	cogdx	Vip_12	Inhibitory	0.2662593472494122	-0.00017991370004013726	0.02968259080959709	0.00966794432979255	-2.9760675741421583	0.0035200113731613334	-0.010475791708277057
Multiome 2025	cogdx	Vip_13	Inhibitory	0.2194681761737045	-0.02687929853508355	0.033615894266933115	-0.01122344117464123	-4.876376176632038	0.0035200113731613334	-0.017164899601557756
Multiome 2025	cogdx	Vip_14	Inhibitory	0.3315424436417966	0.03104780874127816	0.03193163049851254	0.03834474255774817	-2.4763127654315387	0.0035200113731613334	-0.008716649097823609
Multiome 2025	cogdx	Vip_15	Inhibitory	0.348308194180037	-0.04708950089311247	0.030030100840947503	-0.03692577308550287	-2.892939478941669	0.0035200113731613334	-0.010183179867742097
Multiome 2025	cogdx	Vip_16	Inhibitory	0.2376843396288952	0.009900100046481753	0.031410513045646245	0.015944283884176083	-2.067103981117119	0.0035200113731613334	-0.007276229523039329
Multiome 2025	cogdx	Vip_18	Inhibitory	0.4317549423950566	-0.011605166389891362	0.029540222616502323	-0.011097662436482166	-0.1928939823150957	0.0035200113731613334	-0.0006789890115635179
Multiome 2025	cogdx	Vip_19	Inhibitory	0.5167087850184927	-0.02609457102343428	0.021286062203292398	-0.02335401797758109	-0.7031502473444181	0.0035200113731613334	-0.0024750968676935563
Multiome 2025	cogdx	Vip_2	Inhibitory	0.3743908763624244	-0.010770327907469426	0.032271620094350396	0.0005284958880405859	-3.5329295604572213	0.0035200113731613334	-0.012435952233387289
Multiome 2025	cogdx	Vip_21	Inhibitory	0.2073933055044298	-0.043000192858705905	0.034849682818588454	-0.03225029053976902	-3.56886025797664	0.0035200113731613334	-0.012562428697301262
Multiome 2025	cogdx	Vip_23	Inhibitory	0.514918470758501	-0.06593409197654558	0.024729968818659027	-0.061239365659536554	-1.1494372704002047	0.0035200113731613334	-0.00404603226454424
Multiome 2025	cogdx	Vip_4	Inhibitory	0.2460677831117061	0.01588890001316189	0.03177432001361384	0.03236154909028707	-4.687246576121923	0.0035200113731613334	-0.016499161256760687
Multiome 2025	cogdx	Vip_5	Inhibitory	0.2025897285247291	-0.012462048938683424	0.033859343917904294	-0.0010513781489463019	-3.3751568492565807	0.0035200113731613334	-0.011880590495586535
Multiome 2025	cogdx	Vip_6	Inhibitory	0.2124526037871233	0.004657378990432026	0.03301373377563023	0.016399589189743886	-3.715173041431543	0.0035200113731613334	-0.013077451359101414
Multiome 2025	cogdx	Vip_9	Inhibitory	0.1955107516726868	0.022652101313819558	0.0403403618359994	0.045027111396545104	-6.756803518937386	0.0035200113731613334	-0.023784025232876118
Multiome 2025	dementia	Chandelier_1	Inhibitory	0.5377438373044524	0.005105533936736761	0.10533531014977066	0.01672350891892005	-1.6490024530193803	0.00960171678590388	-0.015833254533152857
Multiome 2025	dementia	Chandelier_2	Inhibitory	0.3083839397387943	-0.031291568850413405	0.08593997795866949	-0.0262802155338944	-0.6326923136434277	0.00960171678590388	-0.006074932408222462
Multiome 2025	dementia	L2/3 IT_1	Excitatory	0.1919707901948373	0.005357397178365765	0.09247677210279408	0.05321004104213161	-8.119354649051074	0.003939809761522993	-0.031988712703598515
Multiome 2025	dementia	L2/3 IT_10	Excitatory	0.3436600012425826	-0.2984149919919408	0.14086111413785707	-0.26530938309092006	-8.601959083761308	0.003939809761522993	-0.033890082366424185
Multiome 2025	dementia	L2/3 IT_12	Excitatory	0.3032241530756692	0.1430781846525495	0.12369208384020415	0.2268396922582506	-6.096860155978802	0.003939809761522993	-0.02402046915716588
Multiome 2025	dementia	L2/3 IT_13	Excitatory	0.4258329844029131	-0.11713472080537393	0.0963737492374394	-0.08666465661782856	-3.5091028583168336	0.003939809761522993	-0.013825197695384896
Multiome 2025	dementia	L2/3 IT_2	Excitatory	0.2660203989385524	-0.0793997483588798	0.08651290420454558	-0.09851161138124928	-2.8757126186161734	0.003939809761522993	-0.011329760646158848
Multiome 2025	dementia	L2/3 IT_3	Excitatory	0.3798489777663303	-0.27117015168497194	0.09028385527568056	-0.22488341220010327	-3.071117044080136	0.003939809761522993	-0.01209961690904656
Multiome 2025	dementia	L2/3 IT_5	Excitatory	0.3677645450571993	-0.08279998181602528	0.0866969157818168	-0.04179162061333805	-4.7369842931606225	0.003939809761522993	-0.018662816958375315
Multiome 2025	dementia	L2/3 IT_6	Excitatory	0.1979691675974276	-0.266732340998046	0.1334170821712169	-0.15057587124897254	-14.392617937963236	0.003939809761522993	-0.05670417664585849
Multiome 2025	dementia	L2/3 IT_7	Excitatory	0.2177554769451218	0.05616188536678246	0.07627241543885747	0.026797338925361673	0.734454491459981	0.003939809761522993	0.0028936109748484385
Multiome 2025	dementia	L2/3 IT_8	Excitatory	0.2744983406514524	0.09051008409051786	0.12695349237601233	0.1098067240367112	-5.045054296701319	0.003939809761522993	-0.019876554165557375
Multiome 2025	dementia	L4 IT_1	Excitatory	0.5630840855967468	0.03618620296459743	0.09107321069803322	0.07064847055616306	1.5982311615759945	0.003939809761522993	0.006296726731547335
Multiome 2025	dementia	L4 IT_2	Excitatory	0.5512355818998482	0.01655546110477811	0.08614116701826406	0.04328207430365494	1.34233440043532	0.003939809761522993	0.005288542174063188
Multiome 2025	dementia	L4 IT_3	Excitatory	0.5314108664019961	0.1509644545189929	0.08131475111224834	0.17811818064313534	-1.4459510282818515	0.003939809761522993	-0.005696771975909048
Multiome 2025	dementia	L4 IT_4	Excitatory	0.5532418211408268	0.10191654163446631	0.0764306074555494	0.11511844713561564	-0.8482407489973462	0.003939809761522993	-0.0033419071830213198
Multiome 2025	dementia	L5 ET_2	Excitatory	0.5803583932144897	0.10607540474466827	0.13494660475563677	0.0734015340512872	5.100524878557202	0.003939809761522993	0.020095097705430543
Multiome 2025	dementia	L5 IT_1	Excitatory	0.5629397259705062	0.018576673201166953	0.08594989329396166	-0.028076658138020107	5.219199107284578	0.003939809761522993	0.020562651590211874
Multiome 2025	dementia	L5 IT_2	Excitatory	0.5925571972392969	0.06669163790500264	0.07579199172922316	0.07629613572903565	2.7429925815649985	0.003939809761522993	0.010806868948634935
Multiome 2025	dementia	L5 IT_3	Excitatory	0.6164728933312946	0.058545652226179364	0.08954058740230787	0.0070403953076687495	5.907786686665831	0.003939809761522993	0.023275555657121617
Multiome 2025	dementia	L5 IT_5	Excitatory	0.5837304045657066	0.08116430610650917	0.08850896701332366	0.048789482656029164	2.1264522719680734	0.003939809761522993	0.008377817418512562
Multiome 2025	dementia	L5 IT_6	Excitatory	0.5076176320839733	-0.006083061806772558	0.08952195388747067	0.02065399766330127	1.3771176465764032	0.003939809761522993	0.005425581546747284
Multiome 2025	dementia	L5 IT_7	Excitatory	0.5909416812135041	-0.013967367462096545	0.09681376184562976	-0.06782254489884232	2.397906061593966	0.003939809761522993	0.00944729370868306
Multiome 2025	dementia	L5/6 NP_1	Excitatory	0.6407527971721316	-0.048353091103666555	0.12626749901899764	-0.0805371994042787	4.560063327796089	0.003939809761522993	0.017965782012014056
Multiome 2025	dementia	L5/6 NP_2	Excitatory	0.6302251538114368	0.1274271952692837	0.11488251702866716	0.06922200855898197	3.84722184295118	0.003939809761522993	0.01515732217160354
Multiome 2025	dementia	L5/6 NP_3	Excitatory	0.6131612028240632	0.1322092199892531	0.06348518721812693	0.09438156493722408	2.347061162741407	0.003939809761522993	0.009246974479860101
Multiome 2025	dementia	L5/6 NP_4	Excitatory	0.6353904788345692	0.14808236135046882	0.10326928187060962	0.1353061619719166	6.051289879649355	0.003939809761522993	0.023840930937647824
Multiome 2025	dementia	L5/6 NP_6	Excitatory	0.6193951422603103	0.15059396017260546	0.08275329167486088	0.11367508772571383	2.669910480847103	0.003939809761522993	0.010518939374833964
Multiome 2025	dementia	L6 CT_1	Excitatory	0.9279759816375948	0.15616685021158708	0.1444169198834044	0.1013068413414298	14.019993329845727	0.003939809761522993	0.055236106577413444
Multiome 2025	dementia	L6 CT_2	Excitatory	0.8331534913085406	-0.09829771391456799	0.1188120114246301	-0.13567771704255893	11.054020815569904	0.003939809761522993	0.04355073911326066
Multiome 2025	dementia	L6 CT_3	Excitatory	0.8051462951414932	0.10114188643832588	0.09603155961607586	0.0716326300048401	7.678675457479097	0.003939809761522993	0.03025252052294318
Multiome 2025	dementia	L6 CT_4	Excitatory	0.8135731387095528	0.08511972983507197	0.07868118209993781	0.03781507089159039	4.271887185514681	0.003939809761522993	0.016830422833615726
Multiome 2025	dementia	L6 IT Car3_1	Excitatory	0.7663699966007065	0.10933435751301675	0.0904376214193582	0.08673993532854646	3.6432945982105873	0.003939809761522993	0.014353887622134062
Multiome 2025	dementia	L6 IT Car3_3	Excitatory	0.7973887453221391	0.18359566625382476	0.1194853931299373	0.1684954415884035	9.372053852935297	0.003939809761522993	0.036924109255313656
Multiome 2025	dementia	L6 IT_1	Excitatory	0.8530337414259787	0.12322791465042511	0.11681739186059845	0.056251508870175035	10.777928478410296	0.003939809761522993	0.04246298782823754
Multiome 2025	dementia	L6 IT_2	Excitatory	0.8197358450038192	0.07148804678456035	0.1157409228608308	0.029694617277884985	11.497372136508059	0.003939809761522993	0.04529745897527692
Multiome 2025	dementia	L6b_1	Excitatory	0.9410415642527472	0.06910011117970105	0.14152904051525797	-0.014351324259325657	8.75539403769737	0.003939809761522993	0.034494586895700306
Multiome 2025	dementia	L6b_2	Excitatory	0.9170995043620296	0.07412064597791963	0.13912330920222848	-0.0071694091813060135	13.821009287803786	0.003939809761522993	0.0544521473061893
Multiome 2025	dementia	L6b_3	Excitatory	0.8642836597560695	0.13826520193554506	0.07747074035706221	0.07967948533475847	4.123594099573911	0.003939809761522993	0.01624617628605991
Multiome 2025	dementia	L6b_4	Excitatory	0.923495610477519	0.11934918892549846	0.1257740432065372	0.03653068931517945	11.74097486965818	0.003939809761522993	0.046257207401275445
Multiome 2025	dementia	L6b_5	Excitatory	0.8919508779002744	0.1179692680636465	0.101103287493812	0.06698762586510829	7.739780460624414	0.003939809761522993	0.030493262610812994
Multiome 2025	dementia	L6b_6	Excitatory	0.861725382393208	0.11431848920123817	0.13347533688368968	0.03738229919165546	12.738502162928107	0.003939809761522993	0.050187275168685916
Multiome 2025	dementia	Lamp5_1	Inhibitory	0.579758694166293	-0.06029339410105567	0.08675393438524458	-0.08824255654812699	3.0467414776319375	0.00960171678590388	0.029253948788088166
Multiome 2025	dementia	Lamp5_2	Inhibitory	0.4551264444335245	-0.03557356066429732	0.07619702092227659	-0.01539644333247996	-1.8927674159248942	0.00960171678590388	-0.018173816669297967
Multiome 2025	dementia	Lamp5_3	Inhibitory	0.2465184059874807	-0.21658690908947584	0.10161211238860277	-0.1796794551700861	-4.75164590853232	0.00960171678590388	-0.04562395828062627
Multiome 2025	dementia	Lamp5_4	Inhibitory	0.1322474178935395	-0.06951084629818363	0.08870339115478527	-0.055279566568308014	-1.7096784939186107	0.00960171678590388	-0.016415848693557188
Multiome 2025	dementia	Lamp5_5	Inhibitory	0.0932772268895256	-0.1730452404350764	0.11997753954250913	-0.12037399725829634	-6.217134033481633	0.00960171678590388	-0.05969516020949489
Multiome 2025	dementia	Lamp5_6	Inhibitory	0.1296752919101563	-0.0009984577580157998	0.0901307612091003	0.015239067254226035	-1.9208729456782123	0.00960171678590388	-0.018443678006107123
Multiome 2025	dementia	Lamp5_Lhx6_1	Inhibitory	0.9202262402030006	-0.07225485410985388	0.09179426145886692	-0.08201159737372085	1.3843464120505413	0.00960171678590388	0.013292102182091491
Multiome 2025	dementia	Pax6_1	Inhibitory	0.1062743761433986	-0.07289292251155399	0.11027400587886596	-0.009812290009121732	-7.42212340363801	0.00960171678590388	-0.07126512687176112
Multiome 2025	dementia	Pax6_2	Inhibitory	0.1767240916513598	0.054906192377298456	0.0861276296378538	0.08163571303474128	-3.3509487613933704	0.00960171678590388	-0.032174860970974536
Multiome 2025	dementia	Pax6_3	Inhibitory	0.2804480041403503	0.07492290557349954	0.0875334596293941	0.08833506787267019	-1.6590976661153076	0.00960171678590388	-0.0159301859101933
Multiome 2025	dementia	Pax6_4	Inhibitory	0.205431236839579	0.013200403480028152	0.0864379295486289	0.012832539247493481	0.1272874323042194	0.00960171678590388	0.0012221778753900272
Multiome 2025	dementia	Pvalb_1	Inhibitory	0.5900508231599844	0.00042960987383399134	0.08823944483351685	-0.018155902549620635	1.5550002212365504	0.00960171678590388	0.014930671726331233
Multiome 2025	dementia	Pvalb_10	Inhibitory	0.6817932985315721	-0.09161924340128542	0.09668674329783607	-0.12684167542506677	4.1447869749677695	0.00960171678590388	0.0397970706715438
Multiome 2025	dementia	Pvalb_12	Inhibitory	0.6108336179898526	-0.10981195732951553	0.09230894648481816	-0.14533463376146094	4.266445989958034	0.00960171678590388	0.04096520607793235
Multiome 2025	dementia	Pvalb_13	Inhibitory	0.6092756177219957	0.0877734153323732	0.09112551456844686	0.05794328608825399	3.570333199908093	0.00960171678590388	0.03428132821682745
Multiome 2025	dementia	Pvalb_15	Inhibitory	0.5265084301382293	0.050676942936224226	0.06479324610188232	0.06096943409973957	-0.8046169917963861	0.00960171678590388	-0.007725704476354845
Multiome 2025	dementia	Pvalb_2	Inhibitory	0.3495695430871181	0.04704514885788916	0.09781566875315449	0.08899461466540957	-4.123046147085629	0.00960171678590388	-0.039588321399528406
Multiome 2025	dementia	Pvalb_3	Inhibitory	0.504731485099097	-0.10575756359873653	0.09266813539432278	-0.07279055629767857	-4.103163187871625	0.00960171678590388	-0.03939741085628986
Multiome 2025	dementia	Pvalb_5	Inhibitory	0.2666822594830076	-0.06517994860703978	0.09765812456778655	-0.03415631968008374	-3.511998945797259	0.00960171678590388	-0.033721219229938273
Multiome 2025	dementia	Pvalb_6	Inhibitory	0.4638743634718683	-0.09278384603326018	0.08084760511586098	-0.06678708300222068	-3.0373188710978165	0.00960171678590388	-0.029163475588762526
Multiome 2025	dementia	Pvalb_7	Inhibitory	0.8803705194855638	0.036308703868093074	0.09499739292410833	-0.011641300294607543	5.139630454591729	0.00960171678590388	0.0493492760091962
Multiome 2025	dementia	Pvalb_8	Inhibitory	0.2749435083648415	-0.08121075530468139	0.08425134964830854	-0.06641705619178656	-2.143428809650382	0.00960171678590388	-0.020580596381010046
Multiome 2025	dementia	Pvalb_9	Inhibitory	0.6427079814410825	0.022187626182983405	0.08556899589014634	-0.005834142935603751	3.3152037890956856	0.00960171678590388	0.03183164787045219
Multiome 2025	dementia	Sncg_1	Inhibitory	0.2284107828293974	-0.049105997712714386	0.10601740750827568	-0.005982259722392677	-4.6961142920501056	0.00960171678590388	-0.045090759426500614
Multiome 2025	dementia	Sncg_2	Inhibitory	0.1166485153506787	0.07830825678767821	0.0743093901412336	0.08717933579848983	-0.7974287962795421	0.00960171678590388	-0.007656685458800405
Multiome 2025	dementia	Sncg_3	Inhibitory	0.1323250123250063	0.015742638177018063	0.08932814725524911	0.04512693304578658	-3.2929595260055446	0.00960171678590388	-0.03161806475614952
Multiome 2025	dementia	Sncg_4	Inhibitory	0.1160922736587884	-0.08157775624523678	0.11481557145183871	-0.019056536000625325	-6.933350401052089	0.00960171678590388	-0.06657206692833524
Multiome 2025	dementia	Sncg_5	Inhibitory	0.0884437751366371	0.04165541433816868	0.09814099151385881	0.06399676457275824	-2.763439399645213	0.00960171678590388	-0.02653376247040158
Multiome 2025	dementia	Sncg_6	Inhibitory	0.1181267995791516	-0.08307232307888558	0.08915502731062032	-0.05233726444847871	-3.6147960051864962	0.00960171678590388	-0.03470824748061747
Multiome 2025	dementia	Sncg_8	Inhibitory	0.1204937514720459	-0.0028636672902910337	0.10228957576914374	0.04330044995237493	-4.976024522647426	0.00960171678590388	-0.04777837818617313
Multiome 2025	dementia	Sst Chodl_1	Inhibitory	0.8747911559403596	-0.04162623134371922	0.10447535685896368	-0.08007042618083934	4.242934958250827	0.00960171678590388	0.040739459810135346
Multiome 2025	dementia	Sst Chodl_2	Inhibitory	0.2773765687049466	0.05456113409565111	0.08068545776581351	0.05272445738850404	-0.35113932292375455	0.00960171678590388	-0.003371540331107937
Multiome 2025	dementia	Sst_1	Inhibitory	0.815785423135265	0.010600492612556854	0.08360401886990206	-0.02430320976078961	3.7755951165227604	0.00960171678590388	0.036252195007093306
Multiome 2025	dementia	Sst_10	Inhibitory	0.6105200510345437	-0.023179277238535297	0.08583183738851022	-0.05162814660613858	3.1943706375925918	0.00960171678590388	0.030671442171371268
Multiome 2025	dementia	Sst_11	Inhibitory	0.2387819276287432	-0.051940527351355376	0.10454747249541	-0.025939626068193306	-3.4604321613890154	0.00960171678590388	-0.03322608957049055
Multiome 2025	dementia	Sst_12	Inhibitory	0.7803451676571576	0.08726188467301949	0.09162653150530795	0.05145623459418159	4.260965720548071	0.00960171678590388	0.04091258608314743
Multiome 2025	dementia	Sst_13	Inhibitory	0.6048978450950697	-0.006770052035320731	0.07677085661142624	-0.02203073762691467	1.6326125262259927	0.00960171678590388	0.015675883097941053
Multiome 2025	dementia	Sst_19	Inhibitory	0.5541324758571757	-0.15251790940282708	0.08448773254765775	-0.1507025901574306	0.017055303370647937	0.00960171678590388	0.00016376019266263331
Multiome 2025	dementia	Sst_2	Inhibitory	0.3192887752225759	-0.19222214594105408	0.0928842236119499	-0.15957395922474774	-3.853546820893737	0.00960171678590388	-0.03700066519544193
Multiome 2025	dementia	Sst_20	Inhibitory	0.2957429970923577	-0.12713125648312948	0.10801125545242324	-0.09392468564934288	-3.9755989484857706	0.00960171678590388	-0.03817257515769764
Multiome 2025	dementia	Sst_22	Inhibitory	0.2621819638814291	-0.017021351396952634	0.07112753940510323	-0.019709350067677444	-0.22990311035064337	0.00960171678590388	-0.0022074645537852847
Multiome 2025	dementia	Sst_23	Inhibitory	0.1967533779707338	-0.12674164203921556	0.1086254022741966	-0.08917448197574912	-4.377350563221934	0.00960171678590388	-0.042030080380673844
Multiome 2025	dementia	Sst_25	Inhibitory	0.2177220453776422	-0.0810482236439297	0.10746434446549914	-0.05924955627345029	-2.404517545883827	0.00960171678590388	-0.023087496482313143
Multiome 2025	dementia	Sst_3	Inhibitory	0.4598165704652676	-0.0796165724310697	0.09026372022682874	-0.04931669030476319	-3.1239037141222576	0.00960171678590388	-0.029994838729435157
Multiome 2025	dementia	Sst_4	Inhibitory	0.7590957304050299	0.09653995888365882	0.08522060633536252	0.06456806846258678	3.7664441363744476	0.00960171678590388	0.03616432988739578
Multiome 2025	dementia	Sst_5	Inhibitory	0.679538710548478	0.058609558527682674	0.08182017085623088	0.022087745804771193	3.8952556476448086	0.00960171678590388	0.03740114153737805
Multiome 2025	dementia	Sst_7	Inhibitory	0.8373444632991687	0.11892514440136635	0.09579875240495982	0.07402758660807969	5.112816382925657	0.00960171678590388	0.04909181488718164
Multiome 2025	dementia	Sst_9	Inhibitory	0.6073494399404031	-0.08660075762210748	0.08687307221026651	-0.10166396221198275	1.4274498668668243	0.00960171678590388	0.013705969347731446
Multiome 2025	dementia	Vip_1	Inhibitory	0.2350554089747075	-0.09952666785954636	0.07733164835482033	-0.058595034666579615	-4.3474421493410125	0.00960171678590388	-0.041742908261073644
Multiome 2025	dementia	Vip_11	Inhibitory	0.2582343862743472	-0.13795191728178452	0.09382527682142884	-0.08130824148003879	-5.978368893323096	0.00960171678590388	-0.05740260495534597
Multiome 2025	dementia	Vip_12	Inhibitory	0.2662593472494122	-0.0006372123428909481	0.07864198096562071	0.026342372259785703	-2.9760675741421583	0.00960171678590388	-0.028575357982625
Multiome 2025	dementia	Vip_13	Inhibitory	0.2194681761737045	-0.06823624354991384	0.08888474865469972	-0.02609463222900264	-4.876376176632038	0.00960171678590388	-0.04682158298954962
Multiome 2025	dementia	Vip_14	Inhibitory	0.3315424436417966	0.06700743817140731	0.08449497325131572	0.08697344994744415	-2.4763127654315387	0.00960171678590388	-0.02377685384699206
Multiome 2025	dementia	Vip_15	Inhibitory	0.348308194180037	-0.11354369057410563	0.07951955264619494	-0.08582670209154233	-2.892939478941669	0.00960171678590388	-0.027777185555558248
Multiome 2025	dementia	Vip_16	Inhibitory	0.2376843396288952	0.03666619339346764	0.08321933167981516	0.05328139438543493	-2.067103981117119	0.00960171678590388	-0.01984774699370098
Multiome 2025	dementia	Vip_18	Inhibitory	0.4317549423950566	-0.06267029505936869	0.07800529263639884	-0.06136799651480985	-0.1928939823150957	0.00960171678590388	-0.0018521133878947004
Multiome 2025	dementia	Vip_19	Inhibitory	0.5167087850184927	-0.1194034358983484	0.057073244984120246	-0.11289569480394676	-0.7031502473444181	0.00960171678590388	-0.006751449532939364
Multiome 2025	dementia	Vip_2	Inhibitory	0.3743908763624244	-0.06911897964735872	0.08553859705138726	-0.037975807428839325	-3.5329295604572213	0.00960171678590388	-0.03392218906405812
Multiome 2025	dementia	Vip_21	Inhibitory	0.2073933055044298	-0.15373475626077523	0.09194636658856745	-0.12469394720584258	-3.56886025797664	0.00960171678590388	-0.03426718544555955
Multiome 2025	dementia	Vip_23	Inhibitory	0.514918470758501	-0.18409850561783228	0.06586430777522526	-0.17204700674346537	-1.1494372704002047	0.00960171678590388	-0.011036571133545182
Multiome 2025	dementia	Vip_4	Inhibitory	0.2460677831117061	-0.007504841882117541	0.08407637716793782	0.037069139469988396	-4.687246576121923	0.00960171678590388	-0.045005614129620355
Multiome 2025	dementia	Vip_5	Inhibitory	0.2025897285247291	-0.04668384958254321	0.0901436396261248	-0.014818007529332669	-3.3751568492565807	0.00960171678590388	-0.03240730017456536
Multiome 2025	dementia	Vip_6	Inhibitory	0.2124526037871233	0.0036532726604880613	0.08729556268851917	0.0356325223140998	-3.715173041431543	0.00960171678590388	-0.03567203935445082
Multiome 2025	dementia	Vip_9	Inhibitory	0.1955107516726868	0.062426998948226786	0.1067484688929761	0.12355531963833455	-6.756803518937386	0.00960171678590388	-0.0648769137668355
PsychAD	cerad_ad	Chandelier_1	Inhibitory	0.5377438373044524	0.0011340369865028585	0.014804181553951997	0.0031476519426509725	-1.1796723750711513	0.0075230152606483676	-0.008874693280225577
PsychAD	cerad_ad	Chandelier_2	Inhibitory	0.3083839397387943	0.037894658679583665	0.019085496185129388	0.05342850015935079	-2.568809256469409	0.0075230152606483676	-0.019325191238114152
PsychAD	cerad_ad	L2/3 IT_1	Excitatory	0.1919707901948373	-0.07270698614834845	0.021121606262479387	-0.044972114615514786	-4.965925012292919	0.0064226592752794675	-0.03189444434054542
PsychAD	cerad_ad	L2/3 IT_10	Excitatory	0.3436600012425826	-0.14686750854784145	0.031533316233875695	-0.13574297560245993	0.6712131359060106	0.0064226592752794675	0.004310973273016157
PsychAD	cerad_ad	L2/3 IT_12	Excitatory	0.3032241530756692	-0.03116053148766871	0.027493222469115338	-0.04937018244869211	5.381483833385123	0.0064226592752794675	0.034563437057257465
PsychAD	cerad_ad	L2/3 IT_13	Excitatory	0.4258329844029131	-0.03205468919733928	0.02585788687678637	-0.04876728490726759	6.6916921968104095	0.0064226592752794675	0.042978458955159615
PsychAD	cerad_ad	L2/3 IT_2	Excitatory	0.2660203989385524	0.07003142896341681	0.02011513642465987	0.0726547951000785	-0.5435187929600767	0.0064226592752794675	-0.003490836016893737
PsychAD	cerad_ad	L2/3 IT_3	Excitatory	0.3798489777663303	-0.04051257466173666	0.02269075458897201	-0.04714556892135706	6.251628456630685	0.0064226592752794675	0.04015207949258013
PsychAD	cerad_ad	L2/3 IT_5	Excitatory	0.3677645450571993	0.018770460033481512	0.02287852989884073	0.0011131183901864489	6.006763464011903	0.0064226592752794675	0.03857939507654587
PsychAD	cerad_ad	L2/3 IT_6	Excitatory	0.1979691675974276	-0.09390484762108593	0.026361059053183006	-0.06805599038975574	-4.641915812072229	0.0064226592752794675	-0.029813443645472122
PsychAD	cerad_ad	L2/3 IT_7	Excitatory	0.2177554769451218	-0.007680163383425148	0.02339575374427125	-0.0073260910949991785	-0.9826218658486436	0.0064226592752794675	-0.006311045440785207
PsychAD	cerad_ad	L2/3 IT_8	Excitatory	0.2744983406514524	-0.11723434211687855	0.03129239018727089	-0.12325794089375024	2.5905021878060746	0.0064226592752794675	0.016637912904144438
PsychAD	cerad_ad	L4 IT_1	Excitatory	0.5630840855967468	0.03778936417950856	0.019018751721501546	0.011695126659823793	7.258778140655286	0.0064226592752794675	0.04662065875227552
PsychAD	cerad_ad	L4 IT_2	Excitatory	0.5512355818998482	-0.0020783162432452076	0.017646903110770877	-0.0296745662767979	7.937134448466988	0.0064226592752794675	0.05097751018458668
PsychAD	cerad_ad	L4 IT_3	Excitatory	0.5314108664019961	0.042194714042249844	0.02239571873491981	0.023494374728931094	2.89678867881855	0.0064226592752794675	0.018605086676538516
PsychAD	cerad_ad	L4 IT_4	Excitatory	0.5532418211408268	0.06879624066886572	0.018482657646552412	0.047424819191150505	5.490877955443415	0.0064226592752794675	0.035266038229956206
PsychAD	cerad_ad	L5 ET_2	Excitatory	0.5803583932144897	-0.01943738204273108	0.02193616077467938	-0.04013041254306443	1.5448162107457175	0.0064226592752794675	0.009921828164548063
PsychAD	cerad_ad	L5 IT_1	Excitatory	0.5629397259705062	0.033039760726103706	0.020053830002865997	-0.013663390234881237	10.446177350244131	0.0064226592752794675	0.06709223784975976
PsychAD	cerad_ad	L5 IT_2	Excitatory	0.5925571972392969	0.04845546710671445	0.018163181538223678	0.012565742218782698	10.836574348324843	0.0064226592752794675	0.0695996247505241
PsychAD	cerad_ad	L5 IT_3	Excitatory	0.6164728933312946	-0.07307047141755005	0.022843061681056483	-0.1109252384719527	7.237056839892209	0.0064226592752794675	0.04648115023845841
PsychAD	cerad_ad	L5 IT_5	Excitatory	0.5837304045657066	0.012984384509393796	0.02511135796119171	-0.024901632459257365	11.54245499155661	0.0064226592752794675	0.07413325561101686
PsychAD	cerad_ad	L5 IT_6	Excitatory	0.5076176320839733	0.09950709265008892	0.02827526997353093	0.058924119766341515	8.718162822781737	0.0064226592752794675	0.05599378931713575
PsychAD	cerad_ad	L5 IT_7	Excitatory	0.5909416812135041	-0.031127142911828398	0.023814408874313818	-0.0600060535131257	6.484198383813262	0.0064226592752794675	0.04164579689255038
PsychAD	cerad_ad	L5/6 NP_1	Excitatory	0.6407527971721316	0.005831903650821049	0.021600063604991164	-0.0332634019146094	9.505160699091727	0.0064226592752794675	0.061048408527043345
PsychAD	cerad_ad	L5/6 NP_2	Excitatory	0.6302251538114368	-0.022490124572551243	0.021621327487700782	-0.05527667555331352	9.512120038769428	0.0064226592752794675	0.061093105994574154
PsychAD	cerad_ad	L5/6 NP_3	Excitatory	0.6131612028240632	0.04520843117368116	0.017687541751325572	0.03837266167563558	-1.0260523680480906	0.0064226592752794675	-0.006589984758566531
PsychAD	cerad_ad	L5/6 NP_4	Excitatory	0.6353904788345692	-0.009212870941704917	0.021695773500998706	-0.04205759204583679	6.349323346609971	0.0064226592752794675	0.040779540483853
PsychAD	cerad_ad	L5/6 NP_6	Excitatory	0.6193951422603103	0.06142826907477554	0.020557454418650943	0.04705248925639051	0.7168429133808877	0.0064226592752794675	0.004604037786544114
PsychAD	cerad_ad	L6 CT_1	Excitatory	0.9279759816375948	0.012856809237528754	0.02779145206975823	-0.03470355858295542	8.897095755255178	0.0064226592752794675	0.05714301457553925
PsychAD	cerad_ad	L6 CT_2	Excitatory	0.8331534913085406	-0.10975832532014504	0.02566353720178616	-0.14971199043445693	9.199750812088345	0.0064226592752794675	0.059086864883519025
PsychAD	cerad_ad	L6 CT_3	Excitatory	0.8051462951414932	-0.008227415768586321	0.019329180172847193	-0.03227510612889922	1.3044659262133629	0.0064226592752794675	0.008378140180280276
PsychAD	cerad_ad	L6 CT_4	Excitatory	0.8135731387095528	0.03254099406395783	0.017506132412576786	0.022142900185403346	0.029225501161525873	0.0064226592752794675	0.000187705436109765
PsychAD	cerad_ad	L6 IT Car3_1	Excitatory	0.7663699966007065	0.04365565653345229	0.020881838004116342	0.030104940352569814	0.6257940322379405	0.0064226592752794675	0.004019261845567546
PsychAD	cerad_ad	L6 IT Car3_3	Excitatory	0.7973887453221391	-0.012169281511258127	0.024651886708879935	-0.06399599414406076	9.705487188173306	0.0064226592752794675	0.06233503731022732
PsychAD	cerad_ad	L6 IT_1	Excitatory	0.8530337414259787	-0.0024571027902081212	0.02457231703732287	-0.04359962726690533	8.11536906647178	0.0064226592752794675	0.05212225040709105
PsychAD	cerad_ad	L6 IT_2	Excitatory	0.8197358450038192	-0.02680276130933216	0.02884133011312584	-0.09036102066381084	12.725761218981075	0.0064226592752794675	0.08173322832808054
PsychAD	cerad_ad	L6b_1	Excitatory	0.9410415642527472	-0.003390955315910505	0.025657882223037536	-0.033374459957666226	2.3945108164567803	0.0064226592752794675	0.015379127105073151
PsychAD	cerad_ad	L6b_2	Excitatory	0.9170995043620296	-0.003774733796601837	0.02518472814810842	-0.05753323374727815	8.995456637849342	0.0064226592752794675	0.05777475301045733
PsychAD	cerad_ad	L6b_3	Excitatory	0.8642836597560695	0.03857092776237059	0.018146713352119627	0.030334707434762395	-0.05126764067461242	0.0064226592752794675	-0.00032927458790049435
PsychAD	cerad_ad	L6b_4	Excitatory	0.923495610477519	0.07951361816294227	0.023144898925671394	0.03595176825768176	7.535690049768091	0.0064226592752794675	0.04839916959377422
PsychAD	cerad_ad	L6b_5	Excitatory	0.8919508779002744	0.04551856178015059	0.02104482324945836	0.018198581270159928	5.217244333250945	0.0064226592752794675	0.03350858270835343
PsychAD	cerad_ad	L6b_6	Excitatory	0.861725382393208	-0.024948291641559643	0.030719591877020277	-0.07705102838803948	10.641594931364105	0.0064226592752794675	0.06834733838969263
PsychAD	cerad_ad	Lamp5_1	Inhibitory	0.579758694166293	0.08311840309864314	0.0178192648120342	0.08063579925460458	0.18664213683213796	0.0075230152606483676	0.0014041116436681947
PsychAD	cerad_ad	Lamp5_2	Inhibitory	0.4551264444335245	0.04868156908413618	0.013234860361000097	0.05183039517061524	-0.43305922605399555	0.0075230152606483676	-0.0032579111663687795
PsychAD	cerad_ad	Lamp5_3	Inhibitory	0.2465184059874807	-0.010826004401008525	0.020161452986537907	0.016198753412811507	-3.962279593633033	0.0075230152606483676	-0.02980828984985692
PsychAD	cerad_ad	Lamp5_4	Inhibitory	0.1322474178935395	0.01580585611783947	0.021150743450379053	0.03398352360622379	-2.9987448439635727	0.0075230152606483676	-0.022559603223928564
PsychAD	cerad_ad	Lamp5_5	Inhibitory	0.0932772268895256	-0.06685481562973888	0.02597463431060545	-0.02751198349739737	-5.095821873932793	0.0075230152606483676	-0.03833594572314216
PsychAD	cerad_ad	Lamp5_6	Inhibitory	0.1296752919101563	-0.04503389174878697	0.0235990833144584	-0.01711098061810159	-3.2598682309999636	0.0075230152606483676	-0.024524038449515524
PsychAD	cerad_ad	Lamp5_Lhx6_1	Inhibitory	0.9202262402030006	0.07239331716659303	0.012919620967734122	0.06655474609305412	0.17636531088678953	0.0075230152606483676	0.0013267989252503114
PsychAD	cerad_ad	Pax6_1	Inhibitory	0.1062743761433986	0.02502544089730555	0.02058635868542949	0.05710088571721239	-4.819143621969287	0.0075230152606483676	-0.03625449101133119
PsychAD	cerad_ad	Pax6_2	Inhibitory	0.1767240916513598	0.03561055286985787	0.01720884705459926	0.032446792983946635	-0.13723642344677714	0.0075230152606483676	-0.001032431707906906
PsychAD	cerad_ad	Pax6_3	Inhibitory	0.2804480041403503	0.03858804975039517	0.01699541781760761	0.034399529685439856	0.10838504043946517	0.0075230152606483676	0.0008153823132520869
PsychAD	cerad_ad	Pax6_4	Inhibitory	0.205431236839579	-0.010621024810582556	0.018528858721665094	-0.005381298032427981	-1.2456757362022095	0.0075230152606483676	-0.009371237573268612
PsychAD	cerad_ad	Pvalb_1	Inhibitory	0.5900508231599844	0.046355631276427896	0.01776821176224796	0.03014304861175654	2.271136005004792	0.0075230152606483676	0.017085790824659018
PsychAD	cerad_ad	Pvalb_10	Inhibitory	0.6817932985315721	0.0006534313853254932	0.01931176685732535	-0.01822178313102406	2.7393440183380777	0.0075230152606483676	0.02060812685412318
PsychAD	cerad_ad	Pvalb_12	Inhibitory	0.6108336179898526	0.009811643276467278	0.01960297613419924	-0.002389103960295899	1.2844795475552144	0.0075230152606483676	0.009663159238248589
PsychAD	cerad_ad	Pvalb_13	Inhibitory	0.6092756177219957	-0.05633159904198952	0.01830683207476377	-0.06978953570819574	1.2568711351922004	0.0075230152606483676	0.00945546073071936
PsychAD	cerad_ad	Pvalb_15	Inhibitory	0.5265084301382293	0.015488319593562842	0.014965501242961822	0.010770859213865579	0.6418134368367209	0.0075230152606483676	0.004828372279811828
PsychAD	cerad_ad	Pvalb_2	Inhibitory	0.3495695430871181	0.019079385891269764	0.01811168111171868	0.036946874883422486	-2.763835706202838	0.0075230152606483676	-0.020792378195688806
PsychAD	cerad_ad	Pvalb_3	Inhibitory	0.504731485099097	-0.05568634311531216	0.0201155383136348	-0.03147059481716158	-3.140326502756775	0.0075230152606483676	-0.023624724203657736
PsychAD	cerad_ad	Pvalb_5	Inhibitory	0.2666822594830076	-0.05777654316792859	0.022144246700614045	-0.02855629532625543	-4.346048627151908	0.0075230152606483676	-0.03269539014558369
PsychAD	cerad_ad	Pvalb_6	Inhibitory	0.4638743634718683	-0.003273563746889223	0.017995533098473755	0.013440574401274132	-2.3408578474374475	0.0075230152606483676	-0.017610309309280404
PsychAD	cerad_ad	Pvalb_7	Inhibitory	0.8803705194855638	0.04615437359075315	0.02000880913493085	0.02222816598499454	2.5221254308365686	0.0075230152606483676	0.018973988105452845
PsychAD	cerad_ad	Pvalb_8	Inhibitory	0.2749435083648415	-0.04020586678711665	0.021790333494240068	-0.021128821987470747	-2.9143480717037296	0.0075230152606483676	-0.0219246850182683
PsychAD	cerad_ad	Pvalb_9	Inhibitory	0.6427079814410825	0.05185964222236077	0.017951972802760268	0.033315772170399036	1.6730637373115336	0.0075230152606483676	0.012586484027832058
PsychAD	cerad_ad	Sncg_1	Inhibitory	0.2284107828293974	-0.045683009145812234	0.023544132559378612	-0.018937306931704583	-4.126100063625115	0.0075230152606483676	-0.03104071374561394
PsychAD	cerad_ad	Sncg_2	Inhibitory	0.1166485153506787	0.024228223766083495	0.019594234805275286	0.04260468589793914	-3.0041896640095658	0.0075230152606483676	-0.022600564688226056
PsychAD	cerad_ad	Sncg_3	Inhibitory	0.1323250123250063	0.03367150909231448	0.019423429293004193	0.05794909020799668	-2.955279844860359	0.0075230152606483676	-0.02223261537237102
PsychAD	cerad_ad	Sncg_4	Inhibitory	0.1160922736587884	-0.028547822592160998	0.02348916606121135	0.014557665798458606	-5.110251527426281	0.0075230152606483676	-0.038444500226579546
PsychAD	cerad_ad	Sncg_5	Inhibitory	0.0884437751366371	-0.02213871122615557	0.024544551705399268	0.011521663122654867	-4.088007410876789	0.0075230152606483676	-0.030754142137669704
PsychAD	cerad_ad	Sncg_6	Inhibitory	0.1181267995791516	-0.01947781595819896	0.021281275226540816	0.013137871123502684	-3.86029194949229	0.0075230152606483676	-0.029041035246588534
PsychAD	cerad_ad	Sncg_8	Inhibitory	0.1204937514720459	-0.0371099999455286	0.02113211116421798	-0.0023939750480345273	-4.642106991132142	0.0075230152606483676	-0.03492264173584958
PsychAD	cerad_ad	Sst Chodl_1	Inhibitory	0.8747911559403596	0.01017103406028564	0.0196388356179014	-0.0012408619786322996	0.961627393451433	0.0075230152606483676	0.007234337555992643
PsychAD	cerad_ad	Sst Chodl_2	Inhibitory	0.2773765687049466	-0.006399721817272178	0.017890779104050947	-0.0043276240393667195	-0.08656811169786201	0.0075230152606483676	-0.0006512532253885283
PsychAD	cerad_ad	Sst_1	Inhibitory	0.815785423135265	0.06507236548173069	0.018987609800093293	0.04805133582349436	2.0598828603842456	0.0075230152606483676	0.01549653019381869
PsychAD	cerad_ad	Sst_10	Inhibitory	0.6105200510345437	0.03699503128747102	0.01853826467169357	0.02267252564316849	1.6220247466438344	0.0075230152606483676	0.012202516922150868
PsychAD	cerad_ad	Sst_11	Inhibitory	0.2387819276287432	-0.053019141519180565	0.02620324307363438	-0.022504876219024444	-4.874330453066476	0.0075230152606483676	-0.03666966238386217
PsychAD	cerad_ad	Sst_12	Inhibitory	0.7803451676571576	-0.020182250398875792	0.01837044087851191	-0.0307275300806152	1.3666072103990092	0.0075230152606483676	0.010281006899143841
PsychAD	cerad_ad	Sst_13	Inhibitory	0.6048978450950697	0.04620966441744694	0.020040603162418538	0.03558435753326262	1.2755963501865086	0.0075230152606483676	0.009596330808880463
PsychAD	cerad_ad	Sst_19	Inhibitory	0.5541324758571757	-0.06656020788142585	0.0197245272015124	-0.06759510415505014	-0.07869894971023435	0.0075230152606483676	-0.0005920533996670915
PsychAD	cerad_ad	Sst_2	Inhibitory	0.3192887752225759	-0.08763437112648252	0.02231150983252782	-0.06817367343857891	-3.6830285175709783	0.0075230152606483676	-0.027707479743089604
PsychAD	cerad_ad	Sst_20	Inhibitory	0.2957429970923577	-0.061736306742754696	0.026297840100371755	-0.03750211826876953	-3.9197168819637107	0.0075230152606483676	-0.029488089920434033
PsychAD	cerad_ad	Sst_22	Inhibitory	0.2621819638814291	-0.018750302674726445	0.020180009962199666	-0.01065162381383819	-2.643706755508247	0.0075230152606483676	-0.019888646266367726
PsychAD	cerad_ad	Sst_23	Inhibitory	0.1967533779707338	-0.1176399541431169	0.027243033214636208	-0.08264676367561632	-4.947497731858597	0.0075230152606483676	-0.03722010093879541
PsychAD	cerad_ad	Sst_25	Inhibitory	0.2177220453776422	-0.042044267613930736	0.027911600296859577	-0.02064954731656169	-4.583013288709539	0.0075230152606483676	-0.03447807891071612
PsychAD	cerad_ad	Sst_3	Inhibitory	0.4598165704652676	-0.055390798931802564	0.02141895418761801	-0.044967960329730834	-1.7469670650953941	0.0075230152606483676	-0.01314245989056274
PsychAD	cerad_ad	Sst_4	Inhibitory	0.7590957304050299	0.010121143304732813	0.0189636948538466	-0.012382665215305618	3.645097498900986	0.0075230152606483676	0.027422124110783316
PsychAD	cerad_ad	Sst_5	Inhibitory	0.679538710548478	0.05773083677644567	0.0184206483216742	0.03965714316870807	3.0459353618891356	0.0075230152606483676	0.022914618210440475
PsychAD	cerad_ad	Sst_7	Inhibitory	0.8373444632991687	0.05448251907408855	0.01993764243167204	0.03474046561042786	2.9469027337408384	0.0075230152606483676	0.02216959423757872
PsychAD	cerad_ad	Sst_9	Inhibitory	0.6073494399404031	-0.01933138322351854	0.01906238553273517	-0.02237857519609304	1.0414564264854433	0.0075230152606483676	0.007834892589750305
PsychAD	cerad_ad	Vip_1	Inhibitory	0.2350554089747075	-0.02941826818916667	0.015703114829094224	-0.004219743286796997	-4.150554127350656	0.0075230152606483676	-0.03122468204020605
PsychAD	cerad_ad	Vip_11	Inhibitory	0.2582343862743472	-0.0456574936531432	0.017720750440097823	-0.018512329072687475	-3.9702501020600556	0.0075230152606483676	-0.029868252106388538
PsychAD	cerad_ad	Vip_12	Inhibitory	0.2662593472494122	-0.042785722542470865	0.01641239344105852	-0.02520518885393445	-3.409938076829318	0.0075230152606483676	-0.025653016189852905
PsychAD	cerad_ad	Vip_13	Inhibitory	0.2194681761737045	-0.07497022172971712	0.01751410155400113	-0.05061707178183488	-3.8569833482453864	0.0075230152606483676	-0.02901614458891668
PsychAD	cerad_ad	Vip_14	Inhibitory	0.3315424436417966	0.010482548661374708	0.018547215587526075	0.019532138051339926	-1.0746911884909554	0.0075230152606483676	-0.008084918211501788
PsychAD	cerad_ad	Vip_15	Inhibitory	0.348308194180037	0.0009107293407112005	0.017504170182159457	0.02317653806157525	-3.6252073752188916	0.0075230152606483676	-0.027272490406786733
PsychAD	cerad_ad	Vip_16	Inhibitory	0.2376843396288952	0.0005635212340993753	0.01864464536251154	0.009326185719807248	-0.6210248736742959	0.0075230152606483676	-0.004671979601893953
PsychAD	cerad_ad	Vip_18	Inhibitory	0.4317549423950566	0.019180972178130543	0.016664713262089115	0.02228952550825158	-1.570325569647462	0.0075230152606483676	-0.011813583224644198
PsychAD	cerad_ad	Vip_19	Inhibitory	0.5167087850184927	0.015469098708831057	0.012701291988567717	0.020873868794436708	-1.7279291432036608	0.0075230152606483676	-0.0129992373136402
PsychAD	cerad_ad	Vip_2	Inhibitory	0.3743908763624244	-0.07114880182985617	0.01802616590240765	-0.05405770377335592	-2.9110079539610427	0.0075230152606483676	-0.021899557261517703
PsychAD	cerad_ad	Vip_21	Inhibitory	0.2073933055044298	0.015447268868490183	0.019850919815694926	0.04212929668778237	-3.9528529486635815	0.0075230152606483676	-0.029737373055895022
PsychAD	cerad_ad	Vip_23	Inhibitory	0.514918470758501	-0.03514648290817288	0.01570677340429873	-0.02861263880613566	-1.7813946756274264	0.0075230152606483676	-0.013401459329982877
PsychAD	cerad_ad	Vip_4	Inhibitory	0.2460677831117061	0.007293654767824228	0.014537746435683327	0.030066113648011768	-3.7886994885455674	0.0075230152606483676	-0.02850244407033897
PsychAD	cerad_ad	Vip_5	Inhibitory	0.2025897285247291	0.01895706878782409	0.020792201819416038	0.039310308573623914	-2.6191336276794375	0.0075230152606483676	-0.019703782250709727
PsychAD	cerad_ad	Vip_6	Inhibitory	0.2124526037871233	0.02055905240173839	0.019083396896793003	0.0334437081829385	-2.253426964948499	0.0075230152606483676	-0.01695256544606409
PsychAD	cerad_ad	Vip_9	Inhibitory	0.1955107516726868	0.017000582704191483	0.018112814679602587	0.04267057747538577	-4.1695590230058555	0.0075230152606483676	-0.03136765616024715
PsychAD	dementia	Chandelier_1	Inhibitory	0.5377438373044524	0.003170327169744694	0.04352157025236405	0.006973847560497791	-1.1020447453760684	0.012267775449963714	-0.013519637472086045
PsychAD	dementia	Chandelier_2	Inhibitory	0.3083839397387943	0.04566760797944444	0.05134774934006357	0.07313771826540716	-2.482776007179734	0.012267775449963714	-0.030458138548638474
PsychAD	dementia	L2/3 IT_1	Excitatory	0.1919707901948373	-0.09933858981795851	0.05567478797494419	-0.0631583084710592	-4.498798188364233	0.01344227897492647	-0.06047410029988583
PsychAD	dementia	L2/3 IT_10	Excitatory	0.3436600012425826	-0.4102246575193429	0.08660232325149768	-0.4051838199480781	1.2975687329517147	0.01344227897492647	0.017442280897478814
PsychAD	dementia	L2/3 IT_12	Excitatory	0.3032241530756692	0.04225482588642648	0.07535885353399445	0.0006727043436018654	5.624704330660213	0.01344227897492647	0.07560884476421165
PsychAD	dementia	L2/3 IT_13	Excitatory	0.4258329844029131	0.0042187887817935164	0.07123441650938234	-0.03280479300081332	7.353153785830394	0.01344227897492647	0.09884314453466889
PsychAD	dementia	L2/3 IT_2	Excitatory	0.2660203989385524	0.15282417716586547	0.054597792409038136	0.16723207812699303	-0.8365695291397082	0.01344227897492647	-0.011245400992618835
PsychAD	dementia	L2/3 IT_3	Excitatory	0.3798489777663303	-0.19699651177105684	0.06239423791278322	-0.20829529931315155	6.244335648495953	0.01344227897492647	0.083938101800161
PsychAD	dementia	L2/3 IT_5	Excitatory	0.3677645450571993	0.05268640159204534	0.06470606321221259	0.004222685453889839	6.660690548951246	0.01344227897492647	0.08953486052465878
PsychAD	dementia	L2/3 IT_6	Excitatory	0.1979691675974276	-0.2074447663289069	0.0709032253169796	-0.179778377952534	-4.098477897936826	0.01344227897492647	-0.055092883276637035
PsychAD	dementia	L2/3 IT_7	Excitatory	0.2177554769451218	0.13713036958641878	0.06335040926420861	0.13570024699344052	-0.680076813046451	0.01344227897492647	-0.009141782245349308
PsychAD	dementia	L2/3 IT_8	Excitatory	0.2744983406514524	-0.16053473591573375	0.08618939807595004	-0.1841137013426532	3.160717237323504	0.01344227897492647	0.042487242864961416
PsychAD	dementia	L4 IT_1	Excitatory	0.5630840855967468	0.10786439240316131	0.052246228188458914	0.06960673833841807	7.545939689560883	0.01344227897492647	0.10143462643504743
PsychAD	dementia	L4 IT_2	Excitatory	0.5512355818998482	0.029052223989333343	0.048140030228316394	-0.029917441658363304	7.831515033567097	0.01344227897492647	0.10527340987753955
PsychAD	dementia	L4 IT_3	Excitatory	0.5314108664019961	0.1534240538125743	0.06121439970708791	0.11551179158429753	3.227639293915427	0.01344227897492647	0.04338682781924586
PsychAD	dementia	L4 IT_4	Excitatory	0.5532418211408268	0.1519980280305682	0.050954986270755266	0.09385625968075409	5.352264422533307	0.01344227897492647	0.07194663151526644
PsychAD	dementia	L5 ET_2	Excitatory	0.5803583932144897	-0.01239327117867845	0.0602073794877703	-0.0391373805329046	1.3537486491976134	0.01344227897492647	0.018197467004444186
PsychAD	dementia	L5 IT_1	Excitatory	0.5629397259705062	0.07380606029805727	0.05374232382372305	-0.012691948671752738	10.271668784838633	0.01344227897492647	0.13807463734384487
PsychAD	dementia	L5 IT_2	Excitatory	0.5925571972392969	0.13550798360614416	0.04968262865233949	0.07173903733710887	10.968712330430206	0.01344227897492647	0.14744449114135869
PsychAD	dementia	L5 IT_3	Excitatory	0.6164728933312946	-0.12493256088881574	0.06260685787202382	-0.18725982169298996	7.48250482120812	0.01344227897492647	0.10058191723791185
PsychAD	dementia	L5 IT_5	Excitatory	0.5837304045657066	-0.031097843249168568	0.07051848838770505	-0.10980639198858187	11.809081714334601	0.01344227897492647	0.15874097084178865
PsychAD	dementia	L5 IT_6	Excitatory	0.5076176320839733	0.22129040374018483	0.07787136529337894	0.15150360122485862	9.026949700921108	0.01344227897492647	0.1213427761724106
PsychAD	dementia	L5 IT_7	Excitatory	0.5909416812135041	-0.08300841992204691	0.06434835830392796	-0.1381980058068396	6.682995758102969	0.01344227897492647	0.08983469336867032
PsychAD	dementia	L5/6 NP_1	Excitatory	0.6407527971721316	0.0014907348686447868	0.05859306168735506	-0.07206083170694957	9.453579111864395	0.01344227897492647	0.1270776477332188
PsychAD	dementia	L5/6 NP_2	Excitatory	0.6302251538114368	-0.06686433890006482	0.05960791253710165	-0.13066334943083077	9.660259590995098	0.01344227897492647	0.1298559043923652
PsychAD	dementia	L5/6 NP_3	Excitatory	0.6131612028240632	0.1104420143058637	0.04844426260786304	0.11049110611951787	-1.246330397298194	0.01344227897492647	-0.01675352089541327
PsychAD	dementia	L5/6 NP_4	Excitatory	0.6353904788345692	0.07197882096055108	0.06001406093061888	0.02692475856355924	6.387526578320985	0.01344227897492647	0.08586291422554819
PsychAD	dementia	L5/6 NP_6	Excitatory	0.6193951422603103	0.16522305918675015	0.05619710127700255	0.15139679184215735	0.3211337521689473	0.01344227897492647	0.004316769484919888
PsychAD	dementia	L6 CT_1	Excitatory	0.9279759816375948	0.08604245532658031	0.07201722810069748	0.03367668348942878	8.983338758127356	0.01344227897492647	0.12075654571301743
PsychAD	dementia	L6 CT_2	Excitatory	0.8331534913085406	-0.32569542446244004	0.06748900139377295	-0.37627880005933545	9.758484217585442	0.01344227897492647	0.13117626722520057
PsychAD	dementia	L6 CT_3	Excitatory	0.8051462951414932	0.026393770328137656	0.05263579460050798	0.0012684425577515063	1.5232544257777598	0.01344227897492647	0.020476010941096072
PsychAD	dementia	L6 CT_4	Excitatory	0.8135731387095528	0.01721057965917904	0.0480301424817558	0.011668569060568179	-0.3396472316799016	0.01344227897492647	-0.00456563284130272
PsychAD	dementia	L6 IT Car3_1	Excitatory	0.7663699966007065	0.035009393602307586	0.055904948768624785	0.02586147557243186	0.23288266003244182	0.01344227897492647	0.0031304736845790414
PsychAD	dementia	L6 IT Car3_3	Excitatory	0.7973887453221391	-0.09564694361560488	0.06604148994910462	-0.16174702171123073	9.520137832745986	0.01344227897492647	0.1279723486275234
PsychAD	dementia	L6 IT_1	Excitatory	0.8530337414259787	0.021460162357928837	0.06605925456330942	-0.04080379707459689	7.657515388775412	0.01344227897492647	0.10293445811071161
PsychAD	dementia	L6 IT_2	Excitatory	0.8197358450038192	-0.08549370118166638	0.07573140512903499	-0.17671965628166264	12.334814146695992	0.01344227897492647	0.16580801286375713
PsychAD	dementia	L6b_1	Excitatory	0.9410415642527472	0.07532022239503508	0.06901938917166874	0.030019950405133278	2.8889951171181782	0.01344227897492647	0.03883467832150292
PsychAD	dementia	L6b_2	Excitatory	0.9170995043620296	-0.0887092888281646	0.0673093636773836	-0.1696886876585973	9.274355737209476	0.01344227897492647	0.12466847713227962
PsychAD	dementia	L6b_3	Excitatory	0.8642836597560695	0.05042600140746608	0.04983834186080587	0.04659974999569826	-0.2200874815228141	0.01344227897492647	-0.0029584773255186417
PsychAD	dementia	L6b_4	Excitatory	0.923495610477519	0.15404545320872934	0.061536638181669746	0.09180904086787836	7.440972964988422	0.01344227897492647	0.10002363444026013
PsychAD	dementia	L6b_5	Excitatory	0.8919508779002744	0.041793724688821074	0.05716407034482123	0.005294946548298644	4.900658391127162	0.01344227897492647	0.06587601725434562
PsychAD	dementia	L6b_6	Excitatory	0.861725382393208	-0.16090173739906938	0.0805163571346521	-0.23462554707943478	11.089733887330947	0.01344227897492647	0.14907129667119837
PsychAD	dementia	Lamp5_1	Inhibitory	0.579758694166293	0.06310954573577787	0.04940380399777706	0.0578426675988032	0.1728732878601662	0.012267775449963714	0.002120770676765457
PsychAD	dementia	Lamp5_2	Inhibitory	0.4551264444335245	0.10728066544280503	0.036103856765540135	0.11006218360945583	-0.3722619348042989	0.012267775449963714	-0.004566825824748171
PsychAD	dementia	Lamp5_3	Inhibitory	0.2465184059874807	0.05534791435287176	0.05439259902168305	0.08740925917302834	-3.6929612896942827	0.012267775449963714	-0.045304419847377854
PsychAD	dementia	Lamp5_4	Inhibitory	0.1322474178935395	0.027897712631415286	0.05808613744288166	0.046272402475588906	-2.9775059402019073	0.012267775449963714	-0.036527374275330086
PsychAD	dementia	Lamp5_5	Inhibitory	0.0932772268895256	-0.06562104776027781	0.06889872358850645	-0.012183690356817128	-4.955872246856169	0.012267775449963714	-0.060797527883138615
PsychAD	dementia	Lamp5_6	Inhibitory	0.1296752919101563	-0.10017321097508877	0.06476743538571027	-0.06290342741117844	-3.3003596654849128	0.012267775449963714	-0.04048807128028627
PsychAD	dementia	Lamp5_Lhx6_1	Inhibitory	0.9202262402030006	0.12101214928811431	0.0358395244983769	0.11887690221124687	0.18360732595545096	0.012267775449963714	0.0022524534457897664
PsychAD	dementia	Pax6_1	Inhibitory	0.1062743761433986	-0.00335823440325998	0.05511928592338658	0.04214812239015116	-4.689276962948498	0.012267775449963714	-0.05752699680413999
PsychAD	dementia	Pax6_2	Inhibitory	0.1767240916513598	0.0666323011993473	0.04734002133047567	0.056839021699140284	-0.13035658434384684	0.012267775449963714	-0.0015991853051545684
PsychAD	dementia	Pax6_3	Inhibitory	0.2804480041403503	0.08981105877329383	0.046935006888553676	0.07882360084175478	0.08948513431304844	0.012267775449963714	0.0010977835338623213
PsychAD	dementia	Pax6_4	Inhibitory	0.205431236839579	-0.008960645078636508	0.05137400687834208	-0.0030101254538805224	-1.3508764944466352	0.012267775449963714	-0.016572249494505475
PsychAD	dementia	Pvalb_1	Inhibitory	0.5900508231599844	0.10632896536686648	0.04870724848385126	0.08823375892516386	2.3441068508706295	0.012267775449963714	0.02875697647720246
PsychAD	dementia	Pvalb_10	Inhibitory	0.6817932985315721	0.014591549364181527	0.05119556991952518	-0.005910697784998966	2.824995997422317	0.012267775449963714	0.03465641654342325
PsychAD	dementia	Pvalb_12	Inhibitory	0.6108336179898526	0.0459960612183168	0.05332022966801437	0.03212392966201749	1.6352812419196234	0.012267775449963714	0.02006126307340773
PsychAD	dementia	Pvalb_13	Inhibitory	0.6092756177219957	-0.06206032017167773	0.04935164096405474	-0.07670008750023875	1.311358076747849	0.012267775449963714	0.016087446420038894
PsychAD	dementia	Pvalb_15	Inhibitory	0.5265084301382293	-0.023436638619358807	0.041186787771156114	-0.024835514781044475	0.7899156110768838	0.012267775449963714	0.00969050734111208
PsychAD	dementia	Pvalb_2	Inhibitory	0.3495695430871181	0.0811736582686664	0.05025548405300506	0.10278257559987733	-2.313576988977483	0.012267775449963714	-0.028382442986978933
PsychAD	dementia	Pvalb_3	Inhibitory	0.504731485099097	-0.07591174042306884	0.053821258435953076	-0.03876930662369475	-3.1379152966646133	0.012267775449963714	-0.03849524024048775
PsychAD	dementia	Pvalb_5	Inhibitory	0.2666822594830076	-0.05519407690399808	0.05970552776533619	-0.010112926407858876	-4.10509346713367	0.012267775449963714	-0.050360364855908855
PsychAD	dementia	Pvalb_6	Inhibitory	0.4638743634718683	-0.0009706208122422756	0.04967073317398401	0.019418194888379477	-2.2055194078596583	0.012267775449963714	-0.027056816846159223
PsychAD	dementia	Pvalb_7	Inhibitory	0.8803705194855638	0.04787719677583608	0.053052207494204494	0.023877338616984902	2.7519116682063234	0.012267775449963714	0.03375983440369022
PsychAD	dementia	Pvalb_8	Inhibitory	0.2749435083648415	-0.07682390832459698	0.05880104636348731	-0.05319399248247275	-3.271902631600089	0.012267775449963714	-0.04013896677861524
PsychAD	dementia	Pvalb_9	Inhibitory	0.6427079814410825	0.11151560342761274	0.04867291883796408	0.09229271603188567	1.7686212785173938	0.012267775449963714	0.02169704870087912
PsychAD	dementia	Sncg_1	Inhibitory	0.2284107828293974	-0.10462890473428994	0.06300590903716127	-0.07131372473108738	-4.208164179468599	0.012267775449963714	-0.05162481321030157
PsychAD	dementia	Sncg_2	Inhibitory	0.1166485153506787	0.01158311100153966	0.05446227820637581	0.037661994831007885	-3.067551092476143	0.012267775449963714	-0.037632027983788195
PsychAD	dementia	Sncg_3	Inhibitory	0.1323250123250063	0.05735476879815954	0.05210958422115584	0.0877380700910805	-3.0609142001286167	0.012267775449963714	-0.03755060807878316
PsychAD	dementia	Sncg_4	Inhibitory	0.1160922736587884	-0.1310695330381757	0.06273083881933667	-0.07372181734047611	-4.851964242131463	0.012267775449963714	-0.059522807813722156
PsychAD	dementia	Sncg_5	Inhibitory	0.0884437751366371	-0.05545212146045172	0.06586948112991883	-0.010497073464293613	-4.294554959139065	0.012267775449963714	-0.05268463589624614
PsychAD	dementia	Sncg_6	Inhibitory	0.1181267995791516	-0.0037735136631255493	0.057880812774115734	0.03985676285590399	-3.88120428218555	0.012267775449963714	-0.047613742609289925
PsychAD	dementia	Sncg_8	Inhibitory	0.1204937514720459	-0.0847527569498521	0.05677963777248112	-0.037171747931167926	-4.5262006994516595	0.012267775449963714	-0.05552641382234166
PsychAD	dementia	Sst Chodl_1	Inhibitory	0.8747911559403596	0.10796926780258205	0.052839097579000086	0.09263323061668689	1.0934168545375886	0.012267775449963714	0.013413792444672775
PsychAD	dementia	Sst Chodl_2	Inhibitory	0.2773765687049466	-0.054230022959828955	0.04942984112540529	-0.055428338514167216	-0.3853392136510565	0.012267775449963714	-0.004727254945136753
PsychAD	dementia	Sst_1	Inhibitory	0.815785423135265	0.09020806114431358	0.05136279557708424	0.07260897606402579	2.1991149159385053	0.012267775449963714	0.026978247977399412
PsychAD	dementia	Sst_10	Inhibitory	0.6105200510345437	0.031855628661987004	0.05026223346741335	0.015598968996473315	1.580082036738744	0.012267775449963714	0.019384091619232227
PsychAD	dementia	Sst_11	Inhibitory	0.2387819276287432	-0.2100613434796903	0.07193097261015405	-0.17005471310531312	-5.218192915322898	0.012267775449963714	-0.06401561893977283
PsychAD	dementia	Sst_12	Inhibitory	0.7803451676571576	0.012706913193586682	0.050854871792023824	0.002038777312942401	1.2359838477482412	0.012267775449963714	0.015162772303957562
PsychAD	dementia	Sst_13	Inhibitory	0.6048978450950697	0.015706277905823702	0.054602410299512974	-0.0004828234974431039	1.314081038501373	0.012267775449963714	0.016120851103389965
PsychAD	dementia	Sst_19	Inhibitory	0.5541324758571757	-0.08441582929158284	0.05393136208329351	-0.08895400780921102	-0.4067703483835541	0.012267775449963714	-0.004990167293672952
PsychAD	dementia	Sst_2	Inhibitory	0.3192887752225759	-0.24622111525056342	0.06081445917376739	-0.2165506477616971	-3.665317167523087	0.012267775449963714	-0.04496528796407026
PsychAD	dementia	Sst_20	Inhibitory	0.2957429970923577	-0.16396893332260046	0.07175562881235455	-0.12844840280964817	-3.86688528295159	0.012267775449963714	-0.047438080342019504
PsychAD	dementia	Sst_22	Inhibitory	0.2621819638814291	-0.07421440667154379	0.05566386081512576	-0.06690600356054092	-2.6465076424656178	0.012267775449963714	-0.03246676148438105
PsychAD	dementia	Sst_23	Inhibitory	0.1967533779707338	-0.20266654937640263	0.07535128241305653	-0.15557084914874106	-5.074703638314094	0.012267775449963714	-0.06225532470995118
PsychAD	dementia	Sst_25	Inhibitory	0.2177220453776422	-0.18402054069175983	0.07718592486016933	-0.15828141985836475	-4.659288263995815	0.012267775449963714	-0.057159102179351905
PsychAD	dementia	Sst_3	Inhibitory	0.4598165704652676	-0.0726336617500306	0.05942094876498772	-0.06013683879125287	-1.967483956440572	0.012267775449963714	-0.024136651379019124
PsychAD	dementia	Sst_4	Inhibitory	0.7590957304050299	0.008962278184902328	0.051970163555891	-0.01698641729278746	3.686564584226762	0.012267775449963714	0.045225946501082755
PsychAD	dementia	Sst_5	Inhibitory	0.679538710548478	0.09274583562454214	0.0498097394195026	0.07344911147838484	3.3038172235457157	0.012267775449963714	0.04053048782618141
PsychAD	dementia	Sst_7	Inhibitory	0.8373444632991687	0.04208823803498654	0.05296203258789514	0.017680050619227578	2.9113735909583127	0.012267775449963714	0.03571607746483109
PsychAD	dementia	Sst_9	Inhibitory	0.6073494399404031	-0.13027032956150603	0.051761015670506706	-0.13037166157913657	0.9832845806265063	0.012267775449963714	0.012062714438537719
PsychAD	dementia	Vip_1	Inhibitory	0.2350554089747075	-0.002878933439950825	0.04201938314694902	0.02439770672192551	-4.015836588267219	0.012267775449963714	-0.04926538150861063
PsychAD	dementia	Vip_11	Inhibitory	0.2582343862743472	-0.06877021050459181	0.04737001985089394	-0.041908497534184394	-3.8835726246347613	0.012267775449963714	-0.047642796902645466
PsychAD	dementia	Vip_12	Inhibitory	0.2662593472494122	-0.05784222958547296	0.04486980792733506	-0.03266942395710225	-3.4408509306228705	0.012267775449963714	-0.04221158657368005
PsychAD	dementia	Vip_13	Inhibitory	0.2194681761737045	-0.11706477909671567	0.047872776211313695	-0.08829510432840806	-3.7637070060368454	0.012267775449963714	-0.04617231240951524
PsychAD	dementia	Vip_14	Inhibitory	0.3315424436417966	0.04202317549681843	0.05038038880214662	0.05045522312401706	-1.1544494268357721	0.012267775449963714	-0.014162526336760566
PsychAD	dementia	Vip_15	Inhibitory	0.348308194180037	0.0149768093344359	0.04699158534968677	0.042919623784875446	-3.5242723200747696	0.012267775449963714	-0.04323498144719992
PsychAD	dementia	Vip_16	Inhibitory	0.2376843396288952	-0.005150202061347834	0.05096962104277243	0.004226198364352892	-0.4687620571076266	0.012267775449963714	-0.00575066765605943
PsychAD	dementia	Vip_18	Inhibitory	0.4317549423950566	0.06675970205637222	0.04609296826406732	0.06455904535946075	-1.8494992589161283	0.012267775449963714	-0.02268924160325736
PsychAD	dementia	Vip_19	Inhibitory	0.5167087850184927	0.029810896978481632	0.035148080916093984	0.034871720397710214	-1.6955658990706375	0.012267775449963714	-0.02080082171041442
PsychAD	dementia	Vip_2	Inhibitory	0.3743908763624244	-0.11905193763619279	0.04898524887298829	-0.10351827504491277	-3.043836983500405	0.012267775449963714	-0.03734110861987787
PsychAD	dementia	Vip_21	Inhibitory	0.2073933055044298	-0.031208087490196358	0.05357263544640622	0.0033105641962325218	-3.9926243947384057	0.012267775449963714	-0.048980619530698044
PsychAD	dementia	Vip_23	Inhibitory	0.514918470758501	0.004182893866452412	0.04269002617964635	0.006807543867012211	-1.8467873507785997	0.012267775449963714	-0.02265597252318523
PsychAD	dementia	Vip_4	Inhibitory	0.2460677831117061	-0.0047703924137685975	0.039694697818942505	0.022538806991251534	-3.7614351529226133	0.012267775449963714	-0.046144441825654546
PsychAD	dementia	Vip_5	Inhibitory	0.2025897285247291	0.05731674452980466	0.05561609182673857	0.08235543724808886	-2.70529537370946	0.012267775449963714	-0.03318795617049332
PsychAD	dementia	Vip_6	Inhibitory	0.2124526037871233	0.13854264526129006	0.051050233248353394	0.15320633440916723	-2.0900299734714345	0.012267775449963714	-0.025640018398241177
PsychAD	dementia	Vip_9	Inhibitory	0.1955107516726868	0.012395294629715059	0.04867503653967063	0.05301635442715869	-4.272882040599594	0.012267775449963714	-0.052418757398258554
